GNU gdb (Ubuntu 15.1-1ubuntu1~24.04.1) 15.1
Copyright (C) 2024 Free Software Foundation, Inc.
License GPLv3+: GNU GPL version 3 or later <http://gnu.org/licenses/gpl.html>
This is free software: you are free to change and redistribute it.
There is NO WARRANTY, to the extent permitted by law.
Type "show copying" and "show warranty" for details.
This GDB was configured as "x86_64-linux-gnu".
Type "show configuration" for configuration details.
For bug reporting instructions, please see:
<https://www.gnu.org/software/gdb/bugs/>.
Find the GDB manual and other documentation resources online at:
    <http://www.gnu.org/software/gdb/documentation/>.

For help, type "help".
Type "apropos word" to search for commands related to "word".
warning: remote target does not support file transfer, attempting to access files from local filesystem.
Reading symbols from /samples/voicetext_paul.exe...
0x7bd64525 in DbgBreakPoint@0 ()
   from /usr/lib/i386-linux-gnu/wine/i386-windows/ntdll.dll
Wine-gdb> Wine-gdb> Wine-gdb> Wine-gdb> Signal        Stop	Print	Pass to program	Description
SIGSEGV       No	No	Yes		Segmentation fault
Wine-gdb> Signal        Stop	Print	Pass to program	Description
SIGSEGV       No	No	Yes		Segmentation fault
Wine-gdb> Breakpoint 1 at 0x1001da50
Wine-gdb> >>>>>>>>>>>>>>>>>>>> > >  >  >  >  >  >  >  >  >   >   >   >   >  >  >  >  > > >>>>>>> > > >  >  >  >  >  >  >  >   >   >   >   >  >  >  >  > > >>>>Wine-gdb> Wine-gdb> Continuing.
CSV_MAKE_PAIR a=80 b=00 ret=1 output=22802200313131 final=00 prefix=5a post=a5
CSV_MAKE_PAIR a=80 b=01 ret=1 output=22800122003131 final=00 prefix=5a post=a5
CSV_MAKE_PAIR a=80 b=22 ret=1 output=22802222003131 final=00 prefix=5a post=a5
CSV_MAKE_PAIR a=80 b=2c ret=1 output=22802c22003131 final=00 prefix=5a post=a5
CSV_MAKE_PAIR a=80 b=7f ret=1 output=22807f22003131 final=00 prefix=5a post=a5
CSV_MAKE_PAIR a=80 b=80 ret=1 output=22808022003131 final=00 prefix=5a post=a5
CSV_MAKE_PAIR a=80 b=ff ret=1 output=2280ff22003131 final=00 prefix=5a post=a5
CSV_MAKE_PAIR a=81 b=00 ret=1 output=22812200313131 final=00 prefix=5a post=a5
CSV_MAKE_PAIR a=81 b=01 ret=1 output=22810122003131 final=00 prefix=5a post=a5
CSV_MAKE_PAIR a=81 b=22 ret=1 output=22812222003131 final=00 prefix=5a post=a5
CSV_MAKE_PAIR a=81 b=2c ret=1 output=22812c22003131 final=00 prefix=5a post=a5
CSV_MAKE_PAIR a=81 b=7f ret=1 output=22817f22003131 final=00 prefix=5a post=a5
CSV_MAKE_PAIR a=81 b=80 ret=1 output=22818022003131 final=00 prefix=5a post=a5
CSV_MAKE_PAIR a=81 b=ff ret=1 output=2281ff22003131 final=00 prefix=5a post=a5
CSV_MAKE_PAIR a=82 b=00 ret=1 output=22822200313131 final=00 prefix=5a post=a5
CSV_MAKE_PAIR a=82 b=01 ret=1 output=22820122003131 final=00 prefix=5a post=a5
CSV_MAKE_PAIR a=82 b=22 ret=1 output=22822222003131 final=00 prefix=5a post=a5
CSV_MAKE_PAIR a=82 b=2c ret=1 output=22822c22003131 final=00 prefix=5a post=a5
CSV_MAKE_PAIR a=82 b=7f ret=1 output=22827f22003131 final=00 prefix=5a post=a5
CSV_MAKE_PAIR a=82 b=80 ret=1 output=22828022003131 final=00 prefix=5a post=a5
CSV_MAKE_PAIR a=82 b=ff ret=1 output=2282ff22003131 final=00 prefix=5a post=a5
CSV_MAKE_PAIR a=83 b=00 ret=1 output=22832200313131 final=00 prefix=5a post=a5
CSV_MAKE_PAIR a=83 b=01 ret=1 output=22830122003131 final=00 prefix=5a post=a5
CSV_MAKE_PAIR a=83 b=22 ret=1 output=22832222003131 final=00 prefix=5a post=a5
CSV_MAKE_PAIR a=83 b=2c ret=1 output=22832c22003131 final=00 prefix=5a post=a5
CSV_MAKE_PAIR a=83 b=7f ret=1 output=22837f22003131 final=00 prefix=5a post=a5
CSV_MAKE_PAIR a=83 b=80 ret=1 output=22838022003131 final=00 prefix=5a post=a5
CSV_MAKE_PAIR a=83 b=ff ret=1 output=2283ff22003131 final=00 prefix=5a post=a5
CSV_MAKE_PAIR a=84 b=00 ret=1 output=22842200313131 final=00 prefix=5a post=a5
CSV_MAKE_PAIR a=84 b=01 ret=1 output=22840122003131 final=00 prefix=5a post=a5
CSV_MAKE_PAIR a=84 b=22 ret=1 output=22842222003131 final=00 prefix=5a post=a5
CSV_MAKE_PAIR a=84 b=2c ret=1 output=22842c22003131 final=00 prefix=5a post=a5
CSV_MAKE_PAIR a=84 b=7f ret=1 output=22847f22003131 final=00 prefix=5a post=a5
CSV_MAKE_PAIR a=84 b=80 ret=1 output=22848022003131 final=00 prefix=5a post=a5
CSV_MAKE_PAIR a=84 b=ff ret=1 output=2284ff22003131 final=00 prefix=5a post=a5
CSV_MAKE_PAIR a=85 b=00 ret=1 output=22852200313131 final=00 prefix=5a post=a5
CSV_MAKE_PAIR a=85 b=01 ret=1 output=22850122003131 final=00 prefix=5a post=a5
CSV_MAKE_PAIR a=85 b=22 ret=1 output=22852222003131 final=00 prefix=5a post=a5
CSV_MAKE_PAIR a=85 b=2c ret=1 output=22852c22003131 final=00 prefix=5a post=a5
CSV_MAKE_PAIR a=85 b=7f ret=1 output=22857f22003131 final=00 prefix=5a post=a5
CSV_MAKE_PAIR a=85 b=80 ret=1 output=22858022003131 final=00 prefix=5a post=a5
CSV_MAKE_PAIR a=85 b=ff ret=1 output=2285ff22003131 final=00 prefix=5a post=a5
CSV_MAKE_PAIR a=86 b=00 ret=1 output=22862200313131 final=00 prefix=5a post=a5
CSV_MAKE_PAIR a=86 b=01 ret=1 output=22860122003131 final=00 prefix=5a post=a5
CSV_MAKE_PAIR a=86 b=22 ret=1 output=22862222003131 final=00 prefix=5a post=a5
CSV_MAKE_PAIR a=86 b=2c ret=1 output=22862c22003131 final=00 prefix=5a post=a5
CSV_MAKE_PAIR a=86 b=7f ret=1 output=22867f22003131 final=00 prefix=5a post=a5
CSV_MAKE_PAIR a=86 b=80 ret=1 output=22868022003131 final=00 prefix=5a post=a5
CSV_MAKE_PAIR a=86 b=ff ret=1 output=2286ff22003131 final=00 prefix=5a post=a5
CSV_MAKE_PAIR a=87 b=00 ret=1 output=22872200313131 final=00 prefix=5a post=a5
CSV_MAKE_PAIR a=87 b=01 ret=1 output=22870122003131 final=00 prefix=5a post=a5
CSV_MAKE_PAIR a=87 b=22 ret=1 output=22872222003131 final=00 prefix=5a post=a5
CSV_MAKE_PAIR a=87 b=2c ret=1 output=22872c22003131 final=00 prefix=5a post=a5
CSV_MAKE_PAIR a=87 b=7f ret=1 output=22877f22003131 final=00 prefix=5a post=a5
CSV_MAKE_PAIR a=87 b=80 ret=1 output=22878022003131 final=00 prefix=5a post=a5
CSV_MAKE_PAIR a=87 b=ff ret=1 output=2287ff22003131 final=00 prefix=5a post=a5
CSV_MAKE_PAIR a=88 b=00 ret=1 output=22882200313131 final=00 prefix=5a post=a5
CSV_MAKE_PAIR a=88 b=01 ret=1 output=22880122003131 final=00 prefix=5a post=a5
CSV_MAKE_PAIR a=88 b=22 ret=1 output=22882222003131 final=00 prefix=5a post=a5
CSV_MAKE_PAIR a=88 b=2c ret=1 output=22882c22003131 final=00 prefix=5a post=a5
CSV_MAKE_PAIR a=88 b=7f ret=1 output=22887f22003131 final=00 prefix=5a post=a5
CSV_MAKE_PAIR a=88 b=80 ret=1 output=22888022003131 final=00 prefix=5a post=a5
CSV_MAKE_PAIR a=88 b=ff ret=1 output=2288ff22003131 final=00 prefix=5a post=a5
CSV_MAKE_PAIR a=89 b=00 ret=1 output=22892200313131 final=00 prefix=5a post=a5
CSV_MAKE_PAIR a=89 b=01 ret=1 output=22890122003131 final=00 prefix=5a post=a5
CSV_MAKE_PAIR a=89 b=22 ret=1 output=22892222003131 final=00 prefix=5a post=a5
CSV_MAKE_PAIR a=89 b=2c ret=1 output=22892c22003131 final=00 prefix=5a post=a5
CSV_MAKE_PAIR a=89 b=7f ret=1 output=22897f22003131 final=00 prefix=5a post=a5
CSV_MAKE_PAIR a=89 b=80 ret=1 output=22898022003131 final=00 prefix=5a post=a5
CSV_MAKE_PAIR a=89 b=ff ret=1 output=2289ff22003131 final=00 prefix=5a post=a5
CSV_MAKE_PAIR a=8a b=00 ret=1 output=228a2200313131 final=00 prefix=5a post=a5
CSV_MAKE_PAIR a=8a b=01 ret=1 output=228a0122003131 final=00 prefix=5a post=a5
CSV_MAKE_PAIR a=8a b=22 ret=1 output=228a2222003131 final=00 prefix=5a post=a5
CSV_MAKE_PAIR a=8a b=2c ret=1 output=228a2c22003131 final=00 prefix=5a post=a5
CSV_MAKE_PAIR a=8a b=7f ret=1 output=228a7f22003131 final=00 prefix=5a post=a5
CSV_MAKE_PAIR a=8a b=80 ret=1 output=228a8022003131 final=00 prefix=5a post=a5
CSV_MAKE_PAIR a=8a b=ff ret=1 output=228aff22003131 final=00 prefix=5a post=a5
CSV_MAKE_PAIR a=8b b=00 ret=1 output=228b2200313131 final=00 prefix=5a post=a5
CSV_MAKE_PAIR a=8b b=01 ret=1 output=228b0122003131 final=00 prefix=5a post=a5
CSV_MAKE_PAIR a=8b b=22 ret=1 output=228b2222003131 final=00 prefix=5a post=a5
CSV_MAKE_PAIR a=8b b=2c ret=1 output=228b2c22003131 final=00 prefix=5a post=a5
CSV_MAKE_PAIR a=8b b=7f ret=1 output=228b7f22003131 final=00 prefix=5a post=a5
CSV_MAKE_PAIR a=8b b=80 ret=1 output=228b8022003131 final=00 prefix=5a post=a5
CSV_MAKE_PAIR a=8b b=ff ret=1 output=228bff22003131 final=00 prefix=5a post=a5
CSV_MAKE_PAIR a=8c b=00 ret=1 output=228c2200313131 final=00 prefix=5a post=a5
CSV_MAKE_PAIR a=8c b=01 ret=1 output=228c0122003131 final=00 prefix=5a post=a5
CSV_MAKE_PAIR a=8c b=22 ret=1 output=228c2222003131 final=00 prefix=5a post=a5
CSV_MAKE_PAIR a=8c b=2c ret=1 output=228c2c22003131 final=00 prefix=5a post=a5
CSV_MAKE_PAIR a=8c b=7f ret=1 output=228c7f22003131 final=00 prefix=5a post=a5
CSV_MAKE_PAIR a=8c b=80 ret=1 output=228c8022003131 final=00 prefix=5a post=a5
CSV_MAKE_PAIR a=8c b=ff ret=1 output=228cff22003131 final=00 prefix=5a post=a5
CSV_MAKE_PAIR a=8d b=00 ret=1 output=228d2200313131 final=00 prefix=5a post=a5
CSV_MAKE_PAIR a=8d b=01 ret=1 output=228d0122003131 final=00 prefix=5a post=a5
CSV_MAKE_PAIR a=8d b=22 ret=1 output=228d2222003131 final=00 prefix=5a post=a5
CSV_MAKE_PAIR a=8d b=2c ret=1 output=228d2c22003131 final=00 prefix=5a post=a5
CSV_MAKE_PAIR a=8d b=7f ret=1 output=228d7f22003131 final=00 prefix=5a post=a5
CSV_MAKE_PAIR a=8d b=80 ret=1 output=228d8022003131 final=00 prefix=5a post=a5
CSV_MAKE_PAIR a=8d b=ff ret=1 output=228dff22003131 final=00 prefix=5a post=a5
CSV_MAKE_PAIR a=8e b=00 ret=1 output=228e2200313131 final=00 prefix=5a post=a5
CSV_MAKE_PAIR a=8e b=01 ret=1 output=228e0122003131 final=00 prefix=5a post=a5
CSV_MAKE_PAIR a=8e b=22 ret=1 output=228e2222003131 final=00 prefix=5a post=a5
CSV_MAKE_PAIR a=8e b=2c ret=1 output=228e2c22003131 final=00 prefix=5a post=a5
CSV_MAKE_PAIR a=8e b=7f ret=1 output=228e7f22003131 final=00 prefix=5a post=a5
CSV_MAKE_PAIR a=8e b=80 ret=1 output=228e8022003131 final=00 prefix=5a post=a5
CSV_MAKE_PAIR a=8e b=ff ret=1 output=228eff22003131 final=00 prefix=5a post=a5
CSV_MAKE_PAIR a=8f b=00 ret=1 output=228f2200313131 final=00 prefix=5a post=a5
CSV_MAKE_PAIR a=8f b=01 ret=1 output=228f0122003131 final=00 prefix=5a post=a5
CSV_MAKE_PAIR a=8f b=22 ret=1 output=228f2222003131 final=00 prefix=5a post=a5
CSV_MAKE_PAIR a=8f b=2c ret=1 output=228f2c22003131 final=00 prefix=5a post=a5
CSV_MAKE_PAIR a=8f b=7f ret=1 output=228f7f22003131 final=00 prefix=5a post=a5
CSV_MAKE_PAIR a=8f b=80 ret=1 output=228f8022003131 final=00 prefix=5a post=a5
CSV_MAKE_PAIR a=8f b=ff ret=1 output=228fff22003131 final=00 prefix=5a post=a5
CSV_MAKE_PAIR a=90 b=00 ret=1 output=22902200313131 final=00 prefix=5a post=a5
CSV_MAKE_PAIR a=90 b=01 ret=1 output=22900122003131 final=00 prefix=5a post=a5
CSV_MAKE_PAIR a=90 b=22 ret=1 output=22902222003131 final=00 prefix=5a post=a5
CSV_MAKE_PAIR a=90 b=2c ret=1 output=22902c22003131 final=00 prefix=5a post=a5
CSV_MAKE_PAIR a=90 b=7f ret=1 output=22907f22003131 final=00 prefix=5a post=a5
CSV_MAKE_PAIR a=90 b=80 ret=1 output=22908022003131 final=00 prefix=5a post=a5
CSV_MAKE_PAIR a=90 b=ff ret=1 output=2290ff22003131 final=00 prefix=5a post=a5
CSV_MAKE_PAIR a=91 b=00 ret=1 output=22912200313131 final=00 prefix=5a post=a5
CSV_MAKE_PAIR a=91 b=01 ret=1 output=22910122003131 final=00 prefix=5a post=a5
CSV_MAKE_PAIR a=91 b=22 ret=1 output=22912222003131 final=00 prefix=5a post=a5
CSV_MAKE_PAIR a=91 b=2c ret=1 output=22912c22003131 final=00 prefix=5a post=a5
CSV_MAKE_PAIR a=91 b=7f ret=1 output=22917f22003131 final=00 prefix=5a post=a5
CSV_MAKE_PAIR a=91 b=80 ret=1 output=22918022003131 final=00 prefix=5a post=a5
CSV_MAKE_PAIR a=91 b=ff ret=1 output=2291ff22003131 final=00 prefix=5a post=a5
CSV_MAKE_PAIR a=92 b=00 ret=1 output=22922200313131 final=00 prefix=5a post=a5
CSV_MAKE_PAIR a=92 b=01 ret=1 output=22920122003131 final=00 prefix=5a post=a5
CSV_MAKE_PAIR a=92 b=22 ret=1 output=22922222003131 final=00 prefix=5a post=a5
CSV_MAKE_PAIR a=92 b=2c ret=1 output=22922c22003131 final=00 prefix=5a post=a5
CSV_MAKE_PAIR a=92 b=7f ret=1 output=22927f22003131 final=00 prefix=5a post=a5
CSV_MAKE_PAIR a=92 b=80 ret=1 output=22928022003131 final=00 prefix=5a post=a5
CSV_MAKE_PAIR a=92 b=ff ret=1 output=2292ff22003131 final=00 prefix=5a post=a5
CSV_MAKE_PAIR a=93 b=00 ret=1 output=22932200313131 final=00 prefix=5a post=a5
CSV_MAKE_PAIR a=93 b=01 ret=1 output=22930122003131 final=00 prefix=5a post=a5
CSV_MAKE_PAIR a=93 b=22 ret=1 output=22932222003131 final=00 prefix=5a post=a5
CSV_MAKE_PAIR a=93 b=2c ret=1 output=22932c22003131 final=00 prefix=5a post=a5
CSV_MAKE_PAIR a=93 b=7f ret=1 output=22937f22003131 final=00 prefix=5a post=a5
CSV_MAKE_PAIR a=93 b=80 ret=1 output=22938022003131 final=00 prefix=5a post=a5
CSV_MAKE_PAIR a=93 b=ff ret=1 output=2293ff22003131 final=00 prefix=5a post=a5
CSV_MAKE_PAIR a=94 b=00 ret=1 output=22942200313131 final=00 prefix=5a post=a5
CSV_MAKE_PAIR a=94 b=01 ret=1 output=22940122003131 final=00 prefix=5a post=a5
CSV_MAKE_PAIR a=94 b=22 ret=1 output=22942222003131 final=00 prefix=5a post=a5
CSV_MAKE_PAIR a=94 b=2c ret=1 output=22942c22003131 final=00 prefix=5a post=a5
CSV_MAKE_PAIR a=94 b=7f ret=1 output=22947f22003131 final=00 prefix=5a post=a5
CSV_MAKE_PAIR a=94 b=80 ret=1 output=22948022003131 final=00 prefix=5a post=a5
CSV_MAKE_PAIR a=94 b=ff ret=1 output=2294ff22003131 final=00 prefix=5a post=a5
CSV_MAKE_PAIR a=95 b=00 ret=1 output=22952200313131 final=00 prefix=5a post=a5
CSV_MAKE_PAIR a=95 b=01 ret=1 output=22950122003131 final=00 prefix=5a post=a5
CSV_MAKE_PAIR a=95 b=22 ret=1 output=22952222003131 final=00 prefix=5a post=a5
CSV_MAKE_PAIR a=95 b=2c ret=1 output=22952c22003131 final=00 prefix=5a post=a5
CSV_MAKE_PAIR a=95 b=7f ret=1 output=22957f22003131 final=00 prefix=5a post=a5
CSV_MAKE_PAIR a=95 b=80 ret=1 output=22958022003131 final=00 prefix=5a post=a5
CSV_MAKE_PAIR a=95 b=ff ret=1 output=2295ff22003131 final=00 prefix=5a post=a5
CSV_MAKE_PAIR a=96 b=00 ret=1 output=22962200313131 final=00 prefix=5a post=a5
CSV_MAKE_PAIR a=96 b=01 ret=1 output=22960122003131 final=00 prefix=5a post=a5
CSV_MAKE_PAIR a=96 b=22 ret=1 output=22962222003131 final=00 prefix=5a post=a5
CSV_MAKE_PAIR a=96 b=2c ret=1 output=22962c22003131 final=00 prefix=5a post=a5
CSV_MAKE_PAIR a=96 b=7f ret=1 output=22967f22003131 final=00 prefix=5a post=a5
CSV_MAKE_PAIR a=96 b=80 ret=1 output=22968022003131 final=00 prefix=5a post=a5
CSV_MAKE_PAIR a=96 b=ff ret=1 output=2296ff22003131 final=00 prefix=5a post=a5
CSV_MAKE_PAIR a=97 b=00 ret=1 output=22972200313131 final=00 prefix=5a post=a5
CSV_MAKE_PAIR a=97 b=01 ret=1 output=22970122003131 final=00 prefix=5a post=a5
CSV_MAKE_PAIR a=97 b=22 ret=1 output=22972222003131 final=00 prefix=5a post=a5
CSV_MAKE_PAIR a=97 b=2c ret=1 output=22972c22003131 final=00 prefix=5a post=a5
CSV_MAKE_PAIR a=97 b=7f ret=1 output=22977f22003131 final=00 prefix=5a post=a5
CSV_MAKE_PAIR a=97 b=80 ret=1 output=22978022003131 final=00 prefix=5a post=a5
CSV_MAKE_PAIR a=97 b=ff ret=1 output=2297ff22003131 final=00 prefix=5a post=a5
CSV_MAKE_PAIR a=98 b=00 ret=1 output=22982200313131 final=00 prefix=5a post=a5
CSV_MAKE_PAIR a=98 b=01 ret=1 output=22980122003131 final=00 prefix=5a post=a5
CSV_MAKE_PAIR a=98 b=22 ret=1 output=22982222003131 final=00 prefix=5a post=a5
CSV_MAKE_PAIR a=98 b=2c ret=1 output=22982c22003131 final=00 prefix=5a post=a5
CSV_MAKE_PAIR a=98 b=7f ret=1 output=22987f22003131 final=00 prefix=5a post=a5
CSV_MAKE_PAIR a=98 b=80 ret=1 output=22988022003131 final=00 prefix=5a post=a5
CSV_MAKE_PAIR a=98 b=ff ret=1 output=2298ff22003131 final=00 prefix=5a post=a5
CSV_MAKE_PAIR a=99 b=00 ret=1 output=22992200313131 final=00 prefix=5a post=a5
CSV_MAKE_PAIR a=99 b=01 ret=1 output=22990122003131 final=00 prefix=5a post=a5
CSV_MAKE_PAIR a=99 b=22 ret=1 output=22992222003131 final=00 prefix=5a post=a5
CSV_MAKE_PAIR a=99 b=2c ret=1 output=22992c22003131 final=00 prefix=5a post=a5
CSV_MAKE_PAIR a=99 b=7f ret=1 output=22997f22003131 final=00 prefix=5a post=a5
CSV_MAKE_PAIR a=99 b=80 ret=1 output=22998022003131 final=00 prefix=5a post=a5
CSV_MAKE_PAIR a=99 b=ff ret=1 output=2299ff22003131 final=00 prefix=5a post=a5
CSV_MAKE_PAIR a=9a b=00 ret=1 output=229a2200313131 final=00 prefix=5a post=a5
CSV_MAKE_PAIR a=9a b=01 ret=1 output=229a0122003131 final=00 prefix=5a post=a5
CSV_MAKE_PAIR a=9a b=22 ret=1 output=229a2222003131 final=00 prefix=5a post=a5
CSV_MAKE_PAIR a=9a b=2c ret=1 output=229a2c22003131 final=00 prefix=5a post=a5
CSV_MAKE_PAIR a=9a b=7f ret=1 output=229a7f22003131 final=00 prefix=5a post=a5
CSV_MAKE_PAIR a=9a b=80 ret=1 output=229a8022003131 final=00 prefix=5a post=a5
CSV_MAKE_PAIR a=9a b=ff ret=1 output=229aff22003131 final=00 prefix=5a post=a5
CSV_MAKE_PAIR a=9b b=00 ret=1 output=229b2200313131 final=00 prefix=5a post=a5
CSV_MAKE_PAIR a=9b b=01 ret=1 output=229b0122003131 final=00 prefix=5a post=a5
CSV_MAKE_PAIR a=9b b=22 ret=1 output=229b2222003131 final=00 prefix=5a post=a5
CSV_MAKE_PAIR a=9b b=2c ret=1 output=229b2c22003131 final=00 prefix=5a post=a5
CSV_MAKE_PAIR a=9b b=7f ret=1 output=229b7f22003131 final=00 prefix=5a post=a5
CSV_MAKE_PAIR a=9b b=80 ret=1 output=229b8022003131 final=00 prefix=5a post=a5
CSV_MAKE_PAIR a=9b b=ff ret=1 output=229bff22003131 final=00 prefix=5a post=a5
CSV_MAKE_PAIR a=9c b=00 ret=1 output=229c2200313131 final=00 prefix=5a post=a5
CSV_MAKE_PAIR a=9c b=01 ret=1 output=229c0122003131 final=00 prefix=5a post=a5
CSV_MAKE_PAIR a=9c b=22 ret=1 output=229c2222003131 final=00 prefix=5a post=a5
CSV_MAKE_PAIR a=9c b=2c ret=1 output=229c2c22003131 final=00 prefix=5a post=a5
CSV_MAKE_PAIR a=9c b=7f ret=1 output=229c7f22003131 final=00 prefix=5a post=a5
CSV_MAKE_PAIR a=9c b=80 ret=1 output=229c8022003131 final=00 prefix=5a post=a5
CSV_MAKE_PAIR a=9c b=ff ret=1 output=229cff22003131 final=00 prefix=5a post=a5
CSV_MAKE_PAIR a=9d b=00 ret=1 output=229d2200313131 final=00 prefix=5a post=a5
CSV_MAKE_PAIR a=9d b=01 ret=1 output=229d0122003131 final=00 prefix=5a post=a5
CSV_MAKE_PAIR a=9d b=22 ret=1 output=229d2222003131 final=00 prefix=5a post=a5
CSV_MAKE_PAIR a=9d b=2c ret=1 output=229d2c22003131 final=00 prefix=5a post=a5
CSV_MAKE_PAIR a=9d b=7f ret=1 output=229d7f22003131 final=00 prefix=5a post=a5
CSV_MAKE_PAIR a=9d b=80 ret=1 output=229d8022003131 final=00 prefix=5a post=a5
CSV_MAKE_PAIR a=9d b=ff ret=1 output=229dff22003131 final=00 prefix=5a post=a5
CSV_MAKE_PAIR a=9e b=00 ret=1 output=229e2200313131 final=00 prefix=5a post=a5
CSV_MAKE_PAIR a=9e b=01 ret=1 output=229e0122003131 final=00 prefix=5a post=a5
CSV_MAKE_PAIR a=9e b=22 ret=1 output=229e2222003131 final=00 prefix=5a post=a5
CSV_MAKE_PAIR a=9e b=2c ret=1 output=229e2c22003131 final=00 prefix=5a post=a5
CSV_MAKE_PAIR a=9e b=7f ret=1 output=229e7f22003131 final=00 prefix=5a post=a5
CSV_MAKE_PAIR a=9e b=80 ret=1 output=229e8022003131 final=00 prefix=5a post=a5
CSV_MAKE_PAIR a=9e b=ff ret=1 output=229eff22003131 final=00 prefix=5a post=a5
CSV_MAKE_PAIR a=9f b=00 ret=1 output=229f2200313131 final=00 prefix=5a post=a5
CSV_MAKE_PAIR a=9f b=01 ret=1 output=229f0122003131 final=00 prefix=5a post=a5
CSV_MAKE_PAIR a=9f b=22 ret=1 output=229f2222003131 final=00 prefix=5a post=a5
CSV_MAKE_PAIR a=9f b=2c ret=1 output=229f2c22003131 final=00 prefix=5a post=a5
CSV_MAKE_PAIR a=9f b=7f ret=1 output=229f7f22003131 final=00 prefix=5a post=a5
CSV_MAKE_PAIR a=9f b=80 ret=1 output=229f8022003131 final=00 prefix=5a post=a5
CSV_MAKE_PAIR a=9f b=ff ret=1 output=229fff22003131 final=00 prefix=5a post=a5
CSV_MAKE_PAIR a=a0 b=00 ret=1 output=22a02200313131 final=00 prefix=5a post=a5
CSV_MAKE_PAIR a=a0 b=01 ret=1 output=22a00122003131 final=00 prefix=5a post=a5
CSV_MAKE_PAIR a=a0 b=22 ret=1 output=22a02222003131 final=00 prefix=5a post=a5
CSV_MAKE_PAIR a=a0 b=2c ret=1 output=22a02c22003131 final=00 prefix=5a post=a5
CSV_MAKE_PAIR a=a0 b=7f ret=1 output=22a07f22003131 final=00 prefix=5a post=a5
CSV_MAKE_PAIR a=a0 b=80 ret=1 output=22a08022003131 final=00 prefix=5a post=a5
CSV_MAKE_PAIR a=a0 b=ff ret=1 output=22a0ff22003131 final=00 prefix=5a post=a5
CSV_MAKE_PAIR a=a1 b=00 ret=1 output=22a12200313131 final=00 prefix=5a post=a5
CSV_MAKE_PAIR a=a1 b=01 ret=1 output=22a10122003131 final=00 prefix=5a post=a5
CSV_MAKE_PAIR a=a1 b=22 ret=1 output=22a12222003131 final=00 prefix=5a post=a5
CSV_MAKE_PAIR a=a1 b=2c ret=1 output=22a12c22003131 final=00 prefix=5a post=a5
CSV_MAKE_PAIR a=a1 b=7f ret=1 output=22a17f22003131 final=00 prefix=5a post=a5
CSV_MAKE_PAIR a=a1 b=80 ret=1 output=22a18022003131 final=00 prefix=5a post=a5
CSV_MAKE_PAIR a=a1 b=ff ret=1 output=22a1ff22003131 final=00 prefix=5a post=a5
CSV_MAKE_PAIR a=a2 b=00 ret=1 output=22a22200313131 final=00 prefix=5a post=a5
CSV_MAKE_PAIR a=a2 b=01 ret=1 output=22a20122003131 final=00 prefix=5a post=a5
CSV_MAKE_PAIR a=a2 b=22 ret=1 output=22a22222003131 final=00 prefix=5a post=a5
CSV_MAKE_PAIR a=a2 b=2c ret=1 output=22a22c22003131 final=00 prefix=5a post=a5
CSV_MAKE_PAIR a=a2 b=7f ret=1 output=22a27f22003131 final=00 prefix=5a post=a5
CSV_MAKE_PAIR a=a2 b=80 ret=1 output=22a28022003131 final=00 prefix=5a post=a5
CSV_MAKE_PAIR a=a2 b=ff ret=1 output=22a2ff22003131 final=00 prefix=5a post=a5
CSV_MAKE_PAIR a=a3 b=00 ret=1 output=22a32200313131 final=00 prefix=5a post=a5
CSV_MAKE_PAIR a=a3 b=01 ret=1 output=22a30122003131 final=00 prefix=5a post=a5
CSV_MAKE_PAIR a=a3 b=22 ret=1 output=22a32222003131 final=00 prefix=5a post=a5
CSV_MAKE_PAIR a=a3 b=2c ret=1 output=22a32c22003131 final=00 prefix=5a post=a5
CSV_MAKE_PAIR a=a3 b=7f ret=1 output=22a37f22003131 final=00 prefix=5a post=a5
CSV_MAKE_PAIR a=a3 b=80 ret=1 output=22a38022003131 final=00 prefix=5a post=a5
CSV_MAKE_PAIR a=a3 b=ff ret=1 output=22a3ff22003131 final=00 prefix=5a post=a5
CSV_MAKE_PAIR a=a4 b=00 ret=1 output=22a42200313131 final=00 prefix=5a post=a5
CSV_MAKE_PAIR a=a4 b=01 ret=1 output=22a40122003131 final=00 prefix=5a post=a5
CSV_MAKE_PAIR a=a4 b=22 ret=1 output=22a42222003131 final=00 prefix=5a post=a5
CSV_MAKE_PAIR a=a4 b=2c ret=1 output=22a42c22003131 final=00 prefix=5a post=a5
CSV_MAKE_PAIR a=a4 b=7f ret=1 output=22a47f22003131 final=00 prefix=5a post=a5
CSV_MAKE_PAIR a=a4 b=80 ret=1 output=22a48022003131 final=00 prefix=5a post=a5
CSV_MAKE_PAIR a=a4 b=ff ret=1 output=22a4ff22003131 final=00 prefix=5a post=a5
CSV_MAKE_PAIR a=a5 b=00 ret=1 output=22a52200313131 final=00 prefix=5a post=a5
CSV_MAKE_PAIR a=a5 b=01 ret=1 output=22a50122003131 final=00 prefix=5a post=a5
CSV_MAKE_PAIR a=a5 b=22 ret=1 output=22a52222003131 final=00 prefix=5a post=a5
CSV_MAKE_PAIR a=a5 b=2c ret=1 output=22a52c22003131 final=00 prefix=5a post=a5
CSV_MAKE_PAIR a=a5 b=7f ret=1 output=22a57f22003131 final=00 prefix=5a post=a5
CSV_MAKE_PAIR a=a5 b=80 ret=1 output=22a58022003131 final=00 prefix=5a post=a5
CSV_MAKE_PAIR a=a5 b=ff ret=1 output=22a5ff22003131 final=00 prefix=5a post=a5
CSV_MAKE_PAIR a=a6 b=00 ret=1 output=22a62200313131 final=00 prefix=5a post=a5
CSV_MAKE_PAIR a=a6 b=01 ret=1 output=22a60122003131 final=00 prefix=5a post=a5
CSV_MAKE_PAIR a=a6 b=22 ret=1 output=22a62222003131 final=00 prefix=5a post=a5
CSV_MAKE_PAIR a=a6 b=2c ret=1 output=22a62c22003131 final=00 prefix=5a post=a5
CSV_MAKE_PAIR a=a6 b=7f ret=1 output=22a67f22003131 final=00 prefix=5a post=a5
CSV_MAKE_PAIR a=a6 b=80 ret=1 output=22a68022003131 final=00 prefix=5a post=a5
CSV_MAKE_PAIR a=a6 b=ff ret=1 output=22a6ff22003131 final=00 prefix=5a post=a5
CSV_MAKE_PAIR a=a7 b=00 ret=1 output=22a72200313131 final=00 prefix=5a post=a5
CSV_MAKE_PAIR a=a7 b=01 ret=1 output=22a70122003131 final=00 prefix=5a post=a5
CSV_MAKE_PAIR a=a7 b=22 ret=1 output=22a72222003131 final=00 prefix=5a post=a5
CSV_MAKE_PAIR a=a7 b=2c ret=1 output=22a72c22003131 final=00 prefix=5a post=a5
CSV_MAKE_PAIR a=a7 b=7f ret=1 output=22a77f22003131 final=00 prefix=5a post=a5
CSV_MAKE_PAIR a=a7 b=80 ret=1 output=22a78022003131 final=00 prefix=5a post=a5
CSV_MAKE_PAIR a=a7 b=ff ret=1 output=22a7ff22003131 final=00 prefix=5a post=a5
CSV_MAKE_PAIR a=a8 b=00 ret=1 output=22a82200313131 final=00 prefix=5a post=a5
CSV_MAKE_PAIR a=a8 b=01 ret=1 output=22a80122003131 final=00 prefix=5a post=a5
CSV_MAKE_PAIR a=a8 b=22 ret=1 output=22a82222003131 final=00 prefix=5a post=a5
CSV_MAKE_PAIR a=a8 b=2c ret=1 output=22a82c22003131 final=00 prefix=5a post=a5
CSV_MAKE_PAIR a=a8 b=7f ret=1 output=22a87f22003131 final=00 prefix=5a post=a5
CSV_MAKE_PAIR a=a8 b=80 ret=1 output=22a88022003131 final=00 prefix=5a post=a5
CSV_MAKE_PAIR a=a8 b=ff ret=1 output=22a8ff22003131 final=00 prefix=5a post=a5
CSV_MAKE_PAIR a=a9 b=00 ret=1 output=22a92200313131 final=00 prefix=5a post=a5
CSV_MAKE_PAIR a=a9 b=01 ret=1 output=22a90122003131 final=00 prefix=5a post=a5
CSV_MAKE_PAIR a=a9 b=22 ret=1 output=22a92222003131 final=00 prefix=5a post=a5
CSV_MAKE_PAIR a=a9 b=2c ret=1 output=22a92c22003131 final=00 prefix=5a post=a5
CSV_MAKE_PAIR a=a9 b=7f ret=1 output=22a97f22003131 final=00 prefix=5a post=a5
CSV_MAKE_PAIR a=a9 b=80 ret=1 output=22a98022003131 final=00 prefix=5a post=a5
CSV_MAKE_PAIR a=a9 b=ff ret=1 output=22a9ff22003131 final=00 prefix=5a post=a5
CSV_MAKE_PAIR a=aa b=00 ret=1 output=22aa2200313131 final=00 prefix=5a post=a5
CSV_MAKE_PAIR a=aa b=01 ret=1 output=22aa0122003131 final=00 prefix=5a post=a5
CSV_MAKE_PAIR a=aa b=22 ret=1 output=22aa2222003131 final=00 prefix=5a post=a5
CSV_MAKE_PAIR a=aa b=2c ret=1 output=22aa2c22003131 final=00 prefix=5a post=a5
CSV_MAKE_PAIR a=aa b=7f ret=1 output=22aa7f22003131 final=00 prefix=5a post=a5
CSV_MAKE_PAIR a=aa b=80 ret=1 output=22aa8022003131 final=00 prefix=5a post=a5
CSV_MAKE_PAIR a=aa b=ff ret=1 output=22aaff22003131 final=00 prefix=5a post=a5
CSV_MAKE_PAIR a=ab b=00 ret=1 output=22ab2200313131 final=00 prefix=5a post=a5
CSV_MAKE_PAIR a=ab b=01 ret=1 output=22ab0122003131 final=00 prefix=5a post=a5
CSV_MAKE_PAIR a=ab b=22 ret=1 output=22ab2222003131 final=00 prefix=5a post=a5
CSV_MAKE_PAIR a=ab b=2c ret=1 output=22ab2c22003131 final=00 prefix=5a post=a5
CSV_MAKE_PAIR a=ab b=7f ret=1 output=22ab7f22003131 final=00 prefix=5a post=a5
CSV_MAKE_PAIR a=ab b=80 ret=1 output=22ab8022003131 final=00 prefix=5a post=a5
CSV_MAKE_PAIR a=ab b=ff ret=1 output=22abff22003131 final=00 prefix=5a post=a5
CSV_MAKE_PAIR a=ac b=00 ret=1 output=22ac2200313131 final=00 prefix=5a post=a5
CSV_MAKE_PAIR a=ac b=01 ret=1 output=22ac0122003131 final=00 prefix=5a post=a5
CSV_MAKE_PAIR a=ac b=22 ret=1 output=22ac2222003131 final=00 prefix=5a post=a5
CSV_MAKE_PAIR a=ac b=2c ret=1 output=22ac2c22003131 final=00 prefix=5a post=a5
CSV_MAKE_PAIR a=ac b=7f ret=1 output=22ac7f22003131 final=00 prefix=5a post=a5
CSV_MAKE_PAIR a=ac b=80 ret=1 output=22ac8022003131 final=00 prefix=5a post=a5
CSV_MAKE_PAIR a=ac b=ff ret=1 output=22acff22003131 final=00 prefix=5a post=a5
CSV_MAKE_PAIR a=ad b=00 ret=1 output=22ad2200313131 final=00 prefix=5a post=a5
CSV_MAKE_PAIR a=ad b=01 ret=1 output=22ad0122003131 final=00 prefix=5a post=a5
CSV_MAKE_PAIR a=ad b=22 ret=1 output=22ad2222003131 final=00 prefix=5a post=a5
CSV_MAKE_PAIR a=ad b=2c ret=1 output=22ad2c22003131 final=00 prefix=5a post=a5
CSV_MAKE_PAIR a=ad b=7f ret=1 output=22ad7f22003131 final=00 prefix=5a post=a5
CSV_MAKE_PAIR a=ad b=80 ret=1 output=22ad8022003131 final=00 prefix=5a post=a5
CSV_MAKE_PAIR a=ad b=ff ret=1 output=22adff22003131 final=00 prefix=5a post=a5
CSV_MAKE_PAIR a=ae b=00 ret=1 output=22ae2200313131 final=00 prefix=5a post=a5
CSV_MAKE_PAIR a=ae b=01 ret=1 output=22ae0122003131 final=00 prefix=5a post=a5
CSV_MAKE_PAIR a=ae b=22 ret=1 output=22ae2222003131 final=00 prefix=5a post=a5
CSV_MAKE_PAIR a=ae b=2c ret=1 output=22ae2c22003131 final=00 prefix=5a post=a5
CSV_MAKE_PAIR a=ae b=7f ret=1 output=22ae7f22003131 final=00 prefix=5a post=a5
CSV_MAKE_PAIR a=ae b=80 ret=1 output=22ae8022003131 final=00 prefix=5a post=a5
CSV_MAKE_PAIR a=ae b=ff ret=1 output=22aeff22003131 final=00 prefix=5a post=a5
CSV_MAKE_PAIR a=af b=00 ret=1 output=22af2200313131 final=00 prefix=5a post=a5
CSV_MAKE_PAIR a=af b=01 ret=1 output=22af0122003131 final=00 prefix=5a post=a5
CSV_MAKE_PAIR a=af b=22 ret=1 output=22af2222003131 final=00 prefix=5a post=a5
CSV_MAKE_PAIR a=af b=2c ret=1 output=22af2c22003131 final=00 prefix=5a post=a5
CSV_MAKE_PAIR a=af b=7f ret=1 output=22af7f22003131 final=00 prefix=5a post=a5
CSV_MAKE_PAIR a=af b=80 ret=1 output=22af8022003131 final=00 prefix=5a post=a5
CSV_MAKE_PAIR a=af b=ff ret=1 output=22afff22003131 final=00 prefix=5a post=a5
CSV_MAKE_PAIR a=b0 b=00 ret=1 output=22b02200313131 final=00 prefix=5a post=a5
CSV_MAKE_PAIR a=b0 b=01 ret=1 output=22b00122003131 final=00 prefix=5a post=a5
CSV_MAKE_PAIR a=b0 b=22 ret=1 output=22b02222003131 final=00 prefix=5a post=a5
CSV_MAKE_PAIR a=b0 b=2c ret=1 output=22b02c22003131 final=00 prefix=5a post=a5
CSV_MAKE_PAIR a=b0 b=7f ret=1 output=22b07f22003131 final=00 prefix=5a post=a5
CSV_MAKE_PAIR a=b0 b=80 ret=1 output=22b08022003131 final=00 prefix=5a post=a5
CSV_MAKE_PAIR a=b0 b=ff ret=1 output=22b0ff22003131 final=00 prefix=5a post=a5
CSV_MAKE_PAIR a=b1 b=00 ret=1 output=22b12200313131 final=00 prefix=5a post=a5
CSV_MAKE_PAIR a=b1 b=01 ret=1 output=22b10122003131 final=00 prefix=5a post=a5
CSV_MAKE_PAIR a=b1 b=22 ret=1 output=22b12222003131 final=00 prefix=5a post=a5
CSV_MAKE_PAIR a=b1 b=2c ret=1 output=22b12c22003131 final=00 prefix=5a post=a5
CSV_MAKE_PAIR a=b1 b=7f ret=1 output=22b17f22003131 final=00 prefix=5a post=a5
CSV_MAKE_PAIR a=b1 b=80 ret=1 output=22b18022003131 final=00 prefix=5a post=a5
CSV_MAKE_PAIR a=b1 b=ff ret=1 output=22b1ff22003131 final=00 prefix=5a post=a5
CSV_MAKE_PAIR a=b2 b=00 ret=1 output=22b22200313131 final=00 prefix=5a post=a5
CSV_MAKE_PAIR a=b2 b=01 ret=1 output=22b20122003131 final=00 prefix=5a post=a5
CSV_MAKE_PAIR a=b2 b=22 ret=1 output=22b22222003131 final=00 prefix=5a post=a5
CSV_MAKE_PAIR a=b2 b=2c ret=1 output=22b22c22003131 final=00 prefix=5a post=a5
CSV_MAKE_PAIR a=b2 b=7f ret=1 output=22b27f22003131 final=00 prefix=5a post=a5
CSV_MAKE_PAIR a=b2 b=80 ret=1 output=22b28022003131 final=00 prefix=5a post=a5
CSV_MAKE_PAIR a=b2 b=ff ret=1 output=22b2ff22003131 final=00 prefix=5a post=a5
CSV_MAKE_PAIR a=b3 b=00 ret=1 output=22b32200313131 final=00 prefix=5a post=a5
CSV_MAKE_PAIR a=b3 b=01 ret=1 output=22b30122003131 final=00 prefix=5a post=a5
CSV_MAKE_PAIR a=b3 b=22 ret=1 output=22b32222003131 final=00 prefix=5a post=a5
CSV_MAKE_PAIR a=b3 b=2c ret=1 output=22b32c22003131 final=00 prefix=5a post=a5
CSV_MAKE_PAIR a=b3 b=7f ret=1 output=22b37f22003131 final=00 prefix=5a post=a5
CSV_MAKE_PAIR a=b3 b=80 ret=1 output=22b38022003131 final=00 prefix=5a post=a5
CSV_MAKE_PAIR a=b3 b=ff ret=1 output=22b3ff22003131 final=00 prefix=5a post=a5
CSV_MAKE_PAIR a=b4 b=00 ret=1 output=22b42200313131 final=00 prefix=5a post=a5
CSV_MAKE_PAIR a=b4 b=01 ret=1 output=22b40122003131 final=00 prefix=5a post=a5
CSV_MAKE_PAIR a=b4 b=22 ret=1 output=22b42222003131 final=00 prefix=5a post=a5
CSV_MAKE_PAIR a=b4 b=2c ret=1 output=22b42c22003131 final=00 prefix=5a post=a5
CSV_MAKE_PAIR a=b4 b=7f ret=1 output=22b47f22003131 final=00 prefix=5a post=a5
CSV_MAKE_PAIR a=b4 b=80 ret=1 output=22b48022003131 final=00 prefix=5a post=a5
CSV_MAKE_PAIR a=b4 b=ff ret=1 output=22b4ff22003131 final=00 prefix=5a post=a5
CSV_MAKE_PAIR a=b5 b=00 ret=1 output=22b52200313131 final=00 prefix=5a post=a5
CSV_MAKE_PAIR a=b5 b=01 ret=1 output=22b50122003131 final=00 prefix=5a post=a5
CSV_MAKE_PAIR a=b5 b=22 ret=1 output=22b52222003131 final=00 prefix=5a post=a5
CSV_MAKE_PAIR a=b5 b=2c ret=1 output=22b52c22003131 final=00 prefix=5a post=a5
CSV_MAKE_PAIR a=b5 b=7f ret=1 output=22b57f22003131 final=00 prefix=5a post=a5
CSV_MAKE_PAIR a=b5 b=80 ret=1 output=22b58022003131 final=00 prefix=5a post=a5
CSV_MAKE_PAIR a=b5 b=ff ret=1 output=22b5ff22003131 final=00 prefix=5a post=a5
CSV_MAKE_PAIR a=b6 b=00 ret=1 output=22b62200313131 final=00 prefix=5a post=a5
CSV_MAKE_PAIR a=b6 b=01 ret=1 output=22b60122003131 final=00 prefix=5a post=a5
CSV_MAKE_PAIR a=b6 b=22 ret=1 output=22b62222003131 final=00 prefix=5a post=a5
CSV_MAKE_PAIR a=b6 b=2c ret=1 output=22b62c22003131 final=00 prefix=5a post=a5
CSV_MAKE_PAIR a=b6 b=7f ret=1 output=22b67f22003131 final=00 prefix=5a post=a5
CSV_MAKE_PAIR a=b6 b=80 ret=1 output=22b68022003131 final=00 prefix=5a post=a5
CSV_MAKE_PAIR a=b6 b=ff ret=1 output=22b6ff22003131 final=00 prefix=5a post=a5
CSV_MAKE_PAIR a=b7 b=00 ret=1 output=22b72200313131 final=00 prefix=5a post=a5
CSV_MAKE_PAIR a=b7 b=01 ret=1 output=22b70122003131 final=00 prefix=5a post=a5
CSV_MAKE_PAIR a=b7 b=22 ret=1 output=22b72222003131 final=00 prefix=5a post=a5
CSV_MAKE_PAIR a=b7 b=2c ret=1 output=22b72c22003131 final=00 prefix=5a post=a5
CSV_MAKE_PAIR a=b7 b=7f ret=1 output=22b77f22003131 final=00 prefix=5a post=a5
CSV_MAKE_PAIR a=b7 b=80 ret=1 output=22b78022003131 final=00 prefix=5a post=a5
CSV_MAKE_PAIR a=b7 b=ff ret=1 output=22b7ff22003131 final=00 prefix=5a post=a5
CSV_MAKE_PAIR a=b8 b=00 ret=1 output=22b82200313131 final=00 prefix=5a post=a5
CSV_MAKE_PAIR a=b8 b=01 ret=1 output=22b80122003131 final=00 prefix=5a post=a5
CSV_MAKE_PAIR a=b8 b=22 ret=1 output=22b82222003131 final=00 prefix=5a post=a5
CSV_MAKE_PAIR a=b8 b=2c ret=1 output=22b82c22003131 final=00 prefix=5a post=a5
CSV_MAKE_PAIR a=b8 b=7f ret=1 output=22b87f22003131 final=00 prefix=5a post=a5
CSV_MAKE_PAIR a=b8 b=80 ret=1 output=22b88022003131 final=00 prefix=5a post=a5
CSV_MAKE_PAIR a=b8 b=ff ret=1 output=22b8ff22003131 final=00 prefix=5a post=a5
CSV_MAKE_PAIR a=b9 b=00 ret=1 output=22b92200313131 final=00 prefix=5a post=a5
CSV_MAKE_PAIR a=b9 b=01 ret=1 output=22b90122003131 final=00 prefix=5a post=a5
CSV_MAKE_PAIR a=b9 b=22 ret=1 output=22b92222003131 final=00 prefix=5a post=a5
CSV_MAKE_PAIR a=b9 b=2c ret=1 output=22b92c22003131 final=00 prefix=5a post=a5
CSV_MAKE_PAIR a=b9 b=7f ret=1 output=22b97f22003131 final=00 prefix=5a post=a5
CSV_MAKE_PAIR a=b9 b=80 ret=1 output=22b98022003131 final=00 prefix=5a post=a5
CSV_MAKE_PAIR a=b9 b=ff ret=1 output=22b9ff22003131 final=00 prefix=5a post=a5
CSV_MAKE_PAIR a=ba b=00 ret=1 output=22ba2200313131 final=00 prefix=5a post=a5
CSV_MAKE_PAIR a=ba b=01 ret=1 output=22ba0122003131 final=00 prefix=5a post=a5
CSV_MAKE_PAIR a=ba b=22 ret=1 output=22ba2222003131 final=00 prefix=5a post=a5
CSV_MAKE_PAIR a=ba b=2c ret=1 output=22ba2c22003131 final=00 prefix=5a post=a5
CSV_MAKE_PAIR a=ba b=7f ret=1 output=22ba7f22003131 final=00 prefix=5a post=a5
CSV_MAKE_PAIR a=ba b=80 ret=1 output=22ba8022003131 final=00 prefix=5a post=a5
CSV_MAKE_PAIR a=ba b=ff ret=1 output=22baff22003131 final=00 prefix=5a post=a5
CSV_MAKE_PAIR a=bb b=00 ret=1 output=22bb2200313131 final=00 prefix=5a post=a5
CSV_MAKE_PAIR a=bb b=01 ret=1 output=22bb0122003131 final=00 prefix=5a post=a5
CSV_MAKE_PAIR a=bb b=22 ret=1 output=22bb2222003131 final=00 prefix=5a post=a5
CSV_MAKE_PAIR a=bb b=2c ret=1 output=22bb2c22003131 final=00 prefix=5a post=a5
CSV_MAKE_PAIR a=bb b=7f ret=1 output=22bb7f22003131 final=00 prefix=5a post=a5
CSV_MAKE_PAIR a=bb b=80 ret=1 output=22bb8022003131 final=00 prefix=5a post=a5
CSV_MAKE_PAIR a=bb b=ff ret=1 output=22bbff22003131 final=00 prefix=5a post=a5
CSV_MAKE_PAIR a=bc b=00 ret=1 output=22bc2200313131 final=00 prefix=5a post=a5
CSV_MAKE_PAIR a=bc b=01 ret=1 output=22bc0122003131 final=00 prefix=5a post=a5
CSV_MAKE_PAIR a=bc b=22 ret=1 output=22bc2222003131 final=00 prefix=5a post=a5
CSV_MAKE_PAIR a=bc b=2c ret=1 output=22bc2c22003131 final=00 prefix=5a post=a5
CSV_MAKE_PAIR a=bc b=7f ret=1 output=22bc7f22003131 final=00 prefix=5a post=a5
CSV_MAKE_PAIR a=bc b=80 ret=1 output=22bc8022003131 final=00 prefix=5a post=a5
CSV_MAKE_PAIR a=bc b=ff ret=1 output=22bcff22003131 final=00 prefix=5a post=a5
CSV_MAKE_PAIR a=bd b=00 ret=1 output=22bd2200313131 final=00 prefix=5a post=a5
CSV_MAKE_PAIR a=bd b=01 ret=1 output=22bd0122003131 final=00 prefix=5a post=a5
CSV_MAKE_PAIR a=bd b=22 ret=1 output=22bd2222003131 final=00 prefix=5a post=a5
CSV_MAKE_PAIR a=bd b=2c ret=1 output=22bd2c22003131 final=00 prefix=5a post=a5
CSV_MAKE_PAIR a=bd b=7f ret=1 output=22bd7f22003131 final=00 prefix=5a post=a5
CSV_MAKE_PAIR a=bd b=80 ret=1 output=22bd8022003131 final=00 prefix=5a post=a5
CSV_MAKE_PAIR a=bd b=ff ret=1 output=22bdff22003131 final=00 prefix=5a post=a5
CSV_MAKE_PAIR a=be b=00 ret=1 output=22be2200313131 final=00 prefix=5a post=a5
CSV_MAKE_PAIR a=be b=01 ret=1 output=22be0122003131 final=00 prefix=5a post=a5
CSV_MAKE_PAIR a=be b=22 ret=1 output=22be2222003131 final=00 prefix=5a post=a5
CSV_MAKE_PAIR a=be b=2c ret=1 output=22be2c22003131 final=00 prefix=5a post=a5
CSV_MAKE_PAIR a=be b=7f ret=1 output=22be7f22003131 final=00 prefix=5a post=a5
CSV_MAKE_PAIR a=be b=80 ret=1 output=22be8022003131 final=00 prefix=5a post=a5
CSV_MAKE_PAIR a=be b=ff ret=1 output=22beff22003131 final=00 prefix=5a post=a5
CSV_MAKE_PAIR a=bf b=00 ret=1 output=22bf2200313131 final=00 prefix=5a post=a5
CSV_MAKE_PAIR a=bf b=01 ret=1 output=22bf0122003131 final=00 prefix=5a post=a5
CSV_MAKE_PAIR a=bf b=22 ret=1 output=22bf2222003131 final=00 prefix=5a post=a5
CSV_MAKE_PAIR a=bf b=2c ret=1 output=22bf2c22003131 final=00 prefix=5a post=a5
CSV_MAKE_PAIR a=bf b=7f ret=1 output=22bf7f22003131 final=00 prefix=5a post=a5
CSV_MAKE_PAIR a=bf b=80 ret=1 output=22bf8022003131 final=00 prefix=5a post=a5
CSV_MAKE_PAIR a=bf b=ff ret=1 output=22bfff22003131 final=00 prefix=5a post=a5
CSV_MAKE_PAIR a=c0 b=00 ret=1 output=22c02200313131 final=00 prefix=5a post=a5
CSV_MAKE_PAIR a=c0 b=01 ret=1 output=22c00122003131 final=00 prefix=5a post=a5
CSV_MAKE_PAIR a=c0 b=22 ret=1 output=22c02222003131 final=00 prefix=5a post=a5
CSV_MAKE_PAIR a=c0 b=2c ret=1 output=22c02c22003131 final=00 prefix=5a post=a5
CSV_MAKE_PAIR a=c0 b=7f ret=1 output=22c07f22003131 final=00 prefix=5a post=a5
CSV_MAKE_PAIR a=c0 b=80 ret=1 output=22c08022003131 final=00 prefix=5a post=a5
CSV_MAKE_PAIR a=c0 b=ff ret=1 output=22c0ff22003131 final=00 prefix=5a post=a5
CSV_MAKE_PAIR a=c1 b=00 ret=1 output=22c12200313131 final=00 prefix=5a post=a5
CSV_MAKE_PAIR a=c1 b=01 ret=1 output=22c10122003131 final=00 prefix=5a post=a5
CSV_MAKE_PAIR a=c1 b=22 ret=1 output=22c12222003131 final=00 prefix=5a post=a5
CSV_MAKE_PAIR a=c1 b=2c ret=1 output=22c12c22003131 final=00 prefix=5a post=a5
CSV_MAKE_PAIR a=c1 b=7f ret=1 output=22c17f22003131 final=00 prefix=5a post=a5
CSV_MAKE_PAIR a=c1 b=80 ret=1 output=22c18022003131 final=00 prefix=5a post=a5
CSV_MAKE_PAIR a=c1 b=ff ret=1 output=22c1ff22003131 final=00 prefix=5a post=a5
CSV_MAKE_PAIR a=c2 b=00 ret=1 output=22c22200313131 final=00 prefix=5a post=a5
CSV_MAKE_PAIR a=c2 b=01 ret=1 output=22c20122003131 final=00 prefix=5a post=a5
CSV_MAKE_PAIR a=c2 b=22 ret=1 output=22c22222003131 final=00 prefix=5a post=a5
CSV_MAKE_PAIR a=c2 b=2c ret=1 output=22c22c22003131 final=00 prefix=5a post=a5
CSV_MAKE_PAIR a=c2 b=7f ret=1 output=22c27f22003131 final=00 prefix=5a post=a5
CSV_MAKE_PAIR a=c2 b=80 ret=1 output=22c28022003131 final=00 prefix=5a post=a5
CSV_MAKE_PAIR a=c2 b=ff ret=1 output=22c2ff22003131 final=00 prefix=5a post=a5
CSV_MAKE_PAIR a=c3 b=00 ret=1 output=22c32200313131 final=00 prefix=5a post=a5
CSV_MAKE_PAIR a=c3 b=01 ret=1 output=22c30122003131 final=00 prefix=5a post=a5
CSV_MAKE_PAIR a=c3 b=22 ret=1 output=22c32222003131 final=00 prefix=5a post=a5
CSV_MAKE_PAIR a=c3 b=2c ret=1 output=22c32c22003131 final=00 prefix=5a post=a5
CSV_MAKE_PAIR a=c3 b=7f ret=1 output=22c37f22003131 final=00 prefix=5a post=a5
CSV_MAKE_PAIR a=c3 b=80 ret=1 output=22c38022003131 final=00 prefix=5a post=a5
CSV_MAKE_PAIR a=c3 b=ff ret=1 output=22c3ff22003131 final=00 prefix=5a post=a5
CSV_MAKE_PAIR a=c4 b=00 ret=1 output=22c42200313131 final=00 prefix=5a post=a5
CSV_MAKE_PAIR a=c4 b=01 ret=1 output=22c40122003131 final=00 prefix=5a post=a5
CSV_MAKE_PAIR a=c4 b=22 ret=1 output=22c42222003131 final=00 prefix=5a post=a5
CSV_MAKE_PAIR a=c4 b=2c ret=1 output=22c42c22003131 final=00 prefix=5a post=a5
CSV_MAKE_PAIR a=c4 b=7f ret=1 output=22c47f22003131 final=00 prefix=5a post=a5
CSV_MAKE_PAIR a=c4 b=80 ret=1 output=22c48022003131 final=00 prefix=5a post=a5
CSV_MAKE_PAIR a=c4 b=ff ret=1 output=22c4ff22003131 final=00 prefix=5a post=a5
CSV_MAKE_PAIR a=c5 b=00 ret=1 output=22c52200313131 final=00 prefix=5a post=a5
CSV_MAKE_PAIR a=c5 b=01 ret=1 output=22c50122003131 final=00 prefix=5a post=a5
CSV_MAKE_PAIR a=c5 b=22 ret=1 output=22c52222003131 final=00 prefix=5a post=a5
CSV_MAKE_PAIR a=c5 b=2c ret=1 output=22c52c22003131 final=00 prefix=5a post=a5
CSV_MAKE_PAIR a=c5 b=7f ret=1 output=22c57f22003131 final=00 prefix=5a post=a5
CSV_MAKE_PAIR a=c5 b=80 ret=1 output=22c58022003131 final=00 prefix=5a post=a5
CSV_MAKE_PAIR a=c5 b=ff ret=1 output=22c5ff22003131 final=00 prefix=5a post=a5
CSV_MAKE_PAIR a=c6 b=00 ret=1 output=22c62200313131 final=00 prefix=5a post=a5
CSV_MAKE_PAIR a=c6 b=01 ret=1 output=22c60122003131 final=00 prefix=5a post=a5
CSV_MAKE_PAIR a=c6 b=22 ret=1 output=22c62222003131 final=00 prefix=5a post=a5
CSV_MAKE_PAIR a=c6 b=2c ret=1 output=22c62c22003131 final=00 prefix=5a post=a5
CSV_MAKE_PAIR a=c6 b=7f ret=1 output=22c67f22003131 final=00 prefix=5a post=a5
CSV_MAKE_PAIR a=c6 b=80 ret=1 output=22c68022003131 final=00 prefix=5a post=a5
CSV_MAKE_PAIR a=c6 b=ff ret=1 output=22c6ff22003131 final=00 prefix=5a post=a5
CSV_MAKE_PAIR a=c7 b=00 ret=1 output=22c72200313131 final=00 prefix=5a post=a5
CSV_MAKE_PAIR a=c7 b=01 ret=1 output=22c70122003131 final=00 prefix=5a post=a5
CSV_MAKE_PAIR a=c7 b=22 ret=1 output=22c72222003131 final=00 prefix=5a post=a5
CSV_MAKE_PAIR a=c7 b=2c ret=1 output=22c72c22003131 final=00 prefix=5a post=a5
CSV_MAKE_PAIR a=c7 b=7f ret=1 output=22c77f22003131 final=00 prefix=5a post=a5
CSV_MAKE_PAIR a=c7 b=80 ret=1 output=22c78022003131 final=00 prefix=5a post=a5
CSV_MAKE_PAIR a=c7 b=ff ret=1 output=22c7ff22003131 final=00 prefix=5a post=a5
CSV_MAKE_PAIR a=c8 b=00 ret=1 output=22c82200313131 final=00 prefix=5a post=a5
CSV_MAKE_PAIR a=c8 b=01 ret=1 output=22c80122003131 final=00 prefix=5a post=a5
CSV_MAKE_PAIR a=c8 b=22 ret=1 output=22c82222003131 final=00 prefix=5a post=a5
CSV_MAKE_PAIR a=c8 b=2c ret=1 output=22c82c22003131 final=00 prefix=5a post=a5
CSV_MAKE_PAIR a=c8 b=7f ret=1 output=22c87f22003131 final=00 prefix=5a post=a5
CSV_MAKE_PAIR a=c8 b=80 ret=1 output=22c88022003131 final=00 prefix=5a post=a5
CSV_MAKE_PAIR a=c8 b=ff ret=1 output=22c8ff22003131 final=00 prefix=5a post=a5
CSV_MAKE_PAIR a=c9 b=00 ret=1 output=22c92200313131 final=00 prefix=5a post=a5
CSV_MAKE_PAIR a=c9 b=01 ret=1 output=22c90122003131 final=00 prefix=5a post=a5
CSV_MAKE_PAIR a=c9 b=22 ret=1 output=22c92222003131 final=00 prefix=5a post=a5
CSV_MAKE_PAIR a=c9 b=2c ret=1 output=22c92c22003131 final=00 prefix=5a post=a5
CSV_MAKE_PAIR a=c9 b=7f ret=1 output=22c97f22003131 final=00 prefix=5a post=a5
CSV_MAKE_PAIR a=c9 b=80 ret=1 output=22c98022003131 final=00 prefix=5a post=a5
CSV_MAKE_PAIR a=c9 b=ff ret=1 output=22c9ff22003131 final=00 prefix=5a post=a5
CSV_MAKE_PAIR a=ca b=00 ret=1 output=22ca2200313131 final=00 prefix=5a post=a5
CSV_MAKE_PAIR a=ca b=01 ret=1 output=22ca0122003131 final=00 prefix=5a post=a5
CSV_MAKE_PAIR a=ca b=22 ret=1 output=22ca2222003131 final=00 prefix=5a post=a5
CSV_MAKE_PAIR a=ca b=2c ret=1 output=22ca2c22003131 final=00 prefix=5a post=a5
CSV_MAKE_PAIR a=ca b=7f ret=1 output=22ca7f22003131 final=00 prefix=5a post=a5
CSV_MAKE_PAIR a=ca b=80 ret=1 output=22ca8022003131 final=00 prefix=5a post=a5
CSV_MAKE_PAIR a=ca b=ff ret=1 output=22caff22003131 final=00 prefix=5a post=a5
CSV_MAKE_PAIR a=cb b=00 ret=1 output=22cb2200313131 final=00 prefix=5a post=a5
CSV_MAKE_PAIR a=cb b=01 ret=1 output=22cb0122003131 final=00 prefix=5a post=a5
CSV_MAKE_PAIR a=cb b=22 ret=1 output=22cb2222003131 final=00 prefix=5a post=a5
CSV_MAKE_PAIR a=cb b=2c ret=1 output=22cb2c22003131 final=00 prefix=5a post=a5
CSV_MAKE_PAIR a=cb b=7f ret=1 output=22cb7f22003131 final=00 prefix=5a post=a5
CSV_MAKE_PAIR a=cb b=80 ret=1 output=22cb8022003131 final=00 prefix=5a post=a5
CSV_MAKE_PAIR a=cb b=ff ret=1 output=22cbff22003131 final=00 prefix=5a post=a5
CSV_MAKE_PAIR a=cc b=00 ret=1 output=22cc2200313131 final=00 prefix=5a post=a5
CSV_MAKE_PAIR a=cc b=01 ret=1 output=22cc0122003131 final=00 prefix=5a post=a5
CSV_MAKE_PAIR a=cc b=22 ret=1 output=22cc2222003131 final=00 prefix=5a post=a5
CSV_MAKE_PAIR a=cc b=2c ret=1 output=22cc2c22003131 final=00 prefix=5a post=a5
CSV_MAKE_PAIR a=cc b=7f ret=1 output=22cc7f22003131 final=00 prefix=5a post=a5
CSV_MAKE_PAIR a=cc b=80 ret=1 output=22cc8022003131 final=00 prefix=5a post=a5
CSV_MAKE_PAIR a=cc b=ff ret=1 output=22ccff22003131 final=00 prefix=5a post=a5
CSV_MAKE_PAIR a=cd b=00 ret=1 output=22cd2200313131 final=00 prefix=5a post=a5
CSV_MAKE_PAIR a=cd b=01 ret=1 output=22cd0122003131 final=00 prefix=5a post=a5
CSV_MAKE_PAIR a=cd b=22 ret=1 output=22cd2222003131 final=00 prefix=5a post=a5
CSV_MAKE_PAIR a=cd b=2c ret=1 output=22cd2c22003131 final=00 prefix=5a post=a5
CSV_MAKE_PAIR a=cd b=7f ret=1 output=22cd7f22003131 final=00 prefix=5a post=a5
CSV_MAKE_PAIR a=cd b=80 ret=1 output=22cd8022003131 final=00 prefix=5a post=a5
CSV_MAKE_PAIR a=cd b=ff ret=1 output=22cdff22003131 final=00 prefix=5a post=a5
CSV_MAKE_PAIR a=ce b=00 ret=1 output=22ce2200313131 final=00 prefix=5a post=a5
CSV_MAKE_PAIR a=ce b=01 ret=1 output=22ce0122003131 final=00 prefix=5a post=a5
CSV_MAKE_PAIR a=ce b=22 ret=1 output=22ce2222003131 final=00 prefix=5a post=a5
CSV_MAKE_PAIR a=ce b=2c ret=1 output=22ce2c22003131 final=00 prefix=5a post=a5
CSV_MAKE_PAIR a=ce b=7f ret=1 output=22ce7f22003131 final=00 prefix=5a post=a5
CSV_MAKE_PAIR a=ce b=80 ret=1 output=22ce8022003131 final=00 prefix=5a post=a5
CSV_MAKE_PAIR a=ce b=ff ret=1 output=22ceff22003131 final=00 prefix=5a post=a5
CSV_MAKE_PAIR a=cf b=00 ret=1 output=22cf2200313131 final=00 prefix=5a post=a5
CSV_MAKE_PAIR a=cf b=01 ret=1 output=22cf0122003131 final=00 prefix=5a post=a5
CSV_MAKE_PAIR a=cf b=22 ret=1 output=22cf2222003131 final=00 prefix=5a post=a5
CSV_MAKE_PAIR a=cf b=2c ret=1 output=22cf2c22003131 final=00 prefix=5a post=a5
CSV_MAKE_PAIR a=cf b=7f ret=1 output=22cf7f22003131 final=00 prefix=5a post=a5
CSV_MAKE_PAIR a=cf b=80 ret=1 output=22cf8022003131 final=00 prefix=5a post=a5
CSV_MAKE_PAIR a=cf b=ff ret=1 output=22cfff22003131 final=00 prefix=5a post=a5
CSV_MAKE_PAIR a=d0 b=00 ret=1 output=22d02200313131 final=00 prefix=5a post=a5
CSV_MAKE_PAIR a=d0 b=01 ret=1 output=22d00122003131 final=00 prefix=5a post=a5
CSV_MAKE_PAIR a=d0 b=22 ret=1 output=22d02222003131 final=00 prefix=5a post=a5
CSV_MAKE_PAIR a=d0 b=2c ret=1 output=22d02c22003131 final=00 prefix=5a post=a5
CSV_MAKE_PAIR a=d0 b=7f ret=1 output=22d07f22003131 final=00 prefix=5a post=a5
CSV_MAKE_PAIR a=d0 b=80 ret=1 output=22d08022003131 final=00 prefix=5a post=a5
CSV_MAKE_PAIR a=d0 b=ff ret=1 output=22d0ff22003131 final=00 prefix=5a post=a5
CSV_MAKE_PAIR a=d1 b=00 ret=1 output=22d12200313131 final=00 prefix=5a post=a5
CSV_MAKE_PAIR a=d1 b=01 ret=1 output=22d10122003131 final=00 prefix=5a post=a5
CSV_MAKE_PAIR a=d1 b=22 ret=1 output=22d12222003131 final=00 prefix=5a post=a5
CSV_MAKE_PAIR a=d1 b=2c ret=1 output=22d12c22003131 final=00 prefix=5a post=a5
CSV_MAKE_PAIR a=d1 b=7f ret=1 output=22d17f22003131 final=00 prefix=5a post=a5
CSV_MAKE_PAIR a=d1 b=80 ret=1 output=22d18022003131 final=00 prefix=5a post=a5
CSV_MAKE_PAIR a=d1 b=ff ret=1 output=22d1ff22003131 final=00 prefix=5a post=a5
CSV_MAKE_PAIR a=d2 b=00 ret=1 output=22d22200313131 final=00 prefix=5a post=a5
CSV_MAKE_PAIR a=d2 b=01 ret=1 output=22d20122003131 final=00 prefix=5a post=a5
CSV_MAKE_PAIR a=d2 b=22 ret=1 output=22d22222003131 final=00 prefix=5a post=a5
CSV_MAKE_PAIR a=d2 b=2c ret=1 output=22d22c22003131 final=00 prefix=5a post=a5
CSV_MAKE_PAIR a=d2 b=7f ret=1 output=22d27f22003131 final=00 prefix=5a post=a5
CSV_MAKE_PAIR a=d2 b=80 ret=1 output=22d28022003131 final=00 prefix=5a post=a5
CSV_MAKE_PAIR a=d2 b=ff ret=1 output=22d2ff22003131 final=00 prefix=5a post=a5
CSV_MAKE_PAIR a=d3 b=00 ret=1 output=22d32200313131 final=00 prefix=5a post=a5
CSV_MAKE_PAIR a=d3 b=01 ret=1 output=22d30122003131 final=00 prefix=5a post=a5
CSV_MAKE_PAIR a=d3 b=22 ret=1 output=22d32222003131 final=00 prefix=5a post=a5
CSV_MAKE_PAIR a=d3 b=2c ret=1 output=22d32c22003131 final=00 prefix=5a post=a5
CSV_MAKE_PAIR a=d3 b=7f ret=1 output=22d37f22003131 final=00 prefix=5a post=a5
CSV_MAKE_PAIR a=d3 b=80 ret=1 output=22d38022003131 final=00 prefix=5a post=a5
CSV_MAKE_PAIR a=d3 b=ff ret=1 output=22d3ff22003131 final=00 prefix=5a post=a5
CSV_MAKE_PAIR a=d4 b=00 ret=1 output=22d42200313131 final=00 prefix=5a post=a5
CSV_MAKE_PAIR a=d4 b=01 ret=1 output=22d40122003131 final=00 prefix=5a post=a5
CSV_MAKE_PAIR a=d4 b=22 ret=1 output=22d42222003131 final=00 prefix=5a post=a5
CSV_MAKE_PAIR a=d4 b=2c ret=1 output=22d42c22003131 final=00 prefix=5a post=a5
CSV_MAKE_PAIR a=d4 b=7f ret=1 output=22d47f22003131 final=00 prefix=5a post=a5
CSV_MAKE_PAIR a=d4 b=80 ret=1 output=22d48022003131 final=00 prefix=5a post=a5
CSV_MAKE_PAIR a=d4 b=ff ret=1 output=22d4ff22003131 final=00 prefix=5a post=a5
CSV_MAKE_PAIR a=d5 b=00 ret=1 output=22d52200313131 final=00 prefix=5a post=a5
CSV_MAKE_PAIR a=d5 b=01 ret=1 output=22d50122003131 final=00 prefix=5a post=a5
CSV_MAKE_PAIR a=d5 b=22 ret=1 output=22d52222003131 final=00 prefix=5a post=a5
CSV_MAKE_PAIR a=d5 b=2c ret=1 output=22d52c22003131 final=00 prefix=5a post=a5
CSV_MAKE_PAIR a=d5 b=7f ret=1 output=22d57f22003131 final=00 prefix=5a post=a5
CSV_MAKE_PAIR a=d5 b=80 ret=1 output=22d58022003131 final=00 prefix=5a post=a5
CSV_MAKE_PAIR a=d5 b=ff ret=1 output=22d5ff22003131 final=00 prefix=5a post=a5
CSV_MAKE_PAIR a=d6 b=00 ret=1 output=22d62200313131 final=00 prefix=5a post=a5
CSV_MAKE_PAIR a=d6 b=01 ret=1 output=22d60122003131 final=00 prefix=5a post=a5
CSV_MAKE_PAIR a=d6 b=22 ret=1 output=22d62222003131 final=00 prefix=5a post=a5
CSV_MAKE_PAIR a=d6 b=2c ret=1 output=22d62c22003131 final=00 prefix=5a post=a5
CSV_MAKE_PAIR a=d6 b=7f ret=1 output=22d67f22003131 final=00 prefix=5a post=a5
CSV_MAKE_PAIR a=d6 b=80 ret=1 output=22d68022003131 final=00 prefix=5a post=a5
CSV_MAKE_PAIR a=d6 b=ff ret=1 output=22d6ff22003131 final=00 prefix=5a post=a5
CSV_MAKE_PAIR a=d7 b=00 ret=1 output=22d72200313131 final=00 prefix=5a post=a5
CSV_MAKE_PAIR a=d7 b=01 ret=1 output=22d70122003131 final=00 prefix=5a post=a5
CSV_MAKE_PAIR a=d7 b=22 ret=1 output=22d72222003131 final=00 prefix=5a post=a5
CSV_MAKE_PAIR a=d7 b=2c ret=1 output=22d72c22003131 final=00 prefix=5a post=a5
CSV_MAKE_PAIR a=d7 b=7f ret=1 output=22d77f22003131 final=00 prefix=5a post=a5
CSV_MAKE_PAIR a=d7 b=80 ret=1 output=22d78022003131 final=00 prefix=5a post=a5
CSV_MAKE_PAIR a=d7 b=ff ret=1 output=22d7ff22003131 final=00 prefix=5a post=a5
CSV_MAKE_PAIR a=d8 b=00 ret=1 output=22d82200313131 final=00 prefix=5a post=a5
CSV_MAKE_PAIR a=d8 b=01 ret=1 output=22d80122003131 final=00 prefix=5a post=a5
CSV_MAKE_PAIR a=d8 b=22 ret=1 output=22d82222003131 final=00 prefix=5a post=a5
CSV_MAKE_PAIR a=d8 b=2c ret=1 output=22d82c22003131 final=00 prefix=5a post=a5
CSV_MAKE_PAIR a=d8 b=7f ret=1 output=22d87f22003131 final=00 prefix=5a post=a5
CSV_MAKE_PAIR a=d8 b=80 ret=1 output=22d88022003131 final=00 prefix=5a post=a5
CSV_MAKE_PAIR a=d8 b=ff ret=1 output=22d8ff22003131 final=00 prefix=5a post=a5
CSV_MAKE_PAIR a=d9 b=00 ret=1 output=22d92200313131 final=00 prefix=5a post=a5
CSV_MAKE_PAIR a=d9 b=01 ret=1 output=22d90122003131 final=00 prefix=5a post=a5
CSV_MAKE_PAIR a=d9 b=22 ret=1 output=22d92222003131 final=00 prefix=5a post=a5
CSV_MAKE_PAIR a=d9 b=2c ret=1 output=22d92c22003131 final=00 prefix=5a post=a5
CSV_MAKE_PAIR a=d9 b=7f ret=1 output=22d97f22003131 final=00 prefix=5a post=a5
CSV_MAKE_PAIR a=d9 b=80 ret=1 output=22d98022003131 final=00 prefix=5a post=a5
CSV_MAKE_PAIR a=d9 b=ff ret=1 output=22d9ff22003131 final=00 prefix=5a post=a5
CSV_MAKE_PAIR a=da b=00 ret=1 output=22da2200313131 final=00 prefix=5a post=a5
CSV_MAKE_PAIR a=da b=01 ret=1 output=22da0122003131 final=00 prefix=5a post=a5
CSV_MAKE_PAIR a=da b=22 ret=1 output=22da2222003131 final=00 prefix=5a post=a5
CSV_MAKE_PAIR a=da b=2c ret=1 output=22da2c22003131 final=00 prefix=5a post=a5
CSV_MAKE_PAIR a=da b=7f ret=1 output=22da7f22003131 final=00 prefix=5a post=a5
CSV_MAKE_PAIR a=da b=80 ret=1 output=22da8022003131 final=00 prefix=5a post=a5
CSV_MAKE_PAIR a=da b=ff ret=1 output=22daff22003131 final=00 prefix=5a post=a5
CSV_MAKE_PAIR a=db b=00 ret=1 output=22db2200313131 final=00 prefix=5a post=a5
CSV_MAKE_PAIR a=db b=01 ret=1 output=22db0122003131 final=00 prefix=5a post=a5
CSV_MAKE_PAIR a=db b=22 ret=1 output=22db2222003131 final=00 prefix=5a post=a5
CSV_MAKE_PAIR a=db b=2c ret=1 output=22db2c22003131 final=00 prefix=5a post=a5
CSV_MAKE_PAIR a=db b=7f ret=1 output=22db7f22003131 final=00 prefix=5a post=a5
CSV_MAKE_PAIR a=db b=80 ret=1 output=22db8022003131 final=00 prefix=5a post=a5
CSV_MAKE_PAIR a=db b=ff ret=1 output=22dbff22003131 final=00 prefix=5a post=a5
CSV_MAKE_PAIR a=dc b=00 ret=1 output=22dc2200313131 final=00 prefix=5a post=a5
CSV_MAKE_PAIR a=dc b=01 ret=1 output=22dc0122003131 final=00 prefix=5a post=a5
CSV_MAKE_PAIR a=dc b=22 ret=1 output=22dc2222003131 final=00 prefix=5a post=a5
CSV_MAKE_PAIR a=dc b=2c ret=1 output=22dc2c22003131 final=00 prefix=5a post=a5
CSV_MAKE_PAIR a=dc b=7f ret=1 output=22dc7f22003131 final=00 prefix=5a post=a5
CSV_MAKE_PAIR a=dc b=80 ret=1 output=22dc8022003131 final=00 prefix=5a post=a5
CSV_MAKE_PAIR a=dc b=ff ret=1 output=22dcff22003131 final=00 prefix=5a post=a5
CSV_MAKE_PAIR a=dd b=00 ret=1 output=22dd2200313131 final=00 prefix=5a post=a5
CSV_MAKE_PAIR a=dd b=01 ret=1 output=22dd0122003131 final=00 prefix=5a post=a5
CSV_MAKE_PAIR a=dd b=22 ret=1 output=22dd2222003131 final=00 prefix=5a post=a5
CSV_MAKE_PAIR a=dd b=2c ret=1 output=22dd2c22003131 final=00 prefix=5a post=a5
CSV_MAKE_PAIR a=dd b=7f ret=1 output=22dd7f22003131 final=00 prefix=5a post=a5
CSV_MAKE_PAIR a=dd b=80 ret=1 output=22dd8022003131 final=00 prefix=5a post=a5
CSV_MAKE_PAIR a=dd b=ff ret=1 output=22ddff22003131 final=00 prefix=5a post=a5
CSV_MAKE_PAIR a=de b=00 ret=1 output=22de2200313131 final=00 prefix=5a post=a5
CSV_MAKE_PAIR a=de b=01 ret=1 output=22de0122003131 final=00 prefix=5a post=a5
CSV_MAKE_PAIR a=de b=22 ret=1 output=22de2222003131 final=00 prefix=5a post=a5
CSV_MAKE_PAIR a=de b=2c ret=1 output=22de2c22003131 final=00 prefix=5a post=a5
CSV_MAKE_PAIR a=de b=7f ret=1 output=22de7f22003131 final=00 prefix=5a post=a5
CSV_MAKE_PAIR a=de b=80 ret=1 output=22de8022003131 final=00 prefix=5a post=a5
CSV_MAKE_PAIR a=de b=ff ret=1 output=22deff22003131 final=00 prefix=5a post=a5
CSV_MAKE_PAIR a=df b=00 ret=1 output=22df2200313131 final=00 prefix=5a post=a5
CSV_MAKE_PAIR a=df b=01 ret=1 output=22df0122003131 final=00 prefix=5a post=a5
CSV_MAKE_PAIR a=df b=22 ret=1 output=22df2222003131 final=00 prefix=5a post=a5
CSV_MAKE_PAIR a=df b=2c ret=1 output=22df2c22003131 final=00 prefix=5a post=a5
CSV_MAKE_PAIR a=df b=7f ret=1 output=22df7f22003131 final=00 prefix=5a post=a5
CSV_MAKE_PAIR a=df b=80 ret=1 output=22df8022003131 final=00 prefix=5a post=a5
CSV_MAKE_PAIR a=df b=ff ret=1 output=22dfff22003131 final=00 prefix=5a post=a5
CSV_MAKE_PAIR a=e0 b=00 ret=1 output=22e02200313131 final=00 prefix=5a post=a5
CSV_MAKE_PAIR a=e0 b=01 ret=1 output=22e00122003131 final=00 prefix=5a post=a5
CSV_MAKE_PAIR a=e0 b=22 ret=1 output=22e02222003131 final=00 prefix=5a post=a5
CSV_MAKE_PAIR a=e0 b=2c ret=1 output=22e02c22003131 final=00 prefix=5a post=a5
CSV_MAKE_PAIR a=e0 b=7f ret=1 output=22e07f22003131 final=00 prefix=5a post=a5
CSV_MAKE_PAIR a=e0 b=80 ret=1 output=22e08022003131 final=00 prefix=5a post=a5
CSV_MAKE_PAIR a=e0 b=ff ret=1 output=22e0ff22003131 final=00 prefix=5a post=a5
CSV_MAKE_PAIR a=e1 b=00 ret=1 output=22e12200313131 final=00 prefix=5a post=a5
CSV_MAKE_PAIR a=e1 b=01 ret=1 output=22e10122003131 final=00 prefix=5a post=a5
CSV_MAKE_PAIR a=e1 b=22 ret=1 output=22e12222003131 final=00 prefix=5a post=a5
CSV_MAKE_PAIR a=e1 b=2c ret=1 output=22e12c22003131 final=00 prefix=5a post=a5
CSV_MAKE_PAIR a=e1 b=7f ret=1 output=22e17f22003131 final=00 prefix=5a post=a5
CSV_MAKE_PAIR a=e1 b=80 ret=1 output=22e18022003131 final=00 prefix=5a post=a5
CSV_MAKE_PAIR a=e1 b=ff ret=1 output=22e1ff22003131 final=00 prefix=5a post=a5
CSV_MAKE_PAIR a=e2 b=00 ret=1 output=22e22200313131 final=00 prefix=5a post=a5
CSV_MAKE_PAIR a=e2 b=01 ret=1 output=22e20122003131 final=00 prefix=5a post=a5
CSV_MAKE_PAIR a=e2 b=22 ret=1 output=22e22222003131 final=00 prefix=5a post=a5
CSV_MAKE_PAIR a=e2 b=2c ret=1 output=22e22c22003131 final=00 prefix=5a post=a5
CSV_MAKE_PAIR a=e2 b=7f ret=1 output=22e27f22003131 final=00 prefix=5a post=a5
CSV_MAKE_PAIR a=e2 b=80 ret=1 output=22e28022003131 final=00 prefix=5a post=a5
CSV_MAKE_PAIR a=e2 b=ff ret=1 output=22e2ff22003131 final=00 prefix=5a post=a5
CSV_MAKE_PAIR a=e3 b=00 ret=1 output=22e32200313131 final=00 prefix=5a post=a5
CSV_MAKE_PAIR a=e3 b=01 ret=1 output=22e30122003131 final=00 prefix=5a post=a5
CSV_MAKE_PAIR a=e3 b=22 ret=1 output=22e32222003131 final=00 prefix=5a post=a5
CSV_MAKE_PAIR a=e3 b=2c ret=1 output=22e32c22003131 final=00 prefix=5a post=a5
CSV_MAKE_PAIR a=e3 b=7f ret=1 output=22e37f22003131 final=00 prefix=5a post=a5
CSV_MAKE_PAIR a=e3 b=80 ret=1 output=22e38022003131 final=00 prefix=5a post=a5
CSV_MAKE_PAIR a=e3 b=ff ret=1 output=22e3ff22003131 final=00 prefix=5a post=a5
CSV_MAKE_PAIR a=e4 b=00 ret=1 output=22e42200313131 final=00 prefix=5a post=a5
CSV_MAKE_PAIR a=e4 b=01 ret=1 output=22e40122003131 final=00 prefix=5a post=a5
CSV_MAKE_PAIR a=e4 b=22 ret=1 output=22e42222003131 final=00 prefix=5a post=a5
CSV_MAKE_PAIR a=e4 b=2c ret=1 output=22e42c22003131 final=00 prefix=5a post=a5
CSV_MAKE_PAIR a=e4 b=7f ret=1 output=22e47f22003131 final=00 prefix=5a post=a5
CSV_MAKE_PAIR a=e4 b=80 ret=1 output=22e48022003131 final=00 prefix=5a post=a5
CSV_MAKE_PAIR a=e4 b=ff ret=1 output=22e4ff22003131 final=00 prefix=5a post=a5
CSV_MAKE_PAIR a=e5 b=00 ret=1 output=22e52200313131 final=00 prefix=5a post=a5
CSV_MAKE_PAIR a=e5 b=01 ret=1 output=22e50122003131 final=00 prefix=5a post=a5
CSV_MAKE_PAIR a=e5 b=22 ret=1 output=22e52222003131 final=00 prefix=5a post=a5
CSV_MAKE_PAIR a=e5 b=2c ret=1 output=22e52c22003131 final=00 prefix=5a post=a5
CSV_MAKE_PAIR a=e5 b=7f ret=1 output=22e57f22003131 final=00 prefix=5a post=a5
CSV_MAKE_PAIR a=e5 b=80 ret=1 output=22e58022003131 final=00 prefix=5a post=a5
CSV_MAKE_PAIR a=e5 b=ff ret=1 output=22e5ff22003131 final=00 prefix=5a post=a5
CSV_MAKE_PAIR a=e6 b=00 ret=1 output=22e62200313131 final=00 prefix=5a post=a5
CSV_MAKE_PAIR a=e6 b=01 ret=1 output=22e60122003131 final=00 prefix=5a post=a5
CSV_MAKE_PAIR a=e6 b=22 ret=1 output=22e62222003131 final=00 prefix=5a post=a5
CSV_MAKE_PAIR a=e6 b=2c ret=1 output=22e62c22003131 final=00 prefix=5a post=a5
CSV_MAKE_PAIR a=e6 b=7f ret=1 output=22e67f22003131 final=00 prefix=5a post=a5
CSV_MAKE_PAIR a=e6 b=80 ret=1 output=22e68022003131 final=00 prefix=5a post=a5
CSV_MAKE_PAIR a=e6 b=ff ret=1 output=22e6ff22003131 final=00 prefix=5a post=a5
CSV_MAKE_PAIR a=e7 b=00 ret=1 output=22e72200313131 final=00 prefix=5a post=a5
CSV_MAKE_PAIR a=e7 b=01 ret=1 output=22e70122003131 final=00 prefix=5a post=a5
CSV_MAKE_PAIR a=e7 b=22 ret=1 output=22e72222003131 final=00 prefix=5a post=a5
CSV_MAKE_PAIR a=e7 b=2c ret=1 output=22e72c22003131 final=00 prefix=5a post=a5
CSV_MAKE_PAIR a=e7 b=7f ret=1 output=22e77f22003131 final=00 prefix=5a post=a5
CSV_MAKE_PAIR a=e7 b=80 ret=1 output=22e78022003131 final=00 prefix=5a post=a5
CSV_MAKE_PAIR a=e7 b=ff ret=1 output=22e7ff22003131 final=00 prefix=5a post=a5
CSV_MAKE_PAIR a=e8 b=00 ret=1 output=22e82200313131 final=00 prefix=5a post=a5
CSV_MAKE_PAIR a=e8 b=01 ret=1 output=22e80122003131 final=00 prefix=5a post=a5
CSV_MAKE_PAIR a=e8 b=22 ret=1 output=22e82222003131 final=00 prefix=5a post=a5
CSV_MAKE_PAIR a=e8 b=2c ret=1 output=22e82c22003131 final=00 prefix=5a post=a5
CSV_MAKE_PAIR a=e8 b=7f ret=1 output=22e87f22003131 final=00 prefix=5a post=a5
CSV_MAKE_PAIR a=e8 b=80 ret=1 output=22e88022003131 final=00 prefix=5a post=a5
CSV_MAKE_PAIR a=e8 b=ff ret=1 output=22e8ff22003131 final=00 prefix=5a post=a5
CSV_MAKE_PAIR a=e9 b=00 ret=1 output=22e92200313131 final=00 prefix=5a post=a5
CSV_MAKE_PAIR a=e9 b=01 ret=1 output=22e90122003131 final=00 prefix=5a post=a5
CSV_MAKE_PAIR a=e9 b=22 ret=1 output=22e92222003131 final=00 prefix=5a post=a5
CSV_MAKE_PAIR a=e9 b=2c ret=1 output=22e92c22003131 final=00 prefix=5a post=a5
CSV_MAKE_PAIR a=e9 b=7f ret=1 output=22e97f22003131 final=00 prefix=5a post=a5
CSV_MAKE_PAIR a=e9 b=80 ret=1 output=22e98022003131 final=00 prefix=5a post=a5
CSV_MAKE_PAIR a=e9 b=ff ret=1 output=22e9ff22003131 final=00 prefix=5a post=a5
CSV_MAKE_PAIR a=ea b=00 ret=1 output=22ea2200313131 final=00 prefix=5a post=a5
CSV_MAKE_PAIR a=ea b=01 ret=1 output=22ea0122003131 final=00 prefix=5a post=a5
CSV_MAKE_PAIR a=ea b=22 ret=1 output=22ea2222003131 final=00 prefix=5a post=a5
CSV_MAKE_PAIR a=ea b=2c ret=1 output=22ea2c22003131 final=00 prefix=5a post=a5
CSV_MAKE_PAIR a=ea b=7f ret=1 output=22ea7f22003131 final=00 prefix=5a post=a5
CSV_MAKE_PAIR a=ea b=80 ret=1 output=22ea8022003131 final=00 prefix=5a post=a5
CSV_MAKE_PAIR a=ea b=ff ret=1 output=22eaff22003131 final=00 prefix=5a post=a5
CSV_MAKE_PAIR a=eb b=00 ret=1 output=22eb2200313131 final=00 prefix=5a post=a5
CSV_MAKE_PAIR a=eb b=01 ret=1 output=22eb0122003131 final=00 prefix=5a post=a5
CSV_MAKE_PAIR a=eb b=22 ret=1 output=22eb2222003131 final=00 prefix=5a post=a5
CSV_MAKE_PAIR a=eb b=2c ret=1 output=22eb2c22003131 final=00 prefix=5a post=a5
CSV_MAKE_PAIR a=eb b=7f ret=1 output=22eb7f22003131 final=00 prefix=5a post=a5
CSV_MAKE_PAIR a=eb b=80 ret=1 output=22eb8022003131 final=00 prefix=5a post=a5
CSV_MAKE_PAIR a=eb b=ff ret=1 output=22ebff22003131 final=00 prefix=5a post=a5
CSV_MAKE_PAIR a=ec b=00 ret=1 output=22ec2200313131 final=00 prefix=5a post=a5
CSV_MAKE_PAIR a=ec b=01 ret=1 output=22ec0122003131 final=00 prefix=5a post=a5
CSV_MAKE_PAIR a=ec b=22 ret=1 output=22ec2222003131 final=00 prefix=5a post=a5
CSV_MAKE_PAIR a=ec b=2c ret=1 output=22ec2c22003131 final=00 prefix=5a post=a5
CSV_MAKE_PAIR a=ec b=7f ret=1 output=22ec7f22003131 final=00 prefix=5a post=a5
CSV_MAKE_PAIR a=ec b=80 ret=1 output=22ec8022003131 final=00 prefix=5a post=a5
CSV_MAKE_PAIR a=ec b=ff ret=1 output=22ecff22003131 final=00 prefix=5a post=a5
CSV_MAKE_PAIR a=ed b=00 ret=1 output=22ed2200313131 final=00 prefix=5a post=a5
CSV_MAKE_PAIR a=ed b=01 ret=1 output=22ed0122003131 final=00 prefix=5a post=a5
CSV_MAKE_PAIR a=ed b=22 ret=1 output=22ed2222003131 final=00 prefix=5a post=a5
CSV_MAKE_PAIR a=ed b=2c ret=1 output=22ed2c22003131 final=00 prefix=5a post=a5
CSV_MAKE_PAIR a=ed b=7f ret=1 output=22ed7f22003131 final=00 prefix=5a post=a5
CSV_MAKE_PAIR a=ed b=80 ret=1 output=22ed8022003131 final=00 prefix=5a post=a5
CSV_MAKE_PAIR a=ed b=ff ret=1 output=22edff22003131 final=00 prefix=5a post=a5
CSV_MAKE_PAIR a=ee b=00 ret=1 output=22ee2200313131 final=00 prefix=5a post=a5
CSV_MAKE_PAIR a=ee b=01 ret=1 output=22ee0122003131 final=00 prefix=5a post=a5
CSV_MAKE_PAIR a=ee b=22 ret=1 output=22ee2222003131 final=00 prefix=5a post=a5
CSV_MAKE_PAIR a=ee b=2c ret=1 output=22ee2c22003131 final=00 prefix=5a post=a5
CSV_MAKE_PAIR a=ee b=7f ret=1 output=22ee7f22003131 final=00 prefix=5a post=a5
CSV_MAKE_PAIR a=ee b=80 ret=1 output=22ee8022003131 final=00 prefix=5a post=a5
CSV_MAKE_PAIR a=ee b=ff ret=1 output=22eeff22003131 final=00 prefix=5a post=a5
CSV_MAKE_PAIR a=ef b=00 ret=1 output=22ef2200313131 final=00 prefix=5a post=a5
CSV_MAKE_PAIR a=ef b=01 ret=1 output=22ef0122003131 final=00 prefix=5a post=a5
CSV_MAKE_PAIR a=ef b=22 ret=1 output=22ef2222003131 final=00 prefix=5a post=a5
CSV_MAKE_PAIR a=ef b=2c ret=1 output=22ef2c22003131 final=00 prefix=5a post=a5
CSV_MAKE_PAIR a=ef b=7f ret=1 output=22ef7f22003131 final=00 prefix=5a post=a5
CSV_MAKE_PAIR a=ef b=80 ret=1 output=22ef8022003131 final=00 prefix=5a post=a5
CSV_MAKE_PAIR a=ef b=ff ret=1 output=22efff22003131 final=00 prefix=5a post=a5
CSV_MAKE_PAIR a=f0 b=00 ret=1 output=22f02200313131 final=00 prefix=5a post=a5
CSV_MAKE_PAIR a=f0 b=01 ret=1 output=22f00122003131 final=00 prefix=5a post=a5
CSV_MAKE_PAIR a=f0 b=22 ret=1 output=22f02222003131 final=00 prefix=5a post=a5
CSV_MAKE_PAIR a=f0 b=2c ret=1 output=22f02c22003131 final=00 prefix=5a post=a5
CSV_MAKE_PAIR a=f0 b=7f ret=1 output=22f07f22003131 final=00 prefix=5a post=a5
CSV_MAKE_PAIR a=f0 b=80 ret=1 output=22f08022003131 final=00 prefix=5a post=a5
CSV_MAKE_PAIR a=f0 b=ff ret=1 output=22f0ff22003131 final=00 prefix=5a post=a5
CSV_MAKE_PAIR a=f1 b=00 ret=1 output=22f12200313131 final=00 prefix=5a post=a5
CSV_MAKE_PAIR a=f1 b=01 ret=1 output=22f10122003131 final=00 prefix=5a post=a5
CSV_MAKE_PAIR a=f1 b=22 ret=1 output=22f12222003131 final=00 prefix=5a post=a5
CSV_MAKE_PAIR a=f1 b=2c ret=1 output=22f12c22003131 final=00 prefix=5a post=a5
CSV_MAKE_PAIR a=f1 b=7f ret=1 output=22f17f22003131 final=00 prefix=5a post=a5
CSV_MAKE_PAIR a=f1 b=80 ret=1 output=22f18022003131 final=00 prefix=5a post=a5
CSV_MAKE_PAIR a=f1 b=ff ret=1 output=22f1ff22003131 final=00 prefix=5a post=a5
CSV_MAKE_PAIR a=f2 b=00 ret=1 output=22f22200313131 final=00 prefix=5a post=a5
CSV_MAKE_PAIR a=f2 b=01 ret=1 output=22f20122003131 final=00 prefix=5a post=a5
CSV_MAKE_PAIR a=f2 b=22 ret=1 output=22f22222003131 final=00 prefix=5a post=a5
CSV_MAKE_PAIR a=f2 b=2c ret=1 output=22f22c22003131 final=00 prefix=5a post=a5
CSV_MAKE_PAIR a=f2 b=7f ret=1 output=22f27f22003131 final=00 prefix=5a post=a5
CSV_MAKE_PAIR a=f2 b=80 ret=1 output=22f28022003131 final=00 prefix=5a post=a5
CSV_MAKE_PAIR a=f2 b=ff ret=1 output=22f2ff22003131 final=00 prefix=5a post=a5
CSV_MAKE_PAIR a=f3 b=00 ret=1 output=22f32200313131 final=00 prefix=5a post=a5
CSV_MAKE_PAIR a=f3 b=01 ret=1 output=22f30122003131 final=00 prefix=5a post=a5
CSV_MAKE_PAIR a=f3 b=22 ret=1 output=22f32222003131 final=00 prefix=5a post=a5
CSV_MAKE_PAIR a=f3 b=2c ret=1 output=22f32c22003131 final=00 prefix=5a post=a5
CSV_MAKE_PAIR a=f3 b=7f ret=1 output=22f37f22003131 final=00 prefix=5a post=a5
CSV_MAKE_PAIR a=f3 b=80 ret=1 output=22f38022003131 final=00 prefix=5a post=a5
CSV_MAKE_PAIR a=f3 b=ff ret=1 output=22f3ff22003131 final=00 prefix=5a post=a5
CSV_MAKE_PAIR a=f4 b=00 ret=1 output=22f42200313131 final=00 prefix=5a post=a5
CSV_MAKE_PAIR a=f4 b=01 ret=1 output=22f40122003131 final=00 prefix=5a post=a5
CSV_MAKE_PAIR a=f4 b=22 ret=1 output=22f42222003131 final=00 prefix=5a post=a5
CSV_MAKE_PAIR a=f4 b=2c ret=1 output=22f42c22003131 final=00 prefix=5a post=a5
CSV_MAKE_PAIR a=f4 b=7f ret=1 output=22f47f22003131 final=00 prefix=5a post=a5
CSV_MAKE_PAIR a=f4 b=80 ret=1 output=22f48022003131 final=00 prefix=5a post=a5
CSV_MAKE_PAIR a=f4 b=ff ret=1 output=22f4ff22003131 final=00 prefix=5a post=a5
CSV_MAKE_PAIR a=f5 b=00 ret=1 output=22f52200313131 final=00 prefix=5a post=a5
CSV_MAKE_PAIR a=f5 b=01 ret=1 output=22f50122003131 final=00 prefix=5a post=a5
CSV_MAKE_PAIR a=f5 b=22 ret=1 output=22f52222003131 final=00 prefix=5a post=a5
CSV_MAKE_PAIR a=f5 b=2c ret=1 output=22f52c22003131 final=00 prefix=5a post=a5
CSV_MAKE_PAIR a=f5 b=7f ret=1 output=22f57f22003131 final=00 prefix=5a post=a5
CSV_MAKE_PAIR a=f5 b=80 ret=1 output=22f58022003131 final=00 prefix=5a post=a5
CSV_MAKE_PAIR a=f5 b=ff ret=1 output=22f5ff22003131 final=00 prefix=5a post=a5
CSV_MAKE_PAIR a=f6 b=00 ret=1 output=22f62200313131 final=00 prefix=5a post=a5
CSV_MAKE_PAIR a=f6 b=01 ret=1 output=22f60122003131 final=00 prefix=5a post=a5
CSV_MAKE_PAIR a=f6 b=22 ret=1 output=22f62222003131 final=00 prefix=5a post=a5
CSV_MAKE_PAIR a=f6 b=2c ret=1 output=22f62c22003131 final=00 prefix=5a post=a5
CSV_MAKE_PAIR a=f6 b=7f ret=1 output=22f67f22003131 final=00 prefix=5a post=a5
CSV_MAKE_PAIR a=f6 b=80 ret=1 output=22f68022003131 final=00 prefix=5a post=a5
CSV_MAKE_PAIR a=f6 b=ff ret=1 output=22f6ff22003131 final=00 prefix=5a post=a5
CSV_MAKE_PAIR a=f7 b=00 ret=1 output=22f72200313131 final=00 prefix=5a post=a5
CSV_MAKE_PAIR a=f7 b=01 ret=1 output=22f70122003131 final=00 prefix=5a post=a5
CSV_MAKE_PAIR a=f7 b=22 ret=1 output=22f72222003131 final=00 prefix=5a post=a5
CSV_MAKE_PAIR a=f7 b=2c ret=1 output=22f72c22003131 final=00 prefix=5a post=a5
CSV_MAKE_PAIR a=f7 b=7f ret=1 output=22f77f22003131 final=00 prefix=5a post=a5
CSV_MAKE_PAIR a=f7 b=80 ret=1 output=22f78022003131 final=00 prefix=5a post=a5
CSV_MAKE_PAIR a=f7 b=ff ret=1 output=22f7ff22003131 final=00 prefix=5a post=a5
CSV_MAKE_PAIR a=f8 b=00 ret=1 output=22f82200313131 final=00 prefix=5a post=a5
CSV_MAKE_PAIR a=f8 b=01 ret=1 output=22f80122003131 final=00 prefix=5a post=a5
CSV_MAKE_PAIR a=f8 b=22 ret=1 output=22f82222003131 final=00 prefix=5a post=a5
CSV_MAKE_PAIR a=f8 b=2c ret=1 output=22f82c22003131 final=00 prefix=5a post=a5
CSV_MAKE_PAIR a=f8 b=7f ret=1 output=22f87f22003131 final=00 prefix=5a post=a5
CSV_MAKE_PAIR a=f8 b=80 ret=1 output=22f88022003131 final=00 prefix=5a post=a5
CSV_MAKE_PAIR a=f8 b=ff ret=1 output=22f8ff22003131 final=00 prefix=5a post=a5
CSV_MAKE_PAIR a=f9 b=00 ret=1 output=22f92200313131 final=00 prefix=5a post=a5
CSV_MAKE_PAIR a=f9 b=01 ret=1 output=22f90122003131 final=00 prefix=5a post=a5
CSV_MAKE_PAIR a=f9 b=22 ret=1 output=22f92222003131 final=00 prefix=5a post=a5
CSV_MAKE_PAIR a=f9 b=2c ret=1 output=22f92c22003131 final=00 prefix=5a post=a5
CSV_MAKE_PAIR a=f9 b=7f ret=1 output=22f97f22003131 final=00 prefix=5a post=a5
CSV_MAKE_PAIR a=f9 b=80 ret=1 output=22f98022003131 final=00 prefix=5a post=a5
CSV_MAKE_PAIR a=f9 b=ff ret=1 output=22f9ff22003131 final=00 prefix=5a post=a5
CSV_MAKE_PAIR a=fa b=00 ret=1 output=22fa2200313131 final=00 prefix=5a post=a5
CSV_MAKE_PAIR a=fa b=01 ret=1 output=22fa0122003131 final=00 prefix=5a post=a5
CSV_MAKE_PAIR a=fa b=22 ret=1 output=22fa2222003131 final=00 prefix=5a post=a5
CSV_MAKE_PAIR a=fa b=2c ret=1 output=22fa2c22003131 final=00 prefix=5a post=a5
CSV_MAKE_PAIR a=fa b=7f ret=1 output=22fa7f22003131 final=00 prefix=5a post=a5
CSV_MAKE_PAIR a=fa b=80 ret=1 output=22fa8022003131 final=00 prefix=5a post=a5
CSV_MAKE_PAIR a=fa b=ff ret=1 output=22faff22003131 final=00 prefix=5a post=a5
CSV_MAKE_PAIR a=fb b=00 ret=1 output=22fb2200313131 final=00 prefix=5a post=a5
CSV_MAKE_PAIR a=fb b=01 ret=1 output=22fb0122003131 final=00 prefix=5a post=a5
CSV_MAKE_PAIR a=fb b=22 ret=1 output=22fb2222003131 final=00 prefix=5a post=a5
CSV_MAKE_PAIR a=fb b=2c ret=1 output=22fb2c22003131 final=00 prefix=5a post=a5
CSV_MAKE_PAIR a=fb b=7f ret=1 output=22fb7f22003131 final=00 prefix=5a post=a5
CSV_MAKE_PAIR a=fb b=80 ret=1 output=22fb8022003131 final=00 prefix=5a post=a5
CSV_MAKE_PAIR a=fb b=ff ret=1 output=22fbff22003131 final=00 prefix=5a post=a5
CSV_MAKE_PAIR a=fc b=00 ret=1 output=22fc2200313131 final=00 prefix=5a post=a5
CSV_MAKE_PAIR a=fc b=01 ret=1 output=22fc0122003131 final=00 prefix=5a post=a5
CSV_MAKE_PAIR a=fc b=22 ret=1 output=22fc2222003131 final=00 prefix=5a post=a5
CSV_MAKE_PAIR a=fc b=2c ret=1 output=22fc2c22003131 final=00 prefix=5a post=a5
CSV_MAKE_PAIR a=fc b=7f ret=1 output=22fc7f22003131 final=00 prefix=5a post=a5
CSV_MAKE_PAIR a=fc b=80 ret=1 output=22fc8022003131 final=00 prefix=5a post=a5
CSV_MAKE_PAIR a=fc b=ff ret=1 output=22fcff22003131 final=00 prefix=5a post=a5
CSV_MAKE_PAIR a=fd b=00 ret=1 output=22fd2200313131 final=00 prefix=5a post=a5
CSV_MAKE_PAIR a=fd b=01 ret=1 output=22fd0122003131 final=00 prefix=5a post=a5
CSV_MAKE_PAIR a=fd b=22 ret=1 output=22fd2222003131 final=00 prefix=5a post=a5
CSV_MAKE_PAIR a=fd b=2c ret=1 output=22fd2c22003131 final=00 prefix=5a post=a5
CSV_MAKE_PAIR a=fd b=7f ret=1 output=22fd7f22003131 final=00 prefix=5a post=a5
CSV_MAKE_PAIR a=fd b=80 ret=1 output=22fd8022003131 final=00 prefix=5a post=a5
CSV_MAKE_PAIR a=fd b=ff ret=1 output=22fdff22003131 final=00 prefix=5a post=a5
CSV_MAKE_PAIR a=fe b=00 ret=1 output=22fe2200313131 final=00 prefix=5a post=a5
CSV_MAKE_PAIR a=fe b=01 ret=1 output=22fe0122003131 final=00 prefix=5a post=a5
CSV_MAKE_PAIR a=fe b=22 ret=1 output=22fe2222003131 final=00 prefix=5a post=a5
CSV_MAKE_PAIR a=fe b=2c ret=1 output=22fe2c22003131 final=00 prefix=5a post=a5
CSV_MAKE_PAIR a=fe b=7f ret=1 output=22fe7f22003131 final=00 prefix=5a post=a5
CSV_MAKE_PAIR a=fe b=80 ret=1 output=22fe8022003131 final=00 prefix=5a post=a5
CSV_MAKE_PAIR a=fe b=ff ret=1 output=22feff22003131 final=00 prefix=5a post=a5
CSV_MAKE_PAIR a=ff b=00 ret=1 output=22ff2200313131 final=00 prefix=5a post=a5
CSV_MAKE_PAIR a=ff b=01 ret=1 output=22ff0122003131 final=00 prefix=5a post=a5
CSV_MAKE_PAIR a=ff b=22 ret=1 output=22ff2222003131 final=00 prefix=5a post=a5
CSV_MAKE_PAIR a=ff b=2c ret=1 output=22ff2c22003131 final=00 prefix=5a post=a5
CSV_MAKE_PAIR a=ff b=7f ret=1 output=22ff7f22003131 final=00 prefix=5a post=a5
CSV_MAKE_PAIR a=ff b=80 ret=1 output=22ff8022003131 final=00 prefix=5a post=a5
CSV_MAKE_PAIR a=ff b=ff ret=1 output=22ffff22003131 final=00 prefix=5a post=a5
CSV_MAKE_PAIR a=41 b=80 ret=1 output=22418022003131 final=00 prefix=5a post=a5
CSV_MAKE_PAIR a=41 b=81 ret=1 output=22418122003131 final=00 prefix=5a post=a5
CSV_MAKE_PAIR a=41 b=82 ret=1 output=22418222003131 final=00 prefix=5a post=a5
CSV_MAKE_PAIR a=41 b=83 ret=1 output=22418322003131 final=00 prefix=5a post=a5
CSV_MAKE_PAIR a=41 b=84 ret=1 output=22418422003131 final=00 prefix=5a post=a5
CSV_MAKE_PAIR a=41 b=85 ret=1 output=22418522003131 final=00 prefix=5a post=a5
CSV_MAKE_PAIR a=41 b=86 ret=1 output=22418622003131 final=00 prefix=5a post=a5
CSV_MAKE_PAIR a=41 b=87 ret=1 output=22418722003131 final=00 prefix=5a post=a5
CSV_MAKE_PAIR a=41 b=88 ret=1 output=22418822003131 final=00 prefix=5a post=a5
CSV_MAKE_PAIR a=41 b=89 ret=1 output=22418922003131 final=00 prefix=5a post=a5
CSV_MAKE_PAIR a=41 b=8a ret=1 output=22418a22003131 final=00 prefix=5a post=a5
CSV_MAKE_PAIR a=41 b=8b ret=1 output=22418b22003131 final=00 prefix=5a post=a5
CSV_MAKE_PAIR a=41 b=8c ret=1 output=22418c22003131 final=00 prefix=5a post=a5
CSV_MAKE_PAIR a=41 b=8d ret=1 output=22418d22003131 final=00 prefix=5a post=a5
CSV_MAKE_PAIR a=41 b=8e ret=1 output=22418e22003131 final=00 prefix=5a post=a5
CSV_MAKE_PAIR a=41 b=8f ret=1 output=22418f22003131 final=00 prefix=5a post=a5
CSV_MAKE_PAIR a=41 b=90 ret=1 output=22419022003131 final=00 prefix=5a post=a5
CSV_MAKE_PAIR a=41 b=91 ret=1 output=22419122003131 final=00 prefix=5a post=a5
CSV_MAKE_PAIR a=41 b=92 ret=1 output=22419222003131 final=00 prefix=5a post=a5
CSV_MAKE_PAIR a=41 b=93 ret=1 output=22419322003131 final=00 prefix=5a post=a5
CSV_MAKE_PAIR a=41 b=94 ret=1 output=22419422003131 final=00 prefix=5a post=a5
CSV_MAKE_PAIR a=41 b=95 ret=1 output=22419522003131 final=00 prefix=5a post=a5
CSV_MAKE_PAIR a=41 b=96 ret=1 output=22419622003131 final=00 prefix=5a post=a5
CSV_MAKE_PAIR a=41 b=97 ret=1 output=22419722003131 final=00 prefix=5a post=a5
CSV_MAKE_PAIR a=41 b=98 ret=1 output=22419822003131 final=00 prefix=5a post=a5
CSV_MAKE_PAIR a=41 b=99 ret=1 output=22419922003131 final=00 prefix=5a post=a5
CSV_MAKE_PAIR a=41 b=9a ret=1 output=22419a22003131 final=00 prefix=5a post=a5
CSV_MAKE_PAIR a=41 b=9b ret=1 output=22419b22003131 final=00 prefix=5a post=a5
CSV_MAKE_PAIR a=41 b=9c ret=1 output=22419c22003131 final=00 prefix=5a post=a5
CSV_MAKE_PAIR a=41 b=9d ret=1 output=22419d22003131 final=00 prefix=5a post=a5
CSV_MAKE_PAIR a=41 b=9e ret=1 output=22419e22003131 final=00 prefix=5a post=a5
CSV_MAKE_PAIR a=41 b=9f ret=1 output=22419f22003131 final=00 prefix=5a post=a5
CSV_MAKE_PAIR a=41 b=a0 ret=1 output=2241a022003131 final=00 prefix=5a post=a5
CSV_MAKE_PAIR a=41 b=a1 ret=1 output=2241a122003131 final=00 prefix=5a post=a5
CSV_MAKE_PAIR a=41 b=a2 ret=1 output=2241a222003131 final=00 prefix=5a post=a5
CSV_MAKE_PAIR a=41 b=a3 ret=1 output=2241a322003131 final=00 prefix=5a post=a5
CSV_MAKE_PAIR a=41 b=a4 ret=1 output=2241a422003131 final=00 prefix=5a post=a5
CSV_MAKE_PAIR a=41 b=a5 ret=1 output=2241a522003131 final=00 prefix=5a post=a5
CSV_MAKE_PAIR a=41 b=a6 ret=1 output=2241a622003131 final=00 prefix=5a post=a5
CSV_MAKE_PAIR a=41 b=a7 ret=1 output=2241a722003131 final=00 prefix=5a post=a5
CSV_MAKE_PAIR a=41 b=a8 ret=1 output=2241a822003131 final=00 prefix=5a post=a5
CSV_MAKE_PAIR a=41 b=a9 ret=1 output=2241a922003131 final=00 prefix=5a post=a5
CSV_MAKE_PAIR a=41 b=aa ret=1 output=2241aa22003131 final=00 prefix=5a post=a5
CSV_MAKE_PAIR a=41 b=ab ret=1 output=2241ab22003131 final=00 prefix=5a post=a5
CSV_MAKE_PAIR a=41 b=ac ret=1 output=2241ac22003131 final=00 prefix=5a post=a5
CSV_MAKE_PAIR a=41 b=ad ret=1 output=2241ad22003131 final=00 prefix=5a post=a5
CSV_MAKE_PAIR a=41 b=ae ret=1 output=2241ae22003131 final=00 prefix=5a post=a5
CSV_MAKE_PAIR a=41 b=af ret=1 output=2241af22003131 final=00 prefix=5a post=a5
CSV_MAKE_PAIR a=41 b=b0 ret=1 output=2241b022003131 final=00 prefix=5a post=a5
CSV_MAKE_PAIR a=41 b=b1 ret=1 output=2241b122003131 final=00 prefix=5a post=a5
CSV_MAKE_PAIR a=41 b=b2 ret=1 output=2241b222003131 final=00 prefix=5a post=a5
CSV_MAKE_PAIR a=41 b=b3 ret=1 output=2241b322003131 final=00 prefix=5a post=a5
CSV_MAKE_PAIR a=41 b=b4 ret=1 output=2241b422003131 final=00 prefix=5a post=a5
CSV_MAKE_PAIR a=41 b=b5 ret=1 output=2241b522003131 final=00 prefix=5a post=a5
CSV_MAKE_PAIR a=41 b=b6 ret=1 output=2241b622003131 final=00 prefix=5a post=a5
CSV_MAKE_PAIR a=41 b=b7 ret=1 output=2241b722003131 final=00 prefix=5a post=a5
CSV_MAKE_PAIR a=41 b=b8 ret=1 output=2241b822003131 final=00 prefix=5a post=a5
CSV_MAKE_PAIR a=41 b=b9 ret=1 output=2241b922003131 final=00 prefix=5a post=a5
CSV_MAKE_PAIR a=41 b=ba ret=1 output=2241ba22003131 final=00 prefix=5a post=a5
CSV_MAKE_PAIR a=41 b=bb ret=1 output=2241bb22003131 final=00 prefix=5a post=a5
CSV_MAKE_PAIR a=41 b=bc ret=1 output=2241bc22003131 final=00 prefix=5a post=a5
CSV_MAKE_PAIR a=41 b=bd ret=1 output=2241bd22003131 final=00 prefix=5a post=a5
CSV_MAKE_PAIR a=41 b=be ret=1 output=2241be22003131 final=00 prefix=5a post=a5
CSV_MAKE_PAIR a=41 b=bf ret=1 output=2241bf22003131 final=00 prefix=5a post=a5
CSV_MAKE_PAIR a=41 b=c0 ret=1 output=2241c022003131 final=00 prefix=5a post=a5
CSV_MAKE_PAIR a=41 b=c1 ret=1 output=2241c122003131 final=00 prefix=5a post=a5
CSV_MAKE_PAIR a=41 b=c2 ret=1 output=2241c222003131 final=00 prefix=5a post=a5
CSV_MAKE_PAIR a=41 b=c3 ret=1 output=2241c322003131 final=00 prefix=5a post=a5
CSV_MAKE_PAIR a=41 b=c4 ret=1 output=2241c422003131 final=00 prefix=5a post=a5
CSV_MAKE_PAIR a=41 b=c5 ret=1 output=2241c522003131 final=00 prefix=5a post=a5
CSV_MAKE_PAIR a=41 b=c6 ret=1 output=2241c622003131 final=00 prefix=5a post=a5
CSV_MAKE_PAIR a=41 b=c7 ret=1 output=2241c722003131 final=00 prefix=5a post=a5
CSV_MAKE_PAIR a=41 b=c8 ret=1 output=2241c822003131 final=00 prefix=5a post=a5
CSV_MAKE_PAIR a=41 b=c9 ret=1 output=2241c922003131 final=00 prefix=5a post=a5
CSV_MAKE_PAIR a=41 b=ca ret=1 output=2241ca22003131 final=00 prefix=5a post=a5
CSV_MAKE_PAIR a=41 b=cb ret=1 output=2241cb22003131 final=00 prefix=5a post=a5
CSV_MAKE_PAIR a=41 b=cc ret=1 output=2241cc22003131 final=00 prefix=5a post=a5
CSV_MAKE_PAIR a=41 b=cd ret=1 output=2241cd22003131 final=00 prefix=5a post=a5
CSV_MAKE_PAIR a=41 b=ce ret=1 output=2241ce22003131 final=00 prefix=5a post=a5
CSV_MAKE_PAIR a=41 b=cf ret=1 output=2241cf22003131 final=00 prefix=5a post=a5
CSV_MAKE_PAIR a=41 b=d0 ret=1 output=2241d022003131 final=00 prefix=5a post=a5
CSV_MAKE_PAIR a=41 b=d1 ret=1 output=2241d122003131 final=00 prefix=5a post=a5
CSV_MAKE_PAIR a=41 b=d2 ret=1 output=2241d222003131 final=00 prefix=5a post=a5
CSV_MAKE_PAIR a=41 b=d3 ret=1 output=2241d322003131 final=00 prefix=5a post=a5
CSV_MAKE_PAIR a=41 b=d4 ret=1 output=2241d422003131 final=00 prefix=5a post=a5
CSV_MAKE_PAIR a=41 b=d5 ret=1 output=2241d522003131 final=00 prefix=5a post=a5
CSV_MAKE_PAIR a=41 b=d6 ret=1 output=2241d622003131 final=00 prefix=5a post=a5
CSV_MAKE_PAIR a=41 b=d7 ret=1 output=2241d722003131 final=00 prefix=5a post=a5
CSV_MAKE_PAIR a=41 b=d8 ret=1 output=2241d822003131 final=00 prefix=5a post=a5
CSV_MAKE_PAIR a=41 b=d9 ret=1 output=2241d922003131 final=00 prefix=5a post=a5
CSV_MAKE_PAIR a=41 b=da ret=1 output=2241da22003131 final=00 prefix=5a post=a5
CSV_MAKE_PAIR a=41 b=db ret=1 output=2241db22003131 final=00 prefix=5a post=a5
CSV_MAKE_PAIR a=41 b=dc ret=1 output=2241dc22003131 final=00 prefix=5a post=a5
CSV_MAKE_PAIR a=41 b=dd ret=1 output=2241dd22003131 final=00 prefix=5a post=a5
CSV_MAKE_PAIR a=41 b=de ret=1 output=2241de22003131 final=00 prefix=5a post=a5
CSV_MAKE_PAIR a=41 b=df ret=1 output=2241df22003131 final=00 prefix=5a post=a5
CSV_MAKE_PAIR a=41 b=e0 ret=1 output=2241e022003131 final=00 prefix=5a post=a5
CSV_MAKE_PAIR a=41 b=e1 ret=1 output=2241e122003131 final=00 prefix=5a post=a5
CSV_MAKE_PAIR a=41 b=e2 ret=1 output=2241e222003131 final=00 prefix=5a post=a5
CSV_MAKE_PAIR a=41 b=e3 ret=1 output=2241e322003131 final=00 prefix=5a post=a5
CSV_MAKE_PAIR a=41 b=e4 ret=1 output=2241e422003131 final=00 prefix=5a post=a5
CSV_MAKE_PAIR a=41 b=e5 ret=1 output=2241e522003131 final=00 prefix=5a post=a5
CSV_MAKE_PAIR a=41 b=e6 ret=1 output=2241e622003131 final=00 prefix=5a post=a5
CSV_MAKE_PAIR a=41 b=e7 ret=1 output=2241e722003131 final=00 prefix=5a post=a5
CSV_MAKE_PAIR a=41 b=e8 ret=1 output=2241e822003131 final=00 prefix=5a post=a5
CSV_MAKE_PAIR a=41 b=e9 ret=1 output=2241e922003131 final=00 prefix=5a post=a5
CSV_MAKE_PAIR a=41 b=ea ret=1 output=2241ea22003131 final=00 prefix=5a post=a5
CSV_MAKE_PAIR a=41 b=eb ret=1 output=2241eb22003131 final=00 prefix=5a post=a5
CSV_MAKE_PAIR a=41 b=ec ret=1 output=2241ec22003131 final=00 prefix=5a post=a5
CSV_MAKE_PAIR a=41 b=ed ret=1 output=2241ed22003131 final=00 prefix=5a post=a5
CSV_MAKE_PAIR a=41 b=ee ret=1 output=2241ee22003131 final=00 prefix=5a post=a5
CSV_MAKE_PAIR a=41 b=ef ret=1 output=2241ef22003131 final=00 prefix=5a post=a5
CSV_MAKE_PAIR a=41 b=f0 ret=1 output=2241f022003131 final=00 prefix=5a post=a5
CSV_MAKE_PAIR a=41 b=f1 ret=1 output=2241f122003131 final=00 prefix=5a post=a5
CSV_MAKE_PAIR a=41 b=f2 ret=1 output=2241f222003131 final=00 prefix=5a post=a5
CSV_MAKE_PAIR a=41 b=f3 ret=1 output=2241f322003131 final=00 prefix=5a post=a5
CSV_MAKE_PAIR a=41 b=f4 ret=1 output=2241f422003131 final=00 prefix=5a post=a5
CSV_MAKE_PAIR a=41 b=f5 ret=1 output=2241f522003131 final=00 prefix=5a post=a5
CSV_MAKE_PAIR a=41 b=f6 ret=1 output=2241f622003131 final=00 prefix=5a post=a5
CSV_MAKE_PAIR a=41 b=f7 ret=1 output=2241f722003131 final=00 prefix=5a post=a5
CSV_MAKE_PAIR a=41 b=f8 ret=1 output=2241f822003131 final=00 prefix=5a post=a5
CSV_MAKE_PAIR a=41 b=f9 ret=1 output=2241f922003131 final=00 prefix=5a post=a5
CSV_MAKE_PAIR a=41 b=fa ret=1 output=2241fa22003131 final=00 prefix=5a post=a5
CSV_MAKE_PAIR a=41 b=fb ret=1 output=2241fb22003131 final=00 prefix=5a post=a5
CSV_MAKE_PAIR a=41 b=fc ret=1 output=2241fc22003131 final=00 prefix=5a post=a5
CSV_MAKE_PAIR a=41 b=fd ret=1 output=2241fd22003131 final=00 prefix=5a post=a5
CSV_MAKE_PAIR a=41 b=fe ret=1 output=2241fe22003131 final=00 prefix=5a post=a5
CSV_MAKE_PAIR a=41 b=ff ret=1 output=2241ff22003131 final=00 prefix=5a post=a5
CSV_MAKE_PAIR a=22 b=80 ret=1 output=22222280220031 final=00 prefix=5a post=a5
CSV_MAKE_PAIR a=22 b=81 ret=1 output=22222281220031 final=00 prefix=5a post=a5
CSV_MAKE_PAIR a=22 b=82 ret=1 output=22222282220031 final=00 prefix=5a post=a5
CSV_MAKE_PAIR a=22 b=83 ret=1 output=22222283220031 final=00 prefix=5a post=a5
CSV_MAKE_PAIR a=22 b=84 ret=1 output=22222284220031 final=00 prefix=5a post=a5
CSV_MAKE_PAIR a=22 b=85 ret=1 output=22222285220031 final=00 prefix=5a post=a5
CSV_MAKE_PAIR a=22 b=86 ret=1 output=22222286220031 final=00 prefix=5a post=a5
CSV_MAKE_PAIR a=22 b=87 ret=1 output=22222287220031 final=00 prefix=5a post=a5
CSV_MAKE_PAIR a=22 b=88 ret=1 output=22222288220031 final=00 prefix=5a post=a5
CSV_MAKE_PAIR a=22 b=89 ret=1 output=22222289220031 final=00 prefix=5a post=a5
CSV_MAKE_PAIR a=22 b=8a ret=1 output=2222228a220031 final=00 prefix=5a post=a5
CSV_MAKE_PAIR a=22 b=8b ret=1 output=2222228b220031 final=00 prefix=5a post=a5
CSV_MAKE_PAIR a=22 b=8c ret=1 output=2222228c220031 final=00 prefix=5a post=a5
CSV_MAKE_PAIR a=22 b=8d ret=1 output=2222228d220031 final=00 prefix=5a post=a5
CSV_MAKE_PAIR a=22 b=8e ret=1 output=2222228e220031 final=00 prefix=5a post=a5
CSV_MAKE_PAIR a=22 b=8f ret=1 output=2222228f220031 final=00 prefix=5a post=a5
CSV_MAKE_PAIR a=22 b=90 ret=1 output=22222290220031 final=00 prefix=5a post=a5
CSV_MAKE_PAIR a=22 b=91 ret=1 output=22222291220031 final=00 prefix=5a post=a5
CSV_MAKE_PAIR a=22 b=92 ret=1 output=22222292220031 final=00 prefix=5a post=a5
CSV_MAKE_PAIR a=22 b=93 ret=1 output=22222293220031 final=00 prefix=5a post=a5
CSV_MAKE_PAIR a=22 b=94 ret=1 output=22222294220031 final=00 prefix=5a post=a5
CSV_MAKE_PAIR a=22 b=95 ret=1 output=22222295220031 final=00 prefix=5a post=a5
CSV_MAKE_PAIR a=22 b=96 ret=1 output=22222296220031 final=00 prefix=5a post=a5
CSV_MAKE_PAIR a=22 b=97 ret=1 output=22222297220031 final=00 prefix=5a post=a5
CSV_MAKE_PAIR a=22 b=98 ret=1 output=22222298220031 final=00 prefix=5a post=a5
CSV_MAKE_PAIR a=22 b=99 ret=1 output=22222299220031 final=00 prefix=5a post=a5
CSV_MAKE_PAIR a=22 b=9a ret=1 output=2222229a220031 final=00 prefix=5a post=a5
CSV_MAKE_PAIR a=22 b=9b ret=1 output=2222229b220031 final=00 prefix=5a post=a5
CSV_MAKE_PAIR a=22 b=9c ret=1 output=2222229c220031 final=00 prefix=5a post=a5
CSV_MAKE_PAIR a=22 b=9d ret=1 output=2222229d220031 final=00 prefix=5a post=a5
CSV_MAKE_PAIR a=22 b=9e ret=1 output=2222229e220031 final=00 prefix=5a post=a5
CSV_MAKE_PAIR a=22 b=9f ret=1 output=2222229f220031 final=00 prefix=5a post=a5
CSV_MAKE_PAIR a=22 b=a0 ret=1 output=222222a0220031 final=00 prefix=5a post=a5
CSV_MAKE_PAIR a=22 b=a1 ret=1 output=222222a1220031 final=00 prefix=5a post=a5
CSV_MAKE_PAIR a=22 b=a2 ret=1 output=222222a2220031 final=00 prefix=5a post=a5
CSV_MAKE_PAIR a=22 b=a3 ret=1 output=222222a3220031 final=00 prefix=5a post=a5
CSV_MAKE_PAIR a=22 b=a4 ret=1 output=222222a4220031 final=00 prefix=5a post=a5
CSV_MAKE_PAIR a=22 b=a5 ret=1 output=222222a5220031 final=00 prefix=5a post=a5
CSV_MAKE_PAIR a=22 b=a6 ret=1 output=222222a6220031 final=00 prefix=5a post=a5
CSV_MAKE_PAIR a=22 b=a7 ret=1 output=222222a7220031 final=00 prefix=5a post=a5
CSV_MAKE_PAIR a=22 b=a8 ret=1 output=222222a8220031 final=00 prefix=5a post=a5
CSV_MAKE_PAIR a=22 b=a9 ret=1 output=222222a9220031 final=00 prefix=5a post=a5
CSV_MAKE_PAIR a=22 b=aa ret=1 output=222222aa220031 final=00 prefix=5a post=a5
CSV_MAKE_PAIR a=22 b=ab ret=1 output=222222ab220031 final=00 prefix=5a post=a5
CSV_MAKE_PAIR a=22 b=ac ret=1 output=222222ac220031 final=00 prefix=5a post=a5
CSV_MAKE_PAIR a=22 b=ad ret=1 output=222222ad220031 final=00 prefix=5a post=a5
CSV_MAKE_PAIR a=22 b=ae ret=1 output=222222ae220031 final=00 prefix=5a post=a5
CSV_MAKE_PAIR a=22 b=af ret=1 output=222222af220031 final=00 prefix=5a post=a5
CSV_MAKE_PAIR a=22 b=b0 ret=1 output=222222b0220031 final=00 prefix=5a post=a5
CSV_MAKE_PAIR a=22 b=b1 ret=1 output=222222b1220031 final=00 prefix=5a post=a5
CSV_MAKE_PAIR a=22 b=b2 ret=1 output=222222b2220031 final=00 prefix=5a post=a5
CSV_MAKE_PAIR a=22 b=b3 ret=1 output=222222b3220031 final=00 prefix=5a post=a5
CSV_MAKE_PAIR a=22 b=b4 ret=1 output=222222b4220031 final=00 prefix=5a post=a5
CSV_MAKE_PAIR a=22 b=b5 ret=1 output=222222b5220031 final=00 prefix=5a post=a5
CSV_MAKE_PAIR a=22 b=b6 ret=1 output=222222b6220031 final=00 prefix=5a post=a5
CSV_MAKE_PAIR a=22 b=b7 ret=1 output=222222b7220031 final=00 prefix=5a post=a5
CSV_MAKE_PAIR a=22 b=b8 ret=1 output=222222b8220031 final=00 prefix=5a post=a5
CSV_MAKE_PAIR a=22 b=b9 ret=1 output=222222b9220031 final=00 prefix=5a post=a5
CSV_MAKE_PAIR a=22 b=ba ret=1 output=222222ba220031 final=00 prefix=5a post=a5
CSV_MAKE_PAIR a=22 b=bb ret=1 output=222222bb220031 final=00 prefix=5a post=a5
CSV_MAKE_PAIR a=22 b=bc ret=1 output=222222bc220031 final=00 prefix=5a post=a5
CSV_MAKE_PAIR a=22 b=bd ret=1 output=222222bd220031 final=00 prefix=5a post=a5
CSV_MAKE_PAIR a=22 b=be ret=1 output=222222be220031 final=00 prefix=5a post=a5
CSV_MAKE_PAIR a=22 b=bf ret=1 output=222222bf220031 final=00 prefix=5a post=a5
CSV_MAKE_PAIR a=22 b=c0 ret=1 output=222222c0220031 final=00 prefix=5a post=a5
CSV_MAKE_PAIR a=22 b=c1 ret=1 output=222222c1220031 final=00 prefix=5a post=a5
CSV_MAKE_PAIR a=22 b=c2 ret=1 output=222222c2220031 final=00 prefix=5a post=a5
CSV_MAKE_PAIR a=22 b=c3 ret=1 output=222222c3220031 final=00 prefix=5a post=a5
CSV_MAKE_PAIR a=22 b=c4 ret=1 output=222222c4220031 final=00 prefix=5a post=a5
CSV_MAKE_PAIR a=22 b=c5 ret=1 output=222222c5220031 final=00 prefix=5a post=a5
CSV_MAKE_PAIR a=22 b=c6 ret=1 output=222222c6220031 final=00 prefix=5a post=a5
CSV_MAKE_PAIR a=22 b=c7 ret=1 output=222222c7220031 final=00 prefix=5a post=a5
CSV_MAKE_PAIR a=22 b=c8 ret=1 output=222222c8220031 final=00 prefix=5a post=a5
CSV_MAKE_PAIR a=22 b=c9 ret=1 output=222222c9220031 final=00 prefix=5a post=a5
CSV_MAKE_PAIR a=22 b=ca ret=1 output=222222ca220031 final=00 prefix=5a post=a5
CSV_MAKE_PAIR a=22 b=cb ret=1 output=222222cb220031 final=00 prefix=5a post=a5
CSV_MAKE_PAIR a=22 b=cc ret=1 output=222222cc220031 final=00 prefix=5a post=a5
CSV_MAKE_PAIR a=22 b=cd ret=1 output=222222cd220031 final=00 prefix=5a post=a5
CSV_MAKE_PAIR a=22 b=ce ret=1 output=222222ce220031 final=00 prefix=5a post=a5
CSV_MAKE_PAIR a=22 b=cf ret=1 output=222222cf220031 final=00 prefix=5a post=a5
CSV_MAKE_PAIR a=22 b=d0 ret=1 output=222222d0220031 final=00 prefix=5a post=a5
CSV_MAKE_PAIR a=22 b=d1 ret=1 output=222222d1220031 final=00 prefix=5a post=a5
CSV_MAKE_PAIR a=22 b=d2 ret=1 output=222222d2220031 final=00 prefix=5a post=a5
CSV_MAKE_PAIR a=22 b=d3 ret=1 output=222222d3220031 final=00 prefix=5a post=a5
CSV_MAKE_PAIR a=22 b=d4 ret=1 output=222222d4220031 final=00 prefix=5a post=a5
CSV_MAKE_PAIR a=22 b=d5 ret=1 output=222222d5220031 final=00 prefix=5a post=a5
CSV_MAKE_PAIR a=22 b=d6 ret=1 output=222222d6220031 final=00 prefix=5a post=a5
CSV_MAKE_PAIR a=22 b=d7 ret=1 output=222222d7220031 final=00 prefix=5a post=a5
CSV_MAKE_PAIR a=22 b=d8 ret=1 output=222222d8220031 final=00 prefix=5a post=a5
CSV_MAKE_PAIR a=22 b=d9 ret=1 output=222222d9220031 final=00 prefix=5a post=a5
CSV_MAKE_PAIR a=22 b=da ret=1 output=222222da220031 final=00 prefix=5a post=a5
CSV_MAKE_PAIR a=22 b=db ret=1 output=222222db220031 final=00 prefix=5a post=a5
CSV_MAKE_PAIR a=22 b=dc ret=1 output=222222dc220031 final=00 prefix=5a post=a5
CSV_MAKE_PAIR a=22 b=dd ret=1 output=222222dd220031 final=00 prefix=5a post=a5
CSV_MAKE_PAIR a=22 b=de ret=1 output=222222de220031 final=00 prefix=5a post=a5
CSV_MAKE_PAIR a=22 b=df ret=1 output=222222df220031 final=00 prefix=5a post=a5
CSV_MAKE_PAIR a=22 b=e0 ret=1 output=222222e0220031 final=00 prefix=5a post=a5
CSV_MAKE_PAIR a=22 b=e1 ret=1 output=222222e1220031 final=00 prefix=5a post=a5
CSV_MAKE_PAIR a=22 b=e2 ret=1 output=222222e2220031 final=00 prefix=5a post=a5
CSV_MAKE_PAIR a=22 b=e3 ret=1 output=222222e3220031 final=00 prefix=5a post=a5
CSV_MAKE_PAIR a=22 b=e4 ret=1 output=222222e4220031 final=00 prefix=5a post=a5
CSV_MAKE_PAIR a=22 b=e5 ret=1 output=222222e5220031 final=00 prefix=5a post=a5
CSV_MAKE_PAIR a=22 b=e6 ret=1 output=222222e6220031 final=00 prefix=5a post=a5
CSV_MAKE_PAIR a=22 b=e7 ret=1 output=222222e7220031 final=00 prefix=5a post=a5
CSV_MAKE_PAIR a=22 b=e8 ret=1 output=222222e8220031 final=00 prefix=5a post=a5
CSV_MAKE_PAIR a=22 b=e9 ret=1 output=222222e9220031 final=00 prefix=5a post=a5
CSV_MAKE_PAIR a=22 b=ea ret=1 output=222222ea220031 final=00 prefix=5a post=a5
CSV_MAKE_PAIR a=22 b=eb ret=1 output=222222eb220031 final=00 prefix=5a post=a5
CSV_MAKE_PAIR a=22 b=ec ret=1 output=222222ec220031 final=00 prefix=5a post=a5
CSV_MAKE_PAIR a=22 b=ed ret=1 output=222222ed220031 final=00 prefix=5a post=a5
CSV_MAKE_PAIR a=22 b=ee ret=1 output=222222ee220031 final=00 prefix=5a post=a5
CSV_MAKE_PAIR a=22 b=ef ret=1 output=222222ef220031 final=00 prefix=5a post=a5
CSV_MAKE_PAIR a=22 b=f0 ret=1 output=222222f0220031 final=00 prefix=5a post=a5
CSV_MAKE_PAIR a=22 b=f1 ret=1 output=222222f1220031 final=00 prefix=5a post=a5
CSV_MAKE_PAIR a=22 b=f2 ret=1 output=222222f2220031 final=00 prefix=5a post=a5
CSV_MAKE_PAIR a=22 b=f3 ret=1 output=222222f3220031 final=00 prefix=5a post=a5
CSV_MAKE_PAIR a=22 b=f4 ret=1 output=222222f4220031 final=00 prefix=5a post=a5
CSV_MAKE_PAIR a=22 b=f5 ret=1 output=222222f5220031 final=00 prefix=5a post=a5
CSV_MAKE_PAIR a=22 b=f6 ret=1 output=222222f6220031 final=00 prefix=5a post=a5
CSV_MAKE_PAIR a=22 b=f7 ret=1 output=222222f7220031 final=00 prefix=5a post=a5
CSV_MAKE_PAIR a=22 b=f8 ret=1 output=222222f8220031 final=00 prefix=5a post=a5
CSV_MAKE_PAIR a=22 b=f9 ret=1 output=222222f9220031 final=00 prefix=5a post=a5
CSV_MAKE_PAIR a=22 b=fa ret=1 output=222222fa220031 final=00 prefix=5a post=a5
CSV_MAKE_PAIR a=22 b=fb ret=1 output=222222fb220031 final=00 prefix=5a post=a5
CSV_MAKE_PAIR a=22 b=fc ret=1 output=222222fc220031 final=00 prefix=5a post=a5
CSV_MAKE_PAIR a=22 b=fd ret=1 output=222222fd220031 final=00 prefix=5a post=a5
CSV_MAKE_PAIR a=22 b=fe ret=1 output=222222fe220031 final=00 prefix=5a post=a5
CSV_MAKE_PAIR a=22 b=ff ret=1 output=222222ff220031 final=00 prefix=5a post=a5
CSV_MAKE_PAIR a=2c b=80 ret=1 output=222c8022003131 final=00 prefix=5a post=a5
CSV_MAKE_PAIR a=2c b=81 ret=1 output=222c8122003131 final=00 prefix=5a post=a5
CSV_MAKE_PAIR a=2c b=82 ret=1 output=222c8222003131 final=00 prefix=5a post=a5
CSV_MAKE_PAIR a=2c b=83 ret=1 output=222c8322003131 final=00 prefix=5a post=a5
CSV_MAKE_PAIR a=2c b=84 ret=1 output=222c8422003131 final=00 prefix=5a post=a5
CSV_MAKE_PAIR a=2c b=85 ret=1 output=222c8522003131 final=00 prefix=5a post=a5
CSV_MAKE_PAIR a=2c b=86 ret=1 output=222c8622003131 final=00 prefix=5a post=a5
CSV_MAKE_PAIR a=2c b=87 ret=1 output=222c8722003131 final=00 prefix=5a post=a5
CSV_MAKE_PAIR a=2c b=88 ret=1 output=222c8822003131 final=00 prefix=5a post=a5
CSV_MAKE_PAIR a=2c b=89 ret=1 output=222c8922003131 final=00 prefix=5a post=a5
CSV_MAKE_PAIR a=2c b=8a ret=1 output=222c8a22003131 final=00 prefix=5a post=a5
CSV_MAKE_PAIR a=2c b=8b ret=1 output=222c8b22003131 final=00 prefix=5a post=a5
CSV_MAKE_PAIR a=2c b=8c ret=1 output=222c8c22003131 final=00 prefix=5a post=a5
CSV_MAKE_PAIR a=2c b=8d ret=1 output=222c8d22003131 final=00 prefix=5a post=a5
CSV_MAKE_PAIR a=2c b=8e ret=1 output=222c8e22003131 final=00 prefix=5a post=a5
CSV_MAKE_PAIR a=2c b=8f ret=1 output=222c8f22003131 final=00 prefix=5a post=a5
CSV_MAKE_PAIR a=2c b=90 ret=1 output=222c9022003131 final=00 prefix=5a post=a5
CSV_MAKE_PAIR a=2c b=91 ret=1 output=222c9122003131 final=00 prefix=5a post=a5
CSV_MAKE_PAIR a=2c b=92 ret=1 output=222c9222003131 final=00 prefix=5a post=a5
CSV_MAKE_PAIR a=2c b=93 ret=1 output=222c9322003131 final=00 prefix=5a post=a5
CSV_MAKE_PAIR a=2c b=94 ret=1 output=222c9422003131 final=00 prefix=5a post=a5
CSV_MAKE_PAIR a=2c b=95 ret=1 output=222c9522003131 final=00 prefix=5a post=a5
CSV_MAKE_PAIR a=2c b=96 ret=1 output=222c9622003131 final=00 prefix=5a post=a5
CSV_MAKE_PAIR a=2c b=97 ret=1 output=222c9722003131 final=00 prefix=5a post=a5
CSV_MAKE_PAIR a=2c b=98 ret=1 output=222c9822003131 final=00 prefix=5a post=a5
CSV_MAKE_PAIR a=2c b=99 ret=1 output=222c9922003131 final=00 prefix=5a post=a5
CSV_MAKE_PAIR a=2c b=9a ret=1 output=222c9a22003131 final=00 prefix=5a post=a5
CSV_MAKE_PAIR a=2c b=9b ret=1 output=222c9b22003131 final=00 prefix=5a post=a5
CSV_MAKE_PAIR a=2c b=9c ret=1 output=222c9c22003131 final=00 prefix=5a post=a5
CSV_MAKE_PAIR a=2c b=9d ret=1 output=222c9d22003131 final=00 prefix=5a post=a5
CSV_MAKE_PAIR a=2c b=9e ret=1 output=222c9e22003131 final=00 prefix=5a post=a5
CSV_MAKE_PAIR a=2c b=9f ret=1 output=222c9f22003131 final=00 prefix=5a post=a5
CSV_MAKE_PAIR a=2c b=a0 ret=1 output=222ca022003131 final=00 prefix=5a post=a5
CSV_MAKE_PAIR a=2c b=a1 ret=1 output=222ca122003131 final=00 prefix=5a post=a5
CSV_MAKE_PAIR a=2c b=a2 ret=1 output=222ca222003131 final=00 prefix=5a post=a5
CSV_MAKE_PAIR a=2c b=a3 ret=1 output=222ca322003131 final=00 prefix=5a post=a5
CSV_MAKE_PAIR a=2c b=a4 ret=1 output=222ca422003131 final=00 prefix=5a post=a5
CSV_MAKE_PAIR a=2c b=a5 ret=1 output=222ca522003131 final=00 prefix=5a post=a5
CSV_MAKE_PAIR a=2c b=a6 ret=1 output=222ca622003131 final=00 prefix=5a post=a5
CSV_MAKE_PAIR a=2c b=a7 ret=1 output=222ca722003131 final=00 prefix=5a post=a5
CSV_MAKE_PAIR a=2c b=a8 ret=1 output=222ca822003131 final=00 prefix=5a post=a5
CSV_MAKE_PAIR a=2c b=a9 ret=1 output=222ca922003131 final=00 prefix=5a post=a5
CSV_MAKE_PAIR a=2c b=aa ret=1 output=222caa22003131 final=00 prefix=5a post=a5
CSV_MAKE_PAIR a=2c b=ab ret=1 output=222cab22003131 final=00 prefix=5a post=a5
CSV_MAKE_PAIR a=2c b=ac ret=1 output=222cac22003131 final=00 prefix=5a post=a5
CSV_MAKE_PAIR a=2c b=ad ret=1 output=222cad22003131 final=00 prefix=5a post=a5
CSV_MAKE_PAIR a=2c b=ae ret=1 output=222cae22003131 final=00 prefix=5a post=a5
CSV_MAKE_PAIR a=2c b=af ret=1 output=222caf22003131 final=00 prefix=5a post=a5
CSV_MAKE_PAIR a=2c b=b0 ret=1 output=222cb022003131 final=00 prefix=5a post=a5
CSV_MAKE_PAIR a=2c b=b1 ret=1 output=222cb122003131 final=00 prefix=5a post=a5
CSV_MAKE_PAIR a=2c b=b2 ret=1 output=222cb222003131 final=00 prefix=5a post=a5
CSV_MAKE_PAIR a=2c b=b3 ret=1 output=222cb322003131 final=00 prefix=5a post=a5
CSV_MAKE_PAIR a=2c b=b4 ret=1 output=222cb422003131 final=00 prefix=5a post=a5
CSV_MAKE_PAIR a=2c b=b5 ret=1 output=222cb522003131 final=00 prefix=5a post=a5
CSV_MAKE_PAIR a=2c b=b6 ret=1 output=222cb622003131 final=00 prefix=5a post=a5
CSV_MAKE_PAIR a=2c b=b7 ret=1 output=222cb722003131 final=00 prefix=5a post=a5
CSV_MAKE_PAIR a=2c b=b8 ret=1 output=222cb822003131 final=00 prefix=5a post=a5
CSV_MAKE_PAIR a=2c b=b9 ret=1 output=222cb922003131 final=00 prefix=5a post=a5
CSV_MAKE_PAIR a=2c b=ba ret=1 output=222cba22003131 final=00 prefix=5a post=a5
CSV_MAKE_PAIR a=2c b=bb ret=1 output=222cbb22003131 final=00 prefix=5a post=a5
CSV_MAKE_PAIR a=2c b=bc ret=1 output=222cbc22003131 final=00 prefix=5a post=a5
CSV_MAKE_PAIR a=2c b=bd ret=1 output=222cbd22003131 final=00 prefix=5a post=a5
CSV_MAKE_PAIR a=2c b=be ret=1 output=222cbe22003131 final=00 prefix=5a post=a5
CSV_MAKE_PAIR a=2c b=bf ret=1 output=222cbf22003131 final=00 prefix=5a post=a5
CSV_MAKE_PAIR a=2c b=c0 ret=1 output=222cc022003131 final=00 prefix=5a post=a5
CSV_MAKE_PAIR a=2c b=c1 ret=1 output=222cc122003131 final=00 prefix=5a post=a5
CSV_MAKE_PAIR a=2c b=c2 ret=1 output=222cc222003131 final=00 prefix=5a post=a5
CSV_MAKE_PAIR a=2c b=c3 ret=1 output=222cc322003131 final=00 prefix=5a post=a5
CSV_MAKE_PAIR a=2c b=c4 ret=1 output=222cc422003131 final=00 prefix=5a post=a5
CSV_MAKE_PAIR a=2c b=c5 ret=1 output=222cc522003131 final=00 prefix=5a post=a5
CSV_MAKE_PAIR a=2c b=c6 ret=1 output=222cc622003131 final=00 prefix=5a post=a5
CSV_MAKE_PAIR a=2c b=c7 ret=1 output=222cc722003131 final=00 prefix=5a post=a5
CSV_MAKE_PAIR a=2c b=c8 ret=1 output=222cc822003131 final=00 prefix=5a post=a5
CSV_MAKE_PAIR a=2c b=c9 ret=1 output=222cc922003131 final=00 prefix=5a post=a5
CSV_MAKE_PAIR a=2c b=ca ret=1 output=222cca22003131 final=00 prefix=5a post=a5
CSV_MAKE_PAIR a=2c b=cb ret=1 output=222ccb22003131 final=00 prefix=5a post=a5
CSV_MAKE_PAIR a=2c b=cc ret=1 output=222ccc22003131 final=00 prefix=5a post=a5
CSV_MAKE_PAIR a=2c b=cd ret=1 output=222ccd22003131 final=00 prefix=5a post=a5
CSV_MAKE_PAIR a=2c b=ce ret=1 output=222cce22003131 final=00 prefix=5a post=a5
CSV_MAKE_PAIR a=2c b=cf ret=1 output=222ccf22003131 final=00 prefix=5a post=a5
CSV_MAKE_PAIR a=2c b=d0 ret=1 output=222cd022003131 final=00 prefix=5a post=a5
CSV_MAKE_PAIR a=2c b=d1 ret=1 output=222cd122003131 final=00 prefix=5a post=a5
CSV_MAKE_PAIR a=2c b=d2 ret=1 output=222cd222003131 final=00 prefix=5a post=a5
CSV_MAKE_PAIR a=2c b=d3 ret=1 output=222cd322003131 final=00 prefix=5a post=a5
CSV_MAKE_PAIR a=2c b=d4 ret=1 output=222cd422003131 final=00 prefix=5a post=a5
CSV_MAKE_PAIR a=2c b=d5 ret=1 output=222cd522003131 final=00 prefix=5a post=a5
CSV_MAKE_PAIR a=2c b=d6 ret=1 output=222cd622003131 final=00 prefix=5a post=a5
CSV_MAKE_PAIR a=2c b=d7 ret=1 output=222cd722003131 final=00 prefix=5a post=a5
CSV_MAKE_PAIR a=2c b=d8 ret=1 output=222cd822003131 final=00 prefix=5a post=a5
CSV_MAKE_PAIR a=2c b=d9 ret=1 output=222cd922003131 final=00 prefix=5a post=a5
CSV_MAKE_PAIR a=2c b=da ret=1 output=222cda22003131 final=00 prefix=5a post=a5
CSV_MAKE_PAIR a=2c b=db ret=1 output=222cdb22003131 final=00 prefix=5a post=a5
CSV_MAKE_PAIR a=2c b=dc ret=1 output=222cdc22003131 final=00 prefix=5a post=a5
CSV_MAKE_PAIR a=2c b=dd ret=1 output=222cdd22003131 final=00 prefix=5a post=a5
CSV_MAKE_PAIR a=2c b=de ret=1 output=222cde22003131 final=00 prefix=5a post=a5
CSV_MAKE_PAIR a=2c b=df ret=1 output=222cdf22003131 final=00 prefix=5a post=a5
CSV_MAKE_PAIR a=2c b=e0 ret=1 output=222ce022003131 final=00 prefix=5a post=a5
CSV_MAKE_PAIR a=2c b=e1 ret=1 output=222ce122003131 final=00 prefix=5a post=a5
CSV_MAKE_PAIR a=2c b=e2 ret=1 output=222ce222003131 final=00 prefix=5a post=a5
CSV_MAKE_PAIR a=2c b=e3 ret=1 output=222ce322003131 final=00 prefix=5a post=a5
CSV_MAKE_PAIR a=2c b=e4 ret=1 output=222ce422003131 final=00 prefix=5a post=a5
CSV_MAKE_PAIR a=2c b=e5 ret=1 output=222ce522003131 final=00 prefix=5a post=a5
CSV_MAKE_PAIR a=2c b=e6 ret=1 output=222ce622003131 final=00 prefix=5a post=a5
CSV_MAKE_PAIR a=2c b=e7 ret=1 output=222ce722003131 final=00 prefix=5a post=a5
CSV_MAKE_PAIR a=2c b=e8 ret=1 output=222ce822003131 final=00 prefix=5a post=a5
CSV_MAKE_PAIR a=2c b=e9 ret=1 output=222ce922003131 final=00 prefix=5a post=a5
CSV_MAKE_PAIR a=2c b=ea ret=1 output=222cea22003131 final=00 prefix=5a post=a5
CSV_MAKE_PAIR a=2c b=eb ret=1 output=222ceb22003131 final=00 prefix=5a post=a5
CSV_MAKE_PAIR a=2c b=ec ret=1 output=222cec22003131 final=00 prefix=5a post=a5
CSV_MAKE_PAIR a=2c b=ed ret=1 output=222ced22003131 final=00 prefix=5a post=a5
CSV_MAKE_PAIR a=2c b=ee ret=1 output=222cee22003131 final=00 prefix=5a post=a5
CSV_MAKE_PAIR a=2c b=ef ret=1 output=222cef22003131 final=00 prefix=5a post=a5
CSV_MAKE_PAIR a=2c b=f0 ret=1 output=222cf022003131 final=00 prefix=5a post=a5
CSV_MAKE_PAIR a=2c b=f1 ret=1 output=222cf122003131 final=00 prefix=5a post=a5
CSV_MAKE_PAIR a=2c b=f2 ret=1 output=222cf222003131 final=00 prefix=5a post=a5
CSV_MAKE_PAIR a=2c b=f3 ret=1 output=222cf322003131 final=00 prefix=5a post=a5
CSV_MAKE_PAIR a=2c b=f4 ret=1 output=222cf422003131 final=00 prefix=5a post=a5
CSV_MAKE_PAIR a=2c b=f5 ret=1 output=222cf522003131 final=00 prefix=5a post=a5
CSV_MAKE_PAIR a=2c b=f6 ret=1 output=222cf622003131 final=00 prefix=5a post=a5
CSV_MAKE_PAIR a=2c b=f7 ret=1 output=222cf722003131 final=00 prefix=5a post=a5
CSV_MAKE_PAIR a=2c b=f8 ret=1 output=222cf822003131 final=00 prefix=5a post=a5
CSV_MAKE_PAIR a=2c b=f9 ret=1 output=222cf922003131 final=00 prefix=5a post=a5
CSV_MAKE_PAIR a=2c b=fa ret=1 output=222cfa22003131 final=00 prefix=5a post=a5
CSV_MAKE_PAIR a=2c b=fb ret=1 output=222cfb22003131 final=00 prefix=5a post=a5
CSV_MAKE_PAIR a=2c b=fc ret=1 output=222cfc22003131 final=00 prefix=5a post=a5
CSV_MAKE_PAIR a=2c b=fd ret=1 output=222cfd22003131 final=00 prefix=5a post=a5
CSV_MAKE_PAIR a=2c b=fe ret=1 output=222cfe22003131 final=00 prefix=5a post=a5
CSV_MAKE_PAIR a=2c b=ff ret=1 output=222cff22003131 final=00 prefix=5a post=a5
CSV_MAKE_PAIR_DOMAIN cases=1280 guards=1280
[Inferior 1 (Remote target) exited normally]
Wine-gdb> 0114:0118: create process 'Z:\samples\voicetext_paul.exe'/00000000 @004014C0 (450560<1847>)
0114:0118: create thread I @004014C0
0114:0118: loads DLL C:\windows\system32\ntdll.dll @7BD10000 (2994176<5095>)
0114:0118: loads DLL C:\windows\system32\kernel32.dll @7BB90000 (1466368<19395>)
0114:0118: loads DLL C:\windows\system32\kernelbase.dll @7B650000 (5410816<14148>)
0114:0118: loads DLL C:\windows\system32\msvcrt.dll @7B2A0000 (2715648<8214>)
0114:0118: loads DLL Z:\samples\vt_pau.dll @10000000 (0<0>)
0114:0118: loads DLL C:\windows\system32\WINMM.dll @78CF0000 (1474560<4890>)
0114:0118: loads DLL C:\windows\system32\advapi32.dll @7B550000 (958464<7400>)
0114:0118: loads DLL C:\windows\system32\sechost.dll @7B200000 (565248<3163>)
0114:0118: loads DLL C:\windows\system32\ucrtbase.dll @7AEE0000 (3198976<11541>)
0114:0118: loads DLL C:\windows\system32\msacm32.dll @78C70000 (413696<1982>)
0114:0118: loads DLL C:\windows\system32\user32.dll @7A160000 (5005312<14159>)
0114:0118: loads DLL Z:\samples\zlib1.dll @7A120000 (135680<0>)
0114:0118: loads DLL C:\windows\system32\gdi32.dll @7A640000 (2355200<7390>)
0114:0118: loads DLL C:\windows\system32\win32u.dll @7A0D0000 (221184<1966>)
0114:0118: loads DLL C:\windows\system32\ole32.dll @7A9F0000 (4440064<14323>)
0114:0118: loads DLL C:\windows\system32\combase.dll @7A890000 (1314816<7562>)
0114:0118: loads DLL C:\windows\system32\rpcrt4.dll @79EA0000 (2162688<9274>)
0114:0118: loads DLL C:\windows\system32\coml2.dll @79E40000 (262144<3883>)
0114:0118: loads DLL C:\windows\system32\iphlpapi.dll @779C0000 (487424<4777>)
0114:0118: loads DLL C:\windows\system32\dnsapi.dll @77970000 (258048<1399>)
0114:0118: loads DLL C:\windows\system32\nsi.dll @77940000 (118784<823>)
0114:0118: loads DLL C:\windows\system32\ws2_32.dll @7AE40000 (565248<2279>)
0114:0118: loads DLL C:\windows\system32\tzres.dll @009C0000 (0<0>)
00000114:00000118: unload DLL @009C0000
0114:0118: loads DLL C:\windows\system32\tzres.dll @009C0000 (0<0>)
00000114:00000118: unload DLL @009C0000
0114:0118: loads DLL C:\windows\system32\imm32.dll @782F0000 (401408<2996>)
0114:0118: loads DLL C:\windows\system32\winex11.drv @780F0000 (307200<4314>)
0114:0118: loads DLL C:\windows\system32\uxtheme.dll @77FF0000 (671744<3646>)
00000114:00000118: exit process (0)
X connection to :99 broken (explicit kill or server shutdown).
X connection to :99 broken (explicit kill or server shutdown).
