GNU gdb (Ubuntu 15.1-1ubuntu1~24.04.1) 15.1
Copyright (C) 2024 Free Software Foundation, Inc.
License GPLv3+: GNU GPL version 3 or later <http://gnu.org/licenses/gpl.html>
This is free software: you are free to change and redistribute it.
There is NO WARRANTY, to the extent permitted by law.
Type "show copying" and "show warranty" for details.
This GDB was configured as "x86_64-linux-gnu".
Type "show configuration" for configuration details.
For bug reporting instructions, please see:
<https://www.gnu.org/software/gdb/bugs/>.
Find the GDB manual and other documentation resources online at:
    <http://www.gnu.org/software/gdb/documentation/>.

For help, type "help".
Type "apropos word" to search for commands related to "word".
warning: remote target does not support file transfer, attempting to access files from local filesystem.
Reading symbols from /samples/voicetext_paul.exe...
0x7bd64525 in DbgBreakPoint@0 ()
   from /usr/lib/i386-linux-gnu/wine/i386-windows/ntdll.dll
Wine-gdb> Wine-gdb> Wine-gdb> Breakpoint 1 at 0x10007520
Wine-gdb> >>>>>>>> > > > > > > > > > > >>> > > > >  >  >  >  >  >  >  >  >  > > >>>Wine-gdb> Continuing.
CONTEXT_ENTRY count=5 rows=0x16f0572 upstream=0x14e14cc
UPSTREAM row=0 source=0 type=0x41 class=0x44 status=0xff surface=
0x14e1500:	"Acme"
UPSTREAM_CONTEXT row=0 value=0x14e151e:	""
UPSTREAM_CONTEXT_BYTES row=0 bytes:
0x14e151e:	0x00	0x00	0x00	0x00	0x00	0x00	0x00	0x00
0x14e1526:	0x00	0x00	0x00	0x00
UPSTREAM row=1 source=1 type=0x41 class=0x44 status=0xff surface=
0x14e1594:	"headquarters"
UPSTREAM_CONTEXT row=1 value=0x14e15b2:	""
UPSTREAM_CONTEXT_BYTES row=1 bytes:
0x14e15b2:	0x00	0x00	0x00	0x00	0x00	0x00	0x00	0x00
0x14e15ba:	0x00	0x00	0x00	0x00
UPSTREAM row=2 source=2 type=0x41 class=0x44 status=0xff surface=
0x14e1628:	"hired"
UPSTREAM_CONTEXT row=2 value=0x14e1646:	""
UPSTREAM_CONTEXT_BYTES row=2 bytes:
0x14e1646:	0x00	0x00	0x00	0x00	0x00	0x00	0x00	0x00
0x14e164e:	0x00	0x00	0x00	0x00
UPSTREAM row=3 source=3 type=0x41 class=0x44 status=0xff surface=
0x14e16bc:	"Lee"
UPSTREAM_CONTEXT row=3 value=0x14e16da:	""
UPSTREAM_CONTEXT_BYTES row=3 bytes:
0x14e16da:	0x00	0x00	0x00	0x00	0x00	0x00	0x00	0x00
0x14e16e2:	0x00	0x00	0x00	0x00
UPSTREAM row=4 source=3 type=0x41 class=0x44 status=0xff surface=
0x14e16bc:	"Lee"
UPSTREAM_CONTEXT row=4 value=0x14e16da:	""
UPSTREAM_CONTEXT_BYTES row=4 bytes:
0x14e16da:	0x00	0x00	0x00	0x00	0x00	0x00	0x00	0x00
0x14e16e2:	0x00	0x00	0x00	0x00
Temporary breakpoint 2 at 0x1000e365
CONTEXT_RETURN count=5
ROW index=0 flags=0x1 source=0 class=0 marker=0x30 surface=0x16f057d:	"Acme"
ROW_CODE index=0 bytes:
0x16f059b:	0x05	0x2a	0x2c	0x26	0x00	0x00	0x00	0x00
0x16f05a3:	0x00	0x00	0x00	0x00	0x00	0x00	0x00	0x00
0x16f05ab:	0x00	0x00	0x00	0x00	0x00	0x00	0x00	0x00
ROW_META index=0 words:0x16f05de:	0	1	0	0
ROW index=1 flags=0x1 source=1 class=0 marker=0x30 surface=
0x16f05ed:	"headquarters"
ROW_CODE index=1 bytes:
0x16f060b:	0x22	0x18	0x15	0x63	0x2a	0x42	0x0c	0x36
0x16f0613:	0x39	0x1a	0x44	0x00	0x00	0x00	0x00	0x00
0x16f061b:	0x00	0x00	0x00	0x00	0x00	0x00	0x00	0x00
ROW_META index=1 words:0x16f064e:	0	1	1	0
ROW index=2 flags=0x50 source=2 class=0 marker=0x30 surface=0x16f065d:	"hired"
ROW_CODE index=2 bytes:
0x16f067b:	0x22	0x11	0x1a	0x15	0x00	0x00	0x00	0x00
0x16f0683:	0x00	0x00	0x00	0x00	0x00	0x00	0x00	0x00
0x16f068b:	0x00	0x00	0x00	0x00	0x00	0x00	0x00	0x00
ROW_META index=2 words:0x16f06be:	0	0	0	1
ROW index=3 flags=0x50 source=3 class=0 marker=0x30 surface=0x16f06cd:	"Lee"
ROW_CODE index=3 bytes:
0x16f06eb:	0x2b	0x27	0x00	0x00	0x00	0x00	0x00	0x00
0x16f06f3:	0x00	0x00	0x00	0x00	0x00	0x00	0x00	0x00
0x16f06fb:	0x00	0x00	0x00	0x00	0x00	0x00	0x00	0x00
ROW_META index=3 words:0x16f072e:	1	0	1	1
ROW index=4 flags=0 source=3 class=0x45 marker=0x30 surface=0x16f073d:	"."
ROW_CODE index=4 bytes:
0x16f075b:	0x00	0x00	0x00	0x00	0x00	0x00	0x00	0x00
0x16f0763:	0x00	0x00	0x00	0x00	0x00	0x00	0x00	0x00
0x16f076b:	0x00	0x00	0x00	0x00	0x00	0x00	0x00	0x00
ROW_META index=4 words:0x16f079e:	0	0	0	0
CONTEXT_ENTRY count=2 rows=0x16f0572 upstream=0x14e14cc
UPSTREAM row=0 source=0 type=0x41 class=0x44 status=0xff surface=
0x14e1500:	"Next"
UPSTREAM_CONTEXT row=0 value=0x14e151e:	""
UPSTREAM_CONTEXT_BYTES row=0 bytes:
0x14e151e:	0x00	0x00	0x00	0x00	0x00	0x00	0x00	0x00
0x14e1526:	0x00	0x00	0x00	0x00
UPSTREAM row=1 source=0 type=0x41 class=0x44 status=0xff surface=
0x14e1500:	"Next"
UPSTREAM_CONTEXT row=1 value=0x14e151e:	""
UPSTREAM_CONTEXT_BYTES row=1 bytes:
0x14e151e:	0x00	0x00	0x00	0x00	0x00	0x00	0x00	0x00
0x14e1526:	0x00	0x00	0x00	0x00
Temporary breakpoint 3 at 0x1000e365
CONTEXT_RETURN count=2
ROW index=0 flags=0x50 source=0 class=0 marker=0x30 surface=0x16f057d:	"Next"
ROW_CODE index=0 bytes:
0x16f059b:	0x2d	0x18	0x2a	0x37	0x39	0x00	0x00	0x00
0x16f05a3:	0x00	0x00	0x00	0x00	0x00	0x00	0x00	0x00
0x16f05ab:	0x00	0x00	0x00	0x00	0x00	0x00	0x00	0x00
ROW_META index=0 words:0x16f05de:	0	0	0	1
ROW index=1 flags=0 source=0 class=0x45 marker=0x30 surface=0x16f05ed:	"."
ROW_CODE index=1 bytes:
0x16f060b:	0x00	0x18	0x15	0x63	0x2a	0x42	0x0c	0x36
0x16f0613:	0x39	0x1a	0x44	0x00	0x00	0x00	0x00	0x00
0x16f061b:	0x00	0x00	0x00	0x00	0x00	0x00	0x00	0x00
ROW_META index=1 words:0x16f064e:	0	0	0	0
CONTEXT_ENTRY count=6 rows=0x16f0572 upstream=0x14e14cc
UPSTREAM row=0 source=0 type=0x41 class=0x44 status=0xff surface=
0x14e1500:	"Acme"
UPSTREAM_CONTEXT row=0 value=0x14e151e:	""
UPSTREAM_CONTEXT_BYTES row=0 bytes:
0x14e151e:	0x00	0x00	0x00	0x00	0x00	0x00	0x00	0x00
0x14e1526:	0x00	0x00	0x00	0x00
UPSTREAM row=1 source=0 type=0x41 class=0x44 status=0xff surface=
0x14e1500:	"Acme"
UPSTREAM_CONTEXT row=1 value=0x14e151e:	""
UPSTREAM_CONTEXT_BYTES row=1 bytes:
0x14e151e:	0x00	0x00	0x00	0x00	0x00	0x00	0x00	0x00
0x14e1526:	0x00	0x00	0x00	0x00
UPSTREAM row=2 source=1 type=0x41 class=0x44 status=0xff surface=
0x14e1594:	"headquarters"
UPSTREAM_CONTEXT row=2 value=0x14e15b2:	""
UPSTREAM_CONTEXT_BYTES row=2 bytes:
0x14e15b2:	0x00	0x00	0x00	0x00	0x00	0x00	0x00	0x00
0x14e15ba:	0x00	0x00	0x00	0x00
UPSTREAM row=3 source=2 type=0x41 class=0x44 status=0xff surface=
0x14e1628:	"hired"
UPSTREAM_CONTEXT row=3 value=0x14e1646:	""
UPSTREAM_CONTEXT_BYTES row=3 bytes:
0x14e1646:	0x00	0x00	0x00	0x00	0x00	0x00	0x00	0x00
0x14e164e:	0x00	0x00	0x00	0x00
UPSTREAM row=4 source=3 type=0x41 class=0x44 status=0xff surface=
0x14e16bc:	"Lee"
UPSTREAM_CONTEXT row=4 value=0x14e16da:	""
UPSTREAM_CONTEXT_BYTES row=4 bytes:
0x14e16da:	0x00	0x00	0x00	0x00	0x00	0x00	0x00	0x00
0x14e16e2:	0x00	0x00	0x00	0x00
UPSTREAM row=5 source=3 type=0x41 class=0x44 status=0xff surface=
0x14e16bc:	"Lee"
UPSTREAM_CONTEXT row=5 value=0x14e16da:	""
UPSTREAM_CONTEXT_BYTES row=5 bytes:
0x14e16da:	0x00	0x00	0x00	0x00	0x00	0x00	0x00	0x00
0x14e16e2:	0x00	0x00	0x00	0x00
Temporary breakpoint 4 at 0x1000e365
CONTEXT_RETURN count=6
ROW index=0 flags=0x1 source=0 class=0 marker=0x30 surface=0x16f057d:	"Acme"
ROW_CODE index=0 bytes:
0x16f059b:	0x05	0x2a	0x2c	0x26	0x00	0x00	0x00	0x00
0x16f05a3:	0x00	0x00	0x00	0x00	0x00	0x00	0x00	0x00
0x16f05ab:	0x00	0x00	0x00	0x00	0x00	0x00	0x00	0x00
ROW_META index=0 words:0x16f05de:	0	1	0	0
ROW index=1 flags=0 source=0 class=0x45 marker=0x30 surface=0x16f05ed:	","
ROW_CODE index=1 bytes:
0x16f060b:	0x00	0x18	0x15	0x63	0x2a	0x42	0x0c	0x36
0x16f0613:	0x39	0x1a	0x44	0x00	0x00	0x00	0x00	0x00
0x16f061b:	0x00	0x00	0x00	0x00	0x00	0x00	0x00	0x00
ROW_META index=1 words:0x16f064e:	0	0	0	0
ROW index=2 flags=0x1 source=1 class=0 marker=0x30 surface=
0x16f065d:	"headquarters"
ROW_CODE index=2 bytes:
0x16f067b:	0x22	0x18	0x15	0x63	0x2a	0x42	0x0c	0x36
0x16f0683:	0x39	0x1a	0x44	0x00	0x00	0x00	0x00	0x00
0x16f068b:	0x00	0x00	0x00	0x00	0x00	0x00	0x00	0x00
ROW_META index=2 words:0x16f06be:	0	1	1	0
ROW index=3 flags=0x50 source=2 class=0 marker=0x30 surface=0x16f06cd:	"hired"
ROW_CODE index=3 bytes:
0x16f06eb:	0x22	0x11	0x1a	0x15	0x00	0x00	0x00	0x00
0x16f06f3:	0x00	0x00	0x00	0x00	0x00	0x00	0x00	0x00
0x16f06fb:	0x00	0x00	0x00	0x00	0x00	0x00	0x00	0x00
ROW_META index=3 words:0x16f072e:	0	0	0	1
ROW index=4 flags=0x50 source=3 class=0 marker=0x30 surface=0x16f073d:	"Lee"
ROW_CODE index=4 bytes:
0x16f075b:	0x2b	0x27	0x00	0x00	0x00	0x00	0x00	0x00
0x16f0763:	0x00	0x00	0x00	0x00	0x00	0x00	0x00	0x00
0x16f076b:	0x00	0x00	0x00	0x00	0x00	0x00	0x00	0x00
ROW_META index=4 words:0x16f079e:	1	0	1	1
ROW index=5 flags=0 source=3 class=0x45 marker=0x30 surface=0x16f07ad:	"."
ROW_CODE index=5 bytes:
0x16f07cb:	0x00	0x00	0x00	0x00	0x00	0x00	0x00	0x00
0x16f07d3:	0x00	0x00	0x00	0x00	0x00	0x00	0x00	0x00
0x16f07db:	0x00	0x00	0x00	0x00	0x00	0x00	0x00	0x00
ROW_META index=5 words:0x16f080e:	0	0	0	0
CONTEXT_ENTRY count=2 rows=0x16f0572 upstream=0x14e14cc
UPSTREAM row=0 source=0 type=0x41 class=0x44 status=0xff surface=
0x14e1500:	"Next"
UPSTREAM_CONTEXT row=0 value=0x14e151e:	""
UPSTREAM_CONTEXT_BYTES row=0 bytes:
0x14e151e:	0x00	0x00	0x00	0x00	0x00	0x00	0x00	0x00
0x14e1526:	0x00	0x00	0x00	0x00
UPSTREAM row=1 source=0 type=0x41 class=0x44 status=0xff surface=
0x14e1500:	"Next"
UPSTREAM_CONTEXT row=1 value=0x14e151e:	""
UPSTREAM_CONTEXT_BYTES row=1 bytes:
0x14e151e:	0x00	0x00	0x00	0x00	0x00	0x00	0x00	0x00
0x14e1526:	0x00	0x00	0x00	0x00
Temporary breakpoint 5 at 0x1000e365
CONTEXT_RETURN count=2
ROW index=0 flags=0x50 source=0 class=0 marker=0x30 surface=0x16f057d:	"Next"
ROW_CODE index=0 bytes:
0x16f059b:	0x2d	0x18	0x2a	0x37	0x39	0x00	0x00	0x00
0x16f05a3:	0x00	0x00	0x00	0x00	0x00	0x00	0x00	0x00
0x16f05ab:	0x00	0x00	0x00	0x00	0x00	0x00	0x00	0x00
ROW_META index=0 words:0x16f05de:	0	0	0	1
ROW index=1 flags=0 source=0 class=0x45 marker=0x30 surface=0x16f05ed:	"."
ROW_CODE index=1 bytes:
0x16f060b:	0x00	0x18	0x15	0x63	0x2a	0x42	0x0c	0x36
0x16f0613:	0x39	0x1a	0x44	0x00	0x00	0x00	0x00	0x00
0x16f061b:	0x00	0x00	0x00	0x00	0x00	0x00	0x00	0x00
ROW_META index=1 words:0x16f064e:	0	0	0	0
CONTEXT_ENTRY count=5 rows=0x16f0572 upstream=0x14e14cc
UPSTREAM row=0 source=0 type=0x41 class=0x44 status=0xff surface=
0x14e1500:	"Acme"
UPSTREAM_CONTEXT row=0 value=0x14e151e:	""
UPSTREAM_CONTEXT_BYTES row=0 bytes:
0x14e151e:	0x00	0x00	0x00	0x00	0x00	0x00	0x00	0x00
0x14e1526:	0x00	0x00	0x00	0x00
UPSTREAM row=1 source=1 type=0x41 class=0x44 status=0xff surface=
0x14e1594:	"headquarters"
UPSTREAM_CONTEXT row=1 value=0x14e15b2:	""
UPSTREAM_CONTEXT_BYTES row=1 bytes:
0x14e15b2:	0x00	0x00	0x00	0x00	0x00	0x00	0x00	0x00
0x14e15ba:	0x00	0x00	0x00	0x00
UPSTREAM row=2 source=2 type=0x41 class=0x44 status=0xff surface=
0x14e1628:	"hired"
UPSTREAM_CONTEXT row=2 value=0x14e1646:	""
UPSTREAM_CONTEXT_BYTES row=2 bytes:
0x14e1646:	0x00	0x00	0x00	0x00	0x00	0x00	0x00	0x00
0x14e164e:	0x00	0x00	0x00	0x00
UPSTREAM row=3 source=3 type=0x41 class=0x44 status=0xff surface=
0x14e16bc:	"Lee"
UPSTREAM_CONTEXT row=3 value=0x14e16da:	""
UPSTREAM_CONTEXT_BYTES row=3 bytes:
0x14e16da:	0x00	0x00	0x00	0x00	0x00	0x00	0x00	0x00
0x14e16e2:	0x00	0x00	0x00	0x00
UPSTREAM row=4 source=3 type=0x41 class=0x44 status=0xff surface=
0x14e16bc:	"Lee"
UPSTREAM_CONTEXT row=4 value=0x14e16da:	""
UPSTREAM_CONTEXT_BYTES row=4 bytes:
0x14e16da:	0x00	0x00	0x00	0x00	0x00	0x00	0x00	0x00
0x14e16e2:	0x00	0x00	0x00	0x00
Temporary breakpoint 6 at 0x1000e365
CONTEXT_RETURN count=5
ROW index=0 flags=0x1 source=0 class=0 marker=0x30 surface=0x16f057d:	"Acme"
ROW_CODE index=0 bytes:
0x16f059b:	0x05	0x2a	0x2c	0x26	0x00	0x00	0x00	0x00
0x16f05a3:	0x00	0x00	0x00	0x00	0x00	0x00	0x00	0x00
0x16f05ab:	0x00	0x00	0x00	0x00	0x00	0x00	0x00	0x00
ROW_META index=0 words:0x16f05de:	0	1	0	0
ROW index=1 flags=0x1 source=1 class=0 marker=0x30 surface=
0x16f05ed:	"headquarters"
ROW_CODE index=1 bytes:
0x16f060b:	0x22	0x18	0x15	0x63	0x2a	0x42	0x0c	0x36
0x16f0613:	0x39	0x1a	0x44	0x00	0x00	0x00	0x00	0x00
0x16f061b:	0x00	0x00	0x00	0x00	0x00	0x00	0x00	0x00
ROW_META index=1 words:0x16f064e:	0	1	1	0
ROW index=2 flags=0x50 source=2 class=0 marker=0x30 surface=0x16f065d:	"hired"
ROW_CODE index=2 bytes:
0x16f067b:	0x22	0x11	0x1a	0x15	0x00	0x42	0x0c	0x36
0x16f0683:	0x39	0x1a	0x44	0x00	0x00	0x00	0x00	0x00
0x16f068b:	0x00	0x00	0x00	0x00	0x00	0x00	0x00	0x00
ROW_META index=2 words:0x16f06be:	0	0	0	1
ROW index=3 flags=0x50 source=3 class=0 marker=0x30 surface=0x16f06cd:	"Lee"
ROW_CODE index=3 bytes:
0x16f06eb:	0x2b	0x27	0x00	0x15	0x00	0x00	0x00	0x00
0x16f06f3:	0x00	0x00	0x00	0x00	0x00	0x00	0x00	0x00
0x16f06fb:	0x00	0x00	0x00	0x00	0x00	0x00	0x00	0x00
ROW_META index=3 words:0x16f072e:	1	0	1	1
ROW index=4 flags=0 source=3 class=0x45 marker=0x30 surface=0x16f073d:	"."
ROW_CODE index=4 bytes:
0x16f075b:	0x00	0x27	0x00	0x00	0x00	0x00	0x00	0x00
0x16f0763:	0x00	0x00	0x00	0x00	0x00	0x00	0x00	0x00
0x16f076b:	0x00	0x00	0x00	0x00	0x00	0x00	0x00	0x00
ROW_META index=4 words:0x16f079e:	0	0	0	0
CONTEXT_ENTRY count=2 rows=0x16f0572 upstream=0x14e14cc
UPSTREAM row=0 source=0 type=0x41 class=0x44 status=0xff surface=
0x14e1500:	"Next"
UPSTREAM_CONTEXT row=0 value=0x14e151e:	""
UPSTREAM_CONTEXT_BYTES row=0 bytes:
0x14e151e:	0x00	0x00	0x00	0x00	0x00	0x00	0x00	0x00
0x14e1526:	0x00	0x00	0x00	0x00
UPSTREAM row=1 source=0 type=0x41 class=0x44 status=0xff surface=
0x14e1500:	"Next"
UPSTREAM_CONTEXT row=1 value=0x14e151e:	""
UPSTREAM_CONTEXT_BYTES row=1 bytes:
0x14e151e:	0x00	0x00	0x00	0x00	0x00	0x00	0x00	0x00
0x14e1526:	0x00	0x00	0x00	0x00
Temporary breakpoint 7 at 0x1000e365
CONTEXT_RETURN count=2
ROW index=0 flags=0x50 source=0 class=0 marker=0x30 surface=0x16f057d:	"Next"
ROW_CODE index=0 bytes:
0x16f059b:	0x2d	0x18	0x2a	0x37	0x39	0x00	0x00	0x00
0x16f05a3:	0x00	0x00	0x00	0x00	0x00	0x00	0x00	0x00
0x16f05ab:	0x00	0x00	0x00	0x00	0x00	0x00	0x00	0x00
ROW_META index=0 words:0x16f05de:	0	0	0	1
ROW index=1 flags=0 source=0 class=0x45 marker=0x30 surface=0x16f05ed:	"."
ROW_CODE index=1 bytes:
0x16f060b:	0x00	0x18	0x15	0x63	0x2a	0x42	0x0c	0x36
0x16f0613:	0x39	0x1a	0x44	0x00	0x00	0x00	0x00	0x00
0x16f061b:	0x00	0x00	0x00	0x00	0x00	0x00	0x00	0x00
ROW_META index=1 words:0x16f064e:	0	0	0	0
CONTEXT_ENTRY count=5 rows=0x16f0572 upstream=0x14e14cc
UPSTREAM row=0 source=0 type=0x41 class=0x44 status=0xff surface=
0x14e1500:	"We"
UPSTREAM_CONTEXT row=0 value=0x14e151e:	""
UPSTREAM_CONTEXT_BYTES row=0 bytes:
0x14e151e:	0x00	0x00	0x00	0x00	0x00	0x00	0x00	0x00
0x14e1526:	0x00	0x00	0x00	0x00
UPSTREAM row=1 source=1 type=0x41 class=0x44 status=0xff surface=
0x14e1594:	"noted"
UPSTREAM_CONTEXT row=1 value=0x14e15b2:	""
UPSTREAM_CONTEXT_BYTES row=1 bytes:
0x14e15b2:	0x00	0x00	0x00	0x00	0x00	0x00	0x00	0x00
0x14e15ba:	0x00	0x00	0x00	0x00
UPSTREAM row=2 source=2 type=0x41 class=0x44 status=0xff surface=
0x14e1628:	"headquarters"
UPSTREAM_CONTEXT row=2 value=0x14e1646:	""
UPSTREAM_CONTEXT_BYTES row=2 bytes:
0x14e1646:	0x00	0x00	0x00	0x00	0x00	0x00	0x00	0x00
0x14e164e:	0x00	0x00	0x00	0x00
UPSTREAM row=3 source=3 type=0x41 class=0x44 status=0xff surface=
0x14e16bc:	"today"
UPSTREAM_CONTEXT row=3 value=0x14e16da:	""
UPSTREAM_CONTEXT_BYTES row=3 bytes:
0x14e16da:	0x00	0x00	0x00	0x00	0x00	0x00	0x00	0x00
0x14e16e2:	0x00	0x00	0x00	0x00
UPSTREAM row=4 source=3 type=0x41 class=0x44 status=0xff surface=
0x14e16bc:	"today"
UPSTREAM_CONTEXT row=4 value=0x14e16da:	""
UPSTREAM_CONTEXT_BYTES row=4 bytes:
0x14e16da:	0x00	0x00	0x00	0x00	0x00	0x00	0x00	0x00
0x14e16e2:	0x00	0x00	0x00	0x00
Temporary breakpoint 8 at 0x1000e365
CONTEXT_RETURN count=5
ROW index=0 flags=0x50 source=0 class=0x41 marker=0x30 surface=
0x16f057d:	"We"
ROW_CODE index=0 bytes:
0x16f059b:	0x42	0x27	0x00	0x37	0x39	0x00	0x00	0x00
0x16f05a3:	0x00	0x00	0x00	0x00	0x00	0x00	0x00	0x00
0x16f05ab:	0x00	0x00	0x00	0x00	0x00	0x00	0x00	0x00
ROW_META index=0 words:0x16f05de:	0	0	0	1
ROW index=1 flags=0x50 source=1 class=0 marker=0x30 surface=0x16f05ed:	"noted"
ROW_CODE index=1 bytes:
0x16f060b:	0x2d	0x30	0x39	0x23	0x15	0x00	0x0c	0x36
0x16f0613:	0x39	0x1a	0x44	0x00	0x00	0x00	0x00	0x00
0x16f061b:	0x00	0x00	0x00	0x00	0x00	0x00	0x00	0x00
ROW_META index=1 words:0x16f064e:	0	0	0	1
ROW index=2 flags=0x1 source=2 class=0 marker=0x30 surface=
0x16f065d:	"headquarters"
ROW_CODE index=2 bytes:
0x16f067b:	0x22	0x18	0x15	0x63	0x2a	0x42	0x0c	0x36
0x16f0683:	0x39	0x1a	0x44	0x00	0x00	0x00	0x00	0x00
0x16f068b:	0x00	0x00	0x00	0x00	0x00	0x00	0x00	0x00
ROW_META index=2 words:0x16f06be:	0	1	1	0
ROW index=3 flags=0x1 source=3 class=0 marker=0x30 surface=0x16f06cd:	"today"
ROW_CODE index=3 bytes:
0x16f06eb:	0x39	0x07	0x15	0x1e	0x00	0x00	0x00	0x00
0x16f06f3:	0x00	0x00	0x00	0x00	0x00	0x00	0x00	0x00
0x16f06fb:	0x00	0x00	0x00	0x00	0x00	0x00	0x00	0x00
ROW_META index=3 words:0x16f072e:	0	0	0	0
ROW index=4 flags=0 source=3 class=0x45 marker=0x30 surface=0x16f073d:	"."
ROW_CODE index=4 bytes:
0x16f075b:	0x00	0x27	0x00	0x00	0x00	0x00	0x00	0x00
0x16f0763:	0x00	0x00	0x00	0x00	0x00	0x00	0x00	0x00
0x16f076b:	0x00	0x00	0x00	0x00	0x00	0x00	0x00	0x00
ROW_META index=4 words:0x16f079e:	0	0	0	0
CONTEXT_ENTRY count=2 rows=0x16f0572 upstream=0x14e14cc
UPSTREAM row=0 source=0 type=0x41 class=0x44 status=0xff surface=
0x14e1500:	"Next"
UPSTREAM_CONTEXT row=0 value=0x14e151e:	""
UPSTREAM_CONTEXT_BYTES row=0 bytes:
0x14e151e:	0x00	0x00	0x00	0x00	0x00	0x00	0x00	0x00
0x14e1526:	0x00	0x00	0x00	0x00
UPSTREAM row=1 source=0 type=0x41 class=0x44 status=0xff surface=
0x14e1500:	"Next"
UPSTREAM_CONTEXT row=1 value=0x14e151e:	""
UPSTREAM_CONTEXT_BYTES row=1 bytes:
0x14e151e:	0x00	0x00	0x00	0x00	0x00	0x00	0x00	0x00
0x14e1526:	0x00	0x00	0x00	0x00
Temporary breakpoint 9 at 0x1000e365
CONTEXT_RETURN count=2
ROW index=0 flags=0x50 source=0 class=0 marker=0x30 surface=0x16f057d:	"Next"
ROW_CODE index=0 bytes:
0x16f059b:	0x2d	0x18	0x2a	0x37	0x39	0x00	0x00	0x00
0x16f05a3:	0x00	0x00	0x00	0x00	0x00	0x00	0x00	0x00
0x16f05ab:	0x00	0x00	0x00	0x00	0x00	0x00	0x00	0x00
ROW_META index=0 words:0x16f05de:	0	0	0	1
ROW index=1 flags=0 source=0 class=0x45 marker=0x30 surface=0x16f05ed:	"."
ROW_CODE index=1 bytes:
0x16f060b:	0x00	0x30	0x39	0x23	0x15	0x00	0x0c	0x36
0x16f0613:	0x39	0x1a	0x44	0x00	0x00	0x00	0x00	0x00
0x16f061b:	0x00	0x00	0x00	0x00	0x00	0x00	0x00	0x00
ROW_META index=1 words:0x16f064e:	0	0	0	0
CONTEXT_ENTRY count=5 rows=0x16f0572 upstream=0x14e14cc
UPSTREAM row=0 source=0 type=0x41 class=0x44 status=0xff surface=
0x14e1500:	"Acme"
UPSTREAM_CONTEXT row=0 value=0x14e151e:	""
UPSTREAM_CONTEXT_BYTES row=0 bytes:
0x14e151e:	0x00	0x00	0x00	0x00	0x00	0x00	0x00	0x00
0x14e1526:	0x00	0x00	0x00	0x00
UPSTREAM row=1 source=1 type=0x41 class=0x44 status=0xff surface=
0x14e1594:	"headquarters"
UPSTREAM_CONTEXT row=1 value=0x14e15b2:	""
UPSTREAM_CONTEXT_BYTES row=1 bytes:
0x14e15b2:	0x00	0x00	0x00	0x00	0x00	0x00	0x00	0x00
0x14e15ba:	0x00	0x00	0x00	0x00
UPSTREAM row=2 source=2 type=0x41 class=0x44 status=0xff surface=
0x14e1628:	"hired"
UPSTREAM_CONTEXT row=2 value=0x14e1646:	""
UPSTREAM_CONTEXT_BYTES row=2 bytes:
0x14e1646:	0x00	0x00	0x00	0x00	0x00	0x00	0x00	0x00
0x14e164e:	0x00	0x00	0x00	0x00
UPSTREAM row=3 source=3 type=0x41 class=0x44 status=0xff surface=
0x14e16bc:	"Lee"
UPSTREAM_CONTEXT row=3 value=0x14e16da:	""
UPSTREAM_CONTEXT_BYTES row=3 bytes:
0x14e16da:	0x00	0x00	0x00	0x00	0x00	0x00	0x00	0x00
0x14e16e2:	0x00	0x00	0x00	0x00
UPSTREAM row=4 source=3 type=0x41 class=0x44 status=0xff surface=
0x14e16bc:	"Lee"
UPSTREAM_CONTEXT row=4 value=0x14e16da:	""
UPSTREAM_CONTEXT_BYTES row=4 bytes:
0x14e16da:	0x00	0x00	0x00	0x00	0x00	0x00	0x00	0x00
0x14e16e2:	0x00	0x00	0x00	0x00
Temporary breakpoint 10 at 0x1000e365
CONTEXT_RETURN count=5
ROW index=0 flags=0x1 source=0 class=0 marker=0x30 surface=0x16f057d:	"Acme"
ROW_CODE index=0 bytes:
0x16f059b:	0x05	0x2a	0x2c	0x26	0x00	0x00	0x00	0x00
0x16f05a3:	0x00	0x00	0x00	0x00	0x00	0x00	0x00	0x00
0x16f05ab:	0x00	0x00	0x00	0x00	0x00	0x00	0x00	0x00
ROW_META index=0 words:0x16f05de:	0	1	0	0
ROW index=1 flags=0x1 source=1 class=0 marker=0x30 surface=
0x16f05ed:	"headquarters"
ROW_CODE index=1 bytes:
0x16f060b:	0x22	0x18	0x15	0x63	0x2a	0x42	0x0c	0x36
0x16f0613:	0x39	0x1a	0x44	0x00	0x00	0x00	0x00	0x00
0x16f061b:	0x00	0x00	0x00	0x00	0x00	0x00	0x00	0x00
ROW_META index=1 words:0x16f064e:	0	1	1	0
ROW index=2 flags=0x50 source=2 class=0 marker=0x30 surface=0x16f065d:	"hired"
ROW_CODE index=2 bytes:
0x16f067b:	0x22	0x11	0x1a	0x15	0x00	0x42	0x0c	0x36
0x16f0683:	0x39	0x1a	0x44	0x00	0x00	0x00	0x00	0x00
0x16f068b:	0x00	0x00	0x00	0x00	0x00	0x00	0x00	0x00
ROW_META index=2 words:0x16f06be:	0	0	0	1
ROW index=3 flags=0x50 source=3 class=0 marker=0x30 surface=0x16f06cd:	"Lee"
ROW_CODE index=3 bytes:
0x16f06eb:	0x2b	0x27	0x00	0x1e	0x00	0x00	0x00	0x00
0x16f06f3:	0x00	0x00	0x00	0x00	0x00	0x00	0x00	0x00
0x16f06fb:	0x00	0x00	0x00	0x00	0x00	0x00	0x00	0x00
ROW_META index=3 words:0x16f072e:	1	0	1	1
ROW index=4 flags=0 source=3 class=0x45 marker=0x30 surface=0x16f073d:	"."
ROW_CODE index=4 bytes:
0x16f075b:	0x00	0x27	0x00	0x00	0x00	0x00	0x00	0x00
0x16f0763:	0x00	0x00	0x00	0x00	0x00	0x00	0x00	0x00
0x16f076b:	0x00	0x00	0x00	0x00	0x00	0x00	0x00	0x00
ROW_META index=4 words:0x16f079e:	0	0	0	0
CONTEXT_ENTRY count=2 rows=0x16f0572 upstream=0x14e14cc
UPSTREAM row=0 source=0 type=0x41 class=0x44 status=0xff surface=
0x14e1500:	"Next"
UPSTREAM_CONTEXT row=0 value=0x14e151e:	""
UPSTREAM_CONTEXT_BYTES row=0 bytes:
0x14e151e:	0x00	0x00	0x00	0x00	0x00	0x00	0x00	0x00
0x14e1526:	0x00	0x00	0x00	0x00
UPSTREAM row=1 source=0 type=0x41 class=0x44 status=0xff surface=
0x14e1500:	"Next"
UPSTREAM_CONTEXT row=1 value=0x14e151e:	""
UPSTREAM_CONTEXT_BYTES row=1 bytes:
0x14e151e:	0x00	0x00	0x00	0x00	0x00	0x00	0x00	0x00
0x14e1526:	0x00	0x00	0x00	0x00
Temporary breakpoint 11 at 0x1000e365
CONTEXT_RETURN count=2
ROW index=0 flags=0x50 source=0 class=0 marker=0x30 surface=0x16f057d:	"Next"
ROW_CODE index=0 bytes:
0x16f059b:	0x2d	0x18	0x2a	0x37	0x39	0x00	0x00	0x00
0x16f05a3:	0x00	0x00	0x00	0x00	0x00	0x00	0x00	0x00
0x16f05ab:	0x00	0x00	0x00	0x00	0x00	0x00	0x00	0x00
ROW_META index=0 words:0x16f05de:	0	0	0	1
ROW index=1 flags=0 source=0 class=0x45 marker=0x30 surface=0x16f05ed:	"."
ROW_CODE index=1 bytes:
0x16f060b:	0x00	0x18	0x15	0x63	0x2a	0x42	0x0c	0x36
0x16f0613:	0x39	0x1a	0x44	0x00	0x00	0x00	0x00	0x00
0x16f061b:	0x00	0x00	0x00	0x00	0x00	0x00	0x00	0x00
ROW_META index=1 words:0x16f064e:	0	0	0	0
CONTEXT_ENTRY count=5 rows=0x16f0572 upstream=0x14e14cc
UPSTREAM row=0 source=0 type=0x41 class=0x44 status=0xff surface=
0x14e1500:	"Acme"
UPSTREAM_CONTEXT row=0 value=0x14e151e:	""
UPSTREAM_CONTEXT_BYTES row=0 bytes:
0x14e151e:	0x00	0x00	0x00	0x00	0x00	0x00	0x00	0x00
0x14e1526:	0x00	0x00	0x00	0x00
UPSTREAM row=1 source=1 type=0x41 class=0x44 status=0xff surface=
0x14e1594:	"incorporated"
UPSTREAM_CONTEXT row=1 value=0x14e15b2:	""
UPSTREAM_CONTEXT_BYTES row=1 bytes:
0x14e15b2:	0x00	0x00	0x00	0x00	0x00	0x00	0x00	0x00
0x14e15ba:	0x00	0x00	0x00	0x00
UPSTREAM row=2 source=2 type=0x41 class=0x44 status=0xff surface=
0x14e1628:	"hired"
UPSTREAM_CONTEXT row=2 value=0x14e1646:	""
UPSTREAM_CONTEXT_BYTES row=2 bytes:
0x14e1646:	0x00	0x00	0x00	0x00	0x00	0x00	0x00	0x00
0x14e164e:	0x00	0x00	0x00	0x00
UPSTREAM row=3 source=3 type=0x41 class=0x44 status=0xff surface=
0x14e16bc:	"Lee"
UPSTREAM_CONTEXT row=3 value=0x14e16da:	""
UPSTREAM_CONTEXT_BYTES row=3 bytes:
0x14e16da:	0x00	0x00	0x00	0x00	0x00	0x00	0x00	0x00
0x14e16e2:	0x00	0x00	0x00	0x00
UPSTREAM row=4 source=3 type=0x41 class=0x44 status=0xff surface=
0x14e16bc:	"Lee"
UPSTREAM_CONTEXT row=4 value=0x14e16da:	""
UPSTREAM_CONTEXT_BYTES row=4 bytes:
0x14e16da:	0x00	0x00	0x00	0x00	0x00	0x00	0x00	0x00
0x14e16e2:	0x00	0x00	0x00	0x00
Temporary breakpoint 12 at 0x1000e365
CONTEXT_RETURN count=5
ROW index=0 flags=0x1 source=0 class=0 marker=0x30 surface=0x16f057d:	"Acme"
ROW_CODE index=0 bytes:
0x16f059b:	0x05	0x2a	0x2c	0x26	0x00	0x00	0x00	0x00
0x16f05a3:	0x00	0x00	0x00	0x00	0x00	0x00	0x00	0x00
0x16f05ab:	0x00	0x00	0x00	0x00	0x00	0x00	0x00	0x00
ROW_META index=0 words:0x16f05de:	0	1	0	0
ROW index=1 flags=0x50 source=1 class=0 marker=0x30 surface=
0x16f05ed:	"incorporated"
ROW_CODE index=1 bytes:
0x16f060b:	0x23	0x2d	0x2a	0x0b	0x36	0x35	0x1a	0x1f
0x16f0613:	0x39	0x23	0x15	0x00	0x00	0x00	0x00	0x00
0x16f061b:	0x00	0x00	0x00	0x00	0x00	0x00	0x00	0x00
ROW_META index=1 words:0x16f064e:	0	0	0	1
ROW index=2 flags=0x50 source=2 class=0 marker=0x30 surface=0x16f065d:	"hired"
ROW_CODE index=2 bytes:
0x16f067b:	0x22	0x11	0x1a	0x15	0x00	0x42	0x0c	0x36
0x16f0683:	0x39	0x1a	0x44	0x00	0x00	0x00	0x00	0x00
0x16f068b:	0x00	0x00	0x00	0x00	0x00	0x00	0x00	0x00
ROW_META index=2 words:0x16f06be:	0	0	0	1
ROW index=3 flags=0x50 source=3 class=0 marker=0x30 surface=0x16f06cd:	"Lee"
ROW_CODE index=3 bytes:
0x16f06eb:	0x2b	0x27	0x00	0x1e	0x00	0x00	0x00	0x00
0x16f06f3:	0x00	0x00	0x00	0x00	0x00	0x00	0x00	0x00
0x16f06fb:	0x00	0x00	0x00	0x00	0x00	0x00	0x00	0x00
ROW_META index=3 words:0x16f072e:	1	0	1	1
ROW index=4 flags=0 source=3 class=0x45 marker=0x30 surface=0x16f073d:	"."
ROW_CODE index=4 bytes:
0x16f075b:	0x00	0x27	0x00	0x00	0x00	0x00	0x00	0x00
0x16f0763:	0x00	0x00	0x00	0x00	0x00	0x00	0x00	0x00
0x16f076b:	0x00	0x00	0x00	0x00	0x00	0x00	0x00	0x00
ROW_META index=4 words:0x16f079e:	0	0	0	0
CONTEXT_ENTRY count=2 rows=0x16f0572 upstream=0x14e14cc
UPSTREAM row=0 source=0 type=0x41 class=0x44 status=0xff surface=
0x14e1500:	"Next"
UPSTREAM_CONTEXT row=0 value=0x14e151e:	""
UPSTREAM_CONTEXT_BYTES row=0 bytes:
0x14e151e:	0x00	0x00	0x00	0x00	0x00	0x00	0x00	0x00
0x14e1526:	0x00	0x00	0x00	0x00
UPSTREAM row=1 source=0 type=0x41 class=0x44 status=0xff surface=
0x14e1500:	"Next"
UPSTREAM_CONTEXT row=1 value=0x14e151e:	""
UPSTREAM_CONTEXT_BYTES row=1 bytes:
0x14e151e:	0x00	0x00	0x00	0x00	0x00	0x00	0x00	0x00
0x14e1526:	0x00	0x00	0x00	0x00
Temporary breakpoint 13 at 0x1000e365
CONTEXT_RETURN count=2
ROW index=0 flags=0x50 source=0 class=0 marker=0x30 surface=0x16f057d:	"Next"
ROW_CODE index=0 bytes:
0x16f059b:	0x2d	0x18	0x2a	0x37	0x39	0x00	0x00	0x00
0x16f05a3:	0x00	0x00	0x00	0x00	0x00	0x00	0x00	0x00
0x16f05ab:	0x00	0x00	0x00	0x00	0x00	0x00	0x00	0x00
ROW_META index=0 words:0x16f05de:	0	0	0	1
ROW index=1 flags=0 source=0 class=0x45 marker=0x30 surface=0x16f05ed:	"."
ROW_CODE index=1 bytes:
0x16f060b:	0x00	0x2d	0x2a	0x0b	0x36	0x35	0x1a	0x1f
0x16f0613:	0x39	0x23	0x15	0x00	0x00	0x00	0x00	0x00
0x16f061b:	0x00	0x00	0x00	0x00	0x00	0x00	0x00	0x00
ROW_META index=1 words:0x16f064e:	0	0	0	0
CONTEXT_ENTRY count=6 rows=0x16f0572 upstream=0x14e14cc
UPSTREAM row=0 source=0 type=0x41 class=0x44 status=0xff surface=
0x14e1500:	"Acme"
UPSTREAM_CONTEXT row=0 value=0x14e151e:	""
UPSTREAM_CONTEXT_BYTES row=0 bytes:
0x14e151e:	0x00	0x00	0x00	0x00	0x00	0x00	0x00	0x00
0x14e1526:	0x00	0x00	0x00	0x00
UPSTREAM row=1 source=0 type=0x41 class=0x44 status=0xff surface=
0x14e1500:	"Acme"
UPSTREAM_CONTEXT row=1 value=0x14e151e:	""
UPSTREAM_CONTEXT_BYTES row=1 bytes:
0x14e151e:	0x00	0x00	0x00	0x00	0x00	0x00	0x00	0x00
0x14e1526:	0x00	0x00	0x00	0x00
UPSTREAM row=2 source=1 type=0x41 class=0x44 status=0xff surface=
0x14e1594:	"incorporated"
UPSTREAM_CONTEXT row=2 value=0x14e15b2:	""
UPSTREAM_CONTEXT_BYTES row=2 bytes:
0x14e15b2:	0x00	0x00	0x00	0x00	0x00	0x00	0x00	0x00
0x14e15ba:	0x00	0x00	0x00	0x00
UPSTREAM row=3 source=2 type=0x41 class=0x44 status=0xff surface=
0x14e1628:	"hired"
UPSTREAM_CONTEXT row=3 value=0x14e1646:	""
UPSTREAM_CONTEXT_BYTES row=3 bytes:
0x14e1646:	0x00	0x00	0x00	0x00	0x00	0x00	0x00	0x00
0x14e164e:	0x00	0x00	0x00	0x00
UPSTREAM row=4 source=3 type=0x41 class=0x44 status=0xff surface=
0x14e16bc:	"Lee"
UPSTREAM_CONTEXT row=4 value=0x14e16da:	""
UPSTREAM_CONTEXT_BYTES row=4 bytes:
0x14e16da:	0x00	0x00	0x00	0x00	0x00	0x00	0x00	0x00
0x14e16e2:	0x00	0x00	0x00	0x00
UPSTREAM row=5 source=3 type=0x41 class=0x44 status=0xff surface=
0x14e16bc:	"Lee"
UPSTREAM_CONTEXT row=5 value=0x14e16da:	""
UPSTREAM_CONTEXT_BYTES row=5 bytes:
0x14e16da:	0x00	0x00	0x00	0x00	0x00	0x00	0x00	0x00
0x14e16e2:	0x00	0x00	0x00	0x00
Temporary breakpoint 14 at 0x1000e365
CONTEXT_RETURN count=6
ROW index=0 flags=0x1 source=0 class=0 marker=0x30 surface=0x16f057d:	"Acme"
ROW_CODE index=0 bytes:
0x16f059b:	0x05	0x2a	0x2c	0x26	0x00	0x00	0x00	0x00
0x16f05a3:	0x00	0x00	0x00	0x00	0x00	0x00	0x00	0x00
0x16f05ab:	0x00	0x00	0x00	0x00	0x00	0x00	0x00	0x00
ROW_META index=0 words:0x16f05de:	0	1	0	0
ROW index=1 flags=0 source=0 class=0x45 marker=0x30 surface=0x16f05ed:	","
ROW_CODE index=1 bytes:
0x16f060b:	0x00	0x2d	0x2a	0x0b	0x36	0x35	0x1a	0x1f
0x16f0613:	0x39	0x23	0x15	0x00	0x00	0x00	0x00	0x00
0x16f061b:	0x00	0x00	0x00	0x00	0x00	0x00	0x00	0x00
ROW_META index=1 words:0x16f064e:	0	0	0	0
ROW index=2 flags=0x50 source=1 class=0 marker=0x30 surface=
0x16f065d:	"incorporated"
ROW_CODE index=2 bytes:
0x16f067b:	0x23	0x2d	0x2a	0x0b	0x36	0x35	0x1a	0x1f
0x16f0683:	0x39	0x23	0x15	0x00	0x00	0x00	0x00	0x00
0x16f068b:	0x00	0x00	0x00	0x00	0x00	0x00	0x00	0x00
ROW_META index=2 words:0x16f06be:	0	0	0	1
ROW index=3 flags=0x50 source=2 class=0 marker=0x30 surface=0x16f06cd:	"hired"
ROW_CODE index=3 bytes:
0x16f06eb:	0x22	0x11	0x1a	0x15	0x00	0x00	0x00	0x00
0x16f06f3:	0x00	0x00	0x00	0x00	0x00	0x00	0x00	0x00
0x16f06fb:	0x00	0x00	0x00	0x00	0x00	0x00	0x00	0x00
ROW_META index=3 words:0x16f072e:	0	0	0	1
ROW index=4 flags=0x50 source=3 class=0 marker=0x30 surface=0x16f073d:	"Lee"
ROW_CODE index=4 bytes:
0x16f075b:	0x2b	0x27	0x00	0x00	0x00	0x00	0x00	0x00
0x16f0763:	0x00	0x00	0x00	0x00	0x00	0x00	0x00	0x00
0x16f076b:	0x00	0x00	0x00	0x00	0x00	0x00	0x00	0x00
ROW_META index=4 words:0x16f079e:	1	0	1	1
ROW index=5 flags=0 source=3 class=0x45 marker=0x30 surface=0x16f07ad:	"."
ROW_CODE index=5 bytes:
0x16f07cb:	0x00	0x00	0x00	0x00	0x00	0x00	0x00	0x00
0x16f07d3:	0x00	0x00	0x00	0x00	0x00	0x00	0x00	0x00
0x16f07db:	0x00	0x00	0x00	0x00	0x00	0x00	0x00	0x00
ROW_META index=5 words:0x16f080e:	0	0	0	0
CONTEXT_ENTRY count=2 rows=0x16f0572 upstream=0x14e14cc
UPSTREAM row=0 source=0 type=0x41 class=0x44 status=0xff surface=
0x14e1500:	"Next"
UPSTREAM_CONTEXT row=0 value=0x14e151e:	""
UPSTREAM_CONTEXT_BYTES row=0 bytes:
0x14e151e:	0x00	0x00	0x00	0x00	0x00	0x00	0x00	0x00
0x14e1526:	0x00	0x00	0x00	0x00
UPSTREAM row=1 source=0 type=0x41 class=0x44 status=0xff surface=
0x14e1500:	"Next"
UPSTREAM_CONTEXT row=1 value=0x14e151e:	""
UPSTREAM_CONTEXT_BYTES row=1 bytes:
0x14e151e:	0x00	0x00	0x00	0x00	0x00	0x00	0x00	0x00
0x14e1526:	0x00	0x00	0x00	0x00
Temporary breakpoint 15 at 0x1000e365
CONTEXT_RETURN count=2
ROW index=0 flags=0x50 source=0 class=0 marker=0x30 surface=0x16f057d:	"Next"
ROW_CODE index=0 bytes:
0x16f059b:	0x2d	0x18	0x2a	0x37	0x39	0x00	0x00	0x00
0x16f05a3:	0x00	0x00	0x00	0x00	0x00	0x00	0x00	0x00
0x16f05ab:	0x00	0x00	0x00	0x00	0x00	0x00	0x00	0x00
ROW_META index=0 words:0x16f05de:	0	0	0	1
ROW index=1 flags=0 source=0 class=0x45 marker=0x30 surface=0x16f05ed:	"."
ROW_CODE index=1 bytes:
0x16f060b:	0x00	0x2d	0x2a	0x0b	0x36	0x35	0x1a	0x1f
0x16f0613:	0x39	0x23	0x15	0x00	0x00	0x00	0x00	0x00
0x16f061b:	0x00	0x00	0x00	0x00	0x00	0x00	0x00	0x00
ROW_META index=1 words:0x16f064e:	0	0	0	0
CONTEXT_ENTRY count=5 rows=0x16f0572 upstream=0x14e14cc
UPSTREAM row=0 source=0 type=0x41 class=0x44 status=0xff surface=
0x14e1500:	"Acme"
UPSTREAM_CONTEXT row=0 value=0x14e151e:	""
UPSTREAM_CONTEXT_BYTES row=0 bytes:
0x14e151e:	0x00	0x00	0x00	0x00	0x00	0x00	0x00	0x00
0x14e1526:	0x00	0x00	0x00	0x00
UPSTREAM row=1 source=1 type=0x41 class=0x44 status=0xff surface=
0x14e1594:	"incorporated"
UPSTREAM_CONTEXT row=1 value=0x14e15b2:	""
UPSTREAM_CONTEXT_BYTES row=1 bytes:
0x14e15b2:	0x00	0x00	0x00	0x00	0x00	0x00	0x00	0x00
0x14e15ba:	0x00	0x00	0x00	0x00
UPSTREAM row=2 source=2 type=0x41 class=0x44 status=0xff surface=
0x14e1628:	"hired"
UPSTREAM_CONTEXT row=2 value=0x14e1646:	""
UPSTREAM_CONTEXT_BYTES row=2 bytes:
0x14e1646:	0x00	0x00	0x00	0x00	0x00	0x00	0x00	0x00
0x14e164e:	0x00	0x00	0x00	0x00
UPSTREAM row=3 source=3 type=0x41 class=0x44 status=0xff surface=
0x14e16bc:	"Lee"
UPSTREAM_CONTEXT row=3 value=0x14e16da:	""
UPSTREAM_CONTEXT_BYTES row=3 bytes:
0x14e16da:	0x00	0x00	0x00	0x00	0x00	0x00	0x00	0x00
0x14e16e2:	0x00	0x00	0x00	0x00
UPSTREAM row=4 source=3 type=0x41 class=0x44 status=0xff surface=
0x14e16bc:	"Lee"
UPSTREAM_CONTEXT row=4 value=0x14e16da:	""
UPSTREAM_CONTEXT_BYTES row=4 bytes:
0x14e16da:	0x00	0x00	0x00	0x00	0x00	0x00	0x00	0x00
0x14e16e2:	0x00	0x00	0x00	0x00
Temporary breakpoint 16 at 0x1000e365
CONTEXT_RETURN count=5
ROW index=0 flags=0x1 source=0 class=0 marker=0x30 surface=0x16f057d:	"Acme"
ROW_CODE index=0 bytes:
0x16f059b:	0x05	0x2a	0x2c	0x26	0x00	0x00	0x00	0x00
0x16f05a3:	0x00	0x00	0x00	0x00	0x00	0x00	0x00	0x00
0x16f05ab:	0x00	0x00	0x00	0x00	0x00	0x00	0x00	0x00
ROW_META index=0 words:0x16f05de:	0	1	0	0
ROW index=1 flags=0x50 source=1 class=0 marker=0x30 surface=
0x16f05ed:	"incorporated"
ROW_CODE index=1 bytes:
0x16f060b:	0x23	0x2d	0x2a	0x0b	0x36	0x35	0x1a	0x1f
0x16f0613:	0x39	0x23	0x15	0x00	0x00	0x00	0x00	0x00
0x16f061b:	0x00	0x00	0x00	0x00	0x00	0x00	0x00	0x00
ROW_META index=1 words:0x16f064e:	0	0	0	1
ROW index=2 flags=0x50 source=2 class=0 marker=0x30 surface=0x16f065d:	"hired"
ROW_CODE index=2 bytes:
0x16f067b:	0x22	0x11	0x1a	0x15	0x00	0x35	0x1a	0x1f
0x16f0683:	0x39	0x23	0x15	0x00	0x00	0x00	0x00	0x00
0x16f068b:	0x00	0x00	0x00	0x00	0x00	0x00	0x00	0x00
ROW_META index=2 words:0x16f06be:	0	0	0	1
ROW index=3 flags=0x50 source=3 class=0 marker=0x30 surface=0x16f06cd:	"Lee"
ROW_CODE index=3 bytes:
0x16f06eb:	0x2b	0x27	0x00	0x15	0x00	0x00	0x00	0x00
0x16f06f3:	0x00	0x00	0x00	0x00	0x00	0x00	0x00	0x00
0x16f06fb:	0x00	0x00	0x00	0x00	0x00	0x00	0x00	0x00
ROW_META index=3 words:0x16f072e:	1	0	1	1
ROW index=4 flags=0 source=3 class=0x45 marker=0x30 surface=0x16f073d:	"."
ROW_CODE index=4 bytes:
0x16f075b:	0x00	0x27	0x00	0x00	0x00	0x00	0x00	0x00
0x16f0763:	0x00	0x00	0x00	0x00	0x00	0x00	0x00	0x00
0x16f076b:	0x00	0x00	0x00	0x00	0x00	0x00	0x00	0x00
ROW_META index=4 words:0x16f079e:	0	0	0	0
CONTEXT_ENTRY count=2 rows=0x16f0572 upstream=0x14e14cc
UPSTREAM row=0 source=0 type=0x41 class=0x44 status=0xff surface=
0x14e1500:	"Next"
UPSTREAM_CONTEXT row=0 value=0x14e151e:	""
UPSTREAM_CONTEXT_BYTES row=0 bytes:
0x14e151e:	0x00	0x00	0x00	0x00	0x00	0x00	0x00	0x00
0x14e1526:	0x00	0x00	0x00	0x00
UPSTREAM row=1 source=0 type=0x41 class=0x44 status=0xff surface=
0x14e1500:	"Next"
UPSTREAM_CONTEXT row=1 value=0x14e151e:	""
UPSTREAM_CONTEXT_BYTES row=1 bytes:
0x14e151e:	0x00	0x00	0x00	0x00	0x00	0x00	0x00	0x00
0x14e1526:	0x00	0x00	0x00	0x00
Temporary breakpoint 17 at 0x1000e365
CONTEXT_RETURN count=2
ROW index=0 flags=0x50 source=0 class=0 marker=0x30 surface=0x16f057d:	"Next"
ROW_CODE index=0 bytes:
0x16f059b:	0x2d	0x18	0x2a	0x37	0x39	0x00	0x00	0x00
0x16f05a3:	0x00	0x00	0x00	0x00	0x00	0x00	0x00	0x00
0x16f05ab:	0x00	0x00	0x00	0x00	0x00	0x00	0x00	0x00
ROW_META index=0 words:0x16f05de:	0	0	0	1
ROW index=1 flags=0 source=0 class=0x45 marker=0x30 surface=0x16f05ed:	"."
ROW_CODE index=1 bytes:
0x16f060b:	0x00	0x2d	0x2a	0x0b	0x36	0x35	0x1a	0x1f
0x16f0613:	0x39	0x23	0x15	0x00	0x00	0x00	0x00	0x00
0x16f061b:	0x00	0x00	0x00	0x00	0x00	0x00	0x00	0x00
ROW_META index=1 words:0x16f064e:	0	0	0	0
CONTEXT_ENTRY count=5 rows=0x16f0572 upstream=0x14e14cc
UPSTREAM row=0 source=0 type=0x41 class=0x44 status=0xff surface=
0x14e1500:	"We"
UPSTREAM_CONTEXT row=0 value=0x14e151e:	""
UPSTREAM_CONTEXT_BYTES row=0 bytes:
0x14e151e:	0x00	0x00	0x00	0x00	0x00	0x00	0x00	0x00
0x14e1526:	0x00	0x00	0x00	0x00
UPSTREAM row=1 source=1 type=0x41 class=0x44 status=0xff surface=
0x14e1594:	"noted"
UPSTREAM_CONTEXT row=1 value=0x14e15b2:	""
UPSTREAM_CONTEXT_BYTES row=1 bytes:
0x14e15b2:	0x00	0x00	0x00	0x00	0x00	0x00	0x00	0x00
0x14e15ba:	0x00	0x00	0x00	0x00
UPSTREAM row=2 source=2 type=0x41 class=0x44 status=0xff surface=
0x14e1628:	"incorporated"
UPSTREAM_CONTEXT row=2 value=0x14e1646:	""
UPSTREAM_CONTEXT_BYTES row=2 bytes:
0x14e1646:	0x00	0x00	0x00	0x00	0x00	0x00	0x00	0x00
0x14e164e:	0x00	0x00	0x00	0x00
UPSTREAM row=3 source=3 type=0x41 class=0x44 status=0xff surface=
0x14e16bc:	"today"
UPSTREAM_CONTEXT row=3 value=0x14e16da:	""
UPSTREAM_CONTEXT_BYTES row=3 bytes:
0x14e16da:	0x00	0x00	0x00	0x00	0x00	0x00	0x00	0x00
0x14e16e2:	0x00	0x00	0x00	0x00
UPSTREAM row=4 source=3 type=0x41 class=0x44 status=0xff surface=
0x14e16bc:	"today"
UPSTREAM_CONTEXT row=4 value=0x14e16da:	""
UPSTREAM_CONTEXT_BYTES row=4 bytes:
0x14e16da:	0x00	0x00	0x00	0x00	0x00	0x00	0x00	0x00
0x14e16e2:	0x00	0x00	0x00	0x00
Temporary breakpoint 18 at 0x1000e365
CONTEXT_RETURN count=5
ROW index=0 flags=0x50 source=0 class=0x41 marker=0x30 surface=
0x16f057d:	"We"
ROW_CODE index=0 bytes:
0x16f059b:	0x42	0x27	0x00	0x37	0x39	0x00	0x00	0x00
0x16f05a3:	0x00	0x00	0x00	0x00	0x00	0x00	0x00	0x00
0x16f05ab:	0x00	0x00	0x00	0x00	0x00	0x00	0x00	0x00
ROW_META index=0 words:0x16f05de:	0	0	0	1
ROW index=1 flags=0x50 source=1 class=0 marker=0x30 surface=0x16f05ed:	"noted"
ROW_CODE index=1 bytes:
0x16f060b:	0x2d	0x30	0x39	0x23	0x15	0x00	0x1a	0x1f
0x16f0613:	0x39	0x23	0x15	0x00	0x00	0x00	0x00	0x00
0x16f061b:	0x00	0x00	0x00	0x00	0x00	0x00	0x00	0x00
ROW_META index=1 words:0x16f064e:	0	0	0	1
ROW index=2 flags=0x50 source=2 class=0 marker=0x30 surface=
0x16f065d:	"incorporated"
ROW_CODE index=2 bytes:
0x16f067b:	0x23	0x2d	0x2a	0x0b	0x36	0x35	0x1a	0x1f
0x16f0683:	0x39	0x23	0x15	0x00	0x00	0x00	0x00	0x00
0x16f068b:	0x00	0x00	0x00	0x00	0x00	0x00	0x00	0x00
ROW_META index=2 words:0x16f06be:	0	0	0	1
ROW index=3 flags=0x1 source=3 class=0 marker=0x30 surface=0x16f06cd:	"today"
ROW_CODE index=3 bytes:
0x16f06eb:	0x39	0x07	0x15	0x1e	0x00	0x00	0x00	0x00
0x16f06f3:	0x00	0x00	0x00	0x00	0x00	0x00	0x00	0x00
0x16f06fb:	0x00	0x00	0x00	0x00	0x00	0x00	0x00	0x00
ROW_META index=3 words:0x16f072e:	0	0	0	0
ROW index=4 flags=0 source=3 class=0x45 marker=0x30 surface=0x16f073d:	"."
ROW_CODE index=4 bytes:
0x16f075b:	0x00	0x27	0x00	0x00	0x00	0x00	0x00	0x00
0x16f0763:	0x00	0x00	0x00	0x00	0x00	0x00	0x00	0x00
0x16f076b:	0x00	0x00	0x00	0x00	0x00	0x00	0x00	0x00
ROW_META index=4 words:0x16f079e:	0	0	0	0
CONTEXT_ENTRY count=2 rows=0x16f0572 upstream=0x14e14cc
UPSTREAM row=0 source=0 type=0x41 class=0x44 status=0xff surface=
0x14e1500:	"Next"
UPSTREAM_CONTEXT row=0 value=0x14e151e:	""
UPSTREAM_CONTEXT_BYTES row=0 bytes:
0x14e151e:	0x00	0x00	0x00	0x00	0x00	0x00	0x00	0x00
0x14e1526:	0x00	0x00	0x00	0x00
UPSTREAM row=1 source=0 type=0x41 class=0x44 status=0xff surface=
0x14e1500:	"Next"
UPSTREAM_CONTEXT row=1 value=0x14e151e:	""
UPSTREAM_CONTEXT_BYTES row=1 bytes:
0x14e151e:	0x00	0x00	0x00	0x00	0x00	0x00	0x00	0x00
0x14e1526:	0x00	0x00	0x00	0x00
Temporary breakpoint 19 at 0x1000e365
CONTEXT_RETURN count=2
ROW index=0 flags=0x50 source=0 class=0 marker=0x30 surface=0x16f057d:	"Next"
ROW_CODE index=0 bytes:
0x16f059b:	0x2d	0x18	0x2a	0x37	0x39	0x00	0x00	0x00
0x16f05a3:	0x00	0x00	0x00	0x00	0x00	0x00	0x00	0x00
0x16f05ab:	0x00	0x00	0x00	0x00	0x00	0x00	0x00	0x00
ROW_META index=0 words:0x16f05de:	0	0	0	1
ROW index=1 flags=0 source=0 class=0x45 marker=0x30 surface=0x16f05ed:	"."
ROW_CODE index=1 bytes:
0x16f060b:	0x00	0x30	0x39	0x23	0x15	0x00	0x1a	0x1f
0x16f0613:	0x39	0x23	0x15	0x00	0x00	0x00	0x00	0x00
0x16f061b:	0x00	0x00	0x00	0x00	0x00	0x00	0x00	0x00
ROW_META index=1 words:0x16f064e:	0	0	0	0
CONTEXT_ENTRY count=5 rows=0x16f0572 upstream=0x14e14cc
UPSTREAM row=0 source=0 type=0x41 class=0x44 status=0xff surface=
0x14e1500:	"Acme"
UPSTREAM_CONTEXT row=0 value=0x14e151e:	""
UPSTREAM_CONTEXT_BYTES row=0 bytes:
0x14e151e:	0x00	0x00	0x00	0x00	0x00	0x00	0x00	0x00
0x14e1526:	0x00	0x00	0x00	0x00
UPSTREAM row=1 source=1 type=0x41 class=0x44 status=0xff surface=
0x14e1594:	"incorporated"
UPSTREAM_CONTEXT row=1 value=0x14e15b2:	""
UPSTREAM_CONTEXT_BYTES row=1 bytes:
0x14e15b2:	0x00	0x00	0x00	0x00	0x00	0x00	0x00	0x00
0x14e15ba:	0x00	0x00	0x00	0x00
UPSTREAM row=2 source=2 type=0x41 class=0x44 status=0xff surface=
0x14e1628:	"hired"
UPSTREAM_CONTEXT row=2 value=0x14e1646:	""
UPSTREAM_CONTEXT_BYTES row=2 bytes:
0x14e1646:	0x00	0x00	0x00	0x00	0x00	0x00	0x00	0x00
0x14e164e:	0x00	0x00	0x00	0x00
UPSTREAM row=3 source=3 type=0x41 class=0x44 status=0xff surface=
0x14e16bc:	"Lee"
UPSTREAM_CONTEXT row=3 value=0x14e16da:	""
UPSTREAM_CONTEXT_BYTES row=3 bytes:
0x14e16da:	0x00	0x00	0x00	0x00	0x00	0x00	0x00	0x00
0x14e16e2:	0x00	0x00	0x00	0x00
UPSTREAM row=4 source=3 type=0x41 class=0x44 status=0xff surface=
0x14e16bc:	"Lee"
UPSTREAM_CONTEXT row=4 value=0x14e16da:	""
UPSTREAM_CONTEXT_BYTES row=4 bytes:
0x14e16da:	0x00	0x00	0x00	0x00	0x00	0x00	0x00	0x00
0x14e16e2:	0x00	0x00	0x00	0x00
Temporary breakpoint 20 at 0x1000e365
CONTEXT_RETURN count=5
ROW index=0 flags=0x1 source=0 class=0 marker=0x30 surface=0x16f057d:	"Acme"
ROW_CODE index=0 bytes:
0x16f059b:	0x05	0x2a	0x2c	0x26	0x00	0x00	0x00	0x00
0x16f05a3:	0x00	0x00	0x00	0x00	0x00	0x00	0x00	0x00
0x16f05ab:	0x00	0x00	0x00	0x00	0x00	0x00	0x00	0x00
ROW_META index=0 words:0x16f05de:	0	1	0	0
ROW index=1 flags=0x50 source=1 class=0 marker=0x30 surface=
0x16f05ed:	"incorporated"
ROW_CODE index=1 bytes:
0x16f060b:	0x23	0x2d	0x2a	0x0b	0x36	0x35	0x1a	0x1f
0x16f0613:	0x39	0x23	0x15	0x00	0x00	0x00	0x00	0x00
0x16f061b:	0x00	0x00	0x00	0x00	0x00	0x00	0x00	0x00
ROW_META index=1 words:0x16f064e:	0	0	0	1
ROW index=2 flags=0x50 source=2 class=0 marker=0x30 surface=0x16f065d:	"hired"
ROW_CODE index=2 bytes:
0x16f067b:	0x22	0x11	0x1a	0x15	0x00	0x35	0x1a	0x1f
0x16f0683:	0x39	0x23	0x15	0x00	0x00	0x00	0x00	0x00
0x16f068b:	0x00	0x00	0x00	0x00	0x00	0x00	0x00	0x00
ROW_META index=2 words:0x16f06be:	0	0	0	1
ROW index=3 flags=0x50 source=3 class=0 marker=0x30 surface=0x16f06cd:	"Lee"
ROW_CODE index=3 bytes:
0x16f06eb:	0x2b	0x27	0x00	0x1e	0x00	0x00	0x00	0x00
0x16f06f3:	0x00	0x00	0x00	0x00	0x00	0x00	0x00	0x00
0x16f06fb:	0x00	0x00	0x00	0x00	0x00	0x00	0x00	0x00
ROW_META index=3 words:0x16f072e:	1	0	1	1
ROW index=4 flags=0 source=3 class=0x45 marker=0x30 surface=0x16f073d:	"."
ROW_CODE index=4 bytes:
0x16f075b:	0x00	0x27	0x00	0x00	0x00	0x00	0x00	0x00
0x16f0763:	0x00	0x00	0x00	0x00	0x00	0x00	0x00	0x00
0x16f076b:	0x00	0x00	0x00	0x00	0x00	0x00	0x00	0x00
ROW_META index=4 words:0x16f079e:	0	0	0	0
CONTEXT_ENTRY count=2 rows=0x16f0572 upstream=0x14e14cc
UPSTREAM row=0 source=0 type=0x41 class=0x44 status=0xff surface=
0x14e1500:	"Next"
UPSTREAM_CONTEXT row=0 value=0x14e151e:	""
UPSTREAM_CONTEXT_BYTES row=0 bytes:
0x14e151e:	0x00	0x00	0x00	0x00	0x00	0x00	0x00	0x00
0x14e1526:	0x00	0x00	0x00	0x00
UPSTREAM row=1 source=0 type=0x41 class=0x44 status=0xff surface=
0x14e1500:	"Next"
UPSTREAM_CONTEXT row=1 value=0x14e151e:	""
UPSTREAM_CONTEXT_BYTES row=1 bytes:
0x14e151e:	0x00	0x00	0x00	0x00	0x00	0x00	0x00	0x00
0x14e1526:	0x00	0x00	0x00	0x00
Temporary breakpoint 21 at 0x1000e365
CONTEXT_RETURN count=2
ROW index=0 flags=0x50 source=0 class=0 marker=0x30 surface=0x16f057d:	"Next"
ROW_CODE index=0 bytes:
0x16f059b:	0x2d	0x18	0x2a	0x37	0x39	0x00	0x00	0x00
0x16f05a3:	0x00	0x00	0x00	0x00	0x00	0x00	0x00	0x00
0x16f05ab:	0x00	0x00	0x00	0x00	0x00	0x00	0x00	0x00
ROW_META index=0 words:0x16f05de:	0	0	0	1
ROW index=1 flags=0 source=0 class=0x45 marker=0x30 surface=0x16f05ed:	"."
ROW_CODE index=1 bytes:
0x16f060b:	0x00	0x2d	0x2a	0x0b	0x36	0x35	0x1a	0x1f
0x16f0613:	0x39	0x23	0x15	0x00	0x00	0x00	0x00	0x00
0x16f061b:	0x00	0x00	0x00	0x00	0x00	0x00	0x00	0x00
ROW_META index=1 words:0x16f064e:	0	0	0	0
CONTEXT_ENTRY count=5 rows=0x16f0572 upstream=0x14e14cc
UPSTREAM row=0 source=0 type=0x41 class=0x44 status=0xff surface=
0x14e1500:	"Acme"
UPSTREAM_CONTEXT row=0 value=0x14e151e:	""
UPSTREAM_CONTEXT_BYTES row=0 bytes:
0x14e151e:	0x00	0x00	0x00	0x00	0x00	0x00	0x00	0x00
0x14e1526:	0x00	0x00	0x00	0x00
UPSTREAM row=1 source=1 type=0x41 class=0x44 status=0xff surface=
0x14e1594:	"jnr"
UPSTREAM_CONTEXT row=1 value=0x14e15b2:	""
UPSTREAM_CONTEXT_BYTES row=1 bytes:
0x14e15b2:	0x00	0x00	0x00	0x00	0x00	0x00	0x00	0x00
0x14e15ba:	0x00	0x00	0x00	0x00
UPSTREAM row=2 source=2 type=0x41 class=0x44 status=0xff surface=
0x14e1628:	"hired"
UPSTREAM_CONTEXT row=2 value=0x14e1646:	""
UPSTREAM_CONTEXT_BYTES row=2 bytes:
0x14e1646:	0x00	0x00	0x00	0x00	0x00	0x00	0x00	0x00
0x14e164e:	0x00	0x00	0x00	0x00
UPSTREAM row=3 source=3 type=0x41 class=0x44 status=0xff surface=
0x14e16bc:	"Lee"
UPSTREAM_CONTEXT row=3 value=0x14e16da:	""
UPSTREAM_CONTEXT_BYTES row=3 bytes:
0x14e16da:	0x00	0x00	0x00	0x00	0x00	0x00	0x00	0x00
0x14e16e2:	0x00	0x00	0x00	0x00
UPSTREAM row=4 source=3 type=0x41 class=0x44 status=0xff surface=
0x14e16bc:	"Lee"
UPSTREAM_CONTEXT row=4 value=0x14e16da:	""
UPSTREAM_CONTEXT_BYTES row=4 bytes:
0x14e16da:	0x00	0x00	0x00	0x00	0x00	0x00	0x00	0x00
0x14e16e2:	0x00	0x00	0x00	0x00
Temporary breakpoint 22 at 0x1000e365
CONTEXT_RETURN count=5
ROW index=0 flags=0x1 source=0 class=0 marker=0x30 surface=0x16f057d:	"Acme"
ROW_CODE index=0 bytes:
0x16f059b:	0x05	0x2a	0x2c	0x26	0x00	0x00	0x00	0x00
0x16f05a3:	0x00	0x00	0x00	0x00	0x00	0x00	0x00	0x00
0x16f05ab:	0x00	0x00	0x00	0x00	0x00	0x00	0x00	0x00
ROW_META index=0 words:0x16f05de:	0	1	0	0
ROW index=1 flags=0x20 source=1 class=0x45 marker=0x30 surface=
0x16f05ed:	"jnr"
ROW_CODE index=1 bytes:
0x16f060b:	0x29	0x1e	0x64	0x18	0x2d	0x64	0x02	0x36
0x16f0613:	0x00	0x23	0x15	0x00	0x00	0x00	0x00	0x00
0x16f061b:	0x00	0x00	0x00	0x00	0x00	0x00	0x00	0x00
ROW_META index=1 words:0x16f064e:	1	0	1	0
ROW index=2 flags=0x50 source=2 class=0 marker=0x30 surface=0x16f065d:	"hired"
ROW_CODE index=2 bytes:
0x16f067b:	0x22	0x11	0x1a	0x15	0x00	0x35	0x1a	0x1f
0x16f0683:	0x39	0x23	0x15	0x00	0x00	0x00	0x00	0x00
0x16f068b:	0x00	0x00	0x00	0x00	0x00	0x00	0x00	0x00
ROW_META index=2 words:0x16f06be:	0	0	0	1
ROW index=3 flags=0x50 source=3 class=0 marker=0x30 surface=0x16f06cd:	"Lee"
ROW_CODE index=3 bytes:
0x16f06eb:	0x2b	0x27	0x00	0x1e	0x00	0x00	0x00	0x00
0x16f06f3:	0x00	0x00	0x00	0x00	0x00	0x00	0x00	0x00
0x16f06fb:	0x00	0x00	0x00	0x00	0x00	0x00	0x00	0x00
ROW_META index=3 words:0x16f072e:	1	0	1	1
ROW index=4 flags=0 source=3 class=0x45 marker=0x30 surface=0x16f073d:	"."
ROW_CODE index=4 bytes:
0x16f075b:	0x00	0x27	0x00	0x00	0x00	0x00	0x00	0x00
0x16f0763:	0x00	0x00	0x00	0x00	0x00	0x00	0x00	0x00
0x16f076b:	0x00	0x00	0x00	0x00	0x00	0x00	0x00	0x00
ROW_META index=4 words:0x16f079e:	0	0	0	0
CONTEXT_ENTRY count=2 rows=0x16f0572 upstream=0x14e14cc
UPSTREAM row=0 source=0 type=0x41 class=0x44 status=0xff surface=
0x14e1500:	"Next"
UPSTREAM_CONTEXT row=0 value=0x14e151e:	""
UPSTREAM_CONTEXT_BYTES row=0 bytes:
0x14e151e:	0x00	0x00	0x00	0x00	0x00	0x00	0x00	0x00
0x14e1526:	0x00	0x00	0x00	0x00
UPSTREAM row=1 source=0 type=0x41 class=0x44 status=0xff surface=
0x14e1500:	"Next"
UPSTREAM_CONTEXT row=1 value=0x14e151e:	""
UPSTREAM_CONTEXT_BYTES row=1 bytes:
0x14e151e:	0x00	0x00	0x00	0x00	0x00	0x00	0x00	0x00
0x14e1526:	0x00	0x00	0x00	0x00
Temporary breakpoint 23 at 0x1000e365
CONTEXT_RETURN count=2
ROW index=0 flags=0x50 source=0 class=0 marker=0x30 surface=0x16f057d:	"Next"
ROW_CODE index=0 bytes:
0x16f059b:	0x2d	0x18	0x2a	0x37	0x39	0x00	0x00	0x00
0x16f05a3:	0x00	0x00	0x00	0x00	0x00	0x00	0x00	0x00
0x16f05ab:	0x00	0x00	0x00	0x00	0x00	0x00	0x00	0x00
ROW_META index=0 words:0x16f05de:	0	0	0	1
ROW index=1 flags=0 source=0 class=0x45 marker=0x30 surface=0x16f05ed:	"."
ROW_CODE index=1 bytes:
0x16f060b:	0x00	0x1e	0x64	0x18	0x2d	0x64	0x02	0x36
0x16f0613:	0x00	0x23	0x15	0x00	0x00	0x00	0x00	0x00
0x16f061b:	0x00	0x00	0x00	0x00	0x00	0x00	0x00	0x00
ROW_META index=1 words:0x16f064e:	0	0	0	0
CONTEXT_ENTRY count=6 rows=0x16f0572 upstream=0x14e14cc
UPSTREAM row=0 source=0 type=0x41 class=0x44 status=0xff surface=
0x14e1500:	"Acme"
UPSTREAM_CONTEXT row=0 value=0x14e151e:	""
UPSTREAM_CONTEXT_BYTES row=0 bytes:
0x14e151e:	0x00	0x00	0x00	0x00	0x00	0x00	0x00	0x00
0x14e1526:	0x00	0x00	0x00	0x00
UPSTREAM row=1 source=0 type=0x41 class=0x44 status=0xff surface=
0x14e1500:	"Acme"
UPSTREAM_CONTEXT row=1 value=0x14e151e:	""
UPSTREAM_CONTEXT_BYTES row=1 bytes:
0x14e151e:	0x00	0x00	0x00	0x00	0x00	0x00	0x00	0x00
0x14e1526:	0x00	0x00	0x00	0x00
UPSTREAM row=2 source=1 type=0x41 class=0x44 status=0xff surface=
0x14e1594:	"jnr"
UPSTREAM_CONTEXT row=2 value=0x14e15b2:	""
UPSTREAM_CONTEXT_BYTES row=2 bytes:
0x14e15b2:	0x00	0x00	0x00	0x00	0x00	0x00	0x00	0x00
0x14e15ba:	0x00	0x00	0x00	0x00
UPSTREAM row=3 source=2 type=0x41 class=0x44 status=0xff surface=
0x14e1628:	"hired"
UPSTREAM_CONTEXT row=3 value=0x14e1646:	""
UPSTREAM_CONTEXT_BYTES row=3 bytes:
0x14e1646:	0x00	0x00	0x00	0x00	0x00	0x00	0x00	0x00
0x14e164e:	0x00	0x00	0x00	0x00
UPSTREAM row=4 source=3 type=0x41 class=0x44 status=0xff surface=
0x14e16bc:	"Lee"
UPSTREAM_CONTEXT row=4 value=0x14e16da:	""
UPSTREAM_CONTEXT_BYTES row=4 bytes:
0x14e16da:	0x00	0x00	0x00	0x00	0x00	0x00	0x00	0x00
0x14e16e2:	0x00	0x00	0x00	0x00
UPSTREAM row=5 source=3 type=0x41 class=0x44 status=0xff surface=
0x14e16bc:	"Lee"
UPSTREAM_CONTEXT row=5 value=0x14e16da:	""
UPSTREAM_CONTEXT_BYTES row=5 bytes:
0x14e16da:	0x00	0x00	0x00	0x00	0x00	0x00	0x00	0x00
0x14e16e2:	0x00	0x00	0x00	0x00
Temporary breakpoint 24 at 0x1000e365
CONTEXT_RETURN count=6
ROW index=0 flags=0x1 source=0 class=0 marker=0x30 surface=0x16f057d:	"Acme"
ROW_CODE index=0 bytes:
0x16f059b:	0x05	0x2a	0x2c	0x26	0x00	0x00	0x00	0x00
0x16f05a3:	0x00	0x00	0x00	0x00	0x00	0x00	0x00	0x00
0x16f05ab:	0x00	0x00	0x00	0x00	0x00	0x00	0x00	0x00
ROW_META index=0 words:0x16f05de:	0	1	0	0
ROW index=1 flags=0 source=0 class=0x45 marker=0x30 surface=0x16f05ed:	","
ROW_CODE index=1 bytes:
0x16f060b:	0x00	0x1e	0x64	0x18	0x2d	0x64	0x02	0x36
0x16f0613:	0x00	0x23	0x15	0x00	0x00	0x00	0x00	0x00
0x16f061b:	0x00	0x00	0x00	0x00	0x00	0x00	0x00	0x00
ROW_META index=1 words:0x16f064e:	0	0	0	0
ROW index=2 flags=0x20 source=1 class=0x45 marker=0x30 surface=
0x16f065d:	"jnr"
ROW_CODE index=2 bytes:
0x16f067b:	0x29	0x1e	0x64	0x18	0x2d	0x64	0x02	0x36
0x16f0683:	0x00	0x23	0x15	0x00	0x00	0x00	0x00	0x00
0x16f068b:	0x00	0x00	0x00	0x00	0x00	0x00	0x00	0x00
ROW_META index=2 words:0x16f06be:	1	0	1	0
ROW index=3 flags=0x50 source=2 class=0 marker=0x30 surface=0x16f06cd:	"hired"
ROW_CODE index=3 bytes:
0x16f06eb:	0x22	0x11	0x1a	0x15	0x00	0x00	0x00	0x00
0x16f06f3:	0x00	0x00	0x00	0x00	0x00	0x00	0x00	0x00
0x16f06fb:	0x00	0x00	0x00	0x00	0x00	0x00	0x00	0x00
ROW_META index=3 words:0x16f072e:	0	0	0	1
ROW index=4 flags=0x50 source=3 class=0 marker=0x30 surface=0x16f073d:	"Lee"
ROW_CODE index=4 bytes:
0x16f075b:	0x2b	0x27	0x00	0x00	0x00	0x00	0x00	0x00
0x16f0763:	0x00	0x00	0x00	0x00	0x00	0x00	0x00	0x00
0x16f076b:	0x00	0x00	0x00	0x00	0x00	0x00	0x00	0x00
ROW_META index=4 words:0x16f079e:	1	0	1	1
ROW index=5 flags=0 source=3 class=0x45 marker=0x30 surface=0x16f07ad:	"."
ROW_CODE index=5 bytes:
0x16f07cb:	0x00	0x00	0x00	0x00	0x00	0x00	0x00	0x00
0x16f07d3:	0x00	0x00	0x00	0x00	0x00	0x00	0x00	0x00
0x16f07db:	0x00	0x00	0x00	0x00	0x00	0x00	0x00	0x00
ROW_META index=5 words:0x16f080e:	0	0	0	0
CONTEXT_ENTRY count=2 rows=0x16f0572 upstream=0x14e14cc
UPSTREAM row=0 source=0 type=0x41 class=0x44 status=0xff surface=
0x14e1500:	"Next"
UPSTREAM_CONTEXT row=0 value=0x14e151e:	""
UPSTREAM_CONTEXT_BYTES row=0 bytes:
0x14e151e:	0x00	0x00	0x00	0x00	0x00	0x00	0x00	0x00
0x14e1526:	0x00	0x00	0x00	0x00
UPSTREAM row=1 source=0 type=0x41 class=0x44 status=0xff surface=
0x14e1500:	"Next"
UPSTREAM_CONTEXT row=1 value=0x14e151e:	""
UPSTREAM_CONTEXT_BYTES row=1 bytes:
0x14e151e:	0x00	0x00	0x00	0x00	0x00	0x00	0x00	0x00
0x14e1526:	0x00	0x00	0x00	0x00
Temporary breakpoint 25 at 0x1000e365
CONTEXT_RETURN count=2
ROW index=0 flags=0x50 source=0 class=0 marker=0x30 surface=0x16f057d:	"Next"
ROW_CODE index=0 bytes:
0x16f059b:	0x2d	0x18	0x2a	0x37	0x39	0x00	0x00	0x00
0x16f05a3:	0x00	0x00	0x00	0x00	0x00	0x00	0x00	0x00
0x16f05ab:	0x00	0x00	0x00	0x00	0x00	0x00	0x00	0x00
ROW_META index=0 words:0x16f05de:	0	0	0	1
ROW index=1 flags=0 source=0 class=0x45 marker=0x30 surface=0x16f05ed:	"."
ROW_CODE index=1 bytes:
0x16f060b:	0x00	0x1e	0x64	0x18	0x2d	0x64	0x02	0x36
0x16f0613:	0x00	0x23	0x15	0x00	0x00	0x00	0x00	0x00
0x16f061b:	0x00	0x00	0x00	0x00	0x00	0x00	0x00	0x00
ROW_META index=1 words:0x16f064e:	0	0	0	0
CONTEXT_ENTRY count=5 rows=0x16f0572 upstream=0x14e14cc
UPSTREAM row=0 source=0 type=0x41 class=0x44 status=0xff surface=
0x14e1500:	"Acme"
UPSTREAM_CONTEXT row=0 value=0x14e151e:	""
UPSTREAM_CONTEXT_BYTES row=0 bytes:
0x14e151e:	0x00	0x00	0x00	0x00	0x00	0x00	0x00	0x00
0x14e1526:	0x00	0x00	0x00	0x00
UPSTREAM row=1 source=1 type=0x41 class=0x44 status=0xff surface=
0x14e1594:	"jnr"
UPSTREAM_CONTEXT row=1 value=0x14e15b2:	""
UPSTREAM_CONTEXT_BYTES row=1 bytes:
0x14e15b2:	0x00	0x00	0x00	0x00	0x00	0x00	0x00	0x00
0x14e15ba:	0x00	0x00	0x00	0x00
UPSTREAM row=2 source=2 type=0x41 class=0x44 status=0xff surface=
0x14e1628:	"hired"
UPSTREAM_CONTEXT row=2 value=0x14e1646:	""
UPSTREAM_CONTEXT_BYTES row=2 bytes:
0x14e1646:	0x00	0x00	0x00	0x00	0x00	0x00	0x00	0x00
0x14e164e:	0x00	0x00	0x00	0x00
UPSTREAM row=3 source=3 type=0x41 class=0x44 status=0xff surface=
0x14e16bc:	"Lee"
UPSTREAM_CONTEXT row=3 value=0x14e16da:	""
UPSTREAM_CONTEXT_BYTES row=3 bytes:
0x14e16da:	0x00	0x00	0x00	0x00	0x00	0x00	0x00	0x00
0x14e16e2:	0x00	0x00	0x00	0x00
UPSTREAM row=4 source=3 type=0x41 class=0x44 status=0xff surface=
0x14e16bc:	"Lee"
UPSTREAM_CONTEXT row=4 value=0x14e16da:	""
UPSTREAM_CONTEXT_BYTES row=4 bytes:
0x14e16da:	0x00	0x00	0x00	0x00	0x00	0x00	0x00	0x00
0x14e16e2:	0x00	0x00	0x00	0x00
Temporary breakpoint 26 at 0x1000e365
CONTEXT_RETURN count=5
ROW index=0 flags=0x1 source=0 class=0 marker=0x30 surface=0x16f057d:	"Acme"
ROW_CODE index=0 bytes:
0x16f059b:	0x05	0x2a	0x2c	0x26	0x00	0x00	0x00	0x00
0x16f05a3:	0x00	0x00	0x00	0x00	0x00	0x00	0x00	0x00
0x16f05ab:	0x00	0x00	0x00	0x00	0x00	0x00	0x00	0x00
ROW_META index=0 words:0x16f05de:	0	1	0	0
ROW index=1 flags=0x20 source=1 class=0x45 marker=0x30 surface=
0x16f05ed:	"jnr"
ROW_CODE index=1 bytes:
0x16f060b:	0x29	0x1e	0x64	0x18	0x2d	0x64	0x02	0x36
0x16f0613:	0x00	0x23	0x15	0x00	0x00	0x00	0x00	0x00
0x16f061b:	0x00	0x00	0x00	0x00	0x00	0x00	0x00	0x00
ROW_META index=1 words:0x16f064e:	1	0	1	0
ROW index=2 flags=0x50 source=2 class=0 marker=0x30 surface=0x16f065d:	"hired"
ROW_CODE index=2 bytes:
0x16f067b:	0x22	0x11	0x1a	0x15	0x00	0x64	0x02	0x36
0x16f0683:	0x00	0x23	0x15	0x00	0x00	0x00	0x00	0x00
0x16f068b:	0x00	0x00	0x00	0x00	0x00	0x00	0x00	0x00
ROW_META index=2 words:0x16f06be:	0	0	0	1
ROW index=3 flags=0x50 source=3 class=0 marker=0x30 surface=0x16f06cd:	"Lee"
ROW_CODE index=3 bytes:
0x16f06eb:	0x2b	0x27	0x00	0x15	0x00	0x00	0x00	0x00
0x16f06f3:	0x00	0x00	0x00	0x00	0x00	0x00	0x00	0x00
0x16f06fb:	0x00	0x00	0x00	0x00	0x00	0x00	0x00	0x00
ROW_META index=3 words:0x16f072e:	1	0	1	1
ROW index=4 flags=0 source=3 class=0x45 marker=0x30 surface=0x16f073d:	"."
ROW_CODE index=4 bytes:
0x16f075b:	0x00	0x27	0x00	0x00	0x00	0x00	0x00	0x00
0x16f0763:	0x00	0x00	0x00	0x00	0x00	0x00	0x00	0x00
0x16f076b:	0x00	0x00	0x00	0x00	0x00	0x00	0x00	0x00
ROW_META index=4 words:0x16f079e:	0	0	0	0
CONTEXT_ENTRY count=2 rows=0x16f0572 upstream=0x14e14cc
UPSTREAM row=0 source=0 type=0x41 class=0x44 status=0xff surface=
0x14e1500:	"Next"
UPSTREAM_CONTEXT row=0 value=0x14e151e:	""
UPSTREAM_CONTEXT_BYTES row=0 bytes:
0x14e151e:	0x00	0x00	0x00	0x00	0x00	0x00	0x00	0x00
0x14e1526:	0x00	0x00	0x00	0x00
UPSTREAM row=1 source=0 type=0x41 class=0x44 status=0xff surface=
0x14e1500:	"Next"
UPSTREAM_CONTEXT row=1 value=0x14e151e:	""
UPSTREAM_CONTEXT_BYTES row=1 bytes:
0x14e151e:	0x00	0x00	0x00	0x00	0x00	0x00	0x00	0x00
0x14e1526:	0x00	0x00	0x00	0x00
Temporary breakpoint 27 at 0x1000e365
CONTEXT_RETURN count=2
ROW index=0 flags=0x50 source=0 class=0 marker=0x30 surface=0x16f057d:	"Next"
ROW_CODE index=0 bytes:
0x16f059b:	0x2d	0x18	0x2a	0x37	0x39	0x00	0x00	0x00
0x16f05a3:	0x00	0x00	0x00	0x00	0x00	0x00	0x00	0x00
0x16f05ab:	0x00	0x00	0x00	0x00	0x00	0x00	0x00	0x00
ROW_META index=0 words:0x16f05de:	0	0	0	1
ROW index=1 flags=0 source=0 class=0x45 marker=0x30 surface=0x16f05ed:	"."
ROW_CODE index=1 bytes:
0x16f060b:	0x00	0x1e	0x64	0x18	0x2d	0x64	0x02	0x36
0x16f0613:	0x00	0x23	0x15	0x00	0x00	0x00	0x00	0x00
0x16f061b:	0x00	0x00	0x00	0x00	0x00	0x00	0x00	0x00
ROW_META index=1 words:0x16f064e:	0	0	0	0
CONTEXT_ENTRY count=5 rows=0x16f0572 upstream=0x14e14cc
UPSTREAM row=0 source=0 type=0x41 class=0x44 status=0xff surface=
0x14e1500:	"We"
UPSTREAM_CONTEXT row=0 value=0x14e151e:	""
UPSTREAM_CONTEXT_BYTES row=0 bytes:
0x14e151e:	0x00	0x00	0x00	0x00	0x00	0x00	0x00	0x00
0x14e1526:	0x00	0x00	0x00	0x00
UPSTREAM row=1 source=1 type=0x41 class=0x44 status=0xff surface=
0x14e1594:	"noted"
UPSTREAM_CONTEXT row=1 value=0x14e15b2:	""
UPSTREAM_CONTEXT_BYTES row=1 bytes:
0x14e15b2:	0x00	0x00	0x00	0x00	0x00	0x00	0x00	0x00
0x14e15ba:	0x00	0x00	0x00	0x00
UPSTREAM row=2 source=2 type=0x41 class=0x44 status=0xff surface=
0x14e1628:	"jnr"
UPSTREAM_CONTEXT row=2 value=0x14e1646:	""
UPSTREAM_CONTEXT_BYTES row=2 bytes:
0x14e1646:	0x00	0x00	0x00	0x00	0x00	0x00	0x00	0x00
0x14e164e:	0x00	0x00	0x00	0x00
UPSTREAM row=3 source=3 type=0x41 class=0x44 status=0xff surface=
0x14e16bc:	"today"
UPSTREAM_CONTEXT row=3 value=0x14e16da:	""
UPSTREAM_CONTEXT_BYTES row=3 bytes:
0x14e16da:	0x00	0x00	0x00	0x00	0x00	0x00	0x00	0x00
0x14e16e2:	0x00	0x00	0x00	0x00
UPSTREAM row=4 source=3 type=0x41 class=0x44 status=0xff surface=
0x14e16bc:	"today"
UPSTREAM_CONTEXT row=4 value=0x14e16da:	""
UPSTREAM_CONTEXT_BYTES row=4 bytes:
0x14e16da:	0x00	0x00	0x00	0x00	0x00	0x00	0x00	0x00
0x14e16e2:	0x00	0x00	0x00	0x00
Temporary breakpoint 28 at 0x1000e365
CONTEXT_RETURN count=5
ROW index=0 flags=0x50 source=0 class=0x41 marker=0x30 surface=
0x16f057d:	"We"
ROW_CODE index=0 bytes:
0x16f059b:	0x42	0x27	0x00	0x37	0x39	0x00	0x00	0x00
0x16f05a3:	0x00	0x00	0x00	0x00	0x00	0x00	0x00	0x00
0x16f05ab:	0x00	0x00	0x00	0x00	0x00	0x00	0x00	0x00
ROW_META index=0 words:0x16f05de:	0	0	0	1
ROW index=1 flags=0x50 source=1 class=0 marker=0x30 surface=0x16f05ed:	"noted"
ROW_CODE index=1 bytes:
0x16f060b:	0x2d	0x30	0x39	0x23	0x15	0x00	0x02	0x36
0x16f0613:	0x00	0x23	0x15	0x00	0x00	0x00	0x00	0x00
0x16f061b:	0x00	0x00	0x00	0x00	0x00	0x00	0x00	0x00
ROW_META index=1 words:0x16f064e:	0	0	0	1
ROW index=2 flags=0x20 source=2 class=0x45 marker=0x30 surface=
0x16f065d:	"jnr"
ROW_CODE index=2 bytes:
0x16f067b:	0x29	0x1e	0x64	0x18	0x2d	0x64	0x02	0x36
0x16f0683:	0x00	0x23	0x15	0x00	0x00	0x00	0x00	0x00
0x16f068b:	0x00	0x00	0x00	0x00	0x00	0x00	0x00	0x00
ROW_META index=2 words:0x16f06be:	1	0	1	0
ROW index=3 flags=0x1 source=3 class=0 marker=0x30 surface=0x16f06cd:	"today"
ROW_CODE index=3 bytes:
0x16f06eb:	0x39	0x07	0x15	0x1e	0x00	0x00	0x00	0x00
0x16f06f3:	0x00	0x00	0x00	0x00	0x00	0x00	0x00	0x00
0x16f06fb:	0x00	0x00	0x00	0x00	0x00	0x00	0x00	0x00
ROW_META index=3 words:0x16f072e:	0	0	0	0
ROW index=4 flags=0 source=3 class=0x45 marker=0x30 surface=0x16f073d:	"."
ROW_CODE index=4 bytes:
0x16f075b:	0x00	0x27	0x00	0x00	0x00	0x00	0x00	0x00
0x16f0763:	0x00	0x00	0x00	0x00	0x00	0x00	0x00	0x00
0x16f076b:	0x00	0x00	0x00	0x00	0x00	0x00	0x00	0x00
ROW_META index=4 words:0x16f079e:	0	0	0	0
CONTEXT_ENTRY count=2 rows=0x16f0572 upstream=0x14e14cc
UPSTREAM row=0 source=0 type=0x41 class=0x44 status=0xff surface=
0x14e1500:	"Next"
UPSTREAM_CONTEXT row=0 value=0x14e151e:	""
UPSTREAM_CONTEXT_BYTES row=0 bytes:
0x14e151e:	0x00	0x00	0x00	0x00	0x00	0x00	0x00	0x00
0x14e1526:	0x00	0x00	0x00	0x00
UPSTREAM row=1 source=0 type=0x41 class=0x44 status=0xff surface=
0x14e1500:	"Next"
UPSTREAM_CONTEXT row=1 value=0x14e151e:	""
UPSTREAM_CONTEXT_BYTES row=1 bytes:
0x14e151e:	0x00	0x00	0x00	0x00	0x00	0x00	0x00	0x00
0x14e1526:	0x00	0x00	0x00	0x00
Temporary breakpoint 29 at 0x1000e365
CONTEXT_RETURN count=2
ROW index=0 flags=0x50 source=0 class=0 marker=0x30 surface=0x16f057d:	"Next"
ROW_CODE index=0 bytes:
0x16f059b:	0x2d	0x18	0x2a	0x37	0x39	0x00	0x00	0x00
0x16f05a3:	0x00	0x00	0x00	0x00	0x00	0x00	0x00	0x00
0x16f05ab:	0x00	0x00	0x00	0x00	0x00	0x00	0x00	0x00
ROW_META index=0 words:0x16f05de:	0	0	0	1
ROW index=1 flags=0 source=0 class=0x45 marker=0x30 surface=0x16f05ed:	"."
ROW_CODE index=1 bytes:
0x16f060b:	0x00	0x30	0x39	0x23	0x15	0x00	0x02	0x36
0x16f0613:	0x00	0x23	0x15	0x00	0x00	0x00	0x00	0x00
0x16f061b:	0x00	0x00	0x00	0x00	0x00	0x00	0x00	0x00
ROW_META index=1 words:0x16f064e:	0	0	0	0
CONTEXT_ENTRY count=5 rows=0x16f0572 upstream=0x14e14cc
UPSTREAM row=0 source=0 type=0x41 class=0x44 status=0xff surface=
0x14e1500:	"Acme"
UPSTREAM_CONTEXT row=0 value=0x14e151e:	""
UPSTREAM_CONTEXT_BYTES row=0 bytes:
0x14e151e:	0x00	0x00	0x00	0x00	0x00	0x00	0x00	0x00
0x14e1526:	0x00	0x00	0x00	0x00
UPSTREAM row=1 source=1 type=0x41 class=0x44 status=0xff surface=
0x14e1594:	"JNR"
UPSTREAM_CONTEXT row=1 value=0x14e15b2:	""
UPSTREAM_CONTEXT_BYTES row=1 bytes:
0x14e15b2:	0x00	0x00	0x00	0x00	0x00	0x00	0x00	0x00
0x14e15ba:	0x00	0x00	0x00	0x00
UPSTREAM row=2 source=2 type=0x41 class=0x44 status=0xff surface=
0x14e1628:	"hired"
UPSTREAM_CONTEXT row=2 value=0x14e1646:	""
UPSTREAM_CONTEXT_BYTES row=2 bytes:
0x14e1646:	0x00	0x00	0x00	0x00	0x00	0x00	0x00	0x00
0x14e164e:	0x00	0x00	0x00	0x00
UPSTREAM row=3 source=3 type=0x41 class=0x44 status=0xff surface=
0x14e16bc:	"Lee"
UPSTREAM_CONTEXT row=3 value=0x14e16da:	""
UPSTREAM_CONTEXT_BYTES row=3 bytes:
0x14e16da:	0x00	0x00	0x00	0x00	0x00	0x00	0x00	0x00
0x14e16e2:	0x00	0x00	0x00	0x00
UPSTREAM row=4 source=3 type=0x41 class=0x44 status=0xff surface=
0x14e16bc:	"Lee"
UPSTREAM_CONTEXT row=4 value=0x14e16da:	""
UPSTREAM_CONTEXT_BYTES row=4 bytes:
0x14e16da:	0x00	0x00	0x00	0x00	0x00	0x00	0x00	0x00
0x14e16e2:	0x00	0x00	0x00	0x00
Temporary breakpoint 30 at 0x1000e365
CONTEXT_RETURN count=5
ROW index=0 flags=0x1 source=0 class=0 marker=0x30 surface=0x16f057d:	"Acme"
ROW_CODE index=0 bytes:
0x16f059b:	0x05	0x2a	0x2c	0x26	0x00	0x00	0x00	0x00
0x16f05a3:	0x00	0x00	0x00	0x00	0x00	0x00	0x00	0x00
0x16f05ab:	0x00	0x00	0x00	0x00	0x00	0x00	0x00	0x00
ROW_META index=0 words:0x16f05de:	0	1	0	0
ROW index=1 flags=0x20 source=1 class=0 marker=0x30 surface=0x16f05ed:	"JNR"
ROW_CODE index=1 bytes:
0x16f060b:	0x29	0x1e	0x64	0x18	0x2d	0x64	0x02	0x36
0x16f0613:	0x00	0x23	0x15	0x00	0x00	0x00	0x00	0x00
0x16f061b:	0x00	0x00	0x00	0x00	0x00	0x00	0x00	0x00
ROW_META index=1 words:0x16f064e:	1	0	1	0
ROW index=2 flags=0x50 source=2 class=0 marker=0x30 surface=0x16f065d:	"hired"
ROW_CODE index=2 bytes:
0x16f067b:	0x22	0x11	0x1a	0x15	0x00	0x64	0x02	0x36
0x16f0683:	0x00	0x23	0x15	0x00	0x00	0x00	0x00	0x00
0x16f068b:	0x00	0x00	0x00	0x00	0x00	0x00	0x00	0x00
ROW_META index=2 words:0x16f06be:	0	0	0	1
ROW index=3 flags=0x50 source=3 class=0 marker=0x30 surface=0x16f06cd:	"Lee"
ROW_CODE index=3 bytes:
0x16f06eb:	0x2b	0x27	0x00	0x1e	0x00	0x00	0x00	0x00
0x16f06f3:	0x00	0x00	0x00	0x00	0x00	0x00	0x00	0x00
0x16f06fb:	0x00	0x00	0x00	0x00	0x00	0x00	0x00	0x00
ROW_META index=3 words:0x16f072e:	1	0	1	1
ROW index=4 flags=0 source=3 class=0x45 marker=0x30 surface=0x16f073d:	"."
ROW_CODE index=4 bytes:
0x16f075b:	0x00	0x27	0x00	0x00	0x00	0x00	0x00	0x00
0x16f0763:	0x00	0x00	0x00	0x00	0x00	0x00	0x00	0x00
0x16f076b:	0x00	0x00	0x00	0x00	0x00	0x00	0x00	0x00
ROW_META index=4 words:0x16f079e:	0	0	0	0
CONTEXT_ENTRY count=2 rows=0x16f0572 upstream=0x14e14cc
UPSTREAM row=0 source=0 type=0x41 class=0x44 status=0xff surface=
0x14e1500:	"Next"
UPSTREAM_CONTEXT row=0 value=0x14e151e:	""
UPSTREAM_CONTEXT_BYTES row=0 bytes:
0x14e151e:	0x00	0x00	0x00	0x00	0x00	0x00	0x00	0x00
0x14e1526:	0x00	0x00	0x00	0x00
UPSTREAM row=1 source=0 type=0x41 class=0x44 status=0xff surface=
0x14e1500:	"Next"
UPSTREAM_CONTEXT row=1 value=0x14e151e:	""
UPSTREAM_CONTEXT_BYTES row=1 bytes:
0x14e151e:	0x00	0x00	0x00	0x00	0x00	0x00	0x00	0x00
0x14e1526:	0x00	0x00	0x00	0x00
Temporary breakpoint 31 at 0x1000e365
CONTEXT_RETURN count=2
ROW index=0 flags=0x50 source=0 class=0 marker=0x30 surface=0x16f057d:	"Next"
ROW_CODE index=0 bytes:
0x16f059b:	0x2d	0x18	0x2a	0x37	0x39	0x00	0x00	0x00
0x16f05a3:	0x00	0x00	0x00	0x00	0x00	0x00	0x00	0x00
0x16f05ab:	0x00	0x00	0x00	0x00	0x00	0x00	0x00	0x00
ROW_META index=0 words:0x16f05de:	0	0	0	1
ROW index=1 flags=0 source=0 class=0x45 marker=0x30 surface=0x16f05ed:	"."
ROW_CODE index=1 bytes:
0x16f060b:	0x00	0x1e	0x64	0x18	0x2d	0x64	0x02	0x36
0x16f0613:	0x00	0x23	0x15	0x00	0x00	0x00	0x00	0x00
0x16f061b:	0x00	0x00	0x00	0x00	0x00	0x00	0x00	0x00
ROW_META index=1 words:0x16f064e:	0	0	0	0
CONTEXT_ENTRY count=5 rows=0x16f0572 upstream=0x14e14cc
UPSTREAM row=0 source=0 type=0x41 class=0x44 status=0xff surface=
0x14e1500:	"Acme"
UPSTREAM_CONTEXT row=0 value=0x14e151e:	""
UPSTREAM_CONTEXT_BYTES row=0 bytes:
0x14e151e:	0x00	0x00	0x00	0x00	0x00	0x00	0x00	0x00
0x14e1526:	0x00	0x00	0x00	0x00
UPSTREAM row=1 source=1 type=0x41 class=0x44 status=0xff surface=
0x14e1594:	"junior"
UPSTREAM_CONTEXT row=1 value=0x14e15b2:	""
UPSTREAM_CONTEXT_BYTES row=1 bytes:
0x14e15b2:	0x00	0x00	0x00	0x00	0x00	0x00	0x00	0x00
0x14e15ba:	0x00	0x00	0x00	0x00
UPSTREAM row=2 source=2 type=0x41 class=0x44 status=0xff surface=
0x14e1628:	"hired"
UPSTREAM_CONTEXT row=2 value=0x14e1646:	""
UPSTREAM_CONTEXT_BYTES row=2 bytes:
0x14e1646:	0x00	0x00	0x00	0x00	0x00	0x00	0x00	0x00
0x14e164e:	0x00	0x00	0x00	0x00
UPSTREAM row=3 source=3 type=0x41 class=0x44 status=0xff surface=
0x14e16bc:	"Lee"
UPSTREAM_CONTEXT row=3 value=0x14e16da:	""
UPSTREAM_CONTEXT_BYTES row=3 bytes:
0x14e16da:	0x00	0x00	0x00	0x00	0x00	0x00	0x00	0x00
0x14e16e2:	0x00	0x00	0x00	0x00
UPSTREAM row=4 source=3 type=0x41 class=0x44 status=0xff surface=
0x14e16bc:	"Lee"
UPSTREAM_CONTEXT row=4 value=0x14e16da:	""
UPSTREAM_CONTEXT_BYTES row=4 bytes:
0x14e16da:	0x00	0x00	0x00	0x00	0x00	0x00	0x00	0x00
0x14e16e2:	0x00	0x00	0x00	0x00
Temporary breakpoint 32 at 0x1000e365
CONTEXT_RETURN count=5
ROW index=0 flags=0x1 source=0 class=0 marker=0x30 surface=0x16f057d:	"Acme"
ROW_CODE index=0 bytes:
0x16f059b:	0x05	0x2a	0x2c	0x26	0x00	0x00	0x00	0x00
0x16f05a3:	0x00	0x00	0x00	0x00	0x00	0x00	0x00	0x00
0x16f05ab:	0x00	0x00	0x00	0x00	0x00	0x00	0x00	0x00
ROW_META index=0 words:0x16f05de:	0	1	0	0
ROW index=1 flags=0x50 source=1 class=0 marker=0x30 surface=
0x16f05ed:	"junior"
ROW_CODE index=1 bytes:
0x16f060b:	0x29	0x3f	0x2d	0x43	0x1a	0x00	0x00	0x36
0x16f0613:	0x00	0x23	0x15	0x00	0x00	0x00	0x00	0x00
0x16f061b:	0x00	0x00	0x00	0x00	0x00	0x00	0x00	0x00
ROW_META index=1 words:0x16f064e:	0	0	0	1
ROW index=2 flags=0x50 source=2 class=0 marker=0x30 surface=0x16f065d:	"hired"
ROW_CODE index=2 bytes:
0x16f067b:	0x22	0x11	0x1a	0x15	0x00	0x64	0x02	0x36
0x16f0683:	0x00	0x23	0x15	0x00	0x00	0x00	0x00	0x00
0x16f068b:	0x00	0x00	0x00	0x00	0x00	0x00	0x00	0x00
ROW_META index=2 words:0x16f06be:	0	0	0	1
ROW index=3 flags=0x50 source=3 class=0 marker=0x30 surface=0x16f06cd:	"Lee"
ROW_CODE index=3 bytes:
0x16f06eb:	0x2b	0x27	0x00	0x1e	0x00	0x00	0x00	0x00
0x16f06f3:	0x00	0x00	0x00	0x00	0x00	0x00	0x00	0x00
0x16f06fb:	0x00	0x00	0x00	0x00	0x00	0x00	0x00	0x00
ROW_META index=3 words:0x16f072e:	1	0	1	1
ROW index=4 flags=0 source=3 class=0x45 marker=0x30 surface=0x16f073d:	"."
ROW_CODE index=4 bytes:
0x16f075b:	0x00	0x27	0x00	0x00	0x00	0x00	0x00	0x00
0x16f0763:	0x00	0x00	0x00	0x00	0x00	0x00	0x00	0x00
0x16f076b:	0x00	0x00	0x00	0x00	0x00	0x00	0x00	0x00
ROW_META index=4 words:0x16f079e:	0	0	0	0
CONTEXT_ENTRY count=2 rows=0x16f0572 upstream=0x14e14cc
UPSTREAM row=0 source=0 type=0x41 class=0x44 status=0xff surface=
0x14e1500:	"Next"
UPSTREAM_CONTEXT row=0 value=0x14e151e:	""
UPSTREAM_CONTEXT_BYTES row=0 bytes:
0x14e151e:	0x00	0x00	0x00	0x00	0x00	0x00	0x00	0x00
0x14e1526:	0x00	0x00	0x00	0x00
UPSTREAM row=1 source=0 type=0x41 class=0x44 status=0xff surface=
0x14e1500:	"Next"
UPSTREAM_CONTEXT row=1 value=0x14e151e:	""
UPSTREAM_CONTEXT_BYTES row=1 bytes:
0x14e151e:	0x00	0x00	0x00	0x00	0x00	0x00	0x00	0x00
0x14e1526:	0x00	0x00	0x00	0x00
Temporary breakpoint 33 at 0x1000e365
CONTEXT_RETURN count=2
ROW index=0 flags=0x50 source=0 class=0 marker=0x30 surface=0x16f057d:	"Next"
ROW_CODE index=0 bytes:
0x16f059b:	0x2d	0x18	0x2a	0x37	0x39	0x00	0x00	0x00
0x16f05a3:	0x00	0x00	0x00	0x00	0x00	0x00	0x00	0x00
0x16f05ab:	0x00	0x00	0x00	0x00	0x00	0x00	0x00	0x00
ROW_META index=0 words:0x16f05de:	0	0	0	1
ROW index=1 flags=0 source=0 class=0x45 marker=0x30 surface=0x16f05ed:	"."
ROW_CODE index=1 bytes:
0x16f060b:	0x00	0x3f	0x2d	0x43	0x1a	0x00	0x00	0x36
0x16f0613:	0x00	0x23	0x15	0x00	0x00	0x00	0x00	0x00
0x16f061b:	0x00	0x00	0x00	0x00	0x00	0x00	0x00	0x00
ROW_META index=1 words:0x16f064e:	0	0	0	0
CONTEXT_ENTRY count=6 rows=0x16f0572 upstream=0x14e14cc
UPSTREAM row=0 source=0 type=0x41 class=0x44 status=0xff surface=
0x14e1500:	"Acme"
UPSTREAM_CONTEXT row=0 value=0x14e151e:	""
UPSTREAM_CONTEXT_BYTES row=0 bytes:
0x14e151e:	0x00	0x00	0x00	0x00	0x00	0x00	0x00	0x00
0x14e1526:	0x00	0x00	0x00	0x00
UPSTREAM row=1 source=0 type=0x41 class=0x44 status=0xff surface=
0x14e1500:	"Acme"
UPSTREAM_CONTEXT row=1 value=0x14e151e:	""
UPSTREAM_CONTEXT_BYTES row=1 bytes:
0x14e151e:	0x00	0x00	0x00	0x00	0x00	0x00	0x00	0x00
0x14e1526:	0x00	0x00	0x00	0x00
UPSTREAM row=2 source=1 type=0x41 class=0x44 status=0xff surface=
0x14e1594:	"junior"
UPSTREAM_CONTEXT row=2 value=0x14e15b2:	""
UPSTREAM_CONTEXT_BYTES row=2 bytes:
0x14e15b2:	0x00	0x00	0x00	0x00	0x00	0x00	0x00	0x00
0x14e15ba:	0x00	0x00	0x00	0x00
UPSTREAM row=3 source=2 type=0x41 class=0x44 status=0xff surface=
0x14e1628:	"hired"
UPSTREAM_CONTEXT row=3 value=0x14e1646:	""
UPSTREAM_CONTEXT_BYTES row=3 bytes:
0x14e1646:	0x00	0x00	0x00	0x00	0x00	0x00	0x00	0x00
0x14e164e:	0x00	0x00	0x00	0x00
UPSTREAM row=4 source=3 type=0x41 class=0x44 status=0xff surface=
0x14e16bc:	"Lee"
UPSTREAM_CONTEXT row=4 value=0x14e16da:	""
UPSTREAM_CONTEXT_BYTES row=4 bytes:
0x14e16da:	0x00	0x00	0x00	0x00	0x00	0x00	0x00	0x00
0x14e16e2:	0x00	0x00	0x00	0x00
UPSTREAM row=5 source=3 type=0x41 class=0x44 status=0xff surface=
0x14e16bc:	"Lee"
UPSTREAM_CONTEXT row=5 value=0x14e16da:	""
UPSTREAM_CONTEXT_BYTES row=5 bytes:
0x14e16da:	0x00	0x00	0x00	0x00	0x00	0x00	0x00	0x00
0x14e16e2:	0x00	0x00	0x00	0x00
Temporary breakpoint 34 at 0x1000e365
CONTEXT_RETURN count=6
ROW index=0 flags=0x1 source=0 class=0 marker=0x30 surface=0x16f057d:	"Acme"
ROW_CODE index=0 bytes:
0x16f059b:	0x05	0x2a	0x2c	0x26	0x00	0x00	0x00	0x00
0x16f05a3:	0x00	0x00	0x00	0x00	0x00	0x00	0x00	0x00
0x16f05ab:	0x00	0x00	0x00	0x00	0x00	0x00	0x00	0x00
ROW_META index=0 words:0x16f05de:	0	1	0	0
ROW index=1 flags=0 source=0 class=0x45 marker=0x30 surface=0x16f05ed:	","
ROW_CODE index=1 bytes:
0x16f060b:	0x00	0x3f	0x2d	0x43	0x1a	0x00	0x00	0x36
0x16f0613:	0x00	0x23	0x15	0x00	0x00	0x00	0x00	0x00
0x16f061b:	0x00	0x00	0x00	0x00	0x00	0x00	0x00	0x00
ROW_META index=1 words:0x16f064e:	0	0	0	0
ROW index=2 flags=0x50 source=1 class=0 marker=0x30 surface=
0x16f065d:	"junior"
ROW_CODE index=2 bytes:
0x16f067b:	0x29	0x3f	0x2d	0x43	0x1a	0x00	0x00	0x36
0x16f0683:	0x00	0x23	0x15	0x00	0x00	0x00	0x00	0x00
0x16f068b:	0x00	0x00	0x00	0x00	0x00	0x00	0x00	0x00
ROW_META index=2 words:0x16f06be:	0	0	0	1
ROW index=3 flags=0x50 source=2 class=0 marker=0x30 surface=0x16f06cd:	"hired"
ROW_CODE index=3 bytes:
0x16f06eb:	0x22	0x11	0x1a	0x15	0x00	0x00	0x00	0x00
0x16f06f3:	0x00	0x00	0x00	0x00	0x00	0x00	0x00	0x00
0x16f06fb:	0x00	0x00	0x00	0x00	0x00	0x00	0x00	0x00
ROW_META index=3 words:0x16f072e:	0	0	0	1
ROW index=4 flags=0x50 source=3 class=0 marker=0x30 surface=0x16f073d:	"Lee"
ROW_CODE index=4 bytes:
0x16f075b:	0x2b	0x27	0x00	0x00	0x00	0x00	0x00	0x00
0x16f0763:	0x00	0x00	0x00	0x00	0x00	0x00	0x00	0x00
0x16f076b:	0x00	0x00	0x00	0x00	0x00	0x00	0x00	0x00
ROW_META index=4 words:0x16f079e:	1	0	1	1
ROW index=5 flags=0 source=3 class=0x45 marker=0x30 surface=0x16f07ad:	"."
ROW_CODE index=5 bytes:
0x16f07cb:	0x00	0x00	0x00	0x00	0x00	0x00	0x00	0x00
0x16f07d3:	0x00	0x00	0x00	0x00	0x00	0x00	0x00	0x00
0x16f07db:	0x00	0x00	0x00	0x00	0x00	0x00	0x00	0x00
ROW_META index=5 words:0x16f080e:	0	0	0	0
CONTEXT_ENTRY count=2 rows=0x16f0572 upstream=0x14e14cc
UPSTREAM row=0 source=0 type=0x41 class=0x44 status=0xff surface=
0x14e1500:	"Next"
UPSTREAM_CONTEXT row=0 value=0x14e151e:	""
UPSTREAM_CONTEXT_BYTES row=0 bytes:
0x14e151e:	0x00	0x00	0x00	0x00	0x00	0x00	0x00	0x00
0x14e1526:	0x00	0x00	0x00	0x00
UPSTREAM row=1 source=0 type=0x41 class=0x44 status=0xff surface=
0x14e1500:	"Next"
UPSTREAM_CONTEXT row=1 value=0x14e151e:	""
UPSTREAM_CONTEXT_BYTES row=1 bytes:
0x14e151e:	0x00	0x00	0x00	0x00	0x00	0x00	0x00	0x00
0x14e1526:	0x00	0x00	0x00	0x00
Temporary breakpoint 35 at 0x1000e365
CONTEXT_RETURN count=2
ROW index=0 flags=0x50 source=0 class=0 marker=0x30 surface=0x16f057d:	"Next"
ROW_CODE index=0 bytes:
0x16f059b:	0x2d	0x18	0x2a	0x37	0x39	0x00	0x00	0x00
0x16f05a3:	0x00	0x00	0x00	0x00	0x00	0x00	0x00	0x00
0x16f05ab:	0x00	0x00	0x00	0x00	0x00	0x00	0x00	0x00
ROW_META index=0 words:0x16f05de:	0	0	0	1
ROW index=1 flags=0 source=0 class=0x45 marker=0x30 surface=0x16f05ed:	"."
ROW_CODE index=1 bytes:
0x16f060b:	0x00	0x3f	0x2d	0x43	0x1a	0x00	0x00	0x36
0x16f0613:	0x00	0x23	0x15	0x00	0x00	0x00	0x00	0x00
0x16f061b:	0x00	0x00	0x00	0x00	0x00	0x00	0x00	0x00
ROW_META index=1 words:0x16f064e:	0	0	0	0
CONTEXT_ENTRY count=5 rows=0x16f0572 upstream=0x14e14cc
UPSTREAM row=0 source=0 type=0x41 class=0x44 status=0xff surface=
0x14e1500:	"Acme"
UPSTREAM_CONTEXT row=0 value=0x14e151e:	""
UPSTREAM_CONTEXT_BYTES row=0 bytes:
0x14e151e:	0x00	0x00	0x00	0x00	0x00	0x00	0x00	0x00
0x14e1526:	0x00	0x00	0x00	0x00
UPSTREAM row=1 source=1 type=0x41 class=0x44 status=0xff surface=
0x14e1594:	"junior"
UPSTREAM_CONTEXT row=1 value=0x14e15b2:	""
UPSTREAM_CONTEXT_BYTES row=1 bytes:
0x14e15b2:	0x00	0x00	0x00	0x00	0x00	0x00	0x00	0x00
0x14e15ba:	0x00	0x00	0x00	0x00
UPSTREAM row=2 source=2 type=0x41 class=0x44 status=0xff surface=
0x14e1628:	"hired"
UPSTREAM_CONTEXT row=2 value=0x14e1646:	""
UPSTREAM_CONTEXT_BYTES row=2 bytes:
0x14e1646:	0x00	0x00	0x00	0x00	0x00	0x00	0x00	0x00
0x14e164e:	0x00	0x00	0x00	0x00
UPSTREAM row=3 source=3 type=0x41 class=0x44 status=0xff surface=
0x14e16bc:	"Lee"
UPSTREAM_CONTEXT row=3 value=0x14e16da:	""
UPSTREAM_CONTEXT_BYTES row=3 bytes:
0x14e16da:	0x00	0x00	0x00	0x00	0x00	0x00	0x00	0x00
0x14e16e2:	0x00	0x00	0x00	0x00
UPSTREAM row=4 source=3 type=0x41 class=0x44 status=0xff surface=
0x14e16bc:	"Lee"
UPSTREAM_CONTEXT row=4 value=0x14e16da:	""
UPSTREAM_CONTEXT_BYTES row=4 bytes:
0x14e16da:	0x00	0x00	0x00	0x00	0x00	0x00	0x00	0x00
0x14e16e2:	0x00	0x00	0x00	0x00
Temporary breakpoint 36 at 0x1000e365
CONTEXT_RETURN count=5
ROW index=0 flags=0x1 source=0 class=0 marker=0x30 surface=0x16f057d:	"Acme"
ROW_CODE index=0 bytes:
0x16f059b:	0x05	0x2a	0x2c	0x26	0x00	0x00	0x00	0x00
0x16f05a3:	0x00	0x00	0x00	0x00	0x00	0x00	0x00	0x00
0x16f05ab:	0x00	0x00	0x00	0x00	0x00	0x00	0x00	0x00
ROW_META index=0 words:0x16f05de:	0	1	0	0
ROW index=1 flags=0x50 source=1 class=0 marker=0x30 surface=
0x16f05ed:	"junior"
ROW_CODE index=1 bytes:
0x16f060b:	0x29	0x3f	0x2d	0x43	0x1a	0x00	0x00	0x36
0x16f0613:	0x00	0x23	0x15	0x00	0x00	0x00	0x00	0x00
0x16f061b:	0x00	0x00	0x00	0x00	0x00	0x00	0x00	0x00
ROW_META index=1 words:0x16f064e:	0	0	0	1
ROW index=2 flags=0x50 source=2 class=0 marker=0x30 surface=0x16f065d:	"hired"
ROW_CODE index=2 bytes:
0x16f067b:	0x22	0x11	0x1a	0x15	0x00	0x00	0x00	0x36
0x16f0683:	0x00	0x23	0x15	0x00	0x00	0x00	0x00	0x00
0x16f068b:	0x00	0x00	0x00	0x00	0x00	0x00	0x00	0x00
ROW_META index=2 words:0x16f06be:	0	0	0	1
ROW index=3 flags=0x50 source=3 class=0 marker=0x30 surface=0x16f06cd:	"Lee"
ROW_CODE index=3 bytes:
0x16f06eb:	0x2b	0x27	0x00	0x15	0x00	0x00	0x00	0x00
0x16f06f3:	0x00	0x00	0x00	0x00	0x00	0x00	0x00	0x00
0x16f06fb:	0x00	0x00	0x00	0x00	0x00	0x00	0x00	0x00
ROW_META index=3 words:0x16f072e:	1	0	1	1
ROW index=4 flags=0 source=3 class=0x45 marker=0x30 surface=0x16f073d:	"."
ROW_CODE index=4 bytes:
0x16f075b:	0x00	0x27	0x00	0x00	0x00	0x00	0x00	0x00
0x16f0763:	0x00	0x00	0x00	0x00	0x00	0x00	0x00	0x00
0x16f076b:	0x00	0x00	0x00	0x00	0x00	0x00	0x00	0x00
ROW_META index=4 words:0x16f079e:	0	0	0	0
CONTEXT_ENTRY count=2 rows=0x16f0572 upstream=0x14e14cc
UPSTREAM row=0 source=0 type=0x41 class=0x44 status=0xff surface=
0x14e1500:	"Next"
UPSTREAM_CONTEXT row=0 value=0x14e151e:	""
UPSTREAM_CONTEXT_BYTES row=0 bytes:
0x14e151e:	0x00	0x00	0x00	0x00	0x00	0x00	0x00	0x00
0x14e1526:	0x00	0x00	0x00	0x00
UPSTREAM row=1 source=0 type=0x41 class=0x44 status=0xff surface=
0x14e1500:	"Next"
UPSTREAM_CONTEXT row=1 value=0x14e151e:	""
UPSTREAM_CONTEXT_BYTES row=1 bytes:
0x14e151e:	0x00	0x00	0x00	0x00	0x00	0x00	0x00	0x00
0x14e1526:	0x00	0x00	0x00	0x00
Temporary breakpoint 37 at 0x1000e365
CONTEXT_RETURN count=2
ROW index=0 flags=0x50 source=0 class=0 marker=0x30 surface=0x16f057d:	"Next"
ROW_CODE index=0 bytes:
0x16f059b:	0x2d	0x18	0x2a	0x37	0x39	0x00	0x00	0x00
0x16f05a3:	0x00	0x00	0x00	0x00	0x00	0x00	0x00	0x00
0x16f05ab:	0x00	0x00	0x00	0x00	0x00	0x00	0x00	0x00
ROW_META index=0 words:0x16f05de:	0	0	0	1
ROW index=1 flags=0 source=0 class=0x45 marker=0x30 surface=0x16f05ed:	"."
ROW_CODE index=1 bytes:
0x16f060b:	0x00	0x3f	0x2d	0x43	0x1a	0x00	0x00	0x36
0x16f0613:	0x00	0x23	0x15	0x00	0x00	0x00	0x00	0x00
0x16f061b:	0x00	0x00	0x00	0x00	0x00	0x00	0x00	0x00
ROW_META index=1 words:0x16f064e:	0	0	0	0
CONTEXT_ENTRY count=5 rows=0x16f0572 upstream=0x14e14cc
UPSTREAM row=0 source=0 type=0x41 class=0x44 status=0xff surface=
0x14e1500:	"We"
UPSTREAM_CONTEXT row=0 value=0x14e151e:	""
UPSTREAM_CONTEXT_BYTES row=0 bytes:
0x14e151e:	0x00	0x00	0x00	0x00	0x00	0x00	0x00	0x00
0x14e1526:	0x00	0x00	0x00	0x00
UPSTREAM row=1 source=1 type=0x41 class=0x44 status=0xff surface=
0x14e1594:	"noted"
UPSTREAM_CONTEXT row=1 value=0x14e15b2:	""
UPSTREAM_CONTEXT_BYTES row=1 bytes:
0x14e15b2:	0x00	0x00	0x00	0x00	0x00	0x00	0x00	0x00
0x14e15ba:	0x00	0x00	0x00	0x00
UPSTREAM row=2 source=2 type=0x41 class=0x44 status=0xff surface=
0x14e1628:	"junior"
UPSTREAM_CONTEXT row=2 value=0x14e1646:	""
UPSTREAM_CONTEXT_BYTES row=2 bytes:
0x14e1646:	0x00	0x00	0x00	0x00	0x00	0x00	0x00	0x00
0x14e164e:	0x00	0x00	0x00	0x00
UPSTREAM row=3 source=3 type=0x41 class=0x44 status=0xff surface=
0x14e16bc:	"today"
UPSTREAM_CONTEXT row=3 value=0x14e16da:	""
UPSTREAM_CONTEXT_BYTES row=3 bytes:
0x14e16da:	0x00	0x00	0x00	0x00	0x00	0x00	0x00	0x00
0x14e16e2:	0x00	0x00	0x00	0x00
UPSTREAM row=4 source=3 type=0x41 class=0x44 status=0xff surface=
0x14e16bc:	"today"
UPSTREAM_CONTEXT row=4 value=0x14e16da:	""
UPSTREAM_CONTEXT_BYTES row=4 bytes:
0x14e16da:	0x00	0x00	0x00	0x00	0x00	0x00	0x00	0x00
0x14e16e2:	0x00	0x00	0x00	0x00
Temporary breakpoint 38 at 0x1000e365
CONTEXT_RETURN count=5
ROW index=0 flags=0x50 source=0 class=0x41 marker=0x30 surface=
0x16f057d:	"We"
ROW_CODE index=0 bytes:
0x16f059b:	0x42	0x27	0x00	0x37	0x39	0x00	0x00	0x00
0x16f05a3:	0x00	0x00	0x00	0x00	0x00	0x00	0x00	0x00
0x16f05ab:	0x00	0x00	0x00	0x00	0x00	0x00	0x00	0x00
ROW_META index=0 words:0x16f05de:	0	0	0	1
ROW index=1 flags=0x50 source=1 class=0 marker=0x30 surface=0x16f05ed:	"noted"
ROW_CODE index=1 bytes:
0x16f060b:	0x2d	0x30	0x39	0x23	0x15	0x00	0x00	0x36
0x16f0613:	0x00	0x23	0x15	0x00	0x00	0x00	0x00	0x00
0x16f061b:	0x00	0x00	0x00	0x00	0x00	0x00	0x00	0x00
ROW_META index=1 words:0x16f064e:	0	0	0	1
ROW index=2 flags=0x50 source=2 class=0 marker=0x30 surface=
0x16f065d:	"junior"
ROW_CODE index=2 bytes:
0x16f067b:	0x29	0x3f	0x2d	0x43	0x1a	0x00	0x00	0x36
0x16f0683:	0x00	0x23	0x15	0x00	0x00	0x00	0x00	0x00
0x16f068b:	0x00	0x00	0x00	0x00	0x00	0x00	0x00	0x00
ROW_META index=2 words:0x16f06be:	0	0	0	1
ROW index=3 flags=0x1 source=3 class=0 marker=0x30 surface=0x16f06cd:	"today"
ROW_CODE index=3 bytes:
0x16f06eb:	0x39	0x07	0x15	0x1e	0x00	0x00	0x00	0x00
0x16f06f3:	0x00	0x00	0x00	0x00	0x00	0x00	0x00	0x00
0x16f06fb:	0x00	0x00	0x00	0x00	0x00	0x00	0x00	0x00
ROW_META index=3 words:0x16f072e:	0	0	0	0
ROW index=4 flags=0 source=3 class=0x45 marker=0x30 surface=0x16f073d:	"."
ROW_CODE index=4 bytes:
0x16f075b:	0x00	0x27	0x00	0x00	0x00	0x00	0x00	0x00
0x16f0763:	0x00	0x00	0x00	0x00	0x00	0x00	0x00	0x00
0x16f076b:	0x00	0x00	0x00	0x00	0x00	0x00	0x00	0x00
ROW_META index=4 words:0x16f079e:	0	0	0	0
CONTEXT_ENTRY count=2 rows=0x16f0572 upstream=0x14e14cc
UPSTREAM row=0 source=0 type=0x41 class=0x44 status=0xff surface=
0x14e1500:	"Next"
UPSTREAM_CONTEXT row=0 value=0x14e151e:	""
UPSTREAM_CONTEXT_BYTES row=0 bytes:
0x14e151e:	0x00	0x00	0x00	0x00	0x00	0x00	0x00	0x00
0x14e1526:	0x00	0x00	0x00	0x00
UPSTREAM row=1 source=0 type=0x41 class=0x44 status=0xff surface=
0x14e1500:	"Next"
UPSTREAM_CONTEXT row=1 value=0x14e151e:	""
UPSTREAM_CONTEXT_BYTES row=1 bytes:
0x14e151e:	0x00	0x00	0x00	0x00	0x00	0x00	0x00	0x00
0x14e1526:	0x00	0x00	0x00	0x00
Temporary breakpoint 39 at 0x1000e365
CONTEXT_RETURN count=2
ROW index=0 flags=0x50 source=0 class=0 marker=0x30 surface=0x16f057d:	"Next"
ROW_CODE index=0 bytes:
0x16f059b:	0x2d	0x18	0x2a	0x37	0x39	0x00	0x00	0x00
0x16f05a3:	0x00	0x00	0x00	0x00	0x00	0x00	0x00	0x00
0x16f05ab:	0x00	0x00	0x00	0x00	0x00	0x00	0x00	0x00
ROW_META index=0 words:0x16f05de:	0	0	0	1
ROW index=1 flags=0 source=0 class=0x45 marker=0x30 surface=0x16f05ed:	"."
ROW_CODE index=1 bytes:
0x16f060b:	0x00	0x30	0x39	0x23	0x15	0x00	0x00	0x36
0x16f0613:	0x00	0x23	0x15	0x00	0x00	0x00	0x00	0x00
0x16f061b:	0x00	0x00	0x00	0x00	0x00	0x00	0x00	0x00
ROW_META index=1 words:0x16f064e:	0	0	0	0
CONTEXT_ENTRY count=5 rows=0x16f0572 upstream=0x14e14cc
UPSTREAM row=0 source=0 type=0x41 class=0x44 status=0xff surface=
0x14e1500:	"Acme"
UPSTREAM_CONTEXT row=0 value=0x14e151e:	""
UPSTREAM_CONTEXT_BYTES row=0 bytes:
0x14e151e:	0x00	0x00	0x00	0x00	0x00	0x00	0x00	0x00
0x14e1526:	0x00	0x00	0x00	0x00
UPSTREAM row=1 source=1 type=0x41 class=0x44 status=0xff surface=
0x14e1594:	"junior"
UPSTREAM_CONTEXT row=1 value=0x14e15b2:	""
UPSTREAM_CONTEXT_BYTES row=1 bytes:
0x14e15b2:	0x00	0x00	0x00	0x00	0x00	0x00	0x00	0x00
0x14e15ba:	0x00	0x00	0x00	0x00
UPSTREAM row=2 source=2 type=0x41 class=0x44 status=0xff surface=
0x14e1628:	"hired"
UPSTREAM_CONTEXT row=2 value=0x14e1646:	""
UPSTREAM_CONTEXT_BYTES row=2 bytes:
0x14e1646:	0x00	0x00	0x00	0x00	0x00	0x00	0x00	0x00
0x14e164e:	0x00	0x00	0x00	0x00
UPSTREAM row=3 source=3 type=0x41 class=0x44 status=0xff surface=
0x14e16bc:	"Lee"
UPSTREAM_CONTEXT row=3 value=0x14e16da:	""
UPSTREAM_CONTEXT_BYTES row=3 bytes:
0x14e16da:	0x00	0x00	0x00	0x00	0x00	0x00	0x00	0x00
0x14e16e2:	0x00	0x00	0x00	0x00
UPSTREAM row=4 source=3 type=0x41 class=0x44 status=0xff surface=
0x14e16bc:	"Lee"
UPSTREAM_CONTEXT row=4 value=0x14e16da:	""
UPSTREAM_CONTEXT_BYTES row=4 bytes:
0x14e16da:	0x00	0x00	0x00	0x00	0x00	0x00	0x00	0x00
0x14e16e2:	0x00	0x00	0x00	0x00
Temporary breakpoint 40 at 0x1000e365
CONTEXT_RETURN count=5
ROW index=0 flags=0x1 source=0 class=0 marker=0x30 surface=0x16f057d:	"Acme"
ROW_CODE index=0 bytes:
0x16f059b:	0x05	0x2a	0x2c	0x26	0x00	0x00	0x00	0x00
0x16f05a3:	0x00	0x00	0x00	0x00	0x00	0x00	0x00	0x00
0x16f05ab:	0x00	0x00	0x00	0x00	0x00	0x00	0x00	0x00
ROW_META index=0 words:0x16f05de:	0	1	0	0
ROW index=1 flags=0x50 source=1 class=0 marker=0x30 surface=
0x16f05ed:	"junior"
ROW_CODE index=1 bytes:
0x16f060b:	0x29	0x3f	0x2d	0x43	0x1a	0x00	0x00	0x36
0x16f0613:	0x00	0x23	0x15	0x00	0x00	0x00	0x00	0x00
0x16f061b:	0x00	0x00	0x00	0x00	0x00	0x00	0x00	0x00
ROW_META index=1 words:0x16f064e:	0	0	0	1
ROW index=2 flags=0x50 source=2 class=0 marker=0x30 surface=0x16f065d:	"hired"
ROW_CODE index=2 bytes:
0x16f067b:	0x22	0x11	0x1a	0x15	0x00	0x00	0x00	0x36
0x16f0683:	0x00	0x23	0x15	0x00	0x00	0x00	0x00	0x00
0x16f068b:	0x00	0x00	0x00	0x00	0x00	0x00	0x00	0x00
ROW_META index=2 words:0x16f06be:	0	0	0	1
ROW index=3 flags=0x50 source=3 class=0 marker=0x30 surface=0x16f06cd:	"Lee"
ROW_CODE index=3 bytes:
0x16f06eb:	0x2b	0x27	0x00	0x1e	0x00	0x00	0x00	0x00
0x16f06f3:	0x00	0x00	0x00	0x00	0x00	0x00	0x00	0x00
0x16f06fb:	0x00	0x00	0x00	0x00	0x00	0x00	0x00	0x00
ROW_META index=3 words:0x16f072e:	1	0	1	1
ROW index=4 flags=0 source=3 class=0x45 marker=0x30 surface=0x16f073d:	"."
ROW_CODE index=4 bytes:
0x16f075b:	0x00	0x27	0x00	0x00	0x00	0x00	0x00	0x00
0x16f0763:	0x00	0x00	0x00	0x00	0x00	0x00	0x00	0x00
0x16f076b:	0x00	0x00	0x00	0x00	0x00	0x00	0x00	0x00
ROW_META index=4 words:0x16f079e:	0	0	0	0
CONTEXT_ENTRY count=2 rows=0x16f0572 upstream=0x14e14cc
UPSTREAM row=0 source=0 type=0x41 class=0x44 status=0xff surface=
0x14e1500:	"Next"
UPSTREAM_CONTEXT row=0 value=0x14e151e:	""
UPSTREAM_CONTEXT_BYTES row=0 bytes:
0x14e151e:	0x00	0x00	0x00	0x00	0x00	0x00	0x00	0x00
0x14e1526:	0x00	0x00	0x00	0x00
UPSTREAM row=1 source=0 type=0x41 class=0x44 status=0xff surface=
0x14e1500:	"Next"
UPSTREAM_CONTEXT row=1 value=0x14e151e:	""
UPSTREAM_CONTEXT_BYTES row=1 bytes:
0x14e151e:	0x00	0x00	0x00	0x00	0x00	0x00	0x00	0x00
0x14e1526:	0x00	0x00	0x00	0x00
Temporary breakpoint 41 at 0x1000e365
CONTEXT_RETURN count=2
ROW index=0 flags=0x50 source=0 class=0 marker=0x30 surface=0x16f057d:	"Next"
ROW_CODE index=0 bytes:
0x16f059b:	0x2d	0x18	0x2a	0x37	0x39	0x00	0x00	0x00
0x16f05a3:	0x00	0x00	0x00	0x00	0x00	0x00	0x00	0x00
0x16f05ab:	0x00	0x00	0x00	0x00	0x00	0x00	0x00	0x00
ROW_META index=0 words:0x16f05de:	0	0	0	1
ROW index=1 flags=0 source=0 class=0x45 marker=0x30 surface=0x16f05ed:	"."
ROW_CODE index=1 bytes:
0x16f060b:	0x00	0x3f	0x2d	0x43	0x1a	0x00	0x00	0x36
0x16f0613:	0x00	0x23	0x15	0x00	0x00	0x00	0x00	0x00
0x16f061b:	0x00	0x00	0x00	0x00	0x00	0x00	0x00	0x00
ROW_META index=1 words:0x16f064e:	0	0	0	0
CONTEXT_ENTRY count=5 rows=0x16f0572 upstream=0x14e14cc
UPSTREAM row=0 source=0 type=0x41 class=0x44 status=0xff surface=
0x14e1500:	"Acme"
UPSTREAM_CONTEXT row=0 value=0x14e151e:	""
UPSTREAM_CONTEXT_BYTES row=0 bytes:
0x14e151e:	0x00	0x00	0x00	0x00	0x00	0x00	0x00	0x00
0x14e1526:	0x00	0x00	0x00	0x00
UPSTREAM row=1 source=1 type=0x41 class=0x44 status=0xff surface=
0x14e1594:	"l.l.c"
UPSTREAM_CONTEXT row=1 value=0x14e15b2:	""
UPSTREAM_CONTEXT_BYTES row=1 bytes:
0x14e15b2:	0x00	0x00	0x00	0x00	0x00	0x00	0x00	0x00
0x14e15ba:	0x00	0x00	0x00	0x00
UPSTREAM row=2 source=2 type=0x41 class=0x44 status=0xff surface=
0x14e1628:	"hired"
UPSTREAM_CONTEXT row=2 value=0x14e1646:	""
UPSTREAM_CONTEXT_BYTES row=2 bytes:
0x14e1646:	0x00	0x00	0x00	0x00	0x00	0x00	0x00	0x00
0x14e164e:	0x00	0x00	0x00	0x00
UPSTREAM row=3 source=3 type=0x41 class=0x44 status=0xff surface=
0x14e16bc:	"Lee"
UPSTREAM_CONTEXT row=3 value=0x14e16da:	""
UPSTREAM_CONTEXT_BYTES row=3 bytes:
0x14e16da:	0x00	0x00	0x00	0x00	0x00	0x00	0x00	0x00
0x14e16e2:	0x00	0x00	0x00	0x00
UPSTREAM row=4 source=3 type=0x41 class=0x44 status=0xff surface=
0x14e16bc:	"Lee"
UPSTREAM_CONTEXT row=4 value=0x14e16da:	""
UPSTREAM_CONTEXT_BYTES row=4 bytes:
0x14e16da:	0x00	0x00	0x00	0x00	0x00	0x00	0x00	0x00
0x14e16e2:	0x00	0x00	0x00	0x00
Temporary breakpoint 42 at 0x1000e365
CONTEXT_RETURN count=5
ROW index=0 flags=0x1 source=0 class=0 marker=0x30 surface=0x16f057d:	"Acme"
ROW_CODE index=0 bytes:
0x16f059b:	0x05	0x2a	0x2c	0x26	0x00	0x00	0x00	0x00
0x16f05a3:	0x00	0x00	0x00	0x00	0x00	0x00	0x00	0x00
0x16f05ab:	0x00	0x00	0x00	0x00	0x00	0x00	0x00	0x00
ROW_META index=0 words:0x16f05de:	0	1	0	0
ROW index=1 flags=0x28 source=1 class=0 marker=0x30 surface=0x16f05ed:	"l.l.c"
ROW_CODE index=1 bytes:
0x16f060b:	0x18	0x2b	0x64	0x18	0x2b	0x64	0x37	0x27
0x16f0613:	0x00	0x23	0x15	0x00	0x00	0x00	0x00	0x00
0x16f061b:	0x00	0x00	0x00	0x00	0x00	0x00	0x00	0x00
ROW_META index=1 words:0x16f064e:	0	0	0	0
ROW index=2 flags=0x50 source=2 class=0 marker=0x30 surface=0x16f065d:	"hired"
ROW_CODE index=2 bytes:
0x16f067b:	0x22	0x11	0x1a	0x15	0x00	0x00	0x00	0x36
0x16f0683:	0x00	0x23	0x15	0x00	0x00	0x00	0x00	0x00
0x16f068b:	0x00	0x00	0x00	0x00	0x00	0x00	0x00	0x00
ROW_META index=2 words:0x16f06be:	0	0	0	1
ROW index=3 flags=0x50 source=3 class=0 marker=0x30 surface=0x16f06cd:	"Lee"
ROW_CODE index=3 bytes:
0x16f06eb:	0x2b	0x27	0x00	0x1e	0x00	0x00	0x00	0x00
0x16f06f3:	0x00	0x00	0x00	0x00	0x00	0x00	0x00	0x00
0x16f06fb:	0x00	0x00	0x00	0x00	0x00	0x00	0x00	0x00
ROW_META index=3 words:0x16f072e:	1	0	1	1
ROW index=4 flags=0 source=3 class=0x45 marker=0x30 surface=0x16f073d:	"."
ROW_CODE index=4 bytes:
0x16f075b:	0x00	0x27	0x00	0x00	0x00	0x00	0x00	0x00
0x16f0763:	0x00	0x00	0x00	0x00	0x00	0x00	0x00	0x00
0x16f076b:	0x00	0x00	0x00	0x00	0x00	0x00	0x00	0x00
ROW_META index=4 words:0x16f079e:	0	0	0	0
CONTEXT_ENTRY count=2 rows=0x16f0572 upstream=0x14e14cc
UPSTREAM row=0 source=0 type=0x41 class=0x44 status=0xff surface=
0x14e1500:	"Next"
UPSTREAM_CONTEXT row=0 value=0x14e151e:	""
UPSTREAM_CONTEXT_BYTES row=0 bytes:
0x14e151e:	0x00	0x00	0x00	0x00	0x00	0x00	0x00	0x00
0x14e1526:	0x00	0x00	0x00	0x00
UPSTREAM row=1 source=0 type=0x41 class=0x44 status=0xff surface=
0x14e1500:	"Next"
UPSTREAM_CONTEXT row=1 value=0x14e151e:	""
UPSTREAM_CONTEXT_BYTES row=1 bytes:
0x14e151e:	0x00	0x00	0x00	0x00	0x00	0x00	0x00	0x00
0x14e1526:	0x00	0x00	0x00	0x00
Temporary breakpoint 43 at 0x1000e365
CONTEXT_RETURN count=2
ROW index=0 flags=0x50 source=0 class=0 marker=0x30 surface=0x16f057d:	"Next"
ROW_CODE index=0 bytes:
0x16f059b:	0x2d	0x18	0x2a	0x37	0x39	0x00	0x00	0x00
0x16f05a3:	0x00	0x00	0x00	0x00	0x00	0x00	0x00	0x00
0x16f05ab:	0x00	0x00	0x00	0x00	0x00	0x00	0x00	0x00
ROW_META index=0 words:0x16f05de:	0	0	0	1
ROW index=1 flags=0 source=0 class=0x45 marker=0x30 surface=0x16f05ed:	"."
ROW_CODE index=1 bytes:
0x16f060b:	0x00	0x2b	0x64	0x18	0x2b	0x64	0x37	0x27
0x16f0613:	0x00	0x23	0x15	0x00	0x00	0x00	0x00	0x00
0x16f061b:	0x00	0x00	0x00	0x00	0x00	0x00	0x00	0x00
ROW_META index=1 words:0x16f064e:	0	0	0	0
CONTEXT_ENTRY count=6 rows=0x16f0572 upstream=0x14e14cc
UPSTREAM row=0 source=0 type=0x41 class=0x44 status=0xff surface=
0x14e1500:	"Acme"
UPSTREAM_CONTEXT row=0 value=0x14e151e:	""
UPSTREAM_CONTEXT_BYTES row=0 bytes:
0x14e151e:	0x00	0x00	0x00	0x00	0x00	0x00	0x00	0x00
0x14e1526:	0x00	0x00	0x00	0x00
UPSTREAM row=1 source=0 type=0x41 class=0x44 status=0xff surface=
0x14e1500:	"Acme"
UPSTREAM_CONTEXT row=1 value=0x14e151e:	""
UPSTREAM_CONTEXT_BYTES row=1 bytes:
0x14e151e:	0x00	0x00	0x00	0x00	0x00	0x00	0x00	0x00
0x14e1526:	0x00	0x00	0x00	0x00
UPSTREAM row=2 source=1 type=0x41 class=0x44 status=0xff surface=
0x14e1594:	"l.l.c"
UPSTREAM_CONTEXT row=2 value=0x14e15b2:	""
UPSTREAM_CONTEXT_BYTES row=2 bytes:
0x14e15b2:	0x00	0x00	0x00	0x00	0x00	0x00	0x00	0x00
0x14e15ba:	0x00	0x00	0x00	0x00
UPSTREAM row=3 source=2 type=0x41 class=0x44 status=0xff surface=
0x14e1628:	"hired"
UPSTREAM_CONTEXT row=3 value=0x14e1646:	""
UPSTREAM_CONTEXT_BYTES row=3 bytes:
0x14e1646:	0x00	0x00	0x00	0x00	0x00	0x00	0x00	0x00
0x14e164e:	0x00	0x00	0x00	0x00
UPSTREAM row=4 source=3 type=0x41 class=0x44 status=0xff surface=
0x14e16bc:	"Lee"
UPSTREAM_CONTEXT row=4 value=0x14e16da:	""
UPSTREAM_CONTEXT_BYTES row=4 bytes:
0x14e16da:	0x00	0x00	0x00	0x00	0x00	0x00	0x00	0x00
0x14e16e2:	0x00	0x00	0x00	0x00
UPSTREAM row=5 source=3 type=0x41 class=0x44 status=0xff surface=
0x14e16bc:	"Lee"
UPSTREAM_CONTEXT row=5 value=0x14e16da:	""
UPSTREAM_CONTEXT_BYTES row=5 bytes:
0x14e16da:	0x00	0x00	0x00	0x00	0x00	0x00	0x00	0x00
0x14e16e2:	0x00	0x00	0x00	0x00
Temporary breakpoint 44 at 0x1000e365
CONTEXT_RETURN count=6
ROW index=0 flags=0x1 source=0 class=0 marker=0x30 surface=0x16f057d:	"Acme"
ROW_CODE index=0 bytes:
0x16f059b:	0x05	0x2a	0x2c	0x26	0x00	0x00	0x00	0x00
0x16f05a3:	0x00	0x00	0x00	0x00	0x00	0x00	0x00	0x00
0x16f05ab:	0x00	0x00	0x00	0x00	0x00	0x00	0x00	0x00
ROW_META index=0 words:0x16f05de:	0	1	0	0
ROW index=1 flags=0 source=0 class=0x45 marker=0x30 surface=0x16f05ed:	","
ROW_CODE index=1 bytes:
0x16f060b:	0x00	0x2b	0x64	0x18	0x2b	0x64	0x37	0x27
0x16f0613:	0x00	0x23	0x15	0x00	0x00	0x00	0x00	0x00
0x16f061b:	0x00	0x00	0x00	0x00	0x00	0x00	0x00	0x00
ROW_META index=1 words:0x16f064e:	0	0	0	0
ROW index=2 flags=0x28 source=1 class=0 marker=0x30 surface=0x16f065d:	"l.l.c"
ROW_CODE index=2 bytes:
0x16f067b:	0x18	0x2b	0x64	0x18	0x2b	0x64	0x37	0x27
0x16f0683:	0x00	0x23	0x15	0x00	0x00	0x00	0x00	0x00
0x16f068b:	0x00	0x00	0x00	0x00	0x00	0x00	0x00	0x00
ROW_META index=2 words:0x16f06be:	0	0	0	0
ROW index=3 flags=0x50 source=2 class=0 marker=0x30 surface=0x16f06cd:	"hired"
ROW_CODE index=3 bytes:
0x16f06eb:	0x22	0x11	0x1a	0x15	0x00	0x00	0x00	0x00
0x16f06f3:	0x00	0x00	0x00	0x00	0x00	0x00	0x00	0x00
0x16f06fb:	0x00	0x00	0x00	0x00	0x00	0x00	0x00	0x00
ROW_META index=3 words:0x16f072e:	0	0	0	1
ROW index=4 flags=0x50 source=3 class=0 marker=0x30 surface=0x16f073d:	"Lee"
ROW_CODE index=4 bytes:
0x16f075b:	0x2b	0x27	0x00	0x00	0x00	0x00	0x00	0x00
0x16f0763:	0x00	0x00	0x00	0x00	0x00	0x00	0x00	0x00
0x16f076b:	0x00	0x00	0x00	0x00	0x00	0x00	0x00	0x00
ROW_META index=4 words:0x16f079e:	1	0	1	1
ROW index=5 flags=0 source=3 class=0x45 marker=0x30 surface=0x16f07ad:	"."
ROW_CODE index=5 bytes:
0x16f07cb:	0x00	0x00	0x00	0x00	0x00	0x00	0x00	0x00
0x16f07d3:	0x00	0x00	0x00	0x00	0x00	0x00	0x00	0x00
0x16f07db:	0x00	0x00	0x00	0x00	0x00	0x00	0x00	0x00
ROW_META index=5 words:0x16f080e:	0	0	0	0
CONTEXT_ENTRY count=2 rows=0x16f0572 upstream=0x14e14cc
UPSTREAM row=0 source=0 type=0x41 class=0x44 status=0xff surface=
0x14e1500:	"Next"
UPSTREAM_CONTEXT row=0 value=0x14e151e:	""
UPSTREAM_CONTEXT_BYTES row=0 bytes:
0x14e151e:	0x00	0x00	0x00	0x00	0x00	0x00	0x00	0x00
0x14e1526:	0x00	0x00	0x00	0x00
UPSTREAM row=1 source=0 type=0x41 class=0x44 status=0xff surface=
0x14e1500:	"Next"
UPSTREAM_CONTEXT row=1 value=0x14e151e:	""
UPSTREAM_CONTEXT_BYTES row=1 bytes:
0x14e151e:	0x00	0x00	0x00	0x00	0x00	0x00	0x00	0x00
0x14e1526:	0x00	0x00	0x00	0x00
Temporary breakpoint 45 at 0x1000e365
CONTEXT_RETURN count=2
ROW index=0 flags=0x50 source=0 class=0 marker=0x30 surface=0x16f057d:	"Next"
ROW_CODE index=0 bytes:
0x16f059b:	0x2d	0x18	0x2a	0x37	0x39	0x00	0x00	0x00
0x16f05a3:	0x00	0x00	0x00	0x00	0x00	0x00	0x00	0x00
0x16f05ab:	0x00	0x00	0x00	0x00	0x00	0x00	0x00	0x00
ROW_META index=0 words:0x16f05de:	0	0	0	1
ROW index=1 flags=0 source=0 class=0x45 marker=0x30 surface=0x16f05ed:	"."
ROW_CODE index=1 bytes:
0x16f060b:	0x00	0x2b	0x64	0x18	0x2b	0x64	0x37	0x27
0x16f0613:	0x00	0x23	0x15	0x00	0x00	0x00	0x00	0x00
0x16f061b:	0x00	0x00	0x00	0x00	0x00	0x00	0x00	0x00
ROW_META index=1 words:0x16f064e:	0	0	0	0
CONTEXT_ENTRY count=5 rows=0x16f0572 upstream=0x14e14cc
UPSTREAM row=0 source=0 type=0x41 class=0x44 status=0xff surface=
0x14e1500:	"Acme"
UPSTREAM_CONTEXT row=0 value=0x14e151e:	""
UPSTREAM_CONTEXT_BYTES row=0 bytes:
0x14e151e:	0x00	0x00	0x00	0x00	0x00	0x00	0x00	0x00
0x14e1526:	0x00	0x00	0x00	0x00
UPSTREAM row=1 source=1 type=0x41 class=0x44 status=0xff surface=
0x14e1594:	"l.l.c"
UPSTREAM_CONTEXT row=1 value=0x14e15b2:	""
UPSTREAM_CONTEXT_BYTES row=1 bytes:
0x14e15b2:	0x00	0x00	0x00	0x00	0x00	0x00	0x00	0x00
0x14e15ba:	0x00	0x00	0x00	0x00
UPSTREAM row=2 source=2 type=0x41 class=0x44 status=0xff surface=
0x14e1628:	"hired"
UPSTREAM_CONTEXT row=2 value=0x14e1646:	""
UPSTREAM_CONTEXT_BYTES row=2 bytes:
0x14e1646:	0x00	0x00	0x00	0x00	0x00	0x00	0x00	0x00
0x14e164e:	0x00	0x00	0x00	0x00
UPSTREAM row=3 source=3 type=0x41 class=0x44 status=0xff surface=
0x14e16bc:	"Lee"
UPSTREAM_CONTEXT row=3 value=0x14e16da:	""
UPSTREAM_CONTEXT_BYTES row=3 bytes:
0x14e16da:	0x00	0x00	0x00	0x00	0x00	0x00	0x00	0x00
0x14e16e2:	0x00	0x00	0x00	0x00
UPSTREAM row=4 source=3 type=0x41 class=0x44 status=0xff surface=
0x14e16bc:	"Lee"
UPSTREAM_CONTEXT row=4 value=0x14e16da:	""
UPSTREAM_CONTEXT_BYTES row=4 bytes:
0x14e16da:	0x00	0x00	0x00	0x00	0x00	0x00	0x00	0x00
0x14e16e2:	0x00	0x00	0x00	0x00
Temporary breakpoint 46 at 0x1000e365
CONTEXT_RETURN count=5
ROW index=0 flags=0x1 source=0 class=0 marker=0x30 surface=0x16f057d:	"Acme"
ROW_CODE index=0 bytes:
0x16f059b:	0x05	0x2a	0x2c	0x26	0x00	0x00	0x00	0x00
0x16f05a3:	0x00	0x00	0x00	0x00	0x00	0x00	0x00	0x00
0x16f05ab:	0x00	0x00	0x00	0x00	0x00	0x00	0x00	0x00
ROW_META index=0 words:0x16f05de:	0	1	0	0
ROW index=1 flags=0x28 source=1 class=0 marker=0x30 surface=0x16f05ed:	"l.l.c"
ROW_CODE index=1 bytes:
0x16f060b:	0x18	0x2b	0x64	0x18	0x2b	0x64	0x37	0x27
0x16f0613:	0x00	0x23	0x15	0x00	0x00	0x00	0x00	0x00
0x16f061b:	0x00	0x00	0x00	0x00	0x00	0x00	0x00	0x00
ROW_META index=1 words:0x16f064e:	0	0	0	0
ROW index=2 flags=0x50 source=2 class=0 marker=0x30 surface=0x16f065d:	"hired"
ROW_CODE index=2 bytes:
0x16f067b:	0x22	0x11	0x1a	0x15	0x00	0x64	0x37	0x27
0x16f0683:	0x00	0x23	0x15	0x00	0x00	0x00	0x00	0x00
0x16f068b:	0x00	0x00	0x00	0x00	0x00	0x00	0x00	0x00
ROW_META index=2 words:0x16f06be:	0	0	0	1
ROW index=3 flags=0x50 source=3 class=0 marker=0x30 surface=0x16f06cd:	"Lee"
ROW_CODE index=3 bytes:
0x16f06eb:	0x2b	0x27	0x00	0x15	0x00	0x00	0x00	0x00
0x16f06f3:	0x00	0x00	0x00	0x00	0x00	0x00	0x00	0x00
0x16f06fb:	0x00	0x00	0x00	0x00	0x00	0x00	0x00	0x00
ROW_META index=3 words:0x16f072e:	1	0	1	1
ROW index=4 flags=0 source=3 class=0x45 marker=0x30 surface=0x16f073d:	"."
ROW_CODE index=4 bytes:
0x16f075b:	0x00	0x27	0x00	0x00	0x00	0x00	0x00	0x00
0x16f0763:	0x00	0x00	0x00	0x00	0x00	0x00	0x00	0x00
0x16f076b:	0x00	0x00	0x00	0x00	0x00	0x00	0x00	0x00
ROW_META index=4 words:0x16f079e:	0	0	0	0
CONTEXT_ENTRY count=2 rows=0x16f0572 upstream=0x14e14cc
UPSTREAM row=0 source=0 type=0x41 class=0x44 status=0xff surface=
0x14e1500:	"Next"
UPSTREAM_CONTEXT row=0 value=0x14e151e:	""
UPSTREAM_CONTEXT_BYTES row=0 bytes:
0x14e151e:	0x00	0x00	0x00	0x00	0x00	0x00	0x00	0x00
0x14e1526:	0x00	0x00	0x00	0x00
UPSTREAM row=1 source=0 type=0x41 class=0x44 status=0xff surface=
0x14e1500:	"Next"
UPSTREAM_CONTEXT row=1 value=0x14e151e:	""
UPSTREAM_CONTEXT_BYTES row=1 bytes:
0x14e151e:	0x00	0x00	0x00	0x00	0x00	0x00	0x00	0x00
0x14e1526:	0x00	0x00	0x00	0x00
Temporary breakpoint 47 at 0x1000e365
CONTEXT_RETURN count=2
ROW index=0 flags=0x50 source=0 class=0 marker=0x30 surface=0x16f057d:	"Next"
ROW_CODE index=0 bytes:
0x16f059b:	0x2d	0x18	0x2a	0x37	0x39	0x00	0x00	0x00
0x16f05a3:	0x00	0x00	0x00	0x00	0x00	0x00	0x00	0x00
0x16f05ab:	0x00	0x00	0x00	0x00	0x00	0x00	0x00	0x00
ROW_META index=0 words:0x16f05de:	0	0	0	1
ROW index=1 flags=0 source=0 class=0x45 marker=0x30 surface=0x16f05ed:	"."
ROW_CODE index=1 bytes:
0x16f060b:	0x00	0x2b	0x64	0x18	0x2b	0x64	0x37	0x27
0x16f0613:	0x00	0x23	0x15	0x00	0x00	0x00	0x00	0x00
0x16f061b:	0x00	0x00	0x00	0x00	0x00	0x00	0x00	0x00
ROW_META index=1 words:0x16f064e:	0	0	0	0
CONTEXT_ENTRY count=5 rows=0x16f0572 upstream=0x14e14cc
UPSTREAM row=0 source=0 type=0x41 class=0x44 status=0xff surface=
0x14e1500:	"We"
UPSTREAM_CONTEXT row=0 value=0x14e151e:	""
UPSTREAM_CONTEXT_BYTES row=0 bytes:
0x14e151e:	0x00	0x00	0x00	0x00	0x00	0x00	0x00	0x00
0x14e1526:	0x00	0x00	0x00	0x00
UPSTREAM row=1 source=1 type=0x41 class=0x44 status=0xff surface=
0x14e1594:	"noted"
UPSTREAM_CONTEXT row=1 value=0x14e15b2:	""
UPSTREAM_CONTEXT_BYTES row=1 bytes:
0x14e15b2:	0x00	0x00	0x00	0x00	0x00	0x00	0x00	0x00
0x14e15ba:	0x00	0x00	0x00	0x00
UPSTREAM row=2 source=2 type=0x41 class=0x44 status=0xff surface=
0x14e1628:	"l.l.c"
UPSTREAM_CONTEXT row=2 value=0x14e1646:	""
UPSTREAM_CONTEXT_BYTES row=2 bytes:
0x14e1646:	0x00	0x00	0x00	0x00	0x00	0x00	0x00	0x00
0x14e164e:	0x00	0x00	0x00	0x00
UPSTREAM row=3 source=3 type=0x41 class=0x44 status=0xff surface=
0x14e16bc:	"today"
UPSTREAM_CONTEXT row=3 value=0x14e16da:	""
UPSTREAM_CONTEXT_BYTES row=3 bytes:
0x14e16da:	0x00	0x00	0x00	0x00	0x00	0x00	0x00	0x00
0x14e16e2:	0x00	0x00	0x00	0x00
UPSTREAM row=4 source=3 type=0x41 class=0x44 status=0xff surface=
0x14e16bc:	"today"
UPSTREAM_CONTEXT row=4 value=0x14e16da:	""
UPSTREAM_CONTEXT_BYTES row=4 bytes:
0x14e16da:	0x00	0x00	0x00	0x00	0x00	0x00	0x00	0x00
0x14e16e2:	0x00	0x00	0x00	0x00
Temporary breakpoint 48 at 0x1000e365
CONTEXT_RETURN count=5
ROW index=0 flags=0x50 source=0 class=0x41 marker=0x30 surface=
0x16f057d:	"We"
ROW_CODE index=0 bytes:
0x16f059b:	0x42	0x27	0x00	0x37	0x39	0x00	0x00	0x00
0x16f05a3:	0x00	0x00	0x00	0x00	0x00	0x00	0x00	0x00
0x16f05ab:	0x00	0x00	0x00	0x00	0x00	0x00	0x00	0x00
ROW_META index=0 words:0x16f05de:	0	0	0	1
ROW index=1 flags=0x50 source=1 class=0 marker=0x30 surface=0x16f05ed:	"noted"
ROW_CODE index=1 bytes:
0x16f060b:	0x2d	0x30	0x39	0x23	0x15	0x00	0x37	0x27
0x16f0613:	0x00	0x23	0x15	0x00	0x00	0x00	0x00	0x00
0x16f061b:	0x00	0x00	0x00	0x00	0x00	0x00	0x00	0x00
ROW_META index=1 words:0x16f064e:	0	0	0	1
ROW index=2 flags=0x28 source=2 class=0 marker=0x30 surface=0x16f065d:	"l.l.c"
ROW_CODE index=2 bytes:
0x16f067b:	0x18	0x2b	0x64	0x18	0x2b	0x64	0x37	0x27
0x16f0683:	0x00	0x23	0x15	0x00	0x00	0x00	0x00	0x00
0x16f068b:	0x00	0x00	0x00	0x00	0x00	0x00	0x00	0x00
ROW_META index=2 words:0x16f06be:	0	0	0	0
ROW index=3 flags=0x1 source=3 class=0 marker=0x30 surface=0x16f06cd:	"today"
ROW_CODE index=3 bytes:
0x16f06eb:	0x39	0x07	0x15	0x1e	0x00	0x00	0x00	0x00
0x16f06f3:	0x00	0x00	0x00	0x00	0x00	0x00	0x00	0x00
0x16f06fb:	0x00	0x00	0x00	0x00	0x00	0x00	0x00	0x00
ROW_META index=3 words:0x16f072e:	0	0	0	0
ROW index=4 flags=0 source=3 class=0x45 marker=0x30 surface=0x16f073d:	"."
ROW_CODE index=4 bytes:
0x16f075b:	0x00	0x27	0x00	0x00	0x00	0x00	0x00	0x00
0x16f0763:	0x00	0x00	0x00	0x00	0x00	0x00	0x00	0x00
0x16f076b:	0x00	0x00	0x00	0x00	0x00	0x00	0x00	0x00
ROW_META index=4 words:0x16f079e:	0	0	0	0
CONTEXT_ENTRY count=2 rows=0x16f0572 upstream=0x14e14cc
UPSTREAM row=0 source=0 type=0x41 class=0x44 status=0xff surface=
0x14e1500:	"Next"
UPSTREAM_CONTEXT row=0 value=0x14e151e:	""
UPSTREAM_CONTEXT_BYTES row=0 bytes:
0x14e151e:	0x00	0x00	0x00	0x00	0x00	0x00	0x00	0x00
0x14e1526:	0x00	0x00	0x00	0x00
UPSTREAM row=1 source=0 type=0x41 class=0x44 status=0xff surface=
0x14e1500:	"Next"
UPSTREAM_CONTEXT row=1 value=0x14e151e:	""
UPSTREAM_CONTEXT_BYTES row=1 bytes:
0x14e151e:	0x00	0x00	0x00	0x00	0x00	0x00	0x00	0x00
0x14e1526:	0x00	0x00	0x00	0x00
Temporary breakpoint 49 at 0x1000e365
CONTEXT_RETURN count=2
ROW index=0 flags=0x50 source=0 class=0 marker=0x30 surface=0x16f057d:	"Next"
ROW_CODE index=0 bytes:
0x16f059b:	0x2d	0x18	0x2a	0x37	0x39	0x00	0x00	0x00
0x16f05a3:	0x00	0x00	0x00	0x00	0x00	0x00	0x00	0x00
0x16f05ab:	0x00	0x00	0x00	0x00	0x00	0x00	0x00	0x00
ROW_META index=0 words:0x16f05de:	0	0	0	1
ROW index=1 flags=0 source=0 class=0x45 marker=0x30 surface=0x16f05ed:	"."
ROW_CODE index=1 bytes:
0x16f060b:	0x00	0x30	0x39	0x23	0x15	0x00	0x37	0x27
0x16f0613:	0x00	0x23	0x15	0x00	0x00	0x00	0x00	0x00
0x16f061b:	0x00	0x00	0x00	0x00	0x00	0x00	0x00	0x00
ROW_META index=1 words:0x16f064e:	0	0	0	0
CONTEXT_ENTRY count=5 rows=0x16f0572 upstream=0x14e14cc
UPSTREAM row=0 source=0 type=0x41 class=0x44 status=0xff surface=
0x14e1500:	"Acme"
UPSTREAM_CONTEXT row=0 value=0x14e151e:	""
UPSTREAM_CONTEXT_BYTES row=0 bytes:
0x14e151e:	0x00	0x00	0x00	0x00	0x00	0x00	0x00	0x00
0x14e1526:	0x00	0x00	0x00	0x00
UPSTREAM row=1 source=1 type=0x41 class=0x44 status=0xff surface=
0x14e1594:	"L.L.C"
UPSTREAM_CONTEXT row=1 value=0x14e15b2:	""
UPSTREAM_CONTEXT_BYTES row=1 bytes:
0x14e15b2:	0x00	0x00	0x00	0x00	0x00	0x00	0x00	0x00
0x14e15ba:	0x00	0x00	0x00	0x00
UPSTREAM row=2 source=2 type=0x41 class=0x44 status=0xff surface=
0x14e1628:	"hired"
UPSTREAM_CONTEXT row=2 value=0x14e1646:	""
UPSTREAM_CONTEXT_BYTES row=2 bytes:
0x14e1646:	0x00	0x00	0x00	0x00	0x00	0x00	0x00	0x00
0x14e164e:	0x00	0x00	0x00	0x00
UPSTREAM row=3 source=3 type=0x41 class=0x44 status=0xff surface=
0x14e16bc:	"Lee"
UPSTREAM_CONTEXT row=3 value=0x14e16da:	""
UPSTREAM_CONTEXT_BYTES row=3 bytes:
0x14e16da:	0x00	0x00	0x00	0x00	0x00	0x00	0x00	0x00
0x14e16e2:	0x00	0x00	0x00	0x00
UPSTREAM row=4 source=3 type=0x41 class=0x44 status=0xff surface=
0x14e16bc:	"Lee"
UPSTREAM_CONTEXT row=4 value=0x14e16da:	""
UPSTREAM_CONTEXT_BYTES row=4 bytes:
0x14e16da:	0x00	0x00	0x00	0x00	0x00	0x00	0x00	0x00
0x14e16e2:	0x00	0x00	0x00	0x00
Temporary breakpoint 50 at 0x1000e365
CONTEXT_RETURN count=5
ROW index=0 flags=0x1 source=0 class=0 marker=0x30 surface=0x16f057d:	"Acme"
ROW_CODE index=0 bytes:
0x16f059b:	0x05	0x2a	0x2c	0x26	0x00	0x00	0x00	0x00
0x16f05a3:	0x00	0x00	0x00	0x00	0x00	0x00	0x00	0x00
0x16f05ab:	0x00	0x00	0x00	0x00	0x00	0x00	0x00	0x00
ROW_META index=0 words:0x16f05de:	0	1	0	0
ROW index=1 flags=0x28 source=1 class=0 marker=0x30 surface=0x16f05ed:	"L.L.C"
ROW_CODE index=1 bytes:
0x16f060b:	0x18	0x2b	0x64	0x18	0x2b	0x64	0x37	0x27
0x16f0613:	0x00	0x23	0x15	0x00	0x00	0x00	0x00	0x00
0x16f061b:	0x00	0x00	0x00	0x00	0x00	0x00	0x00	0x00
ROW_META index=1 words:0x16f064e:	0	0	0	0
ROW index=2 flags=0x50 source=2 class=0 marker=0x30 surface=0x16f065d:	"hired"
ROW_CODE index=2 bytes:
0x16f067b:	0x22	0x11	0x1a	0x15	0x00	0x64	0x37	0x27
0x16f0683:	0x00	0x23	0x15	0x00	0x00	0x00	0x00	0x00
0x16f068b:	0x00	0x00	0x00	0x00	0x00	0x00	0x00	0x00
ROW_META index=2 words:0x16f06be:	0	0	0	1
ROW index=3 flags=0x50 source=3 class=0 marker=0x30 surface=0x16f06cd:	"Lee"
ROW_CODE index=3 bytes:
0x16f06eb:	0x2b	0x27	0x00	0x1e	0x00	0x00	0x00	0x00
0x16f06f3:	0x00	0x00	0x00	0x00	0x00	0x00	0x00	0x00
0x16f06fb:	0x00	0x00	0x00	0x00	0x00	0x00	0x00	0x00
ROW_META index=3 words:0x16f072e:	1	0	1	1
ROW index=4 flags=0 source=3 class=0x45 marker=0x30 surface=0x16f073d:	"."
ROW_CODE index=4 bytes:
0x16f075b:	0x00	0x27	0x00	0x00	0x00	0x00	0x00	0x00
0x16f0763:	0x00	0x00	0x00	0x00	0x00	0x00	0x00	0x00
0x16f076b:	0x00	0x00	0x00	0x00	0x00	0x00	0x00	0x00
ROW_META index=4 words:0x16f079e:	0	0	0	0
CONTEXT_ENTRY count=2 rows=0x16f0572 upstream=0x14e14cc
UPSTREAM row=0 source=0 type=0x41 class=0x44 status=0xff surface=
0x14e1500:	"Next"
UPSTREAM_CONTEXT row=0 value=0x14e151e:	""
UPSTREAM_CONTEXT_BYTES row=0 bytes:
0x14e151e:	0x00	0x00	0x00	0x00	0x00	0x00	0x00	0x00
0x14e1526:	0x00	0x00	0x00	0x00
UPSTREAM row=1 source=0 type=0x41 class=0x44 status=0xff surface=
0x14e1500:	"Next"
UPSTREAM_CONTEXT row=1 value=0x14e151e:	""
UPSTREAM_CONTEXT_BYTES row=1 bytes:
0x14e151e:	0x00	0x00	0x00	0x00	0x00	0x00	0x00	0x00
0x14e1526:	0x00	0x00	0x00	0x00
Temporary breakpoint 51 at 0x1000e365
CONTEXT_RETURN count=2
ROW index=0 flags=0x50 source=0 class=0 marker=0x30 surface=0x16f057d:	"Next"
ROW_CODE index=0 bytes:
0x16f059b:	0x2d	0x18	0x2a	0x37	0x39	0x00	0x00	0x00
0x16f05a3:	0x00	0x00	0x00	0x00	0x00	0x00	0x00	0x00
0x16f05ab:	0x00	0x00	0x00	0x00	0x00	0x00	0x00	0x00
ROW_META index=0 words:0x16f05de:	0	0	0	1
ROW index=1 flags=0 source=0 class=0x45 marker=0x30 surface=0x16f05ed:	"."
ROW_CODE index=1 bytes:
0x16f060b:	0x00	0x2b	0x64	0x18	0x2b	0x64	0x37	0x27
0x16f0613:	0x00	0x23	0x15	0x00	0x00	0x00	0x00	0x00
0x16f061b:	0x00	0x00	0x00	0x00	0x00	0x00	0x00	0x00
ROW_META index=1 words:0x16f064e:	0	0	0	0
CONTEXT_ENTRY count=5 rows=0x16f0572 upstream=0x14e14cc
UPSTREAM row=0 source=0 type=0x41 class=0x44 status=0xff surface=
0x14e1500:	"Acme"
UPSTREAM_CONTEXT row=0 value=0x14e151e:	""
UPSTREAM_CONTEXT_BYTES row=0 bytes:
0x14e151e:	0x00	0x00	0x00	0x00	0x00	0x00	0x00	0x00
0x14e1526:	0x00	0x00	0x00	0x00
UPSTREAM row=1 source=1 type=0x41 class=0x44 status=0xff surface=
0x14e1594:	"l.p"
UPSTREAM_CONTEXT row=1 value=0x14e15b2:	""
UPSTREAM_CONTEXT_BYTES row=1 bytes:
0x14e15b2:	0x00	0x00	0x00	0x00	0x00	0x00	0x00	0x00
0x14e15ba:	0x00	0x00	0x00	0x00
UPSTREAM row=2 source=2 type=0x41 class=0x44 status=0xff surface=
0x14e1628:	"hired"
UPSTREAM_CONTEXT row=2 value=0x14e1646:	""
UPSTREAM_CONTEXT_BYTES row=2 bytes:
0x14e1646:	0x00	0x00	0x00	0x00	0x00	0x00	0x00	0x00
0x14e164e:	0x00	0x00	0x00	0x00
UPSTREAM row=3 source=3 type=0x41 class=0x44 status=0xff surface=
0x14e16bc:	"Lee"
UPSTREAM_CONTEXT row=3 value=0x14e16da:	""
UPSTREAM_CONTEXT_BYTES row=3 bytes:
0x14e16da:	0x00	0x00	0x00	0x00	0x00	0x00	0x00	0x00
0x14e16e2:	0x00	0x00	0x00	0x00
UPSTREAM row=4 source=3 type=0x41 class=0x44 status=0xff surface=
0x14e16bc:	"Lee"
UPSTREAM_CONTEXT row=4 value=0x14e16da:	""
UPSTREAM_CONTEXT_BYTES row=4 bytes:
0x14e16da:	0x00	0x00	0x00	0x00	0x00	0x00	0x00	0x00
0x14e16e2:	0x00	0x00	0x00	0x00
Temporary breakpoint 52 at 0x1000e365
CONTEXT_RETURN count=5
ROW index=0 flags=0x1 source=0 class=0 marker=0x30 surface=0x16f057d:	"Acme"
ROW_CODE index=0 bytes:
0x16f059b:	0x05	0x2a	0x2c	0x26	0x00	0x00	0x00	0x00
0x16f05a3:	0x00	0x00	0x00	0x00	0x00	0x00	0x00	0x00
0x16f05ab:	0x00	0x00	0x00	0x00	0x00	0x00	0x00	0x00
ROW_META index=0 words:0x16f05de:	0	1	0	0
ROW index=1 flags=0x28 source=1 class=0 marker=0x30 surface=0x16f05ed:	"l.p"
ROW_CODE index=1 bytes:
0x16f060b:	0x18	0x2b	0x64	0x35	0x27	0x00	0x37	0x27
0x16f0613:	0x00	0x23	0x15	0x00	0x00	0x00	0x00	0x00
0x16f061b:	0x00	0x00	0x00	0x00	0x00	0x00	0x00	0x00
ROW_META index=1 words:0x16f064e:	1	0	1	0
ROW index=2 flags=0x50 source=2 class=0 marker=0x30 surface=0x16f065d:	"hired"
ROW_CODE index=2 bytes:
0x16f067b:	0x22	0x11	0x1a	0x15	0x00	0x64	0x37	0x27
0x16f0683:	0x00	0x23	0x15	0x00	0x00	0x00	0x00	0x00
0x16f068b:	0x00	0x00	0x00	0x00	0x00	0x00	0x00	0x00
ROW_META index=2 words:0x16f06be:	0	0	0	1
ROW index=3 flags=0x50 source=3 class=0 marker=0x30 surface=0x16f06cd:	"Lee"
ROW_CODE index=3 bytes:
0x16f06eb:	0x2b	0x27	0x00	0x1e	0x00	0x00	0x00	0x00
0x16f06f3:	0x00	0x00	0x00	0x00	0x00	0x00	0x00	0x00
0x16f06fb:	0x00	0x00	0x00	0x00	0x00	0x00	0x00	0x00
ROW_META index=3 words:0x16f072e:	1	0	1	1
ROW index=4 flags=0 source=3 class=0x45 marker=0x30 surface=0x16f073d:	"."
ROW_CODE index=4 bytes:
0x16f075b:	0x00	0x27	0x00	0x00	0x00	0x00	0x00	0x00
0x16f0763:	0x00	0x00	0x00	0x00	0x00	0x00	0x00	0x00
0x16f076b:	0x00	0x00	0x00	0x00	0x00	0x00	0x00	0x00
ROW_META index=4 words:0x16f079e:	0	0	0	0
CONTEXT_ENTRY count=2 rows=0x16f0572 upstream=0x14e14cc
UPSTREAM row=0 source=0 type=0x41 class=0x44 status=0xff surface=
0x14e1500:	"Next"
UPSTREAM_CONTEXT row=0 value=0x14e151e:	""
UPSTREAM_CONTEXT_BYTES row=0 bytes:
0x14e151e:	0x00	0x00	0x00	0x00	0x00	0x00	0x00	0x00
0x14e1526:	0x00	0x00	0x00	0x00
UPSTREAM row=1 source=0 type=0x41 class=0x44 status=0xff surface=
0x14e1500:	"Next"
UPSTREAM_CONTEXT row=1 value=0x14e151e:	""
UPSTREAM_CONTEXT_BYTES row=1 bytes:
0x14e151e:	0x00	0x00	0x00	0x00	0x00	0x00	0x00	0x00
0x14e1526:	0x00	0x00	0x00	0x00
Temporary breakpoint 53 at 0x1000e365
CONTEXT_RETURN count=2
ROW index=0 flags=0x50 source=0 class=0 marker=0x30 surface=0x16f057d:	"Next"
ROW_CODE index=0 bytes:
0x16f059b:	0x2d	0x18	0x2a	0x37	0x39	0x00	0x00	0x00
0x16f05a3:	0x00	0x00	0x00	0x00	0x00	0x00	0x00	0x00
0x16f05ab:	0x00	0x00	0x00	0x00	0x00	0x00	0x00	0x00
ROW_META index=0 words:0x16f05de:	0	0	0	1
ROW index=1 flags=0 source=0 class=0x45 marker=0x30 surface=0x16f05ed:	"."
ROW_CODE index=1 bytes:
0x16f060b:	0x00	0x2b	0x64	0x35	0x27	0x00	0x37	0x27
0x16f0613:	0x00	0x23	0x15	0x00	0x00	0x00	0x00	0x00
0x16f061b:	0x00	0x00	0x00	0x00	0x00	0x00	0x00	0x00
ROW_META index=1 words:0x16f064e:	0	0	0	0
CONTEXT_ENTRY count=6 rows=0x16f0572 upstream=0x14e14cc
UPSTREAM row=0 source=0 type=0x41 class=0x44 status=0xff surface=
0x14e1500:	"Acme"
UPSTREAM_CONTEXT row=0 value=0x14e151e:	""
UPSTREAM_CONTEXT_BYTES row=0 bytes:
0x14e151e:	0x00	0x00	0x00	0x00	0x00	0x00	0x00	0x00
0x14e1526:	0x00	0x00	0x00	0x00
UPSTREAM row=1 source=0 type=0x41 class=0x44 status=0xff surface=
0x14e1500:	"Acme"
UPSTREAM_CONTEXT row=1 value=0x14e151e:	""
UPSTREAM_CONTEXT_BYTES row=1 bytes:
0x14e151e:	0x00	0x00	0x00	0x00	0x00	0x00	0x00	0x00
0x14e1526:	0x00	0x00	0x00	0x00
UPSTREAM row=2 source=1 type=0x41 class=0x44 status=0xff surface=
0x14e1594:	"l.p"
UPSTREAM_CONTEXT row=2 value=0x14e15b2:	""
UPSTREAM_CONTEXT_BYTES row=2 bytes:
0x14e15b2:	0x00	0x00	0x00	0x00	0x00	0x00	0x00	0x00
0x14e15ba:	0x00	0x00	0x00	0x00
UPSTREAM row=3 source=2 type=0x41 class=0x44 status=0xff surface=
0x14e1628:	"hired"
UPSTREAM_CONTEXT row=3 value=0x14e1646:	""
UPSTREAM_CONTEXT_BYTES row=3 bytes:
0x14e1646:	0x00	0x00	0x00	0x00	0x00	0x00	0x00	0x00
0x14e164e:	0x00	0x00	0x00	0x00
UPSTREAM row=4 source=3 type=0x41 class=0x44 status=0xff surface=
0x14e16bc:	"Lee"
UPSTREAM_CONTEXT row=4 value=0x14e16da:	""
UPSTREAM_CONTEXT_BYTES row=4 bytes:
0x14e16da:	0x00	0x00	0x00	0x00	0x00	0x00	0x00	0x00
0x14e16e2:	0x00	0x00	0x00	0x00
UPSTREAM row=5 source=3 type=0x41 class=0x44 status=0xff surface=
0x14e16bc:	"Lee"
UPSTREAM_CONTEXT row=5 value=0x14e16da:	""
UPSTREAM_CONTEXT_BYTES row=5 bytes:
0x14e16da:	0x00	0x00	0x00	0x00	0x00	0x00	0x00	0x00
0x14e16e2:	0x00	0x00	0x00	0x00
Temporary breakpoint 54 at 0x1000e365
CONTEXT_RETURN count=6
ROW index=0 flags=0x1 source=0 class=0 marker=0x30 surface=0x16f057d:	"Acme"
ROW_CODE index=0 bytes:
0x16f059b:	0x05	0x2a	0x2c	0x26	0x00	0x00	0x00	0x00
0x16f05a3:	0x00	0x00	0x00	0x00	0x00	0x00	0x00	0x00
0x16f05ab:	0x00	0x00	0x00	0x00	0x00	0x00	0x00	0x00
ROW_META index=0 words:0x16f05de:	0	1	0	0
ROW index=1 flags=0 source=0 class=0x45 marker=0x30 surface=0x16f05ed:	","
ROW_CODE index=1 bytes:
0x16f060b:	0x00	0x2b	0x64	0x35	0x27	0x00	0x37	0x27
0x16f0613:	0x00	0x23	0x15	0x00	0x00	0x00	0x00	0x00
0x16f061b:	0x00	0x00	0x00	0x00	0x00	0x00	0x00	0x00
ROW_META index=1 words:0x16f064e:	0	0	0	0
ROW index=2 flags=0x28 source=1 class=0 marker=0x30 surface=0x16f065d:	"l.p"
ROW_CODE index=2 bytes:
0x16f067b:	0x18	0x2b	0x64	0x35	0x27	0x00	0x37	0x27
0x16f0683:	0x00	0x23	0x15	0x00	0x00	0x00	0x00	0x00
0x16f068b:	0x00	0x00	0x00	0x00	0x00	0x00	0x00	0x00
ROW_META index=2 words:0x16f06be:	1	0	1	0
ROW index=3 flags=0x50 source=2 class=0 marker=0x30 surface=0x16f06cd:	"hired"
ROW_CODE index=3 bytes:
0x16f06eb:	0x22	0x11	0x1a	0x15	0x00	0x00	0x00	0x00
0x16f06f3:	0x00	0x00	0x00	0x00	0x00	0x00	0x00	0x00
0x16f06fb:	0x00	0x00	0x00	0x00	0x00	0x00	0x00	0x00
ROW_META index=3 words:0x16f072e:	0	0	0	1
ROW index=4 flags=0x50 source=3 class=0 marker=0x30 surface=0x16f073d:	"Lee"
ROW_CODE index=4 bytes:
0x16f075b:	0x2b	0x27	0x00	0x00	0x00	0x00	0x00	0x00
0x16f0763:	0x00	0x00	0x00	0x00	0x00	0x00	0x00	0x00
0x16f076b:	0x00	0x00	0x00	0x00	0x00	0x00	0x00	0x00
ROW_META index=4 words:0x16f079e:	1	0	1	1
ROW index=5 flags=0 source=3 class=0x45 marker=0x30 surface=0x16f07ad:	"."
ROW_CODE index=5 bytes:
0x16f07cb:	0x00	0x00	0x00	0x00	0x00	0x00	0x00	0x00
0x16f07d3:	0x00	0x00	0x00	0x00	0x00	0x00	0x00	0x00
0x16f07db:	0x00	0x00	0x00	0x00	0x00	0x00	0x00	0x00
ROW_META index=5 words:0x16f080e:	0	0	0	0
CONTEXT_ENTRY count=2 rows=0x16f0572 upstream=0x14e14cc
UPSTREAM row=0 source=0 type=0x41 class=0x44 status=0xff surface=
0x14e1500:	"Next"
UPSTREAM_CONTEXT row=0 value=0x14e151e:	""
UPSTREAM_CONTEXT_BYTES row=0 bytes:
0x14e151e:	0x00	0x00	0x00	0x00	0x00	0x00	0x00	0x00
0x14e1526:	0x00	0x00	0x00	0x00
UPSTREAM row=1 source=0 type=0x41 class=0x44 status=0xff surface=
0x14e1500:	"Next"
UPSTREAM_CONTEXT row=1 value=0x14e151e:	""
UPSTREAM_CONTEXT_BYTES row=1 bytes:
0x14e151e:	0x00	0x00	0x00	0x00	0x00	0x00	0x00	0x00
0x14e1526:	0x00	0x00	0x00	0x00
Temporary breakpoint 55 at 0x1000e365
CONTEXT_RETURN count=2
ROW index=0 flags=0x50 source=0 class=0 marker=0x30 surface=0x16f057d:	"Next"
ROW_CODE index=0 bytes:
0x16f059b:	0x2d	0x18	0x2a	0x37	0x39	0x00	0x00	0x00
0x16f05a3:	0x00	0x00	0x00	0x00	0x00	0x00	0x00	0x00
0x16f05ab:	0x00	0x00	0x00	0x00	0x00	0x00	0x00	0x00
ROW_META index=0 words:0x16f05de:	0	0	0	1
ROW index=1 flags=0 source=0 class=0x45 marker=0x30 surface=0x16f05ed:	"."
ROW_CODE index=1 bytes:
0x16f060b:	0x00	0x2b	0x64	0x35	0x27	0x00	0x37	0x27
0x16f0613:	0x00	0x23	0x15	0x00	0x00	0x00	0x00	0x00
0x16f061b:	0x00	0x00	0x00	0x00	0x00	0x00	0x00	0x00
ROW_META index=1 words:0x16f064e:	0	0	0	0
CONTEXT_ENTRY count=5 rows=0x16f0572 upstream=0x14e14cc
UPSTREAM row=0 source=0 type=0x41 class=0x44 status=0xff surface=
0x14e1500:	"Acme"
UPSTREAM_CONTEXT row=0 value=0x14e151e:	""
UPSTREAM_CONTEXT_BYTES row=0 bytes:
0x14e151e:	0x00	0x00	0x00	0x00	0x00	0x00	0x00	0x00
0x14e1526:	0x00	0x00	0x00	0x00
UPSTREAM row=1 source=1 type=0x41 class=0x44 status=0xff surface=
0x14e1594:	"l.p"
UPSTREAM_CONTEXT row=1 value=0x14e15b2:	""
UPSTREAM_CONTEXT_BYTES row=1 bytes:
0x14e15b2:	0x00	0x00	0x00	0x00	0x00	0x00	0x00	0x00
0x14e15ba:	0x00	0x00	0x00	0x00
UPSTREAM row=2 source=2 type=0x41 class=0x44 status=0xff surface=
0x14e1628:	"hired"
UPSTREAM_CONTEXT row=2 value=0x14e1646:	""
UPSTREAM_CONTEXT_BYTES row=2 bytes:
0x14e1646:	0x00	0x00	0x00	0x00	0x00	0x00	0x00	0x00
0x14e164e:	0x00	0x00	0x00	0x00
UPSTREAM row=3 source=3 type=0x41 class=0x44 status=0xff surface=
0x14e16bc:	"Lee"
UPSTREAM_CONTEXT row=3 value=0x14e16da:	""
UPSTREAM_CONTEXT_BYTES row=3 bytes:
0x14e16da:	0x00	0x00	0x00	0x00	0x00	0x00	0x00	0x00
0x14e16e2:	0x00	0x00	0x00	0x00
UPSTREAM row=4 source=3 type=0x41 class=0x44 status=0xff surface=
0x14e16bc:	"Lee"
UPSTREAM_CONTEXT row=4 value=0x14e16da:	""
UPSTREAM_CONTEXT_BYTES row=4 bytes:
0x14e16da:	0x00	0x00	0x00	0x00	0x00	0x00	0x00	0x00
0x14e16e2:	0x00	0x00	0x00	0x00
Temporary breakpoint 56 at 0x1000e365
CONTEXT_RETURN count=5
ROW index=0 flags=0x1 source=0 class=0 marker=0x30 surface=0x16f057d:	"Acme"
ROW_CODE index=0 bytes:
0x16f059b:	0x05	0x2a	0x2c	0x26	0x00	0x00	0x00	0x00
0x16f05a3:	0x00	0x00	0x00	0x00	0x00	0x00	0x00	0x00
0x16f05ab:	0x00	0x00	0x00	0x00	0x00	0x00	0x00	0x00
ROW_META index=0 words:0x16f05de:	0	1	0	0
ROW index=1 flags=0x28 source=1 class=0 marker=0x30 surface=0x16f05ed:	"l.p"
ROW_CODE index=1 bytes:
0x16f060b:	0x18	0x2b	0x64	0x35	0x27	0x00	0x37	0x27
0x16f0613:	0x00	0x23	0x15	0x00	0x00	0x00	0x00	0x00
0x16f061b:	0x00	0x00	0x00	0x00	0x00	0x00	0x00	0x00
ROW_META index=1 words:0x16f064e:	1	0	1	0
ROW index=2 flags=0x50 source=2 class=0 marker=0x30 surface=0x16f065d:	"hired"
ROW_CODE index=2 bytes:
0x16f067b:	0x22	0x11	0x1a	0x15	0x00	0x00	0x37	0x27
0x16f0683:	0x00	0x23	0x15	0x00	0x00	0x00	0x00	0x00
0x16f068b:	0x00	0x00	0x00	0x00	0x00	0x00	0x00	0x00
ROW_META index=2 words:0x16f06be:	0	0	0	1
ROW index=3 flags=0x50 source=3 class=0 marker=0x30 surface=0x16f06cd:	"Lee"
ROW_CODE index=3 bytes:
0x16f06eb:	0x2b	0x27	0x00	0x15	0x00	0x00	0x00	0x00
0x16f06f3:	0x00	0x00	0x00	0x00	0x00	0x00	0x00	0x00
0x16f06fb:	0x00	0x00	0x00	0x00	0x00	0x00	0x00	0x00
ROW_META index=3 words:0x16f072e:	1	0	1	1
ROW index=4 flags=0 source=3 class=0x45 marker=0x30 surface=0x16f073d:	"."
ROW_CODE index=4 bytes:
0x16f075b:	0x00	0x27	0x00	0x00	0x00	0x00	0x00	0x00
0x16f0763:	0x00	0x00	0x00	0x00	0x00	0x00	0x00	0x00
0x16f076b:	0x00	0x00	0x00	0x00	0x00	0x00	0x00	0x00
ROW_META index=4 words:0x16f079e:	0	0	0	0
CONTEXT_ENTRY count=2 rows=0x16f0572 upstream=0x14e14cc
UPSTREAM row=0 source=0 type=0x41 class=0x44 status=0xff surface=
0x14e1500:	"Next"
UPSTREAM_CONTEXT row=0 value=0x14e151e:	""
UPSTREAM_CONTEXT_BYTES row=0 bytes:
0x14e151e:	0x00	0x00	0x00	0x00	0x00	0x00	0x00	0x00
0x14e1526:	0x00	0x00	0x00	0x00
UPSTREAM row=1 source=0 type=0x41 class=0x44 status=0xff surface=
0x14e1500:	"Next"
UPSTREAM_CONTEXT row=1 value=0x14e151e:	""
UPSTREAM_CONTEXT_BYTES row=1 bytes:
0x14e151e:	0x00	0x00	0x00	0x00	0x00	0x00	0x00	0x00
0x14e1526:	0x00	0x00	0x00	0x00
Temporary breakpoint 57 at 0x1000e365
CONTEXT_RETURN count=2
ROW index=0 flags=0x50 source=0 class=0 marker=0x30 surface=0x16f057d:	"Next"
ROW_CODE index=0 bytes:
0x16f059b:	0x2d	0x18	0x2a	0x37	0x39	0x00	0x00	0x00
0x16f05a3:	0x00	0x00	0x00	0x00	0x00	0x00	0x00	0x00
0x16f05ab:	0x00	0x00	0x00	0x00	0x00	0x00	0x00	0x00
ROW_META index=0 words:0x16f05de:	0	0	0	1
ROW index=1 flags=0 source=0 class=0x45 marker=0x30 surface=0x16f05ed:	"."
ROW_CODE index=1 bytes:
0x16f060b:	0x00	0x2b	0x64	0x35	0x27	0x00	0x37	0x27
0x16f0613:	0x00	0x23	0x15	0x00	0x00	0x00	0x00	0x00
0x16f061b:	0x00	0x00	0x00	0x00	0x00	0x00	0x00	0x00
ROW_META index=1 words:0x16f064e:	0	0	0	0
CONTEXT_ENTRY count=5 rows=0x16f0572 upstream=0x14e14cc
UPSTREAM row=0 source=0 type=0x41 class=0x44 status=0xff surface=
0x14e1500:	"We"
UPSTREAM_CONTEXT row=0 value=0x14e151e:	""
UPSTREAM_CONTEXT_BYTES row=0 bytes:
0x14e151e:	0x00	0x00	0x00	0x00	0x00	0x00	0x00	0x00
0x14e1526:	0x00	0x00	0x00	0x00
UPSTREAM row=1 source=1 type=0x41 class=0x44 status=0xff surface=
0x14e1594:	"noted"
UPSTREAM_CONTEXT row=1 value=0x14e15b2:	""
UPSTREAM_CONTEXT_BYTES row=1 bytes:
0x14e15b2:	0x00	0x00	0x00	0x00	0x00	0x00	0x00	0x00
0x14e15ba:	0x00	0x00	0x00	0x00
UPSTREAM row=2 source=2 type=0x41 class=0x44 status=0xff surface=
0x14e1628:	"l.p"
UPSTREAM_CONTEXT row=2 value=0x14e1646:	""
UPSTREAM_CONTEXT_BYTES row=2 bytes:
0x14e1646:	0x00	0x00	0x00	0x00	0x00	0x00	0x00	0x00
0x14e164e:	0x00	0x00	0x00	0x00
UPSTREAM row=3 source=3 type=0x41 class=0x44 status=0xff surface=
0x14e16bc:	"today"
UPSTREAM_CONTEXT row=3 value=0x14e16da:	""
UPSTREAM_CONTEXT_BYTES row=3 bytes:
0x14e16da:	0x00	0x00	0x00	0x00	0x00	0x00	0x00	0x00
0x14e16e2:	0x00	0x00	0x00	0x00
UPSTREAM row=4 source=3 type=0x41 class=0x44 status=0xff surface=
0x14e16bc:	"today"
UPSTREAM_CONTEXT row=4 value=0x14e16da:	""
UPSTREAM_CONTEXT_BYTES row=4 bytes:
0x14e16da:	0x00	0x00	0x00	0x00	0x00	0x00	0x00	0x00
0x14e16e2:	0x00	0x00	0x00	0x00
Temporary breakpoint 58 at 0x1000e365
CONTEXT_RETURN count=5
ROW index=0 flags=0x50 source=0 class=0x41 marker=0x30 surface=
0x16f057d:	"We"
ROW_CODE index=0 bytes:
0x16f059b:	0x42	0x27	0x00	0x37	0x39	0x00	0x00	0x00
0x16f05a3:	0x00	0x00	0x00	0x00	0x00	0x00	0x00	0x00
0x16f05ab:	0x00	0x00	0x00	0x00	0x00	0x00	0x00	0x00
ROW_META index=0 words:0x16f05de:	0	0	0	1
ROW index=1 flags=0x50 source=1 class=0 marker=0x30 surface=0x16f05ed:	"noted"
ROW_CODE index=1 bytes:
0x16f060b:	0x2d	0x30	0x39	0x23	0x15	0x00	0x37	0x27
0x16f0613:	0x00	0x23	0x15	0x00	0x00	0x00	0x00	0x00
0x16f061b:	0x00	0x00	0x00	0x00	0x00	0x00	0x00	0x00
ROW_META index=1 words:0x16f064e:	0	0	0	1
ROW index=2 flags=0x28 source=2 class=0 marker=0x30 surface=0x16f065d:	"l.p"
ROW_CODE index=2 bytes:
0x16f067b:	0x18	0x2b	0x64	0x35	0x27	0x00	0x37	0x27
0x16f0683:	0x00	0x23	0x15	0x00	0x00	0x00	0x00	0x00
0x16f068b:	0x00	0x00	0x00	0x00	0x00	0x00	0x00	0x00
ROW_META index=2 words:0x16f06be:	1	0	1	0
ROW index=3 flags=0x1 source=3 class=0 marker=0x30 surface=0x16f06cd:	"today"
ROW_CODE index=3 bytes:
0x16f06eb:	0x39	0x07	0x15	0x1e	0x00	0x00	0x00	0x00
0x16f06f3:	0x00	0x00	0x00	0x00	0x00	0x00	0x00	0x00
0x16f06fb:	0x00	0x00	0x00	0x00	0x00	0x00	0x00	0x00
ROW_META index=3 words:0x16f072e:	0	0	0	0
ROW index=4 flags=0 source=3 class=0x45 marker=0x30 surface=0x16f073d:	"."
ROW_CODE index=4 bytes:
0x16f075b:	0x00	0x27	0x00	0x00	0x00	0x00	0x00	0x00
0x16f0763:	0x00	0x00	0x00	0x00	0x00	0x00	0x00	0x00
0x16f076b:	0x00	0x00	0x00	0x00	0x00	0x00	0x00	0x00
ROW_META index=4 words:0x16f079e:	0	0	0	0
CONTEXT_ENTRY count=2 rows=0x16f0572 upstream=0x14e14cc
UPSTREAM row=0 source=0 type=0x41 class=0x44 status=0xff surface=
0x14e1500:	"Next"
UPSTREAM_CONTEXT row=0 value=0x14e151e:	""
UPSTREAM_CONTEXT_BYTES row=0 bytes:
0x14e151e:	0x00	0x00	0x00	0x00	0x00	0x00	0x00	0x00
0x14e1526:	0x00	0x00	0x00	0x00
UPSTREAM row=1 source=0 type=0x41 class=0x44 status=0xff surface=
0x14e1500:	"Next"
UPSTREAM_CONTEXT row=1 value=0x14e151e:	""
UPSTREAM_CONTEXT_BYTES row=1 bytes:
0x14e151e:	0x00	0x00	0x00	0x00	0x00	0x00	0x00	0x00
0x14e1526:	0x00	0x00	0x00	0x00
Temporary breakpoint 59 at 0x1000e365
CONTEXT_RETURN count=2
ROW index=0 flags=0x50 source=0 class=0 marker=0x30 surface=0x16f057d:	"Next"
ROW_CODE index=0 bytes:
0x16f059b:	0x2d	0x18	0x2a	0x37	0x39	0x00	0x00	0x00
0x16f05a3:	0x00	0x00	0x00	0x00	0x00	0x00	0x00	0x00
0x16f05ab:	0x00	0x00	0x00	0x00	0x00	0x00	0x00	0x00
ROW_META index=0 words:0x16f05de:	0	0	0	1
ROW index=1 flags=0 source=0 class=0x45 marker=0x30 surface=0x16f05ed:	"."
ROW_CODE index=1 bytes:
0x16f060b:	0x00	0x30	0x39	0x23	0x15	0x00	0x37	0x27
0x16f0613:	0x00	0x23	0x15	0x00	0x00	0x00	0x00	0x00
0x16f061b:	0x00	0x00	0x00	0x00	0x00	0x00	0x00	0x00
ROW_META index=1 words:0x16f064e:	0	0	0	0
CONTEXT_ENTRY count=5 rows=0x16f0572 upstream=0x14e14cc
UPSTREAM row=0 source=0 type=0x41 class=0x44 status=0xff surface=
0x14e1500:	"Acme"
UPSTREAM_CONTEXT row=0 value=0x14e151e:	""
UPSTREAM_CONTEXT_BYTES row=0 bytes:
0x14e151e:	0x00	0x00	0x00	0x00	0x00	0x00	0x00	0x00
0x14e1526:	0x00	0x00	0x00	0x00
UPSTREAM row=1 source=1 type=0x41 class=0x44 status=0xff surface=
0x14e1594:	"L.P"
UPSTREAM_CONTEXT row=1 value=0x14e15b2:	""
UPSTREAM_CONTEXT_BYTES row=1 bytes:
0x14e15b2:	0x00	0x00	0x00	0x00	0x00	0x00	0x00	0x00
0x14e15ba:	0x00	0x00	0x00	0x00
UPSTREAM row=2 source=2 type=0x41 class=0x44 status=0xff surface=
0x14e1628:	"hired"
UPSTREAM_CONTEXT row=2 value=0x14e1646:	""
UPSTREAM_CONTEXT_BYTES row=2 bytes:
0x14e1646:	0x00	0x00	0x00	0x00	0x00	0x00	0x00	0x00
0x14e164e:	0x00	0x00	0x00	0x00
UPSTREAM row=3 source=3 type=0x41 class=0x44 status=0xff surface=
0x14e16bc:	"Lee"
UPSTREAM_CONTEXT row=3 value=0x14e16da:	""
UPSTREAM_CONTEXT_BYTES row=3 bytes:
0x14e16da:	0x00	0x00	0x00	0x00	0x00	0x00	0x00	0x00
0x14e16e2:	0x00	0x00	0x00	0x00
UPSTREAM row=4 source=3 type=0x41 class=0x44 status=0xff surface=
0x14e16bc:	"Lee"
UPSTREAM_CONTEXT row=4 value=0x14e16da:	""
UPSTREAM_CONTEXT_BYTES row=4 bytes:
0x14e16da:	0x00	0x00	0x00	0x00	0x00	0x00	0x00	0x00
0x14e16e2:	0x00	0x00	0x00	0x00
Temporary breakpoint 60 at 0x1000e365
CONTEXT_RETURN count=5
ROW index=0 flags=0x1 source=0 class=0 marker=0x30 surface=0x16f057d:	"Acme"
ROW_CODE index=0 bytes:
0x16f059b:	0x05	0x2a	0x2c	0x26	0x00	0x00	0x00	0x00
0x16f05a3:	0x00	0x00	0x00	0x00	0x00	0x00	0x00	0x00
0x16f05ab:	0x00	0x00	0x00	0x00	0x00	0x00	0x00	0x00
ROW_META index=0 words:0x16f05de:	0	1	0	0
ROW index=1 flags=0x28 source=1 class=0 marker=0x30 surface=0x16f05ed:	"L.P"
ROW_CODE index=1 bytes:
0x16f060b:	0x18	0x2b	0x64	0x35	0x27	0x00	0x37	0x27
0x16f0613:	0x00	0x23	0x15	0x00	0x00	0x00	0x00	0x00
0x16f061b:	0x00	0x00	0x00	0x00	0x00	0x00	0x00	0x00
ROW_META index=1 words:0x16f064e:	1	0	1	0
ROW index=2 flags=0x50 source=2 class=0 marker=0x30 surface=0x16f065d:	"hired"
ROW_CODE index=2 bytes:
0x16f067b:	0x22	0x11	0x1a	0x15	0x00	0x00	0x37	0x27
0x16f0683:	0x00	0x23	0x15	0x00	0x00	0x00	0x00	0x00
0x16f068b:	0x00	0x00	0x00	0x00	0x00	0x00	0x00	0x00
ROW_META index=2 words:0x16f06be:	0	0	0	1
ROW index=3 flags=0x50 source=3 class=0 marker=0x30 surface=0x16f06cd:	"Lee"
ROW_CODE index=3 bytes:
0x16f06eb:	0x2b	0x27	0x00	0x1e	0x00	0x00	0x00	0x00
0x16f06f3:	0x00	0x00	0x00	0x00	0x00	0x00	0x00	0x00
0x16f06fb:	0x00	0x00	0x00	0x00	0x00	0x00	0x00	0x00
ROW_META index=3 words:0x16f072e:	1	0	1	1
ROW index=4 flags=0 source=3 class=0x45 marker=0x30 surface=0x16f073d:	"."
ROW_CODE index=4 bytes:
0x16f075b:	0x00	0x27	0x00	0x00	0x00	0x00	0x00	0x00
0x16f0763:	0x00	0x00	0x00	0x00	0x00	0x00	0x00	0x00
0x16f076b:	0x00	0x00	0x00	0x00	0x00	0x00	0x00	0x00
ROW_META index=4 words:0x16f079e:	0	0	0	0
CONTEXT_ENTRY count=2 rows=0x16f0572 upstream=0x14e14cc
UPSTREAM row=0 source=0 type=0x41 class=0x44 status=0xff surface=
0x14e1500:	"Next"
UPSTREAM_CONTEXT row=0 value=0x14e151e:	""
UPSTREAM_CONTEXT_BYTES row=0 bytes:
0x14e151e:	0x00	0x00	0x00	0x00	0x00	0x00	0x00	0x00
0x14e1526:	0x00	0x00	0x00	0x00
UPSTREAM row=1 source=0 type=0x41 class=0x44 status=0xff surface=
0x14e1500:	"Next"
UPSTREAM_CONTEXT row=1 value=0x14e151e:	""
UPSTREAM_CONTEXT_BYTES row=1 bytes:
0x14e151e:	0x00	0x00	0x00	0x00	0x00	0x00	0x00	0x00
0x14e1526:	0x00	0x00	0x00	0x00
Temporary breakpoint 61 at 0x1000e365
CONTEXT_RETURN count=2
ROW index=0 flags=0x50 source=0 class=0 marker=0x30 surface=0x16f057d:	"Next"
ROW_CODE index=0 bytes:
0x16f059b:	0x2d	0x18	0x2a	0x37	0x39	0x00	0x00	0x00
0x16f05a3:	0x00	0x00	0x00	0x00	0x00	0x00	0x00	0x00
0x16f05ab:	0x00	0x00	0x00	0x00	0x00	0x00	0x00	0x00
ROW_META index=0 words:0x16f05de:	0	0	0	1
ROW index=1 flags=0 source=0 class=0x45 marker=0x30 surface=0x16f05ed:	"."
ROW_CODE index=1 bytes:
0x16f060b:	0x00	0x2b	0x64	0x35	0x27	0x00	0x37	0x27
0x16f0613:	0x00	0x23	0x15	0x00	0x00	0x00	0x00	0x00
0x16f061b:	0x00	0x00	0x00	0x00	0x00	0x00	0x00	0x00
ROW_META index=1 words:0x16f064e:	0	0	0	0
CONTEXT_ENTRY count=5 rows=0x16f0572 upstream=0x14e14cc
UPSTREAM row=0 source=0 type=0x41 class=0x44 status=0xff surface=
0x14e1500:	"Acme"
UPSTREAM_CONTEXT row=0 value=0x14e151e:	""
UPSTREAM_CONTEXT_BYTES row=0 bytes:
0x14e151e:	0x00	0x00	0x00	0x00	0x00	0x00	0x00	0x00
0x14e1526:	0x00	0x00	0x00	0x00
UPSTREAM row=1 source=1 type=0x41 class=0x44 status=0xff surface=
0x14e1594:	"LLC"
UPSTREAM_CONTEXT row=1 value=0x14e15b2:	""
UPSTREAM_CONTEXT_BYTES row=1 bytes:
0x14e15b2:	0x00	0x00	0x00	0x00	0x00	0x00	0x00	0x00
0x14e15ba:	0x00	0x00	0x00	0x00
UPSTREAM row=2 source=2 type=0x41 class=0x44 status=0xff surface=
0x14e1628:	"hired"
UPSTREAM_CONTEXT row=2 value=0x14e1646:	""
UPSTREAM_CONTEXT_BYTES row=2 bytes:
0x14e1646:	0x00	0x00	0x00	0x00	0x00	0x00	0x00	0x00
0x14e164e:	0x00	0x00	0x00	0x00
UPSTREAM row=3 source=3 type=0x41 class=0x44 status=0xff surface=
0x14e16bc:	"Lee"
UPSTREAM_CONTEXT row=3 value=0x14e16da:	""
UPSTREAM_CONTEXT_BYTES row=3 bytes:
0x14e16da:	0x00	0x00	0x00	0x00	0x00	0x00	0x00	0x00
0x14e16e2:	0x00	0x00	0x00	0x00
UPSTREAM row=4 source=3 type=0x41 class=0x44 status=0xff surface=
0x14e16bc:	"Lee"
UPSTREAM_CONTEXT row=4 value=0x14e16da:	""
UPSTREAM_CONTEXT_BYTES row=4 bytes:
0x14e16da:	0x00	0x00	0x00	0x00	0x00	0x00	0x00	0x00
0x14e16e2:	0x00	0x00	0x00	0x00
Temporary breakpoint 62 at 0x1000e365
CONTEXT_RETURN count=5
ROW index=0 flags=0x1 source=0 class=0 marker=0x30 surface=0x16f057d:	"Acme"
ROW_CODE index=0 bytes:
0x16f059b:	0x05	0x2a	0x2c	0x26	0x00	0x00	0x00	0x00
0x16f05a3:	0x00	0x00	0x00	0x00	0x00	0x00	0x00	0x00
0x16f05ab:	0x00	0x00	0x00	0x00	0x00	0x00	0x00	0x00
ROW_META index=0 words:0x16f05de:	0	1	0	0
ROW index=1 flags=0x20 source=1 class=0 marker=0x30 surface=0x16f05ed:	"LLC"
ROW_CODE index=1 bytes:
0x16f060b:	0x18	0x2b	0x64	0x18	0x2b	0x64	0x37	0x27
0x16f0613:	0x00	0x23	0x15	0x00	0x00	0x00	0x00	0x00
0x16f061b:	0x00	0x00	0x00	0x00	0x00	0x00	0x00	0x00
ROW_META index=1 words:0x16f064e:	1	0	1	0
ROW index=2 flags=0x50 source=2 class=0 marker=0x30 surface=0x16f065d:	"hired"
ROW_CODE index=2 bytes:
0x16f067b:	0x22	0x11	0x1a	0x15	0x00	0x00	0x37	0x27
0x16f0683:	0x00	0x23	0x15	0x00	0x00	0x00	0x00	0x00
0x16f068b:	0x00	0x00	0x00	0x00	0x00	0x00	0x00	0x00
ROW_META index=2 words:0x16f06be:	0	0	0	1
ROW index=3 flags=0x50 source=3 class=0 marker=0x30 surface=0x16f06cd:	"Lee"
ROW_CODE index=3 bytes:
0x16f06eb:	0x2b	0x27	0x00	0x1e	0x00	0x00	0x00	0x00
0x16f06f3:	0x00	0x00	0x00	0x00	0x00	0x00	0x00	0x00
0x16f06fb:	0x00	0x00	0x00	0x00	0x00	0x00	0x00	0x00
ROW_META index=3 words:0x16f072e:	1	0	1	1
ROW index=4 flags=0 source=3 class=0x45 marker=0x30 surface=0x16f073d:	"."
ROW_CODE index=4 bytes:
0x16f075b:	0x00	0x27	0x00	0x00	0x00	0x00	0x00	0x00
0x16f0763:	0x00	0x00	0x00	0x00	0x00	0x00	0x00	0x00
0x16f076b:	0x00	0x00	0x00	0x00	0x00	0x00	0x00	0x00
ROW_META index=4 words:0x16f079e:	0	0	0	0
CONTEXT_ENTRY count=2 rows=0x16f0572 upstream=0x14e14cc
UPSTREAM row=0 source=0 type=0x41 class=0x44 status=0xff surface=
0x14e1500:	"Next"
UPSTREAM_CONTEXT row=0 value=0x14e151e:	""
UPSTREAM_CONTEXT_BYTES row=0 bytes:
0x14e151e:	0x00	0x00	0x00	0x00	0x00	0x00	0x00	0x00
0x14e1526:	0x00	0x00	0x00	0x00
UPSTREAM row=1 source=0 type=0x41 class=0x44 status=0xff surface=
0x14e1500:	"Next"
UPSTREAM_CONTEXT row=1 value=0x14e151e:	""
UPSTREAM_CONTEXT_BYTES row=1 bytes:
0x14e151e:	0x00	0x00	0x00	0x00	0x00	0x00	0x00	0x00
0x14e1526:	0x00	0x00	0x00	0x00
Temporary breakpoint 63 at 0x1000e365
CONTEXT_RETURN count=2
ROW index=0 flags=0x50 source=0 class=0 marker=0x30 surface=0x16f057d:	"Next"
ROW_CODE index=0 bytes:
0x16f059b:	0x2d	0x18	0x2a	0x37	0x39	0x00	0x00	0x00
0x16f05a3:	0x00	0x00	0x00	0x00	0x00	0x00	0x00	0x00
0x16f05ab:	0x00	0x00	0x00	0x00	0x00	0x00	0x00	0x00
ROW_META index=0 words:0x16f05de:	0	0	0	1
ROW index=1 flags=0 source=0 class=0x45 marker=0x30 surface=0x16f05ed:	"."
ROW_CODE index=1 bytes:
0x16f060b:	0x00	0x2b	0x64	0x18	0x2b	0x64	0x37	0x27
0x16f0613:	0x00	0x23	0x15	0x00	0x00	0x00	0x00	0x00
0x16f061b:	0x00	0x00	0x00	0x00	0x00	0x00	0x00	0x00
ROW_META index=1 words:0x16f064e:	0	0	0	0
CONTEXT_ENTRY count=6 rows=0x16f0572 upstream=0x14e14cc
UPSTREAM row=0 source=0 type=0x41 class=0x44 status=0xff surface=
0x14e1500:	"Acme"
UPSTREAM_CONTEXT row=0 value=0x14e151e:	""
UPSTREAM_CONTEXT_BYTES row=0 bytes:
0x14e151e:	0x00	0x00	0x00	0x00	0x00	0x00	0x00	0x00
0x14e1526:	0x00	0x00	0x00	0x00
UPSTREAM row=1 source=0 type=0x41 class=0x44 status=0xff surface=
0x14e1500:	"Acme"
UPSTREAM_CONTEXT row=1 value=0x14e151e:	""
UPSTREAM_CONTEXT_BYTES row=1 bytes:
0x14e151e:	0x00	0x00	0x00	0x00	0x00	0x00	0x00	0x00
0x14e1526:	0x00	0x00	0x00	0x00
UPSTREAM row=2 source=1 type=0x41 class=0x44 status=0xff surface=
0x14e1594:	"LLC"
UPSTREAM_CONTEXT row=2 value=0x14e15b2:	""
UPSTREAM_CONTEXT_BYTES row=2 bytes:
0x14e15b2:	0x00	0x00	0x00	0x00	0x00	0x00	0x00	0x00
0x14e15ba:	0x00	0x00	0x00	0x00
UPSTREAM row=3 source=2 type=0x41 class=0x44 status=0xff surface=
0x14e1628:	"hired"
UPSTREAM_CONTEXT row=3 value=0x14e1646:	""
UPSTREAM_CONTEXT_BYTES row=3 bytes:
0x14e1646:	0x00	0x00	0x00	0x00	0x00	0x00	0x00	0x00
0x14e164e:	0x00	0x00	0x00	0x00
UPSTREAM row=4 source=3 type=0x41 class=0x44 status=0xff surface=
0x14e16bc:	"Lee"
UPSTREAM_CONTEXT row=4 value=0x14e16da:	""
UPSTREAM_CONTEXT_BYTES row=4 bytes:
0x14e16da:	0x00	0x00	0x00	0x00	0x00	0x00	0x00	0x00
0x14e16e2:	0x00	0x00	0x00	0x00
UPSTREAM row=5 source=3 type=0x41 class=0x44 status=0xff surface=
0x14e16bc:	"Lee"
UPSTREAM_CONTEXT row=5 value=0x14e16da:	""
UPSTREAM_CONTEXT_BYTES row=5 bytes:
0x14e16da:	0x00	0x00	0x00	0x00	0x00	0x00	0x00	0x00
0x14e16e2:	0x00	0x00	0x00	0x00
Temporary breakpoint 64 at 0x1000e365
CONTEXT_RETURN count=6
ROW index=0 flags=0x1 source=0 class=0 marker=0x30 surface=0x16f057d:	"Acme"
ROW_CODE index=0 bytes:
0x16f059b:	0x05	0x2a	0x2c	0x26	0x00	0x00	0x00	0x00
0x16f05a3:	0x00	0x00	0x00	0x00	0x00	0x00	0x00	0x00
0x16f05ab:	0x00	0x00	0x00	0x00	0x00	0x00	0x00	0x00
ROW_META index=0 words:0x16f05de:	0	1	0	0
ROW index=1 flags=0 source=0 class=0x45 marker=0x30 surface=0x16f05ed:	","
ROW_CODE index=1 bytes:
0x16f060b:	0x00	0x2b	0x64	0x18	0x2b	0x64	0x37	0x27
0x16f0613:	0x00	0x23	0x15	0x00	0x00	0x00	0x00	0x00
0x16f061b:	0x00	0x00	0x00	0x00	0x00	0x00	0x00	0x00
ROW_META index=1 words:0x16f064e:	0	0	0	0
ROW index=2 flags=0x20 source=1 class=0 marker=0x30 surface=0x16f065d:	"LLC"
ROW_CODE index=2 bytes:
0x16f067b:	0x18	0x2b	0x64	0x18	0x2b	0x64	0x37	0x27
0x16f0683:	0x00	0x23	0x15	0x00	0x00	0x00	0x00	0x00
0x16f068b:	0x00	0x00	0x00	0x00	0x00	0x00	0x00	0x00
ROW_META index=2 words:0x16f06be:	1	0	1	0
ROW index=3 flags=0x50 source=2 class=0 marker=0x30 surface=0x16f06cd:	"hired"
ROW_CODE index=3 bytes:
0x16f06eb:	0x22	0x11	0x1a	0x15	0x00	0x00	0x00	0x00
0x16f06f3:	0x00	0x00	0x00	0x00	0x00	0x00	0x00	0x00
0x16f06fb:	0x00	0x00	0x00	0x00	0x00	0x00	0x00	0x00
ROW_META index=3 words:0x16f072e:	0	0	0	1
ROW index=4 flags=0x50 source=3 class=0 marker=0x30 surface=0x16f073d:	"Lee"
ROW_CODE index=4 bytes:
0x16f075b:	0x2b	0x27	0x00	0x00	0x00	0x00	0x00	0x00
0x16f0763:	0x00	0x00	0x00	0x00	0x00	0x00	0x00	0x00
0x16f076b:	0x00	0x00	0x00	0x00	0x00	0x00	0x00	0x00
ROW_META index=4 words:0x16f079e:	1	0	1	1
ROW index=5 flags=0 source=3 class=0x45 marker=0x30 surface=0x16f07ad:	"."
ROW_CODE index=5 bytes:
0x16f07cb:	0x00	0x00	0x00	0x00	0x00	0x00	0x00	0x00
0x16f07d3:	0x00	0x00	0x00	0x00	0x00	0x00	0x00	0x00
0x16f07db:	0x00	0x00	0x00	0x00	0x00	0x00	0x00	0x00
ROW_META index=5 words:0x16f080e:	0	0	0	0
CONTEXT_ENTRY count=2 rows=0x16f0572 upstream=0x14e14cc
UPSTREAM row=0 source=0 type=0x41 class=0x44 status=0xff surface=
0x14e1500:	"Next"
UPSTREAM_CONTEXT row=0 value=0x14e151e:	""
UPSTREAM_CONTEXT_BYTES row=0 bytes:
0x14e151e:	0x00	0x00	0x00	0x00	0x00	0x00	0x00	0x00
0x14e1526:	0x00	0x00	0x00	0x00
UPSTREAM row=1 source=0 type=0x41 class=0x44 status=0xff surface=
0x14e1500:	"Next"
UPSTREAM_CONTEXT row=1 value=0x14e151e:	""
UPSTREAM_CONTEXT_BYTES row=1 bytes:
0x14e151e:	0x00	0x00	0x00	0x00	0x00	0x00	0x00	0x00
0x14e1526:	0x00	0x00	0x00	0x00
Temporary breakpoint 65 at 0x1000e365
CONTEXT_RETURN count=2
ROW index=0 flags=0x50 source=0 class=0 marker=0x30 surface=0x16f057d:	"Next"
ROW_CODE index=0 bytes:
0x16f059b:	0x2d	0x18	0x2a	0x37	0x39	0x00	0x00	0x00
0x16f05a3:	0x00	0x00	0x00	0x00	0x00	0x00	0x00	0x00
0x16f05ab:	0x00	0x00	0x00	0x00	0x00	0x00	0x00	0x00
ROW_META index=0 words:0x16f05de:	0	0	0	1
ROW index=1 flags=0 source=0 class=0x45 marker=0x30 surface=0x16f05ed:	"."
ROW_CODE index=1 bytes:
0x16f060b:	0x00	0x2b	0x64	0x18	0x2b	0x64	0x37	0x27
0x16f0613:	0x00	0x23	0x15	0x00	0x00	0x00	0x00	0x00
0x16f061b:	0x00	0x00	0x00	0x00	0x00	0x00	0x00	0x00
ROW_META index=1 words:0x16f064e:	0	0	0	0
CONTEXT_ENTRY count=5 rows=0x16f0572 upstream=0x14e14cc
UPSTREAM row=0 source=0 type=0x41 class=0x44 status=0xff surface=
0x14e1500:	"Acme"
UPSTREAM_CONTEXT row=0 value=0x14e151e:	""
UPSTREAM_CONTEXT_BYTES row=0 bytes:
0x14e151e:	0x00	0x00	0x00	0x00	0x00	0x00	0x00	0x00
0x14e1526:	0x00	0x00	0x00	0x00
UPSTREAM row=1 source=1 type=0x41 class=0x44 status=0xff surface=
0x14e1594:	"LLC"
UPSTREAM_CONTEXT row=1 value=0x14e15b2:	""
UPSTREAM_CONTEXT_BYTES row=1 bytes:
0x14e15b2:	0x00	0x00	0x00	0x00	0x00	0x00	0x00	0x00
0x14e15ba:	0x00	0x00	0x00	0x00
UPSTREAM row=2 source=2 type=0x41 class=0x44 status=0xff surface=
0x14e1628:	"hired"
UPSTREAM_CONTEXT row=2 value=0x14e1646:	""
UPSTREAM_CONTEXT_BYTES row=2 bytes:
0x14e1646:	0x00	0x00	0x00	0x00	0x00	0x00	0x00	0x00
0x14e164e:	0x00	0x00	0x00	0x00
UPSTREAM row=3 source=3 type=0x41 class=0x44 status=0xff surface=
0x14e16bc:	"Lee"
UPSTREAM_CONTEXT row=3 value=0x14e16da:	""
UPSTREAM_CONTEXT_BYTES row=3 bytes:
0x14e16da:	0x00	0x00	0x00	0x00	0x00	0x00	0x00	0x00
0x14e16e2:	0x00	0x00	0x00	0x00
UPSTREAM row=4 source=3 type=0x41 class=0x44 status=0xff surface=
0x14e16bc:	"Lee"
UPSTREAM_CONTEXT row=4 value=0x14e16da:	""
UPSTREAM_CONTEXT_BYTES row=4 bytes:
0x14e16da:	0x00	0x00	0x00	0x00	0x00	0x00	0x00	0x00
0x14e16e2:	0x00	0x00	0x00	0x00
Temporary breakpoint 66 at 0x1000e365
CONTEXT_RETURN count=5
ROW index=0 flags=0x1 source=0 class=0 marker=0x30 surface=0x16f057d:	"Acme"
ROW_CODE index=0 bytes:
0x16f059b:	0x05	0x2a	0x2c	0x26	0x00	0x00	0x00	0x00
0x16f05a3:	0x00	0x00	0x00	0x00	0x00	0x00	0x00	0x00
0x16f05ab:	0x00	0x00	0x00	0x00	0x00	0x00	0x00	0x00
ROW_META index=0 words:0x16f05de:	0	1	0	0
ROW index=1 flags=0x20 source=1 class=0 marker=0x30 surface=0x16f05ed:	"LLC"
ROW_CODE index=1 bytes:
0x16f060b:	0x18	0x2b	0x64	0x18	0x2b	0x64	0x37	0x27
0x16f0613:	0x00	0x23	0x15	0x00	0x00	0x00	0x00	0x00
0x16f061b:	0x00	0x00	0x00	0x00	0x00	0x00	0x00	0x00
ROW_META index=1 words:0x16f064e:	1	0	1	0
ROW index=2 flags=0x50 source=2 class=0 marker=0x30 surface=0x16f065d:	"hired"
ROW_CODE index=2 bytes:
0x16f067b:	0x22	0x11	0x1a	0x15	0x00	0x64	0x37	0x27
0x16f0683:	0x00	0x23	0x15	0x00	0x00	0x00	0x00	0x00
0x16f068b:	0x00	0x00	0x00	0x00	0x00	0x00	0x00	0x00
ROW_META index=2 words:0x16f06be:	0	0	0	1
ROW index=3 flags=0x50 source=3 class=0 marker=0x30 surface=0x16f06cd:	"Lee"
ROW_CODE index=3 bytes:
0x16f06eb:	0x2b	0x27	0x00	0x15	0x00	0x00	0x00	0x00
0x16f06f3:	0x00	0x00	0x00	0x00	0x00	0x00	0x00	0x00
0x16f06fb:	0x00	0x00	0x00	0x00	0x00	0x00	0x00	0x00
ROW_META index=3 words:0x16f072e:	1	0	1	1
ROW index=4 flags=0 source=3 class=0x45 marker=0x30 surface=0x16f073d:	"."
ROW_CODE index=4 bytes:
0x16f075b:	0x00	0x27	0x00	0x00	0x00	0x00	0x00	0x00
0x16f0763:	0x00	0x00	0x00	0x00	0x00	0x00	0x00	0x00
0x16f076b:	0x00	0x00	0x00	0x00	0x00	0x00	0x00	0x00
ROW_META index=4 words:0x16f079e:	0	0	0	0
CONTEXT_ENTRY count=2 rows=0x16f0572 upstream=0x14e14cc
UPSTREAM row=0 source=0 type=0x41 class=0x44 status=0xff surface=
0x14e1500:	"Next"
UPSTREAM_CONTEXT row=0 value=0x14e151e:	""
UPSTREAM_CONTEXT_BYTES row=0 bytes:
0x14e151e:	0x00	0x00	0x00	0x00	0x00	0x00	0x00	0x00
0x14e1526:	0x00	0x00	0x00	0x00
UPSTREAM row=1 source=0 type=0x41 class=0x44 status=0xff surface=
0x14e1500:	"Next"
UPSTREAM_CONTEXT row=1 value=0x14e151e:	""
UPSTREAM_CONTEXT_BYTES row=1 bytes:
0x14e151e:	0x00	0x00	0x00	0x00	0x00	0x00	0x00	0x00
0x14e1526:	0x00	0x00	0x00	0x00
Temporary breakpoint 67 at 0x1000e365
CONTEXT_RETURN count=2
ROW index=0 flags=0x50 source=0 class=0 marker=0x30 surface=0x16f057d:	"Next"
ROW_CODE index=0 bytes:
0x16f059b:	0x2d	0x18	0x2a	0x37	0x39	0x00	0x00	0x00
0x16f05a3:	0x00	0x00	0x00	0x00	0x00	0x00	0x00	0x00
0x16f05ab:	0x00	0x00	0x00	0x00	0x00	0x00	0x00	0x00
ROW_META index=0 words:0x16f05de:	0	0	0	1
ROW index=1 flags=0 source=0 class=0x45 marker=0x30 surface=0x16f05ed:	"."
ROW_CODE index=1 bytes:
0x16f060b:	0x00	0x2b	0x64	0x18	0x2b	0x64	0x37	0x27
0x16f0613:	0x00	0x23	0x15	0x00	0x00	0x00	0x00	0x00
0x16f061b:	0x00	0x00	0x00	0x00	0x00	0x00	0x00	0x00
ROW_META index=1 words:0x16f064e:	0	0	0	0
CONTEXT_ENTRY count=5 rows=0x16f0572 upstream=0x14e14cc
UPSTREAM row=0 source=0 type=0x41 class=0x44 status=0xff surface=
0x14e1500:	"We"
UPSTREAM_CONTEXT row=0 value=0x14e151e:	""
UPSTREAM_CONTEXT_BYTES row=0 bytes:
0x14e151e:	0x00	0x00	0x00	0x00	0x00	0x00	0x00	0x00
0x14e1526:	0x00	0x00	0x00	0x00
UPSTREAM row=1 source=1 type=0x41 class=0x44 status=0xff surface=
0x14e1594:	"noted"
UPSTREAM_CONTEXT row=1 value=0x14e15b2:	""
UPSTREAM_CONTEXT_BYTES row=1 bytes:
0x14e15b2:	0x00	0x00	0x00	0x00	0x00	0x00	0x00	0x00
0x14e15ba:	0x00	0x00	0x00	0x00
UPSTREAM row=2 source=2 type=0x41 class=0x44 status=0xff surface=
0x14e1628:	"LLC"
UPSTREAM_CONTEXT row=2 value=0x14e1646:	""
UPSTREAM_CONTEXT_BYTES row=2 bytes:
0x14e1646:	0x00	0x00	0x00	0x00	0x00	0x00	0x00	0x00
0x14e164e:	0x00	0x00	0x00	0x00
UPSTREAM row=3 source=3 type=0x41 class=0x44 status=0xff surface=
0x14e16bc:	"today"
UPSTREAM_CONTEXT row=3 value=0x14e16da:	""
UPSTREAM_CONTEXT_BYTES row=3 bytes:
0x14e16da:	0x00	0x00	0x00	0x00	0x00	0x00	0x00	0x00
0x14e16e2:	0x00	0x00	0x00	0x00
UPSTREAM row=4 source=3 type=0x41 class=0x44 status=0xff surface=
0x14e16bc:	"today"
UPSTREAM_CONTEXT row=4 value=0x14e16da:	""
UPSTREAM_CONTEXT_BYTES row=4 bytes:
0x14e16da:	0x00	0x00	0x00	0x00	0x00	0x00	0x00	0x00
0x14e16e2:	0x00	0x00	0x00	0x00
Temporary breakpoint 68 at 0x1000e365
CONTEXT_RETURN count=5
ROW index=0 flags=0x50 source=0 class=0x41 marker=0x30 surface=
0x16f057d:	"We"
ROW_CODE index=0 bytes:
0x16f059b:	0x42	0x27	0x00	0x37	0x39	0x00	0x00	0x00
0x16f05a3:	0x00	0x00	0x00	0x00	0x00	0x00	0x00	0x00
0x16f05ab:	0x00	0x00	0x00	0x00	0x00	0x00	0x00	0x00
ROW_META index=0 words:0x16f05de:	0	0	0	1
ROW index=1 flags=0x50 source=1 class=0 marker=0x30 surface=0x16f05ed:	"noted"
ROW_CODE index=1 bytes:
0x16f060b:	0x2d	0x30	0x39	0x23	0x15	0x00	0x37	0x27
0x16f0613:	0x00	0x23	0x15	0x00	0x00	0x00	0x00	0x00
0x16f061b:	0x00	0x00	0x00	0x00	0x00	0x00	0x00	0x00
ROW_META index=1 words:0x16f064e:	0	0	0	1
ROW index=2 flags=0x20 source=2 class=0 marker=0x30 surface=0x16f065d:	"LLC"
ROW_CODE index=2 bytes:
0x16f067b:	0x18	0x2b	0x64	0x18	0x2b	0x64	0x37	0x27
0x16f0683:	0x00	0x23	0x15	0x00	0x00	0x00	0x00	0x00
0x16f068b:	0x00	0x00	0x00	0x00	0x00	0x00	0x00	0x00
ROW_META index=2 words:0x16f06be:	1	0	1	0
ROW index=3 flags=0x1 source=3 class=0 marker=0x30 surface=0x16f06cd:	"today"
ROW_CODE index=3 bytes:
0x16f06eb:	0x39	0x07	0x15	0x1e	0x00	0x00	0x00	0x00
0x16f06f3:	0x00	0x00	0x00	0x00	0x00	0x00	0x00	0x00
0x16f06fb:	0x00	0x00	0x00	0x00	0x00	0x00	0x00	0x00
ROW_META index=3 words:0x16f072e:	0	0	0	0
ROW index=4 flags=0 source=3 class=0x45 marker=0x30 surface=0x16f073d:	"."
ROW_CODE index=4 bytes:
0x16f075b:	0x00	0x27	0x00	0x00	0x00	0x00	0x00	0x00
0x16f0763:	0x00	0x00	0x00	0x00	0x00	0x00	0x00	0x00
0x16f076b:	0x00	0x00	0x00	0x00	0x00	0x00	0x00	0x00
ROW_META index=4 words:0x16f079e:	0	0	0	0
CONTEXT_ENTRY count=2 rows=0x16f0572 upstream=0x14e14cc
UPSTREAM row=0 source=0 type=0x41 class=0x44 status=0xff surface=
0x14e1500:	"Next"
UPSTREAM_CONTEXT row=0 value=0x14e151e:	""
UPSTREAM_CONTEXT_BYTES row=0 bytes:
0x14e151e:	0x00	0x00	0x00	0x00	0x00	0x00	0x00	0x00
0x14e1526:	0x00	0x00	0x00	0x00
UPSTREAM row=1 source=0 type=0x41 class=0x44 status=0xff surface=
0x14e1500:	"Next"
UPSTREAM_CONTEXT row=1 value=0x14e151e:	""
UPSTREAM_CONTEXT_BYTES row=1 bytes:
0x14e151e:	0x00	0x00	0x00	0x00	0x00	0x00	0x00	0x00
0x14e1526:	0x00	0x00	0x00	0x00
Temporary breakpoint 69 at 0x1000e365
CONTEXT_RETURN count=2
ROW index=0 flags=0x50 source=0 class=0 marker=0x30 surface=0x16f057d:	"Next"
ROW_CODE index=0 bytes:
0x16f059b:	0x2d	0x18	0x2a	0x37	0x39	0x00	0x00	0x00
0x16f05a3:	0x00	0x00	0x00	0x00	0x00	0x00	0x00	0x00
0x16f05ab:	0x00	0x00	0x00	0x00	0x00	0x00	0x00	0x00
ROW_META index=0 words:0x16f05de:	0	0	0	1
ROW index=1 flags=0 source=0 class=0x45 marker=0x30 surface=0x16f05ed:	"."
ROW_CODE index=1 bytes:
0x16f060b:	0x00	0x30	0x39	0x23	0x15	0x00	0x37	0x27
0x16f0613:	0x00	0x23	0x15	0x00	0x00	0x00	0x00	0x00
0x16f061b:	0x00	0x00	0x00	0x00	0x00	0x00	0x00	0x00
ROW_META index=1 words:0x16f064e:	0	0	0	0
CONTEXT_ENTRY count=3 rows=0x16f0572 upstream=0x14e14cc
UPSTREAM row=0 source=0 type=0x41 class=0x44 status=0xff surface=
0x14e1500:	"Acme"
UPSTREAM_CONTEXT row=0 value=0x14e151e:	""
UPSTREAM_CONTEXT_BYTES row=0 bytes:
0x14e151e:	0x00	0x00	0x00	0x00	0x00	0x00	0x00	0x00
0x14e1526:	0x00	0x00	0x00	0x00
UPSTREAM row=1 source=1 type=0x41 class=0x44 status=0xff surface=
0x14e1594:	"llc"
UPSTREAM_CONTEXT row=1 value=0x14e15b2:	""
UPSTREAM_CONTEXT_BYTES row=1 bytes:
0x14e15b2:	0x00	0x00	0x00	0x00	0x00	0x00	0x00	0x00
0x14e15ba:	0x00	0x00	0x00	0x00
UPSTREAM row=2 source=1 type=0x41 class=0x44 status=0xff surface=
0x14e1594:	"llc"
UPSTREAM_CONTEXT row=2 value=0x14e15b2:	""
UPSTREAM_CONTEXT_BYTES row=2 bytes:
0x14e15b2:	0x00	0x00	0x00	0x00	0x00	0x00	0x00	0x00
0x14e15ba:	0x00	0x00	0x00	0x00
Temporary breakpoint 70 at 0x1000e365
CONTEXT_RETURN count=3
ROW index=0 flags=0x1 source=0 class=0 marker=0x30 surface=0x16f057d:	"Acme"
ROW_CODE index=0 bytes:
0x16f059b:	0x05	0x2a	0x2c	0x26	0x00	0x00	0x00	0x00
0x16f05a3:	0x00	0x00	0x00	0x00	0x00	0x00	0x00	0x00
0x16f05ab:	0x00	0x00	0x00	0x00	0x00	0x00	0x00	0x00
ROW_META index=0 words:0x16f05de:	0	1	0	0
ROW index=1 flags=0x20 source=1 class=0x45 marker=0x30 surface=
0x16f05ed:	"llc"
ROW_CODE index=1 bytes:
0x16f060b:	0x18	0x2b	0x64	0x18	0x2b	0x64	0x37	0x27
0x16f0613:	0x00	0x23	0x15	0x00	0x00	0x00	0x00	0x00
0x16f061b:	0x00	0x00	0x00	0x00	0x00	0x00	0x00	0x00
ROW_META index=1 words:0x16f064e:	1	0	1	0
ROW index=2 flags=0 source=1 class=0x45 marker=0x30 surface=0x16f065d:	"."
ROW_CODE index=2 bytes:
0x16f067b:	0x00	0x2b	0x64	0x18	0x2b	0x64	0x37	0x27
0x16f0683:	0x00	0x23	0x15	0x00	0x00	0x00	0x00	0x00
0x16f068b:	0x00	0x00	0x00	0x00	0x00	0x00	0x00	0x00
ROW_META index=2 words:0x16f06be:	0	0	0	0
CONTEXT_ENTRY count=3 rows=0x16f0572 upstream=0x14e14cc
UPSTREAM row=0 source=0 type=0x41 class=0x44 status=0xff surface=
0x14e1500:	"hired"
UPSTREAM_CONTEXT row=0 value=0x14e151e:	""
UPSTREAM_CONTEXT_BYTES row=0 bytes:
0x14e151e:	0x00	0x00	0x00	0x00	0x00	0x00	0x00	0x00
0x14e1526:	0x00	0x00	0x00	0x00
UPSTREAM row=1 source=1 type=0x41 class=0x44 status=0xff surface=
0x14e1594:	"Lee"
UPSTREAM_CONTEXT row=1 value=0x14e15b2:	""
UPSTREAM_CONTEXT_BYTES row=1 bytes:
0x14e15b2:	0x00	0x00	0x00	0x00	0x00	0x00	0x00	0x00
0x14e15ba:	0x00	0x00	0x00	0x00
UPSTREAM row=2 source=1 type=0x41 class=0x44 status=0xff surface=
0x14e1594:	"Lee"
UPSTREAM_CONTEXT row=2 value=0x14e15b2:	""
UPSTREAM_CONTEXT_BYTES row=2 bytes:
0x14e15b2:	0x00	0x00	0x00	0x00	0x00	0x00	0x00	0x00
0x14e15ba:	0x00	0x00	0x00	0x00
Temporary breakpoint 71 at 0x1000e365
CONTEXT_RETURN count=3
ROW index=0 flags=0x50 source=0 class=0 marker=0x30 surface=0x16f057d:	"hired"
ROW_CODE index=0 bytes:
0x16f059b:	0x22	0x11	0x1a	0x15	0x00	0x00	0x00	0x00
0x16f05a3:	0x00	0x00	0x00	0x00	0x00	0x00	0x00	0x00
0x16f05ab:	0x00	0x00	0x00	0x00	0x00	0x00	0x00	0x00
ROW_META index=0 words:0x16f05de:	0	0	0	1
ROW index=1 flags=0x50 source=1 class=0 marker=0x30 surface=0x16f05ed:	"Lee"
ROW_CODE index=1 bytes:
0x16f060b:	0x2b	0x27	0x00	0x18	0x2b	0x64	0x37	0x27
0x16f0613:	0x00	0x23	0x15	0x00	0x00	0x00	0x00	0x00
0x16f061b:	0x00	0x00	0x00	0x00	0x00	0x00	0x00	0x00
ROW_META index=1 words:0x16f064e:	1	0	1	1
ROW index=2 flags=0 source=1 class=0x45 marker=0x30 surface=0x16f065d:	"."
ROW_CODE index=2 bytes:
0x16f067b:	0x00	0x2b	0x64	0x18	0x2b	0x64	0x37	0x27
0x16f0683:	0x00	0x23	0x15	0x00	0x00	0x00	0x00	0x00
0x16f068b:	0x00	0x00	0x00	0x00	0x00	0x00	0x00	0x00
ROW_META index=2 words:0x16f06be:	0	0	0	0
CONTEXT_ENTRY count=2 rows=0x16f0572 upstream=0x14e14cc
UPSTREAM row=0 source=0 type=0x41 class=0x44 status=0xff surface=
0x14e1500:	"Next"
UPSTREAM_CONTEXT row=0 value=0x14e151e:	""
UPSTREAM_CONTEXT_BYTES row=0 bytes:
0x14e151e:	0x00	0x00	0x00	0x00	0x00	0x00	0x00	0x00
0x14e1526:	0x00	0x00	0x00	0x00
UPSTREAM row=1 source=0 type=0x41 class=0x44 status=0xff surface=
0x14e1500:	"Next"
UPSTREAM_CONTEXT row=1 value=0x14e151e:	""
UPSTREAM_CONTEXT_BYTES row=1 bytes:
0x14e151e:	0x00	0x00	0x00	0x00	0x00	0x00	0x00	0x00
0x14e1526:	0x00	0x00	0x00	0x00
Temporary breakpoint 72 at 0x1000e365
CONTEXT_RETURN count=2
ROW index=0 flags=0x50 source=0 class=0 marker=0x30 surface=0x16f057d:	"Next"
ROW_CODE index=0 bytes:
0x16f059b:	0x2d	0x18	0x2a	0x37	0x39	0x00	0x00	0x00
0x16f05a3:	0x00	0x00	0x00	0x00	0x00	0x00	0x00	0x00
0x16f05ab:	0x00	0x00	0x00	0x00	0x00	0x00	0x00	0x00
ROW_META index=0 words:0x16f05de:	0	0	0	1
ROW index=1 flags=0 source=0 class=0x45 marker=0x30 surface=0x16f05ed:	"."
ROW_CODE index=1 bytes:
0x16f060b:	0x00	0x27	0x00	0x18	0x2b	0x64	0x37	0x27
0x16f0613:	0x00	0x23	0x15	0x00	0x00	0x00	0x00	0x00
0x16f061b:	0x00	0x00	0x00	0x00	0x00	0x00	0x00	0x00
ROW_META index=1 words:0x16f064e:	0	0	0	0
[Inferior 1 (Remote target) exited normally]
Wine-gdb> 0258:025c: create process 'Z:\samples\voicetext_paul.exe'/00000000 @004014C0 (450560<1847>)
0258:025c: create thread I @004014C0
0258:025c: loads DLL C:\windows\system32\ntdll.dll @7BD10000 (2994176<5095>)
0258:025c: loads DLL C:\windows\system32\kernel32.dll @7BB90000 (1466368<19395>)
0258:025c: loads DLL C:\windows\system32\kernelbase.dll @7B650000 (5410816<14148>)
0258:025c: loads DLL C:\windows\system32\msvcrt.dll @7B2A0000 (2715648<8214>)
0258:025c: loads DLL Z:\samples\vt_pau.dll @10000000 (0<0>)
0258:025c: loads DLL C:\windows\system32\WINMM.dll @78C50000 (1474560<4890>)
0258:025c: loads DLL C:\windows\system32\advapi32.dll @7B550000 (958464<7400>)
0258:025c: loads DLL C:\windows\system32\sechost.dll @7B200000 (565248<3163>)
0258:025c: loads DLL C:\windows\system32\ucrtbase.dll @7AEE0000 (3198976<11541>)
0258:025c: loads DLL C:\windows\system32\msacm32.dll @78BD0000 (413696<1982>)
0258:025c: loads DLL C:\windows\system32\user32.dll @7A160000 (5005312<14159>)
0258:025c: loads DLL Z:\samples\zlib1.dll @7A120000 (135680<0>)
0258:025c: loads DLL C:\windows\system32\gdi32.dll @7A640000 (2355200<7390>)
0258:025c: loads DLL C:\windows\system32\win32u.dll @7A0D0000 (221184<1966>)
0258:025c: loads DLL C:\windows\system32\ole32.dll @7A9F0000 (4440064<14323>)
0258:025c: loads DLL C:\windows\system32\combase.dll @7A890000 (1314816<7562>)
0258:025c: loads DLL C:\windows\system32\rpcrt4.dll @79EA0000 (2162688<9274>)
0258:025c: loads DLL C:\windows\system32\coml2.dll @79E40000 (262144<3883>)
0258:025c: loads DLL C:\windows\system32\iphlpapi.dll @779C0000 (487424<4777>)
0258:025c: loads DLL C:\windows\system32\dnsapi.dll @77970000 (258048<1399>)
0258:025c: loads DLL C:\windows\system32\nsi.dll @77940000 (118784<823>)
0258:025c: loads DLL C:\windows\system32\ws2_32.dll @7AE40000 (565248<2279>)
0258:025c: loads DLL C:\windows\system32\tzres.dll @009C0000 (0<0>)
00000258:0000025c: unload DLL @009C0000
0258:025c: loads DLL C:\windows\system32\tzres.dll @009C0000 (0<0>)
00000258:0000025c: unload DLL @009C0000
0258:025c: loads DLL C:\windows\system32\imm32.dll @782F0000 (401408<2996>)
0258:025c: loads DLL C:\windows\system32\winex11.drv @780F0000 (307200<4314>)
0258:025c: loads DLL C:\windows\system32\uxtheme.dll @78030000 (671744<3646>)
00000258:0000025c: exit process (0)
