Wine-gdb> Already logging to /work/corpus-parity/stage20/apple-selector-byte0-legacy-context-objective-2026-09-29/adapted-context-objective-gdb.log.
Wine-gdb> Wine-gdb> Wine-gdb> Wine-gdb> Wine-gdb> Hardware assisted breakpoint 1 at 0x100191bc
Wine-gdb> >>>>>>>>>>>> > > > >> > > > >> > > > >> > >>>Wine-gdb> Wine-gdb> Hardware assisted breakpoint 2 at 0x1001b200
Wine-gdb> >>>>Wine-gdb> Wine-gdb> Hardware assisted breakpoint 3 at 0x408187
Wine-gdb> >>>>Wine-gdb> Wine-gdb> Continuing.
APPLE_2013_LEGACY_CONTEXT_OBJECTIVE context=2 current=40503 previous=64727 raw=0.37438 derived_a=0.00673401 derived_b=0.129496 before=6.40476 after=6.39802
APPLE_2013_LEGACY_CONTEXT_OBJECTIVE context=2 current=40503 previous=64718 raw=0.370961 derived_a=2.33094 derived_b=1.07285 before=15.7357 after=13.4048
APPLE_2013_LEGACY_CONTEXT_OBJECTIVE context=2 current=40503 previous=188825 raw=0.652313 derived_a=3.87546 derived_b=0.657718 before=19.5626 after=15.6872
APPLE_2013_LEGACY_CONTEXT_OBJECTIVE context=2 current=40503 previous=177774 raw=0.47344 derived_a=2.6065 derived_b=1.07285 before=17.3116 after=14.7051
APPLE_2013_LEGACY_CONTEXT_OBJECTIVE context=2 current=40503 previous=227604 raw=0.645903 derived_a=0.109589 derived_b=1.5817 before=16.5867 after=16.4771
APPLE_2013_LEGACY_CONTEXT_OBJECTIVE context=2 current=40503 previous=40502 raw=0 derived_a=0 derived_b=0 before=2 after=2
APPLE_2013_LEGACY_CONTEXT_OBJECTIVE context=2 current=40503 previous=261978 raw=0.47344 derived_a=0.00673401 derived_b=0.340136 before=8.44854 after=8.44181
APPLE_2013_LEGACY_CONTEXT_OBJECTIVE context=2 current=40503 previous=225631 raw=0.370961 derived_a=0.248276 derived_b=11.7701 before=65.0567 after=64.8085
APPLE_2013_LEGACY_CONTEXT_OBJECTIVE context=2 current=40503 previous=212593 raw=0.65638 derived_a=0.3391 derived_b=0.657718 before=12.5306 after=12.1915
APPLE_2013_LEGACY_CONTEXT_OBJECTIVE context=2 current=40503 previous=106017 raw=0.652313 derived_a=0.653595 derived_b=5.41104 before=36.8855 after=36.2319
APPLE_2013_LEGACY_CONTEXT_OBJECTIVE context=2 current=40503 previous=52644 raw=0.551306 derived_a=0 derived_b=0.853333 before=11.7797 after=11.7797
APPLE_2013_LEGACY_CONTEXT_OBJECTIVE context=2 current=40503 previous=179969 raw=0.967104 derived_a=4.61255 derived_b=9.83626 before=70.0774 after=65.4649
APPLE_2013_LEGACY_CONTEXT_OBJECTIVE context=2 current=40503 previous=255878 raw=0.501734 derived_a=0.171821 derived_b=0.657718 before=10.6496 after=10.4778
APPLE_2013_LEGACY_CONTEXT_OBJECTIVE context=2 current=40503 previous=219637 raw=0.37438 derived_a=0.106667 derived_b=0 before=5.95714 after=5.85047
APPLE_2013_LEGACY_CONTEXT_OBJECTIVE context=2 current=40503 previous=181638 raw=0.47344 derived_a=1.01408 derived_b=0.129496 before=9.41005 after=8.39596
APPLE_2013_LEGACY_CONTEXT_OBJECTIVE context=2 current=40503 previous=187543 raw=0.652313 derived_a=4.61255 derived_b=4.48447 before=40.1706 after=35.558
APPLE_2013_LEGACY_CONTEXT_OBJECTIVE context=2 current=40503 previous=113307 raw=0.67954 derived_a=2.33094 derived_b=0.231884 before=14.6167 after=12.2858
APPLE_2013_LEGACY_CONTEXT_OBJECTIVE context=2 current=40503 previous=224971 raw=0.652313 derived_a=7.75758 derived_b=2.86624 before=38.3695 after=30.6119
APPLE_2013_LEGACY_CONTEXT_OBJECTIVE context=2 current=40503 previous=195352 raw=0.855975 derived_a=0.0602007 derived_b=1.5817 before=18.5886 after=18.5284
APPLE_2013_LEGACY_CONTEXT_OBJECTIVE context=2 current=40503 previous=263415 raw=0.86165 derived_a=0.788274 derived_b=0.124138 before=12.8137 after=12.0255
APPLE_2013_LEGACY_CONTEXT_OBJECTIVE context=2 current=40503 previous=95538 raw=0.370961 derived_a=0.238411 derived_b=0.486486 before=8.61886 after=8.38045
APPLE_2013_LEGACY_CONTEXT_OBJECTIVE context=2 current=40503 previous=33522 raw=0.867765 derived_a=1.60142 derived_b=1.07285 before=19.2447 after=17.6433
APPLE_2013_LEGACY_CONTEXT_OBJECTIVE context=2 current=40503 previous=207854 raw=0.38333 derived_a=0.421053 derived_b=0.013986 before=6.74533 after=6.32428
APPLE_2013_LEGACY_CONTEXT_OBJECTIVE context=2 current=40503 previous=178783 raw=0.645903 derived_a=1.01408 derived_b=1.31579 before=17.0661 after=16.0521
APPLE_2013_LEGACY_CONTEXT_OBJECTIVE context=2 current=40503 previous=272238 raw=1.07392 derived_a=0.166113 derived_b=0.657718 before=16.36 after=16.1939
APPLE_2013_LEGACY_CONTEXT_OBJECTIVE context=2 current=40503 previous=48612 raw=0 derived_a=0.0602007 derived_b=0.0141844 before=2.19132 after=2.13112
APPLE_2013_LEGACY_CONTEXT_OBJECTIVE context=2 current=40503 previous=257776 raw=0.537128 derived_a=0.0272109 derived_b=0.129496 before=8.07318 after=8.04597
APPLE_2013_LEGACY_CONTEXT_OBJECTIVE context=2 current=40503 previous=84280 raw=0.501734 derived_a=3.53285 derived_b=11.1098 before=69.6322 after=66.0993
APPLE_2013_LEGACY_CONTEXT_OBJECTIVE context=2 current=40503 previous=189545 raw=0.652313 derived_a=0.0268456 derived_b=8.62722 before=51.7129 after=51.6861
APPLE_2013_LEGACY_CONTEXT_OBJECTIVE context=2 current=40503 previous=213333 raw=0.725146 derived_a=0.653595 derived_b=6.93976 before=45.2574 after=44.6039
APPLE_2013_LEGACY_CONTEXT_OBJECTIVE context=2 current=227605 previous=64727 raw=0.727499 derived_a=0.170648 derived_b=2.61333 before=22.683 after=22.5123
APPLE_2013_LEGACY_CONTEXT_OBJECTIVE context=2 current=227605 previous=64718 raw=0.583695 derived_a=1.43066 derived_b=0.0493827 before=10.9452 after=9.51452
APPLE_2013_LEGACY_CONTEXT_OBJECTIVE context=2 current=227605 previous=188825 raw=0.551546 derived_a=2.68401 derived_b=0.2 before=13.8835 after=11.1995
APPLE_2013_LEGACY_CONTEXT_OBJECTIVE context=2 current=227605 previous=177774 raw=0.473362 derived_a=1.64835 derived_b=0.0493827 before=10.2772 after=8.62888
APPLE_2013_LEGACY_CONTEXT_OBJECTIVE context=2 current=227605 previous=227604 raw=0 derived_a=0 derived_b=0 before=2 after=2
APPLE_2013_LEGACY_CONTEXT_OBJECTIVE context=2 current=227605 previous=40502 raw=0.645903 derived_a=0.109589 derived_b=1.5817 before=16.5867 after=16.4771
APPLE_2013_LEGACY_CONTEXT_OBJECTIVE context=2 current=227605 previous=261978 raw=0.473362 derived_a=0.170648 derived_b=0.455696 before=9.35339 after=9.18275
APPLE_2013_LEGACY_CONTEXT_OBJECTIVE context=2 current=227605 previous=225631 raw=0.583695 derived_a=0.027972 derived_b=4.76757 before=31.7307 after=31.7028
APPLE_2013_LEGACY_CONTEXT_OBJECTIVE context=2 current=227605 previous=212593 raw=0.677936 derived_a=0.0631579 derived_b=0.2 before=9.90567 after=9.84252
APPLE_2013_LEGACY_CONTEXT_OBJECTIVE context=2 current=227605 previous=106017 raw=0.551546 derived_a=1.29801 derived_b=1.14943 before=15.8586 after=14.5606
APPLE_2013_LEGACY_CONTEXT_OBJECTIVE context=2 current=227605 previous=52644 raw=0.682171 derived_a=0.109589 derived_b=0.111801 before=9.5999 after=9.49031
APPLE_2013_LEGACY_CONTEXT_OBJECTIVE context=2 current=227605 previous=179969 raw=0.670463 derived_a=3.30337 derived_b=3.56044 before=33.1136 after=29.8102
APPLE_2013_LEGACY_CONTEXT_OBJECTIVE context=2 current=227605 previous=255878 raw=0.745396 derived_a=0.00696864 derived_b=0.2 before=10.4679 after=10.4609
APPLE_2013_LEGACY_CONTEXT_OBJECTIVE context=2 current=227605 previous=219637 raw=0.727499 derived_a=0.432432 derived_b=1.5817 before=18.0484 after=17.6159
APPLE_2013_LEGACY_CONTEXT_OBJECTIVE context=2 current=227605 previous=181638 raw=0.473362 derived_a=0.457143 derived_b=2.61333 before=20.7146 after=20.2574
APPLE_2013_LEGACY_CONTEXT_OBJECTIVE context=2 current=227605 previous=187543 raw=0.551546 derived_a=3.30337 derived_b=0.744186 before=17.8431 after=14.5398
APPLE_2013_LEGACY_CONTEXT_OBJECTIVE context=2 current=227605 previous=113307 raw=0.67764 derived_a=1.43066 derived_b=3.02013 before=26.7384 after=25.3077
APPLE_2013_LEGACY_CONTEXT_OBJECTIVE context=2 current=227605 previous=224971 raw=0.551546 derived_a=6.03077 derived_b=0.190476 before=20.5294 after=14.4986
APPLE_2013_LEGACY_CONTEXT_OBJECTIVE context=2 current=227605 previous=195352 raw=0.440012 derived_a=0.332203 derived_b=0 before=7.06452 after=6.73232
APPLE_2013_LEGACY_CONTEXT_OBJECTIVE context=2 current=227605 previous=263415 raw=0.477809 derived_a=1.48515 derived_b=0.820513 before=13.851 after=12.3658
APPLE_2013_LEGACY_CONTEXT_OBJECTIVE context=2 current=227605 previous=95538 raw=0.583695 derived_a=0.671141 derived_b=0.314465 before=10.7516 after=10.0804
APPLE_2013_LEGACY_CONTEXT_OBJECTIVE context=2 current=227605 previous=33522 raw=1.07239 derived_a=0.873646 derived_b=0.0493827 before=14.7181 after=13.8445
APPLE_2013_LEGACY_CONTEXT_OBJECTIVE context=2 current=227605 previous=207854 raw=0.668468 derived_a=0.96 derived_b=1.2987 before=17.0982 after=16.1382
APPLE_2013_LEGACY_CONTEXT_OBJECTIVE context=2 current=227605 previous=178783 raw=0 derived_a=0.457143 derived_b=0.0122699 before=2.97564 after=2.51849
APPLE_2013_LEGACY_CONTEXT_OBJECTIVE context=2 current=227605 previous=272238 raw=0.826448 derived_a=0.545455 derived_b=0.2 before=12.3554 after=11.8099
APPLE_2013_LEGACY_CONTEXT_OBJECTIVE context=2 current=227605 previous=48612 raw=0.645903 derived_a=0.332203 derived_b=1.89474 before=18.5971 after=18.2649
APPLE_2013_LEGACY_CONTEXT_OBJECTIVE context=2 current=227605 previous=257776 raw=0.764041 derived_a=0.0275862 derived_b=2.61333 before=22.7623 after=22.7347
APPLE_2013_LEGACY_CONTEXT_OBJECTIVE context=2 current=227605 previous=84280 raw=0.745396 derived_a=2.4 derived_b=4.34783 before=35.9931 after=33.5931
APPLE_2013_LEGACY_CONTEXT_OBJECTIVE context=2 current=227605 previous=189545 raw=0.551546 derived_a=0.244898 derived_b=2.84444 before=22.2275 after=21.9826
APPLE_2013_LEGACY_CONTEXT_OBJECTIVE context=2 current=227605 previous=213333 raw=0.704634 derived_a=1.29801 derived_b=1.9096 before=21.1904 after=19.8924
APPLE_2013_LEGACY_CONTEXT_OBJECTIVE context=2 current=64719 previous=64727 raw=0.527195 derived_a=2.58781 derived_b=1.94595 before=22.1773 after=19.5895
APPLE_2013_LEGACY_CONTEXT_OBJECTIVE context=2 current=64719 previous=64718 raw=0 derived_a=0 derived_b=0 before=2 after=2
APPLE_2013_LEGACY_CONTEXT_OBJECTIVE context=2 current=64719 previous=188825 raw=0.447809 derived_a=0.196078 derived_b=0.0506329 before=7.12342 after=6.92734
APPLE_2013_LEGACY_CONTEXT_OBJECTIVE context=2 current=64719 previous=177774 raw=0.372669 derived_a=0.00772201 derived_b=0 before=5.74214 after=5.73442
APPLE_2013_LEGACY_CONTEXT_OBJECTIVE context=2 current=64719 previous=227604 raw=0.583695 derived_a=1.43066 derived_b=0.0493827 before=10.9452 after=9.51452
APPLE_2013_LEGACY_CONTEXT_OBJECTIVE context=2 current=64719 previous=40502 raw=0.370961 derived_a=2.33094 derived_b=1.07285 before=15.7357 after=13.4048
APPLE_2013_LEGACY_CONTEXT_OBJECTIVE context=2 current=64719 previous=261978 raw=0.372669 derived_a=2.58781 derived_b=0.205128 before=11.928 after=9.34015
APPLE_2013_LEGACY_CONTEXT_OBJECTIVE context=2 current=64719 previous=225631 raw=0 derived_a=1.05882 derived_b=5.78142 before=33.0247 after=31.9659
APPLE_2013_LEGACY_CONTEXT_OBJECTIVE context=2 current=64719 previous=212593 raw=0.727456 derived_a=0.892989 derived_b=0.0506329 before=11.3137 after=10.4207
APPLE_2013_LEGACY_CONTEXT_OBJECTIVE context=2 current=64719 previous=106017 raw=0.447809 derived_a=5.44444 derived_b=1.67442 before=25.7391 after=20.2946
APPLE_2013_LEGACY_CONTEXT_OBJECTIVE context=2 current=64719 previous=52644 raw=0.503544 derived_a=2.33094 derived_b=0.0125786 before=11.7602 after=9.42927
APPLE_2013_LEGACY_CONTEXT_OBJECTIVE context=2 current=64719 previous=179969 raw=0.698776 derived_a=0.387352 derived_b=4.44444 before=31.9847 after=31.5973
APPLE_2013_LEGACY_CONTEXT_OBJECTIVE context=2 current=64719 previous=255878 raw=0.326396 derived_a=1.2381 derived_b=0.0506329 before=7.99331 after=6.75522
APPLE_2013_LEGACY_CONTEXT_OBJECTIVE context=2 current=64719 previous=219637 raw=0.527195 derived_a=3.43262 derived_b=1.07285 before=19.5014 after=16.0688
APPLE_2013_LEGACY_CONTEXT_OBJECTIVE context=2 current=64719 previous=181638 raw=0.372669 derived_a=0.270677 derived_b=1.94595 before=15.9978 after=15.7271
APPLE_2013_LEGACY_CONTEXT_OBJECTIVE context=2 current=64719 previous=187543 raw=0.447809 derived_a=0.387352 derived_b=1.17647 before=13.1352 after=12.7478
APPLE_2013_LEGACY_CONTEXT_OBJECTIVE context=2 current=64719 previous=113307 raw=0.408776 derived_a=0 derived_b=2.29932 before=17.5844 after=17.5844
APPLE_2013_LEGACY_CONTEXT_OBJECTIVE context=2 current=64719 previous=224971 raw=0.447809 derived_a=1.5935 derived_b=0.433735 before=11.8338 after=10.2403
APPLE_2013_LEGACY_CONTEXT_OBJECTIVE context=2 current=64719 previous=195352 raw=0.670718 derived_a=3.13879 derived_b=0.0493827 before=15.2317 after=12.0929
APPLE_2013_LEGACY_CONTEXT_OBJECTIVE context=2 current=64719 previous=263415 raw=0.843511 derived_a=5.82007 derived_b=0.467532 before=24.4129 after=18.5928
APPLE_2013_LEGACY_CONTEXT_OBJECTIVE context=2 current=64719 previous=95538 raw=0 derived_a=4.05634 derived_b=0.11465 before=10.6859 after=6.62959
APPLE_2013_LEGACY_CONTEXT_OBJECTIVE context=2 current=64719 previous=33522 raw=0.670762 derived_a=0.0684411 derived_b=0 before=8.8445 after=8.77606
APPLE_2013_LEGACY_CONTEXT_OBJECTIVE context=2 current=64719 previous=207854 raw=0.441748 derived_a=4.72727 derived_b=0.842105 before=20.0825 after=15.3553
APPLE_2013_LEGACY_CONTEXT_OBJECTIVE context=2 current=64719 previous=178783 raw=0.583695 derived_a=0.270677 derived_b=0.0124224 before=8.44041 after=8.16973
APPLE_2013_LEGACY_CONTEXT_OBJECTIVE context=2 current=64719 previous=272238 raw=1.0204 derived_a=3.73852 derived_b=0.0506329 before=19.9342 after=16.1957
APPLE_2013_LEGACY_CONTEXT_OBJECTIVE context=2 current=64719 previous=48612 raw=0.370961 derived_a=3.13879 derived_b=1.33333 before=18.6539 after=15.5151
APPLE_2013_LEGACY_CONTEXT_OBJECTIVE context=2 current=64719 previous=257776 raw=0.450141 derived_a=1.85507 derived_b=1.94595 before=19.9413 after=18.0862
APPLE_2013_LEGACY_CONTEXT_OBJECTIVE context=2 current=64719 previous=84280 raw=0.326396 derived_a=0.125 derived_b=5.31868 before=32.1074 after=31.9824
APPLE_2013_LEGACY_CONTEXT_OBJECTIVE context=2 current=64719 previous=189545 raw=0.447809 derived_a=2.85714 derived_b=3.64045 before=30.3946 after=27.5375
APPLE_2013_LEGACY_CONTEXT_OBJECTIVE context=2 current=64719 previous=213333 raw=0.576356 derived_a=5.44444 derived_b=2.57143 before=31.5096 after=26.0651
APPLE_2013_LEGACY_CONTEXT_OBJECTIVE context=2 current=64728 previous=64727 raw=0 derived_a=0 derived_b=0 before=2 after=2
APPLE_2013_LEGACY_CONTEXT_OBJECTIVE context=2 current=64728 previous=64718 raw=0.527195 derived_a=2.58781 derived_b=1.94595 before=22.1773 after=19.5895
APPLE_2013_LEGACY_CONTEXT_OBJECTIVE context=2 current=64728 previous=188825 raw=0.641366 derived_a=4.20438 derived_b=1.36986 before=23.6717 after=19.4674
APPLE_2013_LEGACY_CONTEXT_OBJECTIVE context=2 current=64728 previous=177774 raw=0.450601 derived_a=2.8777 derived_b=1.94595 before=21.9911 after=19.1134
APPLE_2013_LEGACY_CONTEXT_OBJECTIVE context=2 current=64728 previous=227604 raw=0.727499 derived_a=0.170648 derived_b=2.61333 before=22.683 after=22.5123
APPLE_2013_LEGACY_CONTEXT_OBJECTIVE context=2 current=64728 previous=40502 raw=0.37438 derived_a=0.00673401 derived_b=0.129496 before=6.40476 after=6.39802
APPLE_2013_LEGACY_CONTEXT_OBJECTIVE context=2 current=64728 previous=261978 raw=0.450601 derived_a=0 derived_b=0.888889 before=10.9505 after=10.9505
APPLE_2013_LEGACY_CONTEXT_OBJECTIVE context=2 current=64728 previous=225631 raw=0.527195 derived_a=0.33677 derived_b=14.3275 before=79.5829 after=79.2461
APPLE_2013_LEGACY_CONTEXT_OBJECTIVE context=2 current=64728 previous=212593 raw=0.608691 derived_a=0.441379 derived_b=1.36986 before=15.819 after=15.3776
APPLE_2013_LEGACY_CONTEXT_OBJECTIVE context=2 current=64728 previous=106017 raw=0.641366 derived_a=0.527687 derived_b=7.2 before=45.469 after=44.9413
APPLE_2013_LEGACY_CONTEXT_OBJECTIVE context=2 current=64728 previous=52644 raw=0.313108 derived_a=0.00673401 derived_b=1.64626 before=13.3758 after=13.3691
APPLE_2013_LEGACY_CONTEXT_OBJECTIVE context=2 current=64728 previous=179969 raw=0.917229 derived_a=4.97059 derived_b=12.1905 before=82.0658 after=77.0953
APPLE_2013_LEGACY_CONTEXT_OBJECTIVE context=2 current=64728 previous=255878 raw=0.449951 derived_a=0.246575 derived_b=1.36986 before=13.842 after=13.5954
APPLE_2013_LEGACY_CONTEXT_OBJECTIVE context=2 current=64728 previous=219637 raw=0 derived_a=0.0598007 derived_b=0.129496 before=2.76708 after=2.70728
APPLE_2013_LEGACY_CONTEXT_OBJECTIVE context=2 current=64728 previous=181638 raw=0.450601 derived_a=1.18596 derived_b=0 before=8.87794 after=7.69198
APPLE_2013_LEGACY_CONTEXT_OBJECTIVE context=2 current=64728 previous=187543 raw=0.641366 derived_a=4.97059 derived_b=6.12658 before=48.9878 after=44.0172
APPLE_2013_LEGACY_CONTEXT_OBJECTIVE context=2 current=64728 previous=113307 raw=0.641655 derived_a=2.58781 derived_b=0.0148148 before=13.6663 after=11.0784
APPLE_2013_LEGACY_CONTEXT_OBJECTIVE context=2 current=64728 previous=224971 raw=0.641366 derived_a=8.21887 derived_b=4.20779 before=45.8904 after=37.6715
APPLE_2013_LEGACY_CONTEXT_OBJECTIVE context=2 current=64728 previous=195352 raw=0.937765 derived_a=0.0266667 derived_b=2.61333 before=24.4977 after=24.471
APPLE_2013_LEGACY_CONTEXT_OBJECTIVE context=2 current=64728 previous=263415 raw=0.877896 derived_a=0.649351 derived_b=0.507042 before=14.6129 after=13.9635
APPLE_2013_LEGACY_CONTEXT_OBJECTIVE context=2 current=64728 previous=95538 raw=0.527195 derived_a=0.165017 derived_b=1.11724 before=13.1882 after=13.0232
APPLE_2013_LEGACY_CONTEXT_OBJECTIVE context=2 current=64728 previous=33522 raw=0.771646 derived_a=1.8156 derived_b=1.94595 before=23.0774 after=21.2618
APPLE_2013_LEGACY_CONTEXT_OBJECTIVE context=2 current=64728 previous=207854 raw=0.469192 derived_a=0.321311 derived_b=0.228571 before=8.4774 after=8.15608
APPLE_2013_LEGACY_CONTEXT_OBJECTIVE context=2 current=64728 previous=178783 raw=0.727499 derived_a=1.18596 derived_b=2.26846 before=22.9892 after=21.8032
APPLE_2013_LEGACY_CONTEXT_OBJECTIVE context=2 current=64728 previous=272238 raw=1.08354 derived_a=0.10596 derived_b=1.36986 before=19.8966 after=19.7907
APPLE_2013_LEGACY_CONTEXT_OBJECTIVE context=2 current=64728 previous=48612 raw=0.37438 derived_a=0.0266667 derived_b=0.057971 before=6.08699 after=6.06033
APPLE_2013_LEGACY_CONTEXT_OBJECTIVE context=2 current=64728 previous=257776 raw=0.638648 derived_a=0.061017 derived_b=0 before=8.50852 after=8.4475
APPLE_2013_LEGACY_CONTEXT_OBJECTIVE context=2 current=64728 previous=84280 raw=0.449951 derived_a=3.84727 derived_b=13.6 before=82.1941 after=78.3468
APPLE_2013_LEGACY_CONTEXT_OBJECTIVE context=2 current=64728 previous=189545 raw=0.641366 derived_a=0.00668896 derived_b=10.8434 before=62.6439 after=62.6372
APPLE_2013_LEGACY_CONTEXT_OBJECTIVE context=2 current=64728 previous=213333 raw=0.907868 derived_a=0.527687 derived_b=8.94479 before=56.858 after=56.3303
APPLE_2013_LEGACY_CONTEXT_OBJECTIVE context=2 current=188826 previous=64727 raw=0.641366 derived_a=4.20438 derived_b=1.36986 before=23.6717 after=19.4674
APPLE_2013_LEGACY_CONTEXT_OBJECTIVE context=2 current=188826 previous=64718 raw=0.447809 derived_a=0.196078 derived_b=0.0506329 before=7.12342 after=6.92734
APPLE_2013_LEGACY_CONTEXT_OBJECTIVE context=2 current=188826 previous=188825 raw=0 derived_a=0 derived_b=0 before=2 after=2
APPLE_2013_LEGACY_CONTEXT_OBJECTIVE context=2 current=188826 previous=177774 raw=0.429843 derived_a=0.125984 derived_b=0.0506329 before=6.80356 after=6.67757
APPLE_2013_LEGACY_CONTEXT_OBJECTIVE context=2 current=188826 previous=227604 raw=0.551546 derived_a=2.68401 derived_b=0.2 before=13.8835 after=11.1995
APPLE_2013_LEGACY_CONTEXT_OBJECTIVE context=2 current=188826 previous=40502 raw=0.652313 derived_a=3.87546 derived_b=0.657718 before=19.5626 after=15.6872
APPLE_2013_LEGACY_CONTEXT_OBJECTIVE context=2 current=188826 previous=261978 raw=0.429843 derived_a=4.20438 derived_b=0.0519481 before=14.9669 after=10.7625
APPLE_2013_LEGACY_CONTEXT_OBJECTIVE context=2 current=188826 previous=225631 raw=0.447809 derived_a=2.16479 derived_b=6.90608 before=45.3381 after=43.1733
APPLE_2013_LEGACY_CONTEXT_OBJECTIVE context=2 current=188826 previous=212593 raw=0.559028 derived_a=1.92481 derived_b=0 before=11.4399 after=9.51509
APPLE_2013_LEGACY_CONTEXT_OBJECTIVE context=2 current=188826 previous=106017 raw=0 derived_a=7.69611 derived_b=2.30588 before=28.9216 after=21.2255
APPLE_2013_LEGACY_CONTEXT_OBJECTIVE context=2 current=188826 previous=52644 raw=0.445156 derived_a=3.87546 derived_b=0.0127389 before=14.2662 after=10.3907
APPLE_2013_LEGACY_CONTEXT_OBJECTIVE context=2 current=188826 previous=179969 raw=0.433517 derived_a=0.0322581 derived_b=5.4382 before=33.5907 after=33.5584
APPLE_2013_LEGACY_CONTEXT_OBJECTIVE context=2 current=188826 previous=255878 raw=0.496 derived_a=2.41791 derived_b=0 before=11.7958 after=9.37791
APPLE_2013_LEGACY_CONTEXT_OBJECTIVE context=2 current=188826 previous=219637 raw=0.641366 derived_a=5.26354 derived_b=0.657718 before=22.2293 after=16.9658
APPLE_2013_LEGACY_CONTEXT_OBJECTIVE context=2 current=188826 previous=181638 raw=0.429843 derived_a=0.927203 derived_b=1.36986 before=15.0021 after=14.0749
APPLE_2013_LEGACY_CONTEXT_OBJECTIVE context=2 current=188826 previous=187543 raw=0 derived_a=0.0322581 derived_b=1.71429 before=10.6359 after=10.6037
APPLE_2013_LEGACY_CONTEXT_OBJECTIVE context=2 current=188826 previous=113307 raw=0.427148 derived_a=0.196078 derived_b=1.66897 before=15.0085 after=14.8124
APPLE_2013_LEGACY_CONTEXT_OBJECTIVE context=2 current=188826 previous=224971 raw=0 derived_a=0.672199 derived_b=0.780488 before=7.24684 after=6.57464
APPLE_2013_LEGACY_CONTEXT_OBJECTIVE context=2 current=188826 previous=195352 raw=0.500719 derived_a=4.89855 derived_b=0.2 before=17.8043 after=12.9057
APPLE_2013_LEGACY_CONTEXT_OBJECTIVE context=2 current=188826 previous=263415 raw=0.724241 derived_a=8.14085 derived_b=0.210526 before=26.5767 after=18.4359
APPLE_2013_LEGACY_CONTEXT_OBJECTIVE context=2 current=188826 previous=95538 raw=0.447809 derived_a=6.02867 derived_b=0.0129032 before=18.6 after=12.5713
APPLE_2013_LEGACY_CONTEXT_OBJECTIVE context=2 current=188826 previous=33522 raw=0.798016 derived_a=0.496124 derived_b=0.0506329 before=11.2256 after=10.7295
APPLE_2013_LEGACY_CONTEXT_OBJECTIVE context=2 current=188826 previous=207854 raw=0.718162 derived_a=6.83986 derived_b=0.48 before=25.2613 after=18.4215
APPLE_2013_LEGACY_CONTEXT_OBJECTIVE context=2 current=188826 previous=178783 raw=0.551546 derived_a=0.927203 derived_b=0.113208 before=9.9359 after=9.0087
APPLE_2013_LEGACY_CONTEXT_OBJECTIVE context=2 current=188826 previous=272238 raw=0.796828 derived_a=5.64029 derived_b=0 before=21.2489 after=15.6086
APPLE_2013_LEGACY_CONTEXT_OBJECTIVE context=2 current=188826 previous=48612 raw=0.652313 derived_a=4.89855 derived_b=0.864865 before=22.6446 after=17.746
APPLE_2013_LEGACY_CONTEXT_OBJECTIVE context=2 current=188826 previous=257776 raw=0.612779 derived_a=3.25461 derived_b=1.36986 before=21.4863 after=18.2317
APPLE_2013_LEGACY_CONTEXT_OBJECTIVE context=2 current=188826 previous=84280 raw=0.496 derived_a=0.00796813 derived_b=6.4 before=38.9759 after=38.968
APPLE_2013_LEGACY_CONTEXT_OBJECTIVE context=2 current=188826 previous=189545 raw=0 derived_a=4.54545 derived_b=4.54545 before=33.8182 after=29.2727
APPLE_2013_LEGACY_CONTEXT_OBJECTIVE context=2 current=188826 previous=213333 raw=0.662867 derived_a=7.69611 derived_b=3.34104 before=40.7261 after=33.03
APPLE_2013_LEGACY_CONTEXT_OBJECTIVE context=2 current=2645 previous=64727 raw=0.67712 derived_a=0.027027 derived_b=5.61783 before=36.9144 after=36.8874
APPLE_2013_LEGACY_CONTEXT_OBJECTIVE context=2 current=2645 previous=64718 raw=0.625393 derived_a=2.08664 derived_b=0.95858 before=17.2201 after=15.1335
APPLE_2013_LEGACY_CONTEXT_OBJECTIVE context=2 current=2645 previous=188825 raw=0.564081 derived_a=3.55882 derived_b=1.4491 before=22.004 after=18.4451
APPLE_2013_LEGACY_CONTEXT_OBJECTIVE context=2 current=2645 previous=177774 raw=0.499766 derived_a=2.34783 derived_b=0.95858 before=16.4862 after=14.1384
APPLE_2013_LEGACY_CONTEXT_OBJECTIVE context=2 current=2645 previous=227604 raw=0.716014 derived_a=0.0618557 derived_b=0.573099 before=12.1493 after=12.0875
APPLE_2013_LEGACY_CONTEXT_OBJECTIVE context=2 current=2645 previous=40502 raw=0.700637 derived_a=0.00677966 derived_b=4.05 before=29.2699 after=29.2631
APPLE_2013_LEGACY_CONTEXT_OBJECTIVE context=2 current=2645 previous=261978 raw=0.499766 derived_a=0.027027 derived_b=2.04848 before=17.2941 after=17.2671
APPLE_2013_LEGACY_CONTEXT_OBJECTIVE context=2 current=2645 previous=225631 raw=0.625393 derived_a=0.17301 derived_b=2.04167 before=18.8083 after=18.6353
APPLE_2013_LEGACY_CONTEXT_OBJECTIVE context=2 current=2645 previous=212593 raw=0.741055 derived_a=0.25 derived_b=1.4491 before=17.1561 after=16.9061
APPLE_2013_LEGACY_CONTEXT_OBJECTIVE context=2 current=2645 previous=106017 raw=0.564081 derived_a=0.793443 derived_b=0.0994475 before=9.72493 after=8.93149
APPLE_2013_LEGACY_CONTEXT_OBJECTIVE context=2 current=2645 previous=52644 raw=0.538336 derived_a=0.00677966 derived_b=1.19048 before=13.3493 after=13.3425
APPLE_2013_LEGACY_CONTEXT_OBJECTIVE context=2 current=2645 previous=179969 raw=0.671474 derived_a=4.26667 derived_b=1.28042 before=23.6502 after=19.3835
APPLE_2013_LEGACY_CONTEXT_OBJECTIVE context=2 current=2645 previous=255878 raw=0.630318 derived_a=0.110345 derived_b=1.4491 before=15.7694 after=15.659
APPLE_2013_LEGACY_CONTEXT_OBJECTIVE context=2 current=2645 previous=219637 raw=0.67712 derived_a=0.167224 derived_b=4.05 before=29.3556 after=29.1884
APPLE_2013_LEGACY_CONTEXT_OBJECTIVE context=2 current=2645 previous=181638 raw=0.499766 derived_a=0.855124 derived_b=5.61783 before=36.7971 after=35.942
APPLE_2013_LEGACY_CONTEXT_OBJECTIVE context=2 current=2645 previous=187543 raw=0.564081 derived_a=4.26667 derived_b=0.0111732 before=16.23 after=11.9633
APPLE_2013_LEGACY_CONTEXT_OBJECTIVE context=2 current=2645 previous=113307 raw=0.517403 derived_a=2.08664 derived_b=6.20513 before=42.373 after=40.2863
APPLE_2013_LEGACY_CONTEXT_OBJECTIVE context=2 current=2645 previous=224971 raw=0.564081 derived_a=7.30798 derived_b=0.102857 before=22.7711 after=15.4631
APPLE_2013_LEGACY_CONTEXT_OBJECTIVE context=2 current=2645 previous=195352 raw=0.728387 derived_a=0.107383 derived_b=0.573099 before=12.3641 after=12.2567
APPLE_2013_LEGACY_CONTEXT_OBJECTIVE context=2 current=2645 previous=263415 raw=0.779771 derived_a=0.941176 derived_b=2.76074 before=25.4837 after=24.5426
APPLE_2013_LEGACY_CONTEXT_OBJECTIVE context=2 current=2645 previous=95538 raw=0.625393 derived_a=0.325581 derived_b=1.73494 before=17.5798 after=17.2542
APPLE_2013_LEGACY_CONTEXT_OBJECTIVE context=2 current=2645 previous=33522 raw=0.944488 derived_a=1.4 derived_b=0.95858 before=19.0378 after=17.6378
APPLE_2013_LEGACY_CONTEXT_OBJECTIVE context=2 current=2645 previous=207854 raw=0.767394 derived_a=0.534653 derived_b=3.59006 before=28.6936 after=28.1589
APPLE_2013_LEGACY_CONTEXT_OBJECTIVE context=2 current=2645 previous=178783 raw=0.716014 derived_a=0.855124 derived_b=0.752941 before=14.6351 after=13.78
APPLE_2013_LEGACY_CONTEXT_OBJECTIVE context=2 current=2645 previous=272238 raw=0.84341 derived_a=0.24 derived_b=1.4491 before=18.1596 after=17.9196
APPLE_2013_LEGACY_CONTEXT_OBJECTIVE context=2 current=2645 previous=48612 raw=0.700637 derived_a=0.107383 derived_b=4.54088 before=31.9255 after=31.8182
APPLE_2013_LEGACY_CONTEXT_OBJECTIVE context=2 current=2645 previous=257776 raw=0.426615 derived_a=0.00682594 derived_b=5.61783 before=34.369 after=34.3621
APPLE_2013_LEGACY_CONTEXT_OBJECTIVE context=2 current=2645 previous=84280 raw=0.630318 derived_a=3.23077 derived_b=1.76963 before=23.6129 after=20.3821
APPLE_2013_LEGACY_CONTEXT_OBJECTIVE context=2 current=2645 previous=189545 raw=0.564081 derived_a=0.0606061 derived_b=0.86631 before=12.0936 after=12.033
APPLE_2013_LEGACY_CONTEXT_OBJECTIVE context=2 current=2645 previous=213333 raw=0.633898 derived_a=0.793443 derived_b=0.391304 before=11.8824 after=11.0889
APPLE_2013_LEGACY_CONTEXT_OBJECTIVE context=2 current=32957 previous=64727 raw=0.643831 derived_a=1.59011 derived_b=20.6592 before=114.915 after=113.325
APPLE_2013_LEGACY_CONTEXT_OBJECTIVE context=2 current=32957 previous=64718 raw=0.649196 derived_a=0.121212 derived_b=10.0628 before=59.0485 after=58.9273
APPLE_2013_LEGACY_CONTEXT_OBJECTIVE context=2 current=32957 previous=188825 raw=0.727029 derived_a=0.625483 derived_b=11.5238 before=68.1403 after=67.5148
APPLE_2013_LEGACY_CONTEXT_OBJECTIVE context=2 current=32957 previous=177774 raw=0.639381 derived_a=0.190114 derived_b=10.0628 before=59.0882 after=58.8981
APPLE_2013_LEGACY_CONTEXT_OBJECTIVE context=2 current=32957 previous=227604 raw=0.834077 derived_a=0.719424 derived_b=8.71503 before=55.3548 after=54.6353
APPLE_2013_LEGACY_CONTEXT_OBJECTIVE context=2 current=32957 previous=40502 raw=0.778924 derived_a=1.39007 derived_b=17.5824 before=100.481 after=99.0914
APPLE_2013_LEGACY_CONTEXT_OBJECTIVE context=2 current=32957 previous=261978 raw=0.639381 derived_a=1.59011 derived_b=13.1016 before=77.082 after=75.4919
APPLE_2013_LEGACY_CONTEXT_OBJECTIVE context=2 current=32957 previous=225631 raw=0.649196 derived_a=0.463768 derived_b=0.598131 before=12.4102 after=11.9464
APPLE_2013_LEGACY_CONTEXT_OBJECTIVE context=2 current=32957 previous=212593 raw=0.969231 derived_a=0.356364 derived_b=11.5238 before=70.0241 after=69.6677
APPLE_2013_LEGACY_CONTEXT_OBJECTIVE context=2 current=32957 previous=106017 raw=0.727029 derived_a=3.94521 derived_b=3.55665 before=34.944 after=30.9987
APPLE_2013_LEGACY_CONTEXT_OBJECTIVE context=2 current=32957 previous=52644 raw=0.515289 derived_a=1.39007 derived_b=10.7789 before=63.8278 after=62.4377
APPLE_2013_LEGACY_CONTEXT_OBJECTIVE context=2 current=32957 previous=179969 raw=0.770289 derived_a=0.941634 derived_b=1.14692 before=17.3208 after=16.3791
APPLE_2013_LEGACY_CONTEXT_OBJECTIVE context=2 current=32957 previous=255878 raw=0.534535 derived_a=0.584838 derived_b=11.5238 before=66.1341 after=65.5492
APPLE_2013_LEGACY_CONTEXT_OBJECTIVE context=2 current=32957 previous=219637 raw=0.643831 derived_a=2.26573 derived_b=17.5824 before=100.882 after=98.6161
APPLE_2013_LEGACY_CONTEXT_OBJECTIVE context=2 current=32957 previous=181638 raw=0.639381 derived_a=0.0296296 derived_b=20.6592 before=111.749 after=111.72
APPLE_2013_LEGACY_CONTEXT_OBJECTIVE context=2 current=32957 previous=187543 raw=0.727029 derived_a=0.941634 derived_b=4.38806 before=33.0939 after=32.1522
APPLE_2013_LEGACY_CONTEXT_OBJECTIVE context=2 current=32957 previous=113307 raw=0.444457 derived_a=0.121212 derived_b=21.7528 before=115.451 after=115.33
APPLE_2013_LEGACY_CONTEXT_OBJECTIVE context=2 current=32957 previous=224971 raw=0.727029 derived_a=2.592 derived_b=6.34518 before=46.1802 after=43.5882
APPLE_2013_LEGACY_CONTEXT_OBJECTIVE context=2 current=32957 previous=195352 raw=0.986579 derived_a=2.02807 derived_b=8.71503 before=59.4971 after=57.469
APPLE_2013_LEGACY_CONTEXT_OBJECTIVE context=2 current=32957 previous=263415 raw=1.03332 derived_a=4.26621 derived_b=14.8 before=94.8656 after=90.5994
APPLE_2013_LEGACY_CONTEXT_OBJECTIVE context=2 current=32957 previous=95538 raw=0.649196 derived_a=2.77778 derived_b=12.2979 before=75.5369 after=72.7591
APPLE_2013_LEGACY_CONTEXT_OBJECTIVE context=2 current=32957 previous=33522 raw=0.487736 derived_a=0.00749064 derived_b=10.0628 before=57.2065 after=57.199
APPLE_2013_LEGACY_CONTEXT_OBJECTIVE context=2 current=32957 previous=207854 raw=0.576768 derived_a=3.33793 derived_b=16.623 before=97.5583 after=94.2204
APPLE_2013_LEGACY_CONTEXT_OBJECTIVE context=2 current=32957 previous=178783 raw=0.834077 derived_a=0.0296296 derived_b=9.375 before=57.275 after=57.2454
APPLE_2013_LEGACY_CONTEXT_OBJECTIVE context=2 current=32957 previous=272238 raw=1.34068 derived_a=2.51568 derived_b=11.5238 before=78.0572 after=75.5415
APPLE_2013_LEGACY_CONTEXT_OBJECTIVE context=2 current=32957 previous=48612 raw=0.778924 derived_a=2.02807 derived_b=18.5746 before=106.718 after=104.69
APPLE_2013_LEGACY_CONTEXT_OBJECTIVE context=2 current=32957 previous=257776 raw=0.821397 derived_a=1.02857 derived_b=20.6592 before=115.567 after=114.539
APPLE_2013_LEGACY_CONTEXT_OBJECTIVE context=2 current=32957 previous=84280 raw=0.534535 derived_a=0.492308 derived_b=0.760563 before=12.1328 after=11.6405
APPLE_2013_LEGACY_CONTEXT_OBJECTIVE context=2 current=32957 previous=189545 raw=0.727029 derived_a=1.80282 derived_b=1.61722 before=20.962 after=19.1592
APPLE_2013_LEGACY_CONTEXT_OBJECTIVE context=2 current=32957 previous=213333 raw=1.06044 derived_a=3.94521 derived_b=2.48544 before=32.922 after=28.9768
APPLE_2013_LEGACY_CONTEXT_OBJECTIVE context=2 current=38294 previous=64727 raw=0.527195 derived_a=0.246575 derived_b=14.3275 before=79.4025 after=79.156
APPLE_2013_LEGACY_CONTEXT_OBJECTIVE context=2 current=38294 previous=64718 raw=0 derived_a=1.2381 derived_b=5.78142 before=33.3833 after=32.1452
APPLE_2013_LEGACY_CONTEXT_OBJECTIVE context=2 current=38294 previous=188825 raw=0.447809 derived_a=2.41791 derived_b=6.90608 before=45.8443 after=43.4264
APPLE_2013_LEGACY_CONTEXT_OBJECTIVE context=2 current=38294 previous=177774 raw=0.372669 derived_a=1.44118 derived_b=5.78142 before=37.5162 after=36.075
APPLE_2013_LEGACY_CONTEXT_OBJECTIVE context=2 current=38294 previous=227604 raw=0.583695 derived_a=0.00696864 derived_b=4.76757 before=31.6887 after=31.6818
APPLE_2013_LEGACY_CONTEXT_OBJECTIVE context=2 current=38294 previous=40502 raw=0.370961 derived_a=0.171821 derived_b=11.7701 before=64.9038 after=64.732
APPLE_2013_LEGACY_CONTEXT_OBJECTIVE context=2 current=38294 previous=261978 raw=0.372669 derived_a=0.246575 derived_b=8.14525 before=46.9461 after=46.6995
APPLE_2013_LEGACY_CONTEXT_OBJECTIVE context=2 current=38294 previous=225631 raw=0 derived_a=0.00701754 derived_b=0 before=2.01403 after=2.00702
APPLE_2013_LEGACY_CONTEXT_OBJECTIVE context=2 current=38294 previous=212593 raw=0.727456 derived_a=0.028169 derived_b=6.90608 before=43.8613 after=43.8331
APPLE_2013_LEGACY_CONTEXT_OBJECTIVE context=2 current=38294 previous=106017 raw=0.447809 derived_a=1.49502 derived_b=1.24103 before=15.6733 after=14.1782
APPLE_2013_LEGACY_CONTEXT_OBJECTIVE context=2 current=38294 previous=52644 raw=0.503544 derived_a=0.171821 derived_b=6.32967 before=39.0274 after=38.8556
APPLE_2013_LEGACY_CONTEXT_OBJECTIVE context=2 current=38294 previous=179969 raw=0.698776 derived_a=3.00752 derived_b=0.0886699 before=15.4461 after=12.4386
APPLE_2013_LEGACY_CONTEXT_OBJECTIVE context=2 current=38294 previous=255878 raw=0.326396 derived_a=0 derived_b=6.90608 before=39.7943 after=39.7943
APPLE_2013_LEGACY_CONTEXT_OBJECTIVE context=2 current=38294 previous=219637 raw=0.527195 derived_a=0.549153 derived_b=11.7701 before=67.2208 after=66.6717
APPLE_2013_LEGACY_CONTEXT_OBJECTIVE context=2 current=38294 previous=181638 raw=0.372669 derived_a=0.351254 derived_b=14.3275 before=78.0666 after=77.7154
APPLE_2013_LEGACY_CONTEXT_OBJECTIVE context=2 current=38294 previous=187543 raw=0.447809 derived_a=3.00752 derived_b=1.7513 before=21.2496 after=18.2421
APPLE_2013_LEGACY_CONTEXT_OBJECTIVE context=2 current=38294 previous=113307 raw=0.408776 derived_a=1.2381 derived_b=15.2471 before=84.7992 after=83.5611
APPLE_2013_LEGACY_CONTEXT_OBJECTIVE context=2 current=38294 previous=224971 raw=0.447809 derived_a=5.62934 derived_b=3.0582 before=33.0278 after=27.3984
APPLE_2013_LEGACY_CONTEXT_OBJECTIVE context=2 current=38294 previous=195352 raw=0.670718 derived_a=0.435374 derived_b=4.76757 before=33.4158 after=32.9804
APPLE_2013_LEGACY_CONTEXT_OBJECTIVE context=2 current=38294 previous=263415 raw=0.843511 derived_a=1.69536 derived_b=9.50282 before=61.34 after=59.6446
APPLE_2013_LEGACY_CONTEXT_OBJECTIVE context=2 current=38294 previous=95538 raw=0 derived_a=0.814815 derived_b=7.51111 before=41.1852 after=40.3704
APPLE_2013_LEGACY_CONTEXT_OBJECTIVE context=2 current=38294 previous=33522 raw=0.670762 derived_a=0.724638 derived_b=5.78142 before=39.064 after=38.3394
APPLE_2013_LEGACY_CONTEXT_OBJECTIVE context=2 current=38294 previous=207854 raw=0.441748 derived_a=1.13043 derived_b=10.9829 before=63.5926 after=62.4622
APPLE_2013_LEGACY_CONTEXT_OBJECTIVE context=2 current=38294 previous=178783 raw=0.583695 derived_a=0.351254 derived_b=5.26087 before=34.8438 after=34.4925
APPLE_2013_LEGACY_CONTEXT_OBJECTIVE context=2 current=38294 previous=272238 raw=1.0204 derived_a=0.675676 derived_b=6.90608 before=48.0858 after=47.4101
APPLE_2013_LEGACY_CONTEXT_OBJECTIVE context=2 current=38294 previous=48612 raw=0.370961 derived_a=0.435374 derived_b=12.5896 before=69.5283 after=69.093
APPLE_2013_LEGACY_CONTEXT_OBJECTIVE context=2 current=38294 previous=257776 raw=0.450141 derived_a=0.0622837 derived_b=14.3275 before=78.2634 after=78.2011
APPLE_2013_LEGACY_CONTEXT_OBJECTIVE context=2 current=38294 previous=84280 raw=0.326396 derived_a=2.1487 derived_b=0.0097561 before=9.61014 after=7.46144
APPLE_2013_LEGACY_CONTEXT_OBJECTIVE context=2 current=38294 previous=189545 raw=0.447809 derived_a=0.334471 derived_b=0.248756 before=8.39082 after=8.05635
APPLE_2013_LEGACY_CONTEXT_OBJECTIVE context=2 current=38294 previous=213333 raw=0.576356 derived_a=1.49502 derived_b=0.646465 before=13.9859 after=12.4909
APPLE_2013_LEGACY_CONTEXT_OBJECTIVE context=2 current=40810 previous=64727 raw=0.527195 derived_a=1.18596 derived_b=0 before=9.64388 after=8.45792
APPLE_2013_LEGACY_CONTEXT_OBJECTIVE context=2 current=40810 previous=64718 raw=0 derived_a=0.270677 derived_b=1.94595 before=12.2711 after=12.0004
APPLE_2013_LEGACY_CONTEXT_OBJECTIVE context=2 current=40810 previous=188825 raw=0.447809 derived_a=0.927203 derived_b=1.36986 before=15.1818 after=14.2546
APPLE_2013_LEGACY_CONTEXT_OBJECTIVE context=2 current=40810 previous=177774 raw=0.372669 derived_a=0.369811 derived_b=1.94595 before=16.196 after=15.8262
APPLE_2013_LEGACY_CONTEXT_OBJECTIVE context=2 current=40810 previous=227604 raw=0.583695 derived_a=0.457143 derived_b=2.61333 before=21.8179 after=21.3608
APPLE_2013_LEGACY_CONTEXT_OBJECTIVE context=2 current=40810 previous=40502 raw=0.370961 derived_a=1.01408 derived_b=0.129496 before=8.38526 after=7.37117
APPLE_2013_LEGACY_CONTEXT_OBJECTIVE context=2 current=40810 previous=261978 raw=0.372669 derived_a=1.18596 derived_b=0.888889 before=12.5431 after=11.3571
APPLE_2013_LEGACY_CONTEXT_OBJECTIVE context=2 current=40810 previous=225631 raw=0 derived_a=0.258993 derived_b=14.3275 before=74.1554 after=73.8964
APPLE_2013_LEGACY_CONTEXT_OBJECTIVE context=2 current=40810 previous=212593 raw=0.727456 derived_a=0.180505 derived_b=1.36986 before=16.4849 after=16.3044
APPLE_2013_LEGACY_CONTEXT_OBJECTIVE context=2 current=40810 previous=106017 raw=0.447809 derived_a=3.29252 derived_b=7.2 before=49.0631 after=45.7706
APPLE_2013_LEGACY_CONTEXT_OBJECTIVE context=2 current=40810 previous=52644 raw=0.503544 derived_a=1.01408 derived_b=1.64626 before=17.2949 after=16.2808
APPLE_2013_LEGACY_CONTEXT_OBJECTIVE context=2 current=40810 previous=179969 raw=0.698776 derived_a=1.30502 derived_b=12.1905 before=72.5502 after=71.2452
APPLE_2013_LEGACY_CONTEXT_OBJECTIVE context=2 current=40810 previous=255878 raw=0.326396 derived_a=0.351254 derived_b=1.36986 before=12.8158 after=12.4645
APPLE_2013_LEGACY_CONTEXT_OBJECTIVE context=2 current=40810 previous=219637 raw=0.527195 derived_a=1.77778 derived_b=0.129496 before=11.475 after=9.69721
APPLE_2013_LEGACY_CONTEXT_OBJECTIVE context=2 current=40810 previous=181638 raw=0.372669 derived_a=0 derived_b=0 before=5.72669 after=5.72669
APPLE_2013_LEGACY_CONTEXT_OBJECTIVE context=2 current=40810 previous=187543 raw=0.447809 derived_a=1.30502 derived_b=6.12658 before=39.721 after=38.416
APPLE_2013_LEGACY_CONTEXT_OBJECTIVE context=2 current=40810 previous=113307 raw=0.408776 derived_a=0.270677 derived_b=0.0148148 before=6.70318 after=6.43251
APPLE_2013_LEGACY_CONTEXT_OBJECTIVE context=2 current=40810 previous=224971 raw=0.447809 derived_a=3.1746 derived_b=4.20779 before=33.8663 after=30.6917
APPLE_2013_LEGACY_CONTEXT_OBJECTIVE context=2 current=40810 previous=195352 raw=0.670718 derived_a=1.56794 derived_b=2.61333 before=24.9097 after=23.3418
APPLE_2013_LEGACY_CONTEXT_OBJECTIVE context=2 current=40810 previous=263415 raw=0.843511 derived_a=3.58644 derived_b=0.507042 before=20.1432 after=16.5568
APPLE_2013_LEGACY_CONTEXT_OBJECTIVE context=2 current=40810 previous=95538 raw=0 derived_a=2.23448 derived_b=1.11724 before=12.0552 after=9.82069
APPLE_2013_LEGACY_CONTEXT_OBJECTIVE context=2 current=40810 previous=33522 raw=0.670762 derived_a=0.0669145 derived_b=1.94595 before=18.5712 after=18.5043
APPLE_2013_LEGACY_CONTEXT_OBJECTIVE context=2 current=40810 previous=207854 raw=0.441748 derived_a=2.73973 derived_b=0.228571 before=13.0398 after=10.3001
APPLE_2013_LEGACY_CONTEXT_OBJECTIVE context=2 current=40810 previous=178783 raw=0.583695 derived_a=0 derived_b=2.26846 before=19.1792 after=19.1792
APPLE_2013_LEGACY_CONTEXT_OBJECTIVE context=2 current=40810 previous=272238 raw=1.0204 derived_a=2 derived_b=1.36986 before=23.0533 after=21.0533
APPLE_2013_LEGACY_CONTEXT_OBJECTIVE context=2 current=40810 previous=48612 raw=0.370961 derived_a=1.56794 derived_b=0.057971 before=9.13535 after=7.56741
APPLE_2013_LEGACY_CONTEXT_OBJECTIVE context=2 current=40810 previous=257776 raw=0.450141 derived_a=0.70922 derived_b=0 before=7.91985 after=7.21063
APPLE_2013_LEGACY_CONTEXT_OBJECTIVE context=2 current=40810 previous=84280 raw=0.326396 derived_a=0.763359 derived_b=13.6 before=74.7907 after=74.0273
APPLE_2013_LEGACY_CONTEXT_OBJECTIVE context=2 current=40810 previous=189545 raw=0.447809 derived_a=1.37063 derived_b=10.8434 before=63.4362 after=62.0656
APPLE_2013_LEGACY_CONTEXT_OBJECTIVE context=2 current=40810 previous=213333 raw=0.576356 derived_a=3.29252 derived_b=8.94479 before=59.0725 after=55.78
APPLE_2013_LEGACY_CONTEXT_OBJECTIVE context=2 current=41008 previous=64727 raw=0.420954 derived_a=1.38028 derived_b=0.0145985 before=9.0431 after=7.66282
APPLE_2013_LEGACY_CONTEXT_OBJECTIVE context=2 current=41008 previous=64718 raw=0.471253 derived_a=0.188679 derived_b=1.62416 before=15.2107 after=15.022
APPLE_2013_LEGACY_CONTEXT_OBJECTIVE context=2 current=41008 previous=188825 raw=0.532292 derived_a=0.769231 derived_b=1.10204 before=14.3716 after=13.6024
APPLE_2013_LEGACY_CONTEXT_OBJECTIVE context=2 current=41008 previous=177774 raw=0.407533 derived_a=0.272727 derived_b=1.62416 before=14.7416 after=14.4689
APPLE_2013_LEGACY_CONTEXT_OBJECTIVE context=2 current=41008 previous=227604 raw=0.57536 derived_a=0.580645 derived_b=2.23841 before=20.1069 after=19.5263
APPLE_2013_LEGACY_CONTEXT_OBJECTIVE context=2 current=41008 previous=40502 raw=0.457057 derived_a=1.19435 derived_b=0.0571429 before=9.24497 after=8.05063
APPLE_2013_LEGACY_CONTEXT_OBJECTIVE context=2 current=41008 previous=261978 raw=0.407533 derived_a=1.38028 derived_b=0.675862 before=12.2152 after=10.8349
APPLE_2013_LEGACY_CONTEXT_OBJECTIVE context=2 current=41008 previous=225631 raw=0.471253 derived_a=0.353791 derived_b=13.4419 before=74.6294 after=74.2756
APPLE_2013_LEGACY_CONTEXT_OBJECTIVE context=2 current=41008 previous=212593 raw=0.659868 derived_a=0.26087 derived_b=1.10204 before=14.6306 after=14.3698
APPLE_2013_LEGACY_CONTEXT_OBJECTIVE context=2 current=41008 previous=106017 raw=0.532292 derived_a=3.61092 derived_b=6.57143 before=47.4019 after=43.791
APPLE_2013_LEGACY_CONTEXT_OBJECTIVE context=2 current=41008 previous=52644 raw=0.358326 derived_a=1.19435 derived_b=1.35135 before=14.7287 after=13.5344
APPLE_2013_LEGACY_CONTEXT_OBJECTIVE context=2 current=41008 previous=179969 raw=0.719114 derived_a=1.11628 derived_b=11.3728 before=68.2876 after=67.1713
APPLE_2013_LEGACY_CONTEXT_OBJECTIVE context=2 current=41008 previous=255878 raw=0.476528 derived_a=0.460432 derived_b=1.10204 before=13.1963 after=12.7359
APPLE_2013_LEGACY_CONTEXT_OBJECTIVE context=2 current=41008 previous=219637 raw=0.420954 derived_a=2.01394 derived_b=0.0571429 before=10.5231 after=8.50919
APPLE_2013_LEGACY_CONTEXT_OBJECTIVE context=2 current=41008 previous=181638 raw=0.407533 derived_a=0.00738007 derived_b=0.0145985 before=6.16308 after=6.1557
APPLE_2013_LEGACY_CONTEXT_OBJECTIVE context=2 current=41008 previous=187543 raw=0.532292 derived_a=1.11628 derived_b=5.54717 before=37.2913 after=36.175
APPLE_2013_LEGACY_CONTEXT_OBJECTIVE context=2 current=41008 previous=113307 raw=0.445273 derived_a=0.188679 derived_b=0.0588235 before=7.12421 after=6.93553
APPLE_2013_LEGACY_CONTEXT_OBJECTIVE context=2 current=41008 previous=224971 raw=0.532292 derived_a=2.87649 derived_b=3.72903 before=31.7211 after=28.8446
APPLE_2013_LEGACY_CONTEXT_OBJECTIVE context=2 current=41008 previous=195352 raw=0.751817 derived_a=1.79021 derived_b=2.23841 before=24.2906 after=22.5004
APPLE_2013_LEGACY_CONTEXT_OBJECTIVE context=2 current=41008 previous=263415 raw=0.687083 derived_a=3.91837 derived_b=0.34965 before=18.4558 after=14.5374
APPLE_2013_LEGACY_CONTEXT_OBJECTIVE context=2 current=41008 previous=95538 raw=0.471253 derived_a=2.49827 derived_b=0.876712 before=16.0926 after=13.5944
APPLE_2013_LEGACY_CONTEXT_OBJECTIVE context=2 current=41008 previous=33522 raw=0.803808 derived_a=0.0298507 derived_b=1.62416 before=18.2186 after=18.1887
APPLE_2013_LEGACY_CONTEXT_OBJECTIVE context=2 current=41008 previous=207854 raw=0.498517 derived_a=3.03093 derived_b=0.12766 before=13.6853 after=10.6544
APPLE_2013_LEGACY_CONTEXT_OBJECTIVE context=2 current=41008 previous=178783 raw=0.57536 derived_a=0.00738007 derived_b=1.92 before=17.3684 after=17.361
APPLE_2013_LEGACY_CONTEXT_OBJECTIVE context=2 current=41008 previous=272238 raw=0.971762 derived_a=2.25 derived_b=1.10204 before=21.7278 after=19.4778
APPLE_2013_LEGACY_CONTEXT_OBJECTIVE context=2 current=41008 previous=48612 raw=0.457057 derived_a=1.79021 derived_b=0.0143885 before=10.2229 after=8.43272
APPLE_2013_LEGACY_CONTEXT_OBJECTIVE context=2 current=41008 previous=257776 raw=0.481753 derived_a=0.86121 derived_b=0.0145985 before=8.61294 after=7.75173
APPLE_2013_LEGACY_CONTEXT_OBJECTIVE context=2 current=41008 previous=84280 raw=0.476528 derived_a=0.62069 derived_b=12.7368 before=71.6909 after=71.0702
APPLE_2013_LEGACY_CONTEXT_OBJECTIVE context=2 current=41008 previous=189545 raw=0.532292 derived_a=1.57895 derived_b=10.0719 before=60.8401 after=59.2611
APPLE_2013_LEGACY_CONTEXT_OBJECTIVE context=2 current=41008 previous=213333 raw=0.750448 derived_a=3.61092 derived_b=8.2439 before=57.9458 after=54.3349
APPLE_2013_LEGACY_CONTEXT_OBJECTIVE context=2 current=45509 previous=64727 raw=0.527195 derived_a=0.441379 derived_b=1.64626 before=16.386 after=15.9446
APPLE_2013_LEGACY_CONTEXT_OBJECTIVE context=2 current=45509 previous=64718 raw=0 derived_a=0.892989 derived_b=0.0125786 before=3.84887 after=2.95588
APPLE_2013_LEGACY_CONTEXT_OBJECTIVE context=2 current=45509 previous=188825 raw=0.447809 derived_a=1.92481 derived_b=0.0127389 before=10.3914 after=8.4666
APPLE_2013_LEGACY_CONTEXT_OBJECTIVE context=2 current=45509 previous=177774 raw=0.372669 derived_a=1.06667 derived_b=0.0125786 before=7.92292 after=6.85625
APPLE_2013_LEGACY_CONTEXT_OBJECTIVE context=2 current=45509 previous=227604 raw=0.583695 derived_a=0.0631579 derived_b=0.111801 before=8.52227 after=8.45911
APPLE_2013_LEGACY_CONTEXT_OBJECTIVE context=2 current=45509 previous=40502 raw=0.370961 derived_a=0.3391 derived_b=0.853333 before=10.6545 after=10.3154
APPLE_2013_LEGACY_CONTEXT_OBJECTIVE context=2 current=45509 previous=261978 raw=0.372669 derived_a=0.441379 derived_b=0.116129 before=7.1901 after=6.74872
APPLE_2013_LEGACY_CONTEXT_OBJECTIVE context=2 current=45509 previous=225631 raw=0 derived_a=0.00706714 derived_b=6.32967 before=33.6625 after=33.6554
APPLE_2013_LEGACY_CONTEXT_OBJECTIVE context=2 current=45509 previous=212593 raw=0.727456 derived_a=0 derived_b=0.0127389 before=9.33825 after=9.33825
APPLE_2013_LEGACY_CONTEXT_OBJECTIVE context=2 current=45509 previous=106017 raw=0.447809 derived_a=1.93311 derived_b=1.97661 before=20.2274 after=18.2942
APPLE_2013_LEGACY_CONTEXT_OBJECTIVE context=2 current=45509 previous=52644 raw=0.503544 derived_a=0.3391 derived_b=0 before=7.71364 after=7.37454
APPLE_2013_LEGACY_CONTEXT_OBJECTIVE context=2 current=45509 previous=179969 raw=0.698776 derived_a=2.45455 derived_b=4.92737 before=38.5337 after=36.0792
APPLE_2013_LEGACY_CONTEXT_OBJECTIVE context=2 current=45509 previous=255878 raw=0.326396 derived_a=0.028169 derived_b=0.0127389 before=5.38399 after=5.35582
APPLE_2013_LEGACY_CONTEXT_OBJECTIVE context=2 current=45509 previous=219637 raw=0.527195 derived_a=0.825939 derived_b=0.853333 before=13.1905 after=12.3646
APPLE_2013_LEGACY_CONTEXT_OBJECTIVE context=2 current=45509 previous=181638 raw=0.372669 derived_a=0.180505 derived_b=1.64626 before=14.319 after=14.1385
APPLE_2013_LEGACY_CONTEXT_OBJECTIVE context=2 current=45509 previous=187543 raw=0.447809 derived_a=2.45455 derived_b=1.43195 before=18.5469 after=16.0924
APPLE_2013_LEGACY_CONTEXT_OBJECTIVE context=2 current=45509 previous=113307 raw=0.408776 derived_a=0.892989 derived_b=1.9726 before=17.7367 after=16.8438
APPLE_2013_LEGACY_CONTEXT_OBJECTIVE context=2 current=45509 previous=224971 raw=0.447809 derived_a=4.86381 derived_b=0.593939 before=19.1754 after=14.3116
APPLE_2013_LEGACY_CONTEXT_OBJECTIVE context=2 current=45509 previous=195352 raw=0.670718 derived_a=0.684932 derived_b=0.111801 before=10.6361 after=9.95112
APPLE_2013_LEGACY_CONTEXT_OBJECTIVE context=2 current=45509 previous=263415 raw=0.843511 derived_a=2.16 derived_b=0.326797 before=16.3891 after=14.2291
APPLE_2013_LEGACY_CONTEXT_OBJECTIVE context=2 current=45509 previous=95538 raw=0 derived_a=1.14576 derived_b=0.0512821 before=4.54794 after=3.40217
APPLE_2013_LEGACY_CONTEXT_OBJECTIVE context=2 current=45509 previous=33522 raw=0.670762 derived_a=0.467153 derived_b=0.0125786 before=9.70482 after=9.23767
APPLE_2013_LEGACY_CONTEXT_OBJECTIVE context=2 current=45509 previous=207854 raw=0.441748 derived_a=1.51515 derived_b=0.649007 before=12.6928 after=11.1777
APPLE_2013_LEGACY_CONTEXT_OBJECTIVE context=2 current=45509 previous=178783 raw=0.583695 derived_a=0.180505 derived_b=0.05 before=8.44796 after=8.26745
APPLE_2013_LEGACY_CONTEXT_OBJECTIVE context=2 current=45509 previous=272238 raw=1.0204 derived_a=0.979592 derived_b=0.0127389 before=14.2269 after=13.2473
APPLE_2013_LEGACY_CONTEXT_OBJECTIVE context=2 current=45509 previous=48612 raw=0.370961 derived_a=0.684932 derived_b=1.08725 before=12.5157 after=11.8308
APPLE_2013_LEGACY_CONTEXT_OBJECTIVE context=2 current=45509 previous=257776 raw=0.450141 derived_a=0.174216 derived_b=1.64626 before=15.0811 after=14.9069
APPLE_2013_LEGACY_CONTEXT_OBJECTIVE context=2 current=45509 previous=84280 raw=0.326396 derived_a=1.68539 derived_b=5.8453 before=37.8613 after=36.1759
APPLE_2013_LEGACY_CONTEXT_OBJECTIVE context=2 current=45509 previous=189545 raw=0.447809 derived_a=0.556701 derived_b=4.0791 before=27.987 after=27.4303
APPLE_2013_LEGACY_CONTEXT_OBJECTIVE context=2 current=45509 previous=213333 raw=0.576356 derived_a=1.93311 derived_b=2.94253 before=26.3424 after=24.4093
APPLE_2013_LEGACY_CONTEXT_OBJECTIVE context=2 current=55213 previous=64727 raw=0.484464 derived_a=1.38028 derived_b=16.5977 before=92.5937 after=91.2134
APPLE_2013_LEGACY_CONTEXT_OBJECTIVE context=2 current=55213 previous=64718 raw=0.510536 derived_a=0.188679 derived_b=7.26882 before=43.8268 after=43.6381
APPLE_2013_LEGACY_CONTEXT_OBJECTIVE context=2 current=55213 previous=188825 raw=0.647719 derived_a=0.769231 derived_b=8.52174 before=52.6243 after=51.8551
APPLE_2013_LEGACY_CONTEXT_OBJECTIVE context=2 current=55213 previous=177774 raw=0.435874 derived_a=0.272727 derived_b=7.26882 before=43.2483 after=42.9756
APPLE_2013_LEGACY_CONTEXT_OBJECTIVE context=2 current=55213 previous=227604 raw=0.74592 derived_a=0.580645 derived_b=6.12766 before=41.2588 after=40.6781
APPLE_2013_LEGACY_CONTEXT_OBJECTIVE context=2 current=55213 previous=40502 raw=0.581922 derived_a=1.19435 derived_b=13.8418 before=79.4169 after=78.2226
APPLE_2013_LEGACY_CONTEXT_OBJECTIVE context=2 current=55213 previous=261978 raw=0.435874 derived_a=1.38028 derived_b=9.89011 before=58.5699 after=57.1896
APPLE_2013_LEGACY_CONTEXT_OBJECTIVE context=2 current=55213 previous=225631 raw=0.510536 derived_a=0.353791 derived_b=0.0861244 before=8.24356 after=7.88977
APPLE_2013_LEGACY_CONTEXT_OBJECTIVE context=2 current=55213 previous=212593 raw=0.79322 derived_a=0.26087 derived_b=8.52174 before=53.0626 after=52.8018
APPLE_2013_LEGACY_CONTEXT_OBJECTIVE context=2 current=55213 previous=106017 raw=0.647719 derived_a=3.61092 derived_b=1.9798 before=25.598 after=21.9871
APPLE_2013_LEGACY_CONTEXT_OBJECTIVE context=2 current=55213 previous=52644 raw=0.41772 derived_a=1.19435 derived_b=7.88108 before=47.9713 after=46.777
APPLE_2013_LEGACY_CONTEXT_OBJECTIVE context=2 current=55213 previous=179969 raw=0.747455 derived_a=1.11628 derived_b=0.349515 before=13.4547 after=12.3384
APPLE_2013_LEGACY_CONTEXT_OBJECTIVE context=2 current=55213 previous=255878 raw=0.391727 derived_a=0.460432 derived_b=8.52174 before=49.4468 after=48.9864
APPLE_2013_LEGACY_CONTEXT_OBJECTIVE context=2 current=55213 previous=219637 raw=0.484464 derived_a=2.01394 derived_b=13.8418 before=80.0816 after=78.0676
APPLE_2013_LEGACY_CONTEXT_OBJECTIVE context=2 current=55213 previous=181638 raw=0.435874 derived_a=0.00738007 derived_b=16.5977 before=89.362 after=89.3546
APPLE_2013_LEGACY_CONTEXT_OBJECTIVE context=2 current=55213 previous=187543 raw=0.647719 derived_a=1.11628 derived_b=2.61224 before=23.771 after=22.6547
APPLE_2013_LEGACY_CONTEXT_OBJECTIVE context=2 current=55213 previous=113307 raw=0.374718 derived_a=0.188679 derived_b=17.5838 before=94.0436 after=93.8549
APPLE_2013_LEGACY_CONTEXT_OBJECTIVE context=2 current=55213 previous=224971 raw=0.647719 derived_a=2.87649 derived_b=4.16667 before=35.0635 after=32.187
APPLE_2013_LEGACY_CONTEXT_OBJECTIVE context=2 current=55213 previous=195352 raw=0.907797 derived_a=1.79021 derived_b=6.12766 before=45.2967 after=43.5065
APPLE_2013_LEGACY_CONTEXT_OBJECTIVE context=2 current=55213 previous=263415 raw=0.94341 derived_a=3.91837 derived_b=11.3778 before=76.1597 after=72.2414
APPLE_2013_LEGACY_CONTEXT_OBJECTIVE context=2 current=55213 previous=95538 raw=0.510536 derived_a=2.49827 derived_b=9.19126 before=58.0582 after=55.5599
APPLE_2013_LEGACY_CONTEXT_OBJECTIVE context=2 current=55213 previous=33522 raw=0.618099 derived_a=0.0298507 derived_b=7.26882 before=44.5848 after=44.5549
APPLE_2013_LEGACY_CONTEXT_OBJECTIVE context=2 current=55213 previous=207854 raw=0.485141 derived_a=3.03093 derived_b=12.9888 before=77.8571 after=74.8262
APPLE_2013_LEGACY_CONTEXT_OBJECTIVE context=2 current=55213 previous=178783 raw=0.74592 derived_a=0.00738007 derived_b=6.68449 before=42.8964 after=42.889
APPLE_2013_LEGACY_CONTEXT_OBJECTIVE context=2 current=55213 previous=272238 raw=1.11686 derived_a=2.25 derived_b=8.52174 before=60.2773 after=58.0273
APPLE_2013_LEGACY_CONTEXT_OBJECTIVE context=2 current=55213 previous=48612 raw=0.581922 derived_a=1.79021 derived_b=14.7273 before=85.036 after=83.2458
APPLE_2013_LEGACY_CONTEXT_OBJECTIVE context=2 current=55213 previous=257776 raw=0.571649 derived_a=0.86121 derived_b=16.5977 before=92.4274 after=91.5662
APPLE_2013_LEGACY_CONTEXT_OBJECTIVE context=2 current=55213 previous=84280 raw=0.391727 derived_a=0.62069 derived_b=0.153846 before=7.92788 after=7.30719
APPLE_2013_LEGACY_CONTEXT_OBJECTIVE context=2 current=55213 previous=189545 raw=0.647719 derived_a=1.57895 derived_b=0.627451 before=14.7723 after=13.1934
APPLE_2013_LEGACY_CONTEXT_OBJECTIVE context=2 current=55213 previous=213333 raw=0.882085 derived_a=3.61092 derived_b=1.20398 before=24.0626 after=20.4517
APPLE_2013_LEGACY_CONTEXT_OBJECTIVE context=2 current=56167 previous=64727 raw=0.37438 derived_a=0.0598007 derived_b=2.61333 before=18.9301 after=18.8703
APPLE_2013_LEGACY_CONTEXT_OBJECTIVE context=2 current=56167 previous=64718 raw=0.370961 derived_a=3.43262 derived_b=0.0493827 before=12.8218 after=9.38914
APPLE_2013_LEGACY_CONTEXT_OBJECTIVE context=2 current=56167 previous=188825 raw=0.652313 derived_a=5.26354 derived_b=0.2 before=20.0502 after=14.7867
APPLE_2013_LEGACY_CONTEXT_OBJECTIVE context=2 current=56167 previous=177774 raw=0.47344 derived_a=3.76512 derived_b=0.0493827 before=14.5116 after=10.7464
APPLE_2013_LEGACY_CONTEXT_OBJECTIVE context=2 current=56167 previous=227604 raw=0.645903 derived_a=0.432432 derived_b=0 before=9.32389 after=8.89146
APPLE_2013_LEGACY_CONTEXT_OBJECTIVE context=2 current=56167 previous=40502 raw=0 derived_a=0.106667 derived_b=1.5817 before=10.1218 after=10.0152
APPLE_2013_LEGACY_CONTEXT_OBJECTIVE context=2 current=56167 previous=261978 raw=0.47344 derived_a=0.0598007 derived_b=0.455696 before=9.13248 after=9.07268
APPLE_2013_LEGACY_CONTEXT_OBJECTIVE context=2 current=56167 previous=225631 raw=0.370961 derived_a=0.680272 derived_b=4.76757 before=30.908 after=30.2277
APPLE_2013_LEGACY_CONTEXT_OBJECTIVE context=2 current=56167 previous=212593 raw=0.65638 derived_a=0.825939 derived_b=0.2 before=11.2157 after=10.3897
APPLE_2013_LEGACY_CONTEXT_OBJECTIVE context=2 current=56167 previous=106017 raw=0.652313 derived_a=0.232258 derived_b=1.14943 before=14.7348 after=14.5025
APPLE_2013_LEGACY_CONTEXT_OBJECTIVE context=2 current=56167 previous=52644 raw=0.551306 derived_a=0.106667 derived_b=0.111801 before=8.2854 after=8.17873
APPLE_2013_LEGACY_CONTEXT_OBJECTIVE context=2 current=56167 previous=179969 raw=0.967104 derived_a=6.11636 derived_b=3.56044 before=41.706 after=35.5896
APPLE_2013_LEGACY_CONTEXT_OBJECTIVE context=2 current=56167 previous=255878 raw=0.501734 derived_a=0.549153 derived_b=0.2 before=9.11564 after=8.56649
APPLE_2013_LEGACY_CONTEXT_OBJECTIVE context=2 current=56167 previous=219637 raw=0.37438 derived_a=0 derived_b=1.5817 before=13.6523 after=13.6523
APPLE_2013_LEGACY_CONTEXT_OBJECTIVE context=2 current=56167 previous=181638 raw=0.47344 derived_a=1.77778 derived_b=2.61333 before=23.3566 after=21.5788
APPLE_2013_LEGACY_CONTEXT_OBJECTIVE context=2 current=56167 previous=187543 raw=0.652313 derived_a=6.11636 derived_b=0.744186 before=24.4768 after=18.3604
APPLE_2013_LEGACY_CONTEXT_OBJECTIVE context=2 current=56167 previous=113307 raw=0.67954 derived_a=3.43262 derived_b=3.02013 before=30.7613 after=27.3287
APPLE_2013_LEGACY_CONTEXT_OBJECTIVE context=2 current=56167 previous=224971 raw=0.652313 derived_a=9.67164 derived_b=0.190476 before=28.8188 after=19.1472
APPLE_2013_LEGACY_CONTEXT_OBJECTIVE context=2 current=56167 previous=195352 raw=0.855975 derived_a=0.00660066 derived_b=0 before=10.5729 after=10.5663
APPLE_2013_LEGACY_CONTEXT_OBJECTIVE context=2 current=56167 previous=263415 raw=0.86165 derived_a=0.315113 derived_b=0.820513 before=15.3493 after=15.0342
APPLE_2013_LEGACY_CONTEXT_OBJECTIVE context=2 current=56167 previous=95538 raw=0.370961 derived_a=0.0261438 derived_b=0.314465 before=7.33422 after=7.30808
APPLE_2013_LEGACY_CONTEXT_OBJECTIVE context=2 current=56167 previous=33522 raw=0.867765 derived_a=2.53333 derived_b=0.0493827 before=15.9912 after=13.4579
APPLE_2013_LEGACY_CONTEXT_OBJECTIVE context=2 current=56167 previous=207854 raw=0.38333 derived_a=0.103896 derived_b=1.2987 before=12.5346 after=12.4307
APPLE_2013_LEGACY_CONTEXT_OBJECTIVE context=2 current=56167 previous=178783 raw=0.645903 derived_a=1.77778 derived_b=0.0122699 before=12.0759 after=10.2982
APPLE_2013_LEGACY_CONTEXT_OBJECTIVE context=2 current=56167 previous=272238 raw=1.07392 derived_a=0.00655738 derived_b=0.2 before=13.7523 after=13.7458
APPLE_2013_LEGACY_CONTEXT_OBJECTIVE context=2 current=56167 previous=48612 raw=0 derived_a=0.00660066 derived_b=1.89474 before=11.4869 after=11.4803
APPLE_2013_LEGACY_CONTEXT_OBJECTIVE context=2 current=56167 previous=257776 raw=0.537128 derived_a=0.241611 derived_b=2.61333 before=20.9212 after=20.6796
APPLE_2013_LEGACY_CONTEXT_OBJECTIVE context=2 current=56167 previous=84280 raw=0.501734 derived_a=4.86331 derived_b=4.34783 before=38.4831 after=33.6198
APPLE_2013_LEGACY_CONTEXT_OBJECTIVE context=2 current=56167 previous=189545 raw=0.652313 derived_a=0.0264901 derived_b=2.84444 before=22.7983 after=22.7718
APPLE_2013_LEGACY_CONTEXT_OBJECTIVE context=2 current=56167 previous=213333 raw=0.725146 derived_a=0.232258 derived_b=1.9096 before=19.264 after=19.0317
APPLE_2013_LEGACY_CONTEXT_OBJECTIVE context=2 current=61725 previous=64727 raw=0.313108 derived_a=0.108844 derived_b=2.26846 before=16.691 after=16.5822
APPLE_2013_LEGACY_CONTEXT_OBJECTIVE context=2 current=61725 previous=64718 raw=0.503544 derived_a=1.63636 derived_b=0.0124224 before=10.3703 after=8.73391
APPLE_2013_LEGACY_CONTEXT_OBJECTIVE context=2 current=61725 previous=188825 raw=0.445156 derived_a=2.96296 derived_b=0.113208 before=12.9435 after=9.98056
APPLE_2013_LEGACY_CONTEXT_OBJECTIVE context=2 current=61725 previous=177774 raw=0.400336 derived_a=1.86861 derived_b=0.0124224 before=9.80269 after=7.93408
APPLE_2013_LEGACY_CONTEXT_OBJECTIVE context=2 current=61725 previous=227604 raw=0.682171 derived_a=0.00692042 derived_b=0.0122699 before=8.8969 after=8.88998
APPLE_2013_LEGACY_CONTEXT_OBJECTIVE context=2 current=61725 previous=40502 raw=0.551306 derived_a=0.0614334 derived_b=1.31579 before=14.2149 after=14.1534
APPLE_2013_LEGACY_CONTEXT_OBJECTIVE context=2 current=61725 previous=261978 raw=0.400336 derived_a=0.108844 derived_b=0.318471 before=7.8134 after=7.70456
APPLE_2013_LEGACY_CONTEXT_OBJECTIVE context=2 current=61725 previous=225631 raw=0.503544 derived_a=0.0627178 derived_b=5.26087 before=33.4652 after=33.4025
APPLE_2013_LEGACY_CONTEXT_OBJECTIVE context=2 current=61725 previous=212593 raw=0.607685 derived_a=0.111888 derived_b=0.113208 before=8.86666 after=8.75478
APPLE_2013_LEGACY_CONTEXT_OBJECTIVE context=2 current=61725 previous=106017 raw=0.445156 derived_a=1.11551 derived_b=1.39884 before=15.6768 after=14.5613
APPLE_2013_LEGACY_CONTEXT_OBJECTIVE context=2 current=61725 previous=52644 raw=0 derived_a=0.0614334 derived_b=0.05 before=2.37287 after=2.31143
APPLE_2013_LEGACY_CONTEXT_OBJECTIVE context=2 current=61725 previous=179969 raw=0.669014 derived_a=3.61194 derived_b=3.98895 before=35.8588 after=32.2468
APPLE_2013_LEGACY_CONTEXT_OBJECTIVE context=2 current=61725 previous=255878 raw=0.371128 derived_a=0.0277778 derived_b=0.113208 before=6.33288 after=6.3051
APPLE_2013_LEGACY_CONTEXT_OBJECTIVE context=2 current=61725 previous=219637 raw=0.313108 derived_a=0.329966 derived_b=1.31579 before=12.37 after=12.04
APPLE_2013_LEGACY_CONTEXT_OBJECTIVE context=2 current=61725 previous=181638 raw=0.400336 derived_a=0.576512 derived_b=2.26846 before=18.4987 after=17.9221
APPLE_2013_LEGACY_CONTEXT_OBJECTIVE context=2 current=61725 previous=187543 raw=0.445156 derived_a=3.61194 derived_b=0.947368 before=18.4123 after=14.8003
APPLE_2013_LEGACY_CONTEXT_OBJECTIVE context=2 current=61725 previous=113307 raw=0.435735 derived_a=1.63636 derived_b=2.64865 before=22.8733 after=21.237
APPLE_2013_LEGACY_CONTEXT_OBJECTIVE context=2 current=61725 previous=224971 raw=0.445156 derived_a=6.44444 derived_b=0.299401 before=20.8375 after=14.393
APPLE_2013_LEGACY_CONTEXT_OBJECTIVE context=2 current=61725 previous=195352 raw=0.803634 derived_a=0.243243 derived_b=0.0122699 before=10.5842 after=10.3409
APPLE_2013_LEGACY_CONTEXT_OBJECTIVE context=2 current=61725 previous=263415 raw=0.797452 derived_a=1.28947 derived_b=0.632258 before=15.7148 after=14.4253
APPLE_2013_LEGACY_CONTEXT_OBJECTIVE context=2 current=61725 previous=95538 raw=0.503544 derived_a=0.541806 derived_b=0.202532 before=9.13171 after=8.5899
APPLE_2013_LEGACY_CONTEXT_OBJECTIVE context=2 current=61725 previous=33522 raw=0.67266 derived_a=1.03597 derived_b=0.0124224 before=10.8607 after=9.82468
APPLE_2013_LEGACY_CONTEXT_OBJECTIVE context=2 current=61725 previous=207854 raw=0.577964 derived_a=0.803987 derived_b=1.05882 before=14.6817 after=13.8777
APPLE_2013_LEGACY_CONTEXT_OBJECTIVE context=2 current=61725 previous=178783 raw=0.682171 derived_a=0.576512 derived_b=0 before=9.97474 after=9.39823
APPLE_2013_LEGACY_CONTEXT_OBJECTIVE context=2 current=61725 previous=272238 raw=0.98765 derived_a=0.42953 derived_b=0.113208 before=13.3016 after=12.8721
APPLE_2013_LEGACY_CONTEXT_OBJECTIVE context=2 current=61725 previous=48612 raw=0.551306 derived_a=0.243243 derived_b=1.60265 before=16.0128 after=15.7695
APPLE_2013_LEGACY_CONTEXT_OBJECTIVE context=2 current=61725 previous=257776 raw=0.590381 derived_a=0.00687285 derived_b=2.26846 before=19.2598 after=19.253
APPLE_2013_LEGACY_CONTEXT_OBJECTIVE context=2 current=61725 previous=84280 raw=0.371128 derived_a=2.66421 derived_b=4.81967 before=35.1381 after=32.4739
APPLE_2013_LEGACY_CONTEXT_OBJECTIVE context=2 current=61725 previous=189545 raw=0.445156 derived_a=0.169492 derived_b=3.22905 before=22.9358 after=22.7663
APPLE_2013_LEGACY_CONTEXT_OBJECTIVE context=2 current=61725 previous=213333 raw=0.849204 derived_a=1.11551 derived_b=2.22727 before=23.8594 after=22.7439
APPLE_2013_LEGACY_CONTEXT_OBJECTIVE context=2 current=78432 previous=64727 raw=0.641366 derived_a=2.05694 derived_b=11.509 before=70.0724 after=68.0155
APPLE_2013_LEGACY_CONTEXT_OBJECTIVE context=2 current=78432 previous=64718 raw=0.447809 derived_a=0.0305344 derived_b=4.03352 before=26.7068 after=26.6762
APPLE_2013_LEGACY_CONTEXT_OBJECTIVE context=2 current=78432 previous=188825 raw=0 derived_a=0.381323 derived_b=4.98305 before=27.6779 after=27.2966
APPLE_2013_LEGACY_CONTEXT_OBJECTIVE context=2 current=78432 previous=177774 raw=0.429843 derived_a=0.0689655 derived_b=4.03352 before=26.604 after=26.535
APPLE_2013_LEGACY_CONTEXT_OBJECTIVE context=2 current=78432 previous=227604 raw=0.551546 derived_a=1.04348 derived_b=3.19337 before=25.5693 after=24.5258
APPLE_2013_LEGACY_CONTEXT_OBJECTIVE context=2 current=78432 previous=40502 raw=0.652313 derived_a=1.82857 derived_b=9.22353 before=58.2979 after=56.4694
APPLE_2013_LEGACY_CONTEXT_OBJECTIVE context=2 current=78432 previous=261978 raw=0.429843 derived_a=2.05694 derived_b=6.04571 before=40.6409 after=38.5839
APPLE_2013_LEGACY_CONTEXT_OBJECTIVE context=2 current=78432 previous=225631 raw=0.447809 derived_a=0.729927 derived_b=0.158416 before=8.73003 after=8.0001
APPLE_2013_LEGACY_CONTEXT_OBJECTIVE context=2 current=78432 previous=212593 raw=0.559028 derived_a=0.593407 derived_b=4.98305 before=33.6923 after=33.0989
APPLE_2013_LEGACY_CONTEXT_OBJECTIVE context=2 current=78432 previous=106017 raw=0 derived_a=4.66207 derived_b=0.513089 before=13.8896 after=9.22751
APPLE_2013_LEGACY_CONTEXT_OBJECTIVE context=2 current=78432 previous=52644 raw=0.445156 derived_a=1.82857 derived_b=4.49438 before=32.5806 after=30.752
APPLE_2013_LEGACY_CONTEXT_OBJECTIVE context=2 current=78432 previous=179969 raw=0.433517 derived_a=0.635294 derived_b=0.0100503 before=7.65601 after=7.02071
APPLE_2013_LEGACY_CONTEXT_OBJECTIVE context=2 current=78432 previous=255878 raw=0.496 derived_a=0.88 derived_b=4.98305 before=33.6353 after=32.7553
APPLE_2013_LEGACY_CONTEXT_OBJECTIVE context=2 current=78432 previous=219637 raw=0.641366 derived_a=2.8169 derived_b=9.22353 before=60.1651 after=57.3482
APPLE_2013_LEGACY_CONTEXT_OBJECTIVE context=2 current=78432 previous=181638 raw=0.429843 derived_a=0.119403 derived_b=11.509 before=64.0821 after=63.9627
APPLE_2013_LEGACY_CONTEXT_OBJECTIVE context=2 current=78432 previous=187543 raw=0 derived_a=0.635294 derived_b=0.857143 before=7.5563 after=6.92101
APPLE_2013_LEGACY_CONTEXT_OBJECTIVE context=2 current=78432 previous=113307 raw=0.427148 derived_a=0.0305344 derived_b=12.3373 before=68.0193 after=67.9888
APPLE_2013_LEGACY_CONTEXT_OBJECTIVE context=2 current=78432 previous=224971 raw=0 derived_a=2.06452 derived_b=1.82703 before=15.2642 after=13.1997
APPLE_2013_LEGACY_CONTEXT_OBJECTIVE context=2 current=78432 previous=195352 raw=0.500719 derived_a=2.55124 derived_b=3.19337 before=28.0765 after=25.5253
APPLE_2013_LEGACY_CONTEXT_OBJECTIVE context=2 current=78432 previous=263415 raw=0.724241 derived_a=5.01031 derived_b=7.22543 before=55.3902 after=50.3799
APPLE_2013_LEGACY_CONTEXT_OBJECTIVE context=2 current=78432 previous=95538 raw=0.447809 derived_a=3.38462 derived_b=5.5 before=40.7473 after=37.3627
APPLE_2013_LEGACY_CONTEXT_OBJECTIVE context=2 current=78432 previous=33522 raw=0.798016 derived_a=0.00754717 derived_b=4.03352 before=30.1629 after=30.1553
APPLE_2013_LEGACY_CONTEXT_OBJECTIVE context=2 current=78432 previous=207854 raw=0.718162 derived_a=4 derived_b=8.52632 before=59.8132 after=55.8132
APPLE_2013_LEGACY_CONTEXT_OBJECTIVE context=2 current=78432 previous=178783 raw=0.551546 derived_a=0.119403 derived_b=3.6 before=25.7543 after=25.6349
APPLE_2013_LEGACY_CONTEXT_OBJECTIVE context=2 current=78432 previous=272238 raw=0.796828 derived_a=3.09474 derived_b=4.98305 before=41.073 after=37.9783
APPLE_2013_LEGACY_CONTEXT_OBJECTIVE context=2 current=78432 previous=48612 raw=0.652313 derived_a=2.55124 derived_b=9.95266 before=63.3889 after=60.8377
APPLE_2013_LEGACY_CONTEXT_OBJECTIVE context=2 current=78432 previous=257776 raw=0.612779 derived_a=1.41007 derived_b=11.509 before=68.4928 after=67.0828
APPLE_2013_LEGACY_CONTEXT_OBJECTIVE context=2 current=78432 previous=84280 raw=0.496 derived_a=0.27907 derived_b=0.0895522 before=7.9659 after=7.68683
APPLE_2013_LEGACY_CONTEXT_OBJECTIVE context=2 current=78432 previous=189545 raw=0 derived_a=2.29787 derived_b=0.0101523 before=6.64651 after=4.34863
APPLE_2013_LEGACY_CONTEXT_OBJECTIVE context=2 current=78432 previous=213333 raw=0.662867 derived_a=4.66207 derived_b=0.164948 before=18.7775 after=14.1155
APPLE_2013_LEGACY_CONTEXT_OBJECTIVE context=2 current=82377 previous=64727 raw=0.641366 derived_a=3.50725 derived_b=18.9944 before=110.4 after=106.893
APPLE_2013_LEGACY_CONTEXT_OBJECTIVE context=2 current=82377 previous=64718 raw=0.447809 derived_a=0.0700389 derived_b=8.89947 before=51.1155 after=51.0455
APPLE_2013_LEGACY_CONTEXT_OBJECTIVE context=2 current=82377 previous=188825 raw=0 derived_a=0.031746 derived_b=10.2781 before=53.4539 after=53.4221
APPLE_2013_LEGACY_CONTEXT_OBJECTIVE context=2 current=82377 previous=177774 raw=0.429843 derived_a=0.03125 derived_b=8.89947 before=50.8583 after=50.827
APPLE_2013_LEGACY_CONTEXT_OBJECTIVE context=2 current=82377 previous=227604 raw=0.551546 derived_a=2.13284 derived_b=7.63351 before=49.9487 after=47.8158
APPLE_2013_LEGACY_CONTEXT_OBJECTIVE context=2 current=82377 previous=40502 raw=0.652313 derived_a=3.20727 derived_b=16.0444 before=95.1599 after=91.9526
APPLE_2013_LEGACY_CONTEXT_OBJECTIVE context=2 current=82377 previous=261978 raw=0.429843 derived_a=3.50725 derived_b=11.773 before=72.1778 after=68.6705
APPLE_2013_LEGACY_CONTEXT_OBJECTIVE context=2 current=82377 previous=225631 raw=0.447809 derived_a=1.67286 derived_b=0.339623 before=11.5219 after=9.84907
APPLE_2013_LEGACY_CONTEXT_OBJECTIVE context=2 current=82377 previous=212593 raw=0.559028 derived_a=1.46269 derived_b=10.2781 before=61.906 after=60.4433
APPLE_2013_LEGACY_CONTEXT_OBJECTIVE context=2 current=82377 previous=106017 raw=0 derived_a=6.74386 derived_b=2.87562 before=29.8658 after=23.122
APPLE_2013_LEGACY_CONTEXT_OBJECTIVE context=2 current=82377 previous=52644 raw=0.445156 derived_a=3.20727 derived_b=9.57447 before=60.7384 after=57.5312
APPLE_2013_LEGACY_CONTEXT_OBJECTIVE context=2 current=82377 previous=179969 raw=0.433517 derived_a=0.128 derived_b=0.77512 before=10.4668 after=10.3388
APPLE_2013_LEGACY_CONTEXT_OBJECTIVE context=2 current=82377 previous=255878 raw=0.496 derived_a=1.8963 derived_b=10.2781 before=62.143 after=60.2467
APPLE_2013_LEGACY_CONTEXT_OBJECTIVE context=2 current=82377 previous=219637 raw=0.641366 derived_a=4.48029 derived_b=16.0444 before=97.5965 after=93.1162
APPLE_2013_LEGACY_CONTEXT_OBJECTIVE context=2 current=82377 previous=181638 raw=0.429843 derived_a=0.61597 derived_b=18.9944 before=102.502 after=101.886
APPLE_2013_LEGACY_CONTEXT_OBJECTIVE context=2 current=82377 previous=187543 raw=0 derived_a=0.128 derived_b=3.62814 before=20.3967 after=20.2687
APPLE_2013_LEGACY_CONTEXT_OBJECTIVE context=2 current=82377 previous=113307 raw=0.427148 derived_a=0.0700389 derived_b=20.0455 before=106.639 after=106.569
APPLE_2013_LEGACY_CONTEXT_OBJECTIVE context=2 current=82377 previous=224971 raw=0 derived_a=0.995885 derived_b=5.42564 before=31.12 after=30.1241
APPLE_2013_LEGACY_CONTEXT_OBJECTIVE context=2 current=82377 previous=195352 raw=0.500719 derived_a=4.14388 derived_b=7.63351 before=53.4625 after=49.3186
APPLE_2013_LEGACY_CONTEXT_OBJECTIVE context=2 current=82377 previous=263415 raw=0.724241 derived_a=7.16084 derived_b=13.388 before=90.504 after=83.3431
APPLE_2013_LEGACY_CONTEXT_OBJECTIVE context=2 current=82377 previous=95538 raw=0.447809 derived_a=5.18861 derived_b=11.0108 before=71.9091 after=66.7205
APPLE_2013_LEGACY_CONTEXT_OBJECTIVE context=2 current=82377 previous=33522 raw=0.798016 derived_a=0.276923 derived_b=8.89947 before=55.0314 after=54.7544
APPLE_2013_LEGACY_CONTEXT_OBJECTIVE context=2 current=82377 previous=207854 raw=0.718162 derived_a=5.94346 derived_b=15.1271 before=96.7039 after=90.7604
APPLE_2013_LEGACY_CONTEXT_OBJECTIVE context=2 current=82377 previous=178783 raw=0.551546 derived_a=0.61597 derived_b=8.25263 before=50.0106 after=49.3946
APPLE_2013_LEGACY_CONTEXT_OBJECTIVE context=2 current=82377 previous=272238 raw=0.796828 derived_a=4.82857 derived_b=10.2781 before=71.0158 after=66.1872
APPLE_2013_LEGACY_CONTEXT_OBJECTIVE context=2 current=82377 previous=48612 raw=0.652313 derived_a=4.14388 derived_b=16.9944 before=101.783 after=97.6391
APPLE_2013_LEGACY_CONTEXT_OBJECTIVE context=2 current=82377 previous=257776 raw=0.612779 derived_a=2.64469 derived_b=18.9944 before=108.389 after=105.744
APPLE_2013_LEGACY_CONTEXT_OBJECTIVE context=2 current=82377 previous=84280 raw=0.496 derived_a=0.00790514 derived_b=0.464455 before=9.29809 after=9.29018
APPLE_2013_LEGACY_CONTEXT_OBJECTIVE context=2 current=82377 previous=189545 raw=0 derived_a=3.81949 derived_b=1.16908 before=15.4844 after=11.6649
APPLE_2013_LEGACY_CONTEXT_OBJECTIVE context=2 current=82377 previous=213333 raw=0.662867 derived_a=6.74386 derived_b=1.92157 before=31.7242 after=24.9804
APPLE_2013_LEGACY_CONTEXT_OBJECTIVE context=2 current=82557 previous=64727 raw=0.449951 derived_a=7.1985 derived_b=8.94479 before=65.6204 after=58.4219
APPLE_2013_LEGACY_CONTEXT_OBJECTIVE context=2 current=82557 previous=64718 raw=0.326396 derived_a=1.16129 derived_b=2.57143 before=20.4437 after=19.2824
APPLE_2013_LEGACY_CONTEXT_OBJECTIVE context=2 current=82557 previous=188825 raw=0.496 derived_a=0.403292 derived_b=3.34104 before=24.4718 after=24.0685
APPLE_2013_LEGACY_CONTEXT_OBJECTIVE context=2 current=82557 previous=177774 raw=0.448841 derived_a=0.979757 derived_b=2.57143 before=21.3051 after=20.3253
APPLE_2013_LEGACY_CONTEXT_OBJECTIVE context=2 current=82557 previous=227604 raw=0.745396 derived_a=5.16031 derived_b=1.9096 before=29.3226 after=24.1623
APPLE_2013_LEGACY_CONTEXT_OBJECTIVE context=2 current=82557 previous=40502 raw=0.501734 derived_a=6.76692 derived_b=6.93976 before=55.25 after=48.4831
APPLE_2013_LEGACY_CONTEXT_OBJECTIVE context=2 current=82557 previous=261978 raw=0.448841 derived_a=7.1985 derived_b=4.22222 before=41.9965 after=34.798
APPLE_2013_LEGACY_CONTEXT_OBJECTIVE context=2 current=82557 previous=225631 raw=0.326396 derived_a=4.43077 derived_b=0.646465 before=17.3578 after=12.9271
APPLE_2013_LEGACY_CONTEXT_OBJECTIVE context=2 current=82557 previous=212593 raw=0.737735 derived_a=4.08494 derived_b=3.34104 before=34.2524 after=30.1675
APPLE_2013_LEGACY_CONTEXT_OBJECTIVE context=2 current=82557 previous=106017 raw=0.496 derived_a=11.5942 derived_b=0.0962567 before=30.6297 after=19.0355
APPLE_2013_LEGACY_CONTEXT_OBJECTIVE context=2 current=82557 previous=52644 raw=0.371128 derived_a=6.76692 derived_b=2.94253 before=33.9578 after=27.1908
APPLE_2013_LEGACY_CONTEXT_OBJECTIVE context=2 current=82557 previous=179969 raw=0.712636 derived_a=0.207469 derived_b=0.25641 before=10.8233 after=10.6159
APPLE_2013_LEGACY_CONTEXT_OBJECTIVE context=2 current=82557 previous=255878 raw=0 derived_a=4.78927 derived_b=3.34104 before=28.2837 after=23.4945
APPLE_2013_LEGACY_CONTEXT_OBJECTIVE context=2 current=82557 previous=219637 raw=0.449951 derived_a=8.56296 derived_b=6.93976 before=58.3242 after=49.7613
APPLE_2013_LEGACY_CONTEXT_OBJECTIVE context=2 current=82557 previous=181638 raw=0.448841 derived_a=2.55118 derived_b=8.94479 before=56.3147 after=53.7635
APPLE_2013_LEGACY_CONTEXT_OBJECTIVE context=2 current=82557 previous=187543 raw=0.496 derived_a=0.207469 derived_b=0.27027 before=8.72629 after=8.51882
APPLE_2013_LEGACY_CONTEXT_OBJECTIVE context=2 current=82557 previous=113307 raw=0.358419 derived_a=1.16129 derived_b=9.67901 before=56.3018 after=55.1405
APPLE_2013_LEGACY_CONTEXT_OBJECTIVE context=2 current=82557 previous=224971 raw=0.496 derived_a=0.034188 derived_b=0.895028 before=11.5035 after=11.4693
APPLE_2013_LEGACY_CONTEXT_OBJECTIVE context=2 current=82557 previous=195352 raw=0.86654 derived_a=8.09665 derived_b=1.9096 before=36.4067 after=28.3101
APPLE_2013_LEGACY_CONTEXT_OBJECTIVE context=2 current=82557 previous=263415 raw=0.975088 derived_a=12.1372 derived_b=5.21894 before=62.1199 after=49.9827
APPLE_2013_LEGACY_CONTEXT_OBJECTIVE context=2 current=82557 previous=95538 raw=0.326396 derived_a=9.52941 derived_b=3.76744 before=43.16 after=33.6306
APPLE_2013_LEGACY_CONTEXT_OBJECTIVE context=2 current=82557 previous=33522 raw=0.528274 derived_a=1.79283 derived_b=2.57143 before=23.7255 after=21.9327
APPLE_2013_LEGACY_CONTEXT_OBJECTIVE context=2 current=82557 previous=207854 raw=0.553148 derived_a=10.5401 derived_b=6.33533 before=60.2884 after=49.7483
APPLE_2013_LEGACY_CONTEXT_OBJECTIVE context=2 current=82557 previous=178783 raw=0.745396 derived_a=2.55118 derived_b=2.22727 before=25.6927 after=23.1415
APPLE_2013_LEGACY_CONTEXT_OBJECTIVE context=2 current=82557 previous=272238 raw=1.06918 derived_a=9.04059 derived_b=3.34104 before=47.4782 after=38.4376
APPLE_2013_LEGACY_CONTEXT_OBJECTIVE context=2 current=82557 previous=48612 raw=0.501734 derived_a=8.09665 derived_b=7.57576 before=61.0894 after=52.9928
APPLE_2013_LEGACY_CONTEXT_OBJECTIVE context=2 current=82557 previous=257776 raw=0.50559 derived_a=5.93939 derived_b=8.94479 before=63.6586 after=57.7192
APPLE_2013_LEGACY_CONTEXT_OBJECTIVE context=2 current=82557 previous=84280 raw=0 derived_a=0.52459 derived_b=0.497462 before=5.53649 after=5.0119
APPLE_2013_LEGACY_CONTEXT_OBJECTIVE context=2 current=82557 previous=189545 raw=0.496 derived_a=7.64179 derived_b=0.0932643 before=22.7099 after=15.0681
APPLE_2013_LEGACY_CONTEXT_OBJECTIVE context=2 current=82557 previous=213333 raw=0.803257 derived_a=11.5942 derived_b=0 before=33.221 after=21.6268
APPLE_2013_LEGACY_CONTEXT_OBJECTIVE context=2 current=82709 previous=64727 raw=0.450601 derived_a=0.108844 derived_b=0.057971 before=7.01356 after=6.90471
APPLE_2013_LEGACY_CONTEXT_OBJECTIVE context=2 current=82709 previous=64718 raw=0.372669 derived_a=1.63636 derived_b=1.33333 before=15.6661 after=14.0297
APPLE_2013_LEGACY_CONTEXT_OBJECTIVE context=2 current=82709 previous=188825 raw=0.429843 derived_a=2.96296 derived_b=0.864865 before=16.5487 after=13.5857
APPLE_2013_LEGACY_CONTEXT_OBJECTIVE context=2 current=82709 previous=177774 raw=0 derived_a=1.86861 derived_b=1.33333 before=12.4039 after=10.5353
APPLE_2013_LEGACY_CONTEXT_OBJECTIVE context=2 current=82709 previous=227604 raw=0.473362 derived_a=0.00692042 derived_b=1.89474 before=16.2211 after=16.2142
APPLE_2013_LEGACY_CONTEXT_OBJECTIVE context=2 current=82709 previous=40502 raw=0.47344 derived_a=0.0614334 derived_b=0.0141844 before=6.92818 after=6.86675
APPLE_2013_LEGACY_CONTEXT_OBJECTIVE context=2 current=82709 previous=261978 raw=0 derived_a=0.108844 derived_b=0.493151 before=4.68344 after=4.5746
APPLE_2013_LEGACY_CONTEXT_OBJECTIVE context=2 current=82709 previous=225631 raw=0.372669 derived_a=0.0627178 derived_b=12.5896 before=68.8001 after=68.7374
APPLE_2013_LEGACY_CONTEXT_OBJECTIVE context=2 current=82709 previous=212593 raw=0.556022 derived_a=0.111888 derived_b=0.864865 before=12.1083 after=11.9964
APPLE_2013_LEGACY_CONTEXT_OBJECTIVE context=2 current=82709 previous=106017 raw=0.429843 derived_a=1.11551 derived_b=5.97531 before=38.406 after=37.2905
APPLE_2013_LEGACY_CONTEXT_OBJECTIVE context=2 current=82709 previous=52644 raw=0.400336 derived_a=0.0614334 derived_b=1.08725 before=11.5625 after=11.501
APPLE_2013_LEGACY_CONTEXT_OBJECTIVE context=2 current=82709 previous=179969 raw=0.592977 derived_a=3.61194 derived_b=10.5882 before=68.0948 after=64.4829
APPLE_2013_LEGACY_CONTEXT_OBJECTIVE context=2 current=82709 previous=255878 raw=0.448841 derived_a=0.0277778 derived_b=0.864865 before=10.8683 after=10.8405
APPLE_2013_LEGACY_CONTEXT_OBJECTIVE context=2 current=82709 previous=219637 raw=0.450601 derived_a=0.329966 derived_b=0.0141844 before=7.23687 after=6.9069
APPLE_2013_LEGACY_CONTEXT_OBJECTIVE context=2 current=82709 previous=181638 raw=0 derived_a=0.576512 derived_b=0.057971 before=3.44288 after=2.86637
APPLE_2013_LEGACY_CONTEXT_OBJECTIVE context=2 current=82709 previous=187543 raw=0.429843 derived_a=3.61194 derived_b=5 before=38.5223 after=34.9104
APPLE_2013_LEGACY_CONTEXT_OBJECTIVE context=2 current=82709 previous=113307 raw=0.43753 derived_a=1.63636 derived_b=0.131387 before=10.305 after=8.66859
APPLE_2013_LEGACY_CONTEXT_OBJECTIVE context=2 current=82709 previous=224971 raw=0.429843 derived_a=6.44444 derived_b=3.28205 before=35.5976 after=29.1531
APPLE_2013_LEGACY_CONTEXT_OBJECTIVE context=2 current=82709 previous=195352 raw=0.58318 derived_a=0.243243 derived_b=1.89474 before=17.792 after=17.5487
APPLE_2013_LEGACY_CONTEXT_OBJECTIVE context=2 current=82709 previous=263415 raw=0.713214 derived_a=1.28947 derived_b=0.222222 before=12.8222 after=11.5327
APPLE_2013_LEGACY_CONTEXT_OBJECTIVE context=2 current=82709 previous=95538 raw=0.372669 derived_a=0.541806 derived_b=0.666667 before=10.1436 after=9.60183
APPLE_2013_LEGACY_CONTEXT_OBJECTIVE context=2 current=82709 previous=33522 raw=0.762524 derived_a=1.03597 derived_b=1.33333 before=18.3638 after=17.3279
APPLE_2013_LEGACY_CONTEXT_OBJECTIVE context=2 current=82709 previous=207854 raw=0.458959 derived_a=0.803987 derived_b=0.056338 before=8.47925 after=7.67527
APPLE_2013_LEGACY_CONTEXT_OBJECTIVE context=2 current=82709 previous=178783 raw=0.473362 derived_a=0.576512 derived_b=1.60265 before=15.8999 after=15.3234
APPLE_2013_LEGACY_CONTEXT_OBJECTIVE context=2 current=82709 previous=272238 raw=0.854257 derived_a=0.42953 derived_b=0.864865 before=15.726 after=15.2964
APPLE_2013_LEGACY_CONTEXT_OBJECTIVE context=2 current=82709 previous=48612 raw=0.47344 derived_a=0.243243 derived_b=0 before=7.22088 after=6.97764
APPLE_2013_LEGACY_CONTEXT_OBJECTIVE context=2 current=82709 previous=257776 raw=0.572622 derived_a=0.00687285 derived_b=0.057971 before=8.02982 after=8.02295
APPLE_2013_LEGACY_CONTEXT_OBJECTIVE context=2 current=82709 previous=84280 raw=0.448841 derived_a=2.66421 derived_b=11.907 before=71.3517 after=68.6875
APPLE_2013_LEGACY_CONTEXT_OBJECTIVE context=2 current=82709 previous=189545 raw=0.429843 derived_a=0.169492 derived_b=9.33333 before=53.3041 after=53.1346
APPLE_2013_LEGACY_CONTEXT_OBJECTIVE context=2 current=82709 previous=213333 raw=0.667976 derived_a=1.11551 derived_b=7.57576 before=48.7896 after=47.6741
APPLE_2013_LEGACY_CONTEXT_OBJECTIVE context=2 current=83349 previous=64727 raw=0.641366 derived_a=8.21887 derived_b=2.26846 before=36.1937 after=27.9748
APPLE_2013_LEGACY_CONTEXT_OBJECTIVE context=2 current=83349 previous=64718 raw=0.447809 derived_a=1.5935 derived_b=0.0124224 before=9.7272 after=8.1337
APPLE_2013_LEGACY_CONTEXT_OBJECTIVE context=2 current=83349 previous=188825 raw=0 derived_a=0.672199 derived_b=0.113208 before=3.91044 after=3.23824
APPLE_2013_LEGACY_CONTEXT_OBJECTIVE context=2 current=83349 previous=177774 raw=0.429843 derived_a=1.37959 derived_b=0.0124224 before=9.11972 after=7.74013
APPLE_2013_LEGACY_CONTEXT_OBJECTIVE context=2 current=83349 previous=227604 raw=0.551546 derived_a=6.03077 derived_b=0.0122699 before=19.6383 after=13.6076
APPLE_2013_LEGACY_CONTEXT_OBJECTIVE context=2 current=83349 previous=40502 raw=0.652313 derived_a=7.75758 derived_b=1.31579 before=30.6172 after=22.8597
APPLE_2013_LEGACY_CONTEXT_OBJECTIVE context=2 current=83349 previous=261978 raw=0.429843 derived_a=8.21887 derived_b=0.318471 before=24.3285 after=16.1097
APPLE_2013_LEGACY_CONTEXT_OBJECTIVE context=2 current=83349 previous=225631 raw=0.447809 derived_a=5.24031 derived_b=5.26087 before=43.2631 after=38.0228
APPLE_2013_LEGACY_CONTEXT_OBJECTIVE context=2 current=83349 previous=212593 raw=0.559028 derived_a=4.86381 derived_b=0.113208 before=17.8839 after=13.0201
APPLE_2013_LEGACY_CONTEXT_OBJECTIVE context=2 current=83349 previous=106017 raw=0 derived_a=12.8759 derived_b=1.39884 before=34.746 after=21.8701
APPLE_2013_LEGACY_CONTEXT_OBJECTIVE context=2 current=83349 previous=52644 raw=0.445156 derived_a=7.75758 derived_b=0.05 before=22.2167 after=14.4591
APPLE_2013_LEGACY_CONTEXT_OBJECTIVE context=2 current=83349 previous=179969 raw=0.433517 derived_a=0.410042 derived_b=3.98895 before=27.1 after=26.69
APPLE_2013_LEGACY_CONTEXT_OBJECTIVE context=2 current=83349 previous=255878 raw=0.496 derived_a=5.62934 derived_b=0.113208 before=18.7847 after=13.1554
APPLE_2013_LEGACY_CONTEXT_OBJECTIVE context=2 current=83349 previous=219637 raw=0.641366 derived_a=9.67164 derived_b=1.31579 before=34.3359 after=24.6643
APPLE_2013_LEGACY_CONTEXT_OBJECTIVE context=2 current=83349 previous=181638 raw=0.429843 derived_a=3.1746 derived_b=2.26846 before=23.9899 after=20.8153
APPLE_2013_LEGACY_CONTEXT_OBJECTIVE context=2 current=83349 previous=187543 raw=0 derived_a=0.410042 derived_b=0.947368 before=7.55693 after=7.14688
APPLE_2013_LEGACY_CONTEXT_OBJECTIVE context=2 current=83349 previous=113307 raw=0.427148 derived_a=1.5935 derived_b=2.64865 before=22.7017 after=21.1082
APPLE_2013_LEGACY_CONTEXT_OBJECTIVE context=2 current=83349 previous=224971 raw=0 derived_a=0 derived_b=0.299401 before=3.49701 after=3.49701
APPLE_2013_LEGACY_CONTEXT_OBJECTIVE context=2 current=83349 previous=195352 raw=0.500719 derived_a=9.17603 derived_b=0.0122699 before=25.4206 after=16.2446
APPLE_2013_LEGACY_CONTEXT_OBJECTIVE context=2 current=83349 previous=263415 raw=0.724241 derived_a=13.4473 derived_b=0.632258 before=39.2982 after=25.851
APPLE_2013_LEGACY_CONTEXT_OBJECTIVE context=2 current=83349 previous=95538 raw=0.447809 derived_a=10.6963 derived_b=0.202532 before=28.8833 after=18.187
APPLE_2013_LEGACY_CONTEXT_OBJECTIVE context=2 current=83349 previous=33522 raw=0.798016 derived_a=2.32129 derived_b=0.0124224 before=14.6848 after=12.3636
APPLE_2013_LEGACY_CONTEXT_OBJECTIVE context=2 current=83349 previous=207854 raw=0.718162 derived_a=11.7647 derived_b=1.05882 before=38.0052 after=26.2404
APPLE_2013_LEGACY_CONTEXT_OBJECTIVE context=2 current=83349 previous=178783 raw=0.551546 derived_a=3.1746 derived_b=0 before=13.8647 after=10.6901
APPLE_2013_LEGACY_CONTEXT_OBJECTIVE context=2 current=83349 previous=272238 raw=0.796828 derived_a=10.1784 derived_b=0.113208 before=30.8912 after=20.7128
APPLE_2013_LEGACY_CONTEXT_OBJECTIVE context=2 current=83349 previous=48612 raw=0.652313 derived_a=9.17603 derived_b=1.60265 before=34.8884 after=25.7124
APPLE_2013_LEGACY_CONTEXT_OBJECTIVE context=2 current=83349 previous=257776 raw=0.612779 derived_a=6.87023 derived_b=2.26846 before=33.2105 after=26.3403
APPLE_2013_LEGACY_CONTEXT_OBJECTIVE context=2 current=83349 previous=84280 raw=0.496 derived_a=0.826446 derived_b=4.81967 before=32.7113 after=31.8848
APPLE_2013_LEGACY_CONTEXT_OBJECTIVE context=2 current=83349 previous=189545 raw=0 derived_a=8.69173 derived_b=3.22905 before=35.5287 after=26.837
APPLE_2013_LEGACY_CONTEXT_OBJECTIVE context=2 current=83349 previous=213333 raw=0.662867 derived_a=12.8759 derived_b=2.22727 before=45.5169 after=32.6409
APPLE_2013_LEGACY_CONTEXT_OBJECTIVE context=2 current=86012 previous=64727 raw=0.527195 derived_a=4.57875 derived_b=1.36986 before=23.2788 after=18.7
APPLE_2013_LEGACY_CONTEXT_OBJECTIVE context=2 current=86012 previous=64718 raw=0 derived_a=0.283465 derived_b=0.0506329 before=2.82009 after=2.53663
APPLE_2013_LEGACY_CONTEXT_OBJECTIVE context=2 current=86012 previous=188825 raw=0.447809 derived_a=0.00803213 derived_b=0 before=6.49416 after=6.48613
APPLE_2013_LEGACY_CONTEXT_OBJECTIVE context=2 current=86012 previous=177774 raw=0.372669 derived_a=0.197628 derived_b=0.0506329 before=6.37512 after=6.17749
APPLE_2013_LEGACY_CONTEXT_OBJECTIVE context=2 current=86012 previous=227604 raw=0.583695 derived_a=2.98507 derived_b=0.2 before=14.8071 after=11.822
APPLE_2013_LEGACY_CONTEXT_OBJECTIVE context=2 current=86012 previous=40502 raw=0.370961 derived_a=4.23529 derived_b=0.657718 before=17.4688 after=13.2335
APPLE_2013_LEGACY_CONTEXT_OBJECTIVE context=2 current=86012 previous=261978 raw=0.372669 derived_a=4.57875 derived_b=0.0519481 before=15.1439 after=10.5652
APPLE_2013_LEGACY_CONTEXT_OBJECTIVE context=2 current=86012 previous=225631 raw=0 derived_a=2.43609 derived_b=6.90608 before=41.4026 after=38.9665
APPLE_2013_LEGACY_CONTEXT_OBJECTIVE context=2 current=86012 previous=212593 raw=0.727456 derived_a=2.18113 derived_b=0 before=13.6368 after=11.4557
APPLE_2013_LEGACY_CONTEXT_OBJECTIVE context=2 current=86012 previous=106017 raw=0.447809 derived_a=8.19858 derived_b=2.30588 before=34.4047 after=26.2061
APPLE_2013_LEGACY_CONTEXT_OBJECTIVE context=2 current=86012 previous=52644 raw=0.503544 derived_a=4.23529 derived_b=0.0127389 before=15.5697 after=11.3344
APPLE_2013_LEGACY_CONTEXT_OBJECTIVE context=2 current=86012 previous=179969 raw=0.698776 derived_a=0.00809717 derived_b=5.4382 before=36.195 after=36.1869
APPLE_2013_LEGACY_CONTEXT_OBJECTIVE context=2 current=86012 previous=255878 raw=0.326396 derived_a=2.70412 derived_b=0 before=10.6722 after=7.96808
APPLE_2013_LEGACY_CONTEXT_OBJECTIVE context=2 current=86012 previous=219637 raw=0.527195 derived_a=5.68116 derived_b=0.657718 before=21.9229 after=16.2417
APPLE_2013_LEGACY_CONTEXT_OBJECTIVE context=2 current=86012 previous=181638 raw=0.372669 derived_a=1.10769 derived_b=1.36986 before=14.7914 after=13.6837
APPLE_2013_LEGACY_CONTEXT_OBJECTIVE context=2 current=86012 previous=187543 raw=0.447809 derived_a=0.00809717 derived_b=1.71429 before=15.0657 after=15.0576
APPLE_2013_LEGACY_CONTEXT_OBJECTIVE context=2 current=86012 previous=113307 raw=0.408776 derived_a=0.283465 derived_b=1.66897 before=14.9995 after=14.716
APPLE_2013_LEGACY_CONTEXT_OBJECTIVE context=2 current=86012 previous=224971 raw=0.447809 derived_a=0.533333 derived_b=0.780488 before=11.4472 after=10.9139
APPLE_2013_LEGACY_CONTEXT_OBJECTIVE context=2 current=86012 previous=195352 raw=0.670718 derived_a=5.30182 derived_b=0.2 before=20.3108 after=15.009
APPLE_2013_LEGACY_CONTEXT_OBJECTIVE context=2 current=86012 previous=263415 raw=0.843511 derived_a=8.65724 derived_b=0.210526 before=28.8022 after=20.145
APPLE_2013_LEGACY_CONTEXT_OBJECTIVE context=2 current=86012 previous=95538 raw=0 derived_a=6.47482 derived_b=0.0129032 before=15.0142 after=8.53934
APPLE_2013_LEGACY_CONTEXT_OBJECTIVE context=2 current=86012 previous=33522 raw=0.670762 derived_a=0.63035 derived_b=0.0506329 before=10.2215 after=9.59114
APPLE_2013_LEGACY_CONTEXT_OBJECTIVE context=2 current=86012 previous=207854 raw=0.441748 derived_a=7.31429 derived_b=0.48 before=23.446 after=16.1318
APPLE_2013_LEGACY_CONTEXT_OBJECTIVE context=2 current=86012 previous=178783 raw=0.583695 derived_a=1.10769 derived_b=0.113208 before=10.6184 after=9.51068
APPLE_2013_LEGACY_CONTEXT_OBJECTIVE context=2 current=86012 previous=272238 raw=1.0204 derived_a=6.0722 derived_b=0 before=24.3484 after=18.2762
APPLE_2013_LEGACY_CONTEXT_OBJECTIVE context=2 current=86012 previous=48612 raw=0.370961 derived_a=5.30182 derived_b=0.864865 before=20.6376 after=15.3357
APPLE_2013_LEGACY_CONTEXT_OBJECTIVE context=2 current=86012 previous=257776 raw=0.450141 derived_a=3.58519 derived_b=1.36986 before=20.5211 after=16.9359
APPLE_2013_LEGACY_CONTEXT_OBJECTIVE context=2 current=86012 previous=84280 raw=0.326396 derived_a=0.032 derived_b=6.4 before=37.328 after=37.296
APPLE_2013_LEGACY_CONTEXT_OBJECTIVE context=2 current=86012 previous=189545 raw=0.447809 derived_a=4.93431 derived_b=4.54545 before=39.074 after=34.1397
APPLE_2013_LEGACY_CONTEXT_OBJECTIVE context=2 current=86012 previous=213333 raw=0.576356 derived_a=8.19858 derived_b=3.34104 before=40.8659 after=32.6673
APPLE_2013_LEGACY_CONTEXT_OBJECTIVE context=2 current=96145 previous=64727 raw=0.533641 derived_a=0.00668896 derived_b=0 before=7.34978 after=7.34309
APPLE_2013_LEGACY_CONTEXT_OBJECTIVE context=2 current=96145 previous=64718 raw=0.705945 derived_a=2.85714 derived_b=1.94595 before=24.5035 after=21.6463
APPLE_2013_LEGACY_CONTEXT_OBJECTIVE context=2 current=96145 previous=188825 raw=0.581982 derived_a=4.54545 derived_b=1.36986 before=23.76 after=19.2146
APPLE_2013_LEGACY_CONTEXT_OBJECTIVE context=2 current=96145 previous=177774 raw=0.372142 derived_a=3.16129 derived_b=1.94595 before=21.7737 after=18.6124
APPLE_2013_LEGACY_CONTEXT_OBJECTIVE context=2 current=96145 previous=227604 raw=0.639332 derived_a=0.244898 derived_b=2.61333 before=21.9498 after=21.7049
APPLE_2013_LEGACY_CONTEXT_OBJECTIVE context=2 current=96145 previous=40502 raw=0.739583 derived_a=0.0268456 derived_b=0.129496 before=10.097 after=10.0702
APPLE_2013_LEGACY_CONTEXT_OBJECTIVE context=2 current=96145 previous=261978 raw=0.372142 derived_a=0.00668896 derived_b=0.888889 before=10.1792 after=10.1726
APPLE_2013_LEGACY_CONTEXT_OBJECTIVE context=2 current=96145 previous=225631 raw=0.705945 derived_a=0.438356 derived_b=14.3275 before=81.5736 after=81.1352
APPLE_2013_LEGACY_CONTEXT_OBJECTIVE context=2 current=96145 previous=212593 raw=0.535425 derived_a=0.556701 derived_b=1.36986 before=15.317 after=14.7603
APPLE_2013_LEGACY_CONTEXT_OBJECTIVE context=2 current=96145 previous=106017 raw=0.581982 derived_a=0.415584 derived_b=7.2 before=44.651 after=44.2354
APPLE_2013_LEGACY_CONTEXT_OBJECTIVE context=2 current=96145 previous=52644 raw=0.432725 derived_a=0.0268456 derived_b=1.64626 before=14.6122 after=14.5854
APPLE_2013_LEGACY_CONTEXT_OBJECTIVE context=2 current=96145 previous=179969 raw=0.645531 derived_a=5.34066 derived_b=12.1905 before=80.089 after=74.7484
APPLE_2013_LEGACY_CONTEXT_OBJECTIVE context=2 current=96145 previous=255878 raw=0.637186 derived_a=0.334471 derived_b=1.36986 before=15.8901 after=15.5556
APPLE_2013_LEGACY_CONTEXT_OBJECTIVE context=2 current=96145 previous=219637 raw=0.533641 derived_a=0.0264901 derived_b=0.129496 before=8.03687 after=8.01038
APPLE_2013_LEGACY_CONTEXT_OBJECTIVE context=2 current=96145 previous=181638 raw=0.372142 derived_a=1.37063 derived_b=0 before=8.46268 after=7.09205
APPLE_2013_LEGACY_CONTEXT_OBJECTIVE context=2 current=96145 previous=187543 raw=0.581982 derived_a=5.34066 derived_b=6.12658 before=49.134 after=43.7934
APPLE_2013_LEGACY_CONTEXT_OBJECTIVE context=2 current=96145 previous=113307 raw=0.61899 derived_a=2.85714 derived_b=0.0148148 before=13.9783 after=11.1211
APPLE_2013_LEGACY_CONTEXT_OBJECTIVE context=2 current=96145 previous=224971 raw=0.581982 derived_a=8.69173 derived_b=4.20779 before=46.2422 after=37.5505
APPLE_2013_LEGACY_CONTEXT_OBJECTIVE context=2 current=96145 previous=195352 raw=0.763487 derived_a=0.00664452 derived_b=2.61333 before=22.7148 after=22.7082
APPLE_2013_LEGACY_CONTEXT_OBJECTIVE context=2 current=96145 previous=263415 raw=0.76605 derived_a=0.524272 derived_b=0.507042 before=13.2443 after=12.72
APPLE_2013_LEGACY_CONTEXT_OBJECTIVE context=2 current=96145 previous=95538 raw=0.705945 derived_a=0.105263 derived_b=1.11724 before=14.8562 after=14.7509
APPLE_2013_LEGACY_CONTEXT_OBJECTIVE context=2 current=96145 previous=33522 raw=0.898211 derived_a=2.0424 derived_b=1.94595 before=24.7966 after=22.7542
APPLE_2013_LEGACY_CONTEXT_OBJECTIVE context=2 current=96145 previous=207854 raw=0.71208 derived_a=0.235294 derived_b=0.228571 before=10.7342 after=10.4989
APPLE_2013_LEGACY_CONTEXT_OBJECTIVE context=2 current=96145 previous=178783 raw=0.639332 derived_a=1.37063 derived_b=2.26846 before=22.4769 after=21.1062
APPLE_2013_LEGACY_CONTEXT_OBJECTIVE context=2 current=96145 previous=272238 raw=0.816417 derived_a=0.0594059 derived_b=1.36986 before=17.1323 after=17.0729
APPLE_2013_LEGACY_CONTEXT_OBJECTIVE context=2 current=96145 previous=48612 raw=0.739583 derived_a=0.00664452 derived_b=0.057971 before=9.69897 after=9.69232
APPLE_2013_LEGACY_CONTEXT_OBJECTIVE context=2 current=96145 previous=257776 raw=0.824279 derived_a=0.108108 derived_b=0 before=10.459 after=10.3509
APPLE_2013_LEGACY_CONTEXT_OBJECTIVE context=2 current=96145 previous=84280 raw=0.637186 derived_a=4.17391 derived_b=13.6 before=84.7197 after=80.5458
APPLE_2013_LEGACY_CONTEXT_OBJECTIVE context=2 current=96145 previous=189545 raw=0.581982 derived_a=0 derived_b=10.8434 before=62.0367 after=62.0367
APPLE_2013_LEGACY_CONTEXT_OBJECTIVE context=2 current=96145 previous=213333 raw=0.967345 derived_a=0.415584 derived_b=8.94479 before=57.2285 after=56.813
APPLE_2013_LEGACY_CONTEXT_OBJECTIVE context=2 current=97601 previous=64727 raw=0.641366 derived_a=1.00699 derived_b=2.61333 before=23.4943 after=22.4873
APPLE_2013_LEGACY_CONTEXT_OBJECTIVE context=2 current=97601 previous=64718 raw=0.447809 derived_a=0.367041 derived_b=0.0493827 before=7.45909 after=7.09205
APPLE_2013_LEGACY_CONTEXT_OBJECTIVE context=2 current=97601 previous=188825 raw=0 derived_a=1.09924 derived_b=0.2 before=5.19847 after=4.09924
APPLE_2013_LEGACY_CONTEXT_OBJECTIVE context=2 current=97601 previous=177774 raw=0.429843 derived_a=0.481203 derived_b=0.0493827 before=7.50775 after=7.02654
APPLE_2013_LEGACY_CONTEXT_OBJECTIVE context=2 current=97601 previous=227604 raw=0.551546 derived_a=0.348754 derived_b=0 before=8.21297 after=7.86421
APPLE_2013_LEGACY_CONTEXT_OBJECTIVE context=2 current=97601 previous=40502 raw=0.652313 derived_a=0.849123 derived_b=1.5817 before=18.1299 after=17.2808
APPLE_2013_LEGACY_CONTEXT_OBJECTIVE context=2 current=97601 previous=261978 raw=0.429843 derived_a=1.00699 derived_b=0.455696 before=10.5909 after=9.5839
APPLE_2013_LEGACY_CONTEXT_OBJECTIVE context=2 current=97601 previous=225631 raw=0.447809 derived_a=0.179211 derived_b=4.76757 before=30.6744 after=30.4951
APPLE_2013_LEGACY_CONTEXT_OBJECTIVE context=2 current=97601 previous=212593 raw=0.559028 derived_a=0.115108 derived_b=0.2 before=8.8205 after=8.70539
APPLE_2013_LEGACY_CONTEXT_OBJECTIVE context=2 current=97601 previous=106017 raw=0 derived_a=2.98983 derived_b=1.14943 before=13.7268 after=10.737
APPLE_2013_LEGACY_CONTEXT_OBJECTIVE context=2 current=97601 previous=52644 raw=0.445156 derived_a=0.849123 derived_b=0.111801 before=8.70881 after=7.85969
APPLE_2013_LEGACY_CONTEXT_OBJECTIVE context=2 current=97601 previous=179969 raw=0.433517 derived_a=1.50769 derived_b=3.56044 before=27.1528 after=25.6451
APPLE_2013_LEGACY_CONTEXT_OBJECTIVE context=2 current=97601 previous=255878 raw=0.496 derived_a=0.257143 derived_b=0.2 before=8.47429 after=8.21715
APPLE_2013_LEGACY_CONTEXT_OBJECTIVE context=2 current=97601 previous=219637 raw=0.641366 derived_a=1.55709 derived_b=1.5817 before=19.4363 after=17.8793
APPLE_2013_LEGACY_CONTEXT_OBJECTIVE context=2 current=97601 previous=181638 raw=0.429843 derived_a=0.00732601 derived_b=2.61333 before=19.3797 after=19.3724
APPLE_2013_LEGACY_CONTEXT_OBJECTIVE context=2 current=97601 previous=187543 raw=0 derived_a=1.50769 derived_b=0.744186 before=8.73631 after=7.22862
APPLE_2013_LEGACY_CONTEXT_OBJECTIVE context=2 current=97601 previous=113307 raw=0.427148 derived_a=0.367041 derived_b=3.02013 before=22.1062 after=21.7392
APPLE_2013_LEGACY_CONTEXT_OBJECTIVE context=2 current=97601 previous=224971 raw=0 derived_a=3.48617 derived_b=0.190476 before=9.92471 after=6.43855
APPLE_2013_LEGACY_CONTEXT_OBJECTIVE context=2 current=97601 previous=195352 raw=0.500719 derived_a=1.36111 derived_b=0 before=9.72941 after=8.3683
APPLE_2013_LEGACY_CONTEXT_OBJECTIVE context=2 current=97601 previous=263415 raw=0.724241 derived_a=3.27027 derived_b=0.820513 before=19.8855 after=16.6152
APPLE_2013_LEGACY_CONTEXT_OBJECTIVE context=2 current=97601 previous=95538 raw=0.447809 derived_a=1.98625 derived_b=0.314465 before=12.0229 after=10.0367
APPLE_2013_LEGACY_CONTEXT_OBJECTIVE context=2 current=97601 previous=33522 raw=0.798016 derived_a=0.118519 derived_b=0.0493827 before=10.4641 after=10.3456
APPLE_2013_LEGACY_CONTEXT_OBJECTIVE context=2 current=97601 previous=207854 raw=0.718162 derived_a=2.46416 derived_b=1.2987 before=20.6035 after=18.1393
APPLE_2013_LEGACY_CONTEXT_OBJECTIVE context=2 current=97601 previous=178783 raw=0.551546 derived_a=0.00732601 derived_b=0.0122699 before=7.59146 after=7.58413
APPLE_2013_LEGACY_CONTEXT_OBJECTIVE context=2 current=97601 previous=272238 raw=0.796828 derived_a=1.76552 derived_b=0.2 before=14.4993 after=12.7338
APPLE_2013_LEGACY_CONTEXT_OBJECTIVE context=2 current=97601 previous=48612 raw=0.652313 derived_a=1.36111 derived_b=1.89474 before=20.719 after=19.3579
APPLE_2013_LEGACY_CONTEXT_OBJECTIVE context=2 current=97601 previous=257776 raw=0.612779 derived_a=0.572438 derived_b=2.61333 before=22.3393 after=21.7669
APPLE_2013_LEGACY_CONTEXT_OBJECTIVE context=2 current=97601 previous=84280 raw=0.496 derived_a=0.920152 derived_b=4.34783 before=30.5394 after=29.6193
APPLE_2013_LEGACY_CONTEXT_OBJECTIVE context=2 current=97601 previous=189545 raw=0 derived_a=1.1777 derived_b=2.84444 before=18.5776 after=17.3999
APPLE_2013_LEGACY_CONTEXT_OBJECTIVE context=2 current=97601 previous=213333 raw=0.662867 derived_a=2.98983 derived_b=1.9096 before=24.1563 after=21.1665
APPLE_2013_LEGACY_CONTEXT_OBJECTIVE context=2 current=100180 previous=64727 raw=0.641366 derived_a=1.00699 derived_b=1.64626 before=18.6589 after=17.6519
APPLE_2013_LEGACY_CONTEXT_OBJECTIVE context=2 current=100180 previous=64718 raw=0.447809 derived_a=0.367041 derived_b=0.0125786 before=7.27507 after=6.90803
APPLE_2013_LEGACY_CONTEXT_OBJECTIVE context=2 current=100180 previous=188825 raw=0 derived_a=1.09924 derived_b=0.0127389 before=4.26217 after=3.16293
APPLE_2013_LEGACY_CONTEXT_OBJECTIVE context=2 current=100180 previous=177774 raw=0.429843 derived_a=0.481203 derived_b=0.0125786 before=7.32373 after=6.84252
APPLE_2013_LEGACY_CONTEXT_OBJECTIVE context=2 current=100180 previous=227604 raw=0.551546 derived_a=0.348754 derived_b=0.111801 before=8.77197 after=8.42322
APPLE_2013_LEGACY_CONTEXT_OBJECTIVE context=2 current=100180 previous=40502 raw=0.652313 derived_a=0.849123 derived_b=0.853333 before=14.488 after=13.6389
APPLE_2013_LEGACY_CONTEXT_OBJECTIVE context=2 current=100180 previous=261978 raw=0.429843 derived_a=1.00699 derived_b=0.116129 before=8.89306 after=7.88606
APPLE_2013_LEGACY_CONTEXT_OBJECTIVE context=2 current=100180 previous=225631 raw=0.447809 derived_a=0.179211 derived_b=6.32967 before=38.4849 after=38.3057
APPLE_2013_LEGACY_CONTEXT_OBJECTIVE context=2 current=100180 previous=212593 raw=0.559028 derived_a=0.115108 derived_b=0.0127389 before=7.88419 after=7.76908
APPLE_2013_LEGACY_CONTEXT_OBJECTIVE context=2 current=100180 previous=106017 raw=0 derived_a=2.98983 derived_b=1.97661 before=17.8627 after=14.8729
APPLE_2013_LEGACY_CONTEXT_OBJECTIVE context=2 current=100180 previous=52644 raw=0.445156 derived_a=0.849123 derived_b=0 before=8.1498 after=7.30068
APPLE_2013_LEGACY_CONTEXT_OBJECTIVE context=2 current=100180 previous=179969 raw=0.433517 derived_a=1.50769 derived_b=4.92737 before=33.9874 after=32.4797
APPLE_2013_LEGACY_CONTEXT_OBJECTIVE context=2 current=100180 previous=255878 raw=0.496 derived_a=0.257143 derived_b=0.0127389 before=7.53798 after=7.28084
APPLE_2013_LEGACY_CONTEXT_OBJECTIVE context=2 current=100180 previous=219637 raw=0.641366 derived_a=1.55709 derived_b=0.853333 before=15.7945 after=14.2374
APPLE_2013_LEGACY_CONTEXT_OBJECTIVE context=2 current=100180 previous=181638 raw=0.429843 derived_a=0.00732601 derived_b=1.64626 before=14.5444 after=14.537
APPLE_2013_LEGACY_CONTEXT_OBJECTIVE context=2 current=100180 previous=187543 raw=0 derived_a=1.50769 derived_b=1.43195 before=12.1751 after=10.6675
APPLE_2013_LEGACY_CONTEXT_OBJECTIVE context=2 current=100180 previous=113307 raw=0.427148 derived_a=0.367041 derived_b=1.9726 before=16.8686 after=16.5015
APPLE_2013_LEGACY_CONTEXT_OBJECTIVE context=2 current=100180 previous=224971 raw=0 derived_a=3.48617 derived_b=0.593939 before=11.942 after=8.45586
APPLE_2013_LEGACY_CONTEXT_OBJECTIVE context=2 current=100180 previous=195352 raw=0.500719 derived_a=1.36111 derived_b=0.111801 before=10.2884 after=8.92731
APPLE_2013_LEGACY_CONTEXT_OBJECTIVE context=2 current=100180 previous=263415 raw=0.724241 derived_a=3.27027 derived_b=0.326797 before=17.4169 after=14.1467
APPLE_2013_LEGACY_CONTEXT_OBJECTIVE context=2 current=100180 previous=95538 raw=0.447809 derived_a=1.98625 derived_b=0.0512821 before=10.707 after=8.72076
APPLE_2013_LEGACY_CONTEXT_OBJECTIVE context=2 current=100180 previous=33522 raw=0.798016 derived_a=0.118519 derived_b=0.0125786 before=10.2801 after=10.1616
APPLE_2013_LEGACY_CONTEXT_OBJECTIVE context=2 current=100180 previous=207854 raw=0.718162 derived_a=2.46416 derived_b=0.649007 before=17.355 after=14.8908
APPLE_2013_LEGACY_CONTEXT_OBJECTIVE context=2 current=100180 previous=178783 raw=0.551546 derived_a=0.00732601 derived_b=0.05 before=7.78011 after=7.77278
APPLE_2013_LEGACY_CONTEXT_OBJECTIVE context=2 current=100180 previous=272238 raw=0.796828 derived_a=1.76552 derived_b=0.0127389 before=13.563 after=11.7975
APPLE_2013_LEGACY_CONTEXT_OBJECTIVE context=2 current=100180 previous=48612 raw=0.652313 derived_a=1.36111 derived_b=1.08725 before=16.6816 after=15.3205
APPLE_2013_LEGACY_CONTEXT_OBJECTIVE context=2 current=100180 previous=257776 raw=0.612779 derived_a=0.572438 derived_b=1.64626 before=17.504 after=16.9315
APPLE_2013_LEGACY_CONTEXT_OBJECTIVE context=2 current=100180 previous=84280 raw=0.496 derived_a=0.920152 derived_b=5.8453 before=38.0268 after=37.1067
APPLE_2013_LEGACY_CONTEXT_OBJECTIVE context=2 current=100180 previous=189545 raw=0 derived_a=1.1777 derived_b=4.0791 before=24.7509 after=23.5732
APPLE_2013_LEGACY_CONTEXT_OBJECTIVE context=2 current=100180 previous=213333 raw=0.662867 derived_a=2.98983 derived_b=2.94253 before=29.321 after=26.3311
APPLE_2013_LEGACY_CONTEXT_OBJECTIVE context=2 current=108878 previous=64727 raw=0.591936 derived_a=1.00699 derived_b=0.0145985 before=10.0063 after=8.99935
APPLE_2013_LEGACY_CONTEXT_OBJECTIVE context=2 current=108878 previous=64718 raw=0.550987 derived_a=0.367041 derived_b=1.62416 before=16.3648 after=15.9977
APPLE_2013_LEGACY_CONTEXT_OBJECTIVE context=2 current=108878 previous=188825 raw=0.584893 derived_a=1.09924 derived_b=1.10204 before=15.5576 after=14.4584
APPLE_2013_LEGACY_CONTEXT_OBJECTIVE context=2 current=108878 previous=177774 raw=0.581203 derived_a=0.481203 derived_b=1.62416 before=16.8952 after=16.414
APPLE_2013_LEGACY_CONTEXT_OBJECTIVE context=2 current=108878 previous=227604 raw=0.612046 derived_a=0.348754 derived_b=2.23841 before=20.01 after=19.6613
APPLE_2013_LEGACY_CONTEXT_OBJECTIVE context=2 current=108878 previous=40502 raw=0.438108 derived_a=0.849123 derived_b=0.0571429 before=8.36504 after=7.51592
APPLE_2013_LEGACY_CONTEXT_OBJECTIVE context=2 current=108878 previous=261978 raw=0.581203 derived_a=1.00699 derived_b=0.675862 before=13.2053 after=12.1983
APPLE_2013_LEGACY_CONTEXT_OBJECTIVE context=2 current=108878 previous=225631 raw=0.550987 derived_a=0.179211 derived_b=13.4419 before=75.0776 after=74.8984
APPLE_2013_LEGACY_CONTEXT_OBJECTIVE context=2 current=108878 previous=212593 raw=0.487549 derived_a=0.115108 derived_b=1.10204 before=12.6159 after=12.5008
APPLE_2013_LEGACY_CONTEXT_OBJECTIVE context=2 current=108878 previous=106017 raw=0.584893 derived_a=2.98983 derived_b=6.57143 before=46.6857 after=43.6959
APPLE_2013_LEGACY_CONTEXT_OBJECTIVE context=2 current=108878 previous=52644 raw=0.68037 derived_a=0.849123 derived_b=1.35135 before=17.2587 after=16.4096
APPLE_2013_LEGACY_CONTEXT_OBJECTIVE context=2 current=108878 previous=179969 raw=0.943322 derived_a=1.50769 derived_b=11.3728 before=71.3125 after=69.8048
APPLE_2013_LEGACY_CONTEXT_OBJECTIVE context=2 current=108878 previous=255878 raw=0.703578 derived_a=0.257143 derived_b=1.10204 before=15.0603 after=14.8031
APPLE_2013_LEGACY_CONTEXT_OBJECTIVE context=2 current=108878 previous=219637 raw=0.591936 derived_a=1.55709 derived_b=0.0571429 before=11.3193 after=9.76217
APPLE_2013_LEGACY_CONTEXT_OBJECTIVE context=2 current=108878 previous=181638 raw=0.581203 derived_a=0.00732601 derived_b=0.0145985 before=7.89968 after=7.89235
APPLE_2013_LEGACY_CONTEXT_OBJECTIVE context=2 current=108878 previous=187543 raw=0.584893 derived_a=1.50769 derived_b=5.54717 before=38.6002 after=37.0925
APPLE_2013_LEGACY_CONTEXT_OBJECTIVE context=2 current=108878 previous=113307 raw=0.846618 derived_a=0.367041 derived_b=0.0588235 before=11.4944 after=11.1273
APPLE_2013_LEGACY_CONTEXT_OBJECTIVE context=2 current=108878 previous=224971 raw=0.584893 derived_a=3.48617 derived_b=3.72903 before=33.4664 after=29.9803
APPLE_2013_LEGACY_CONTEXT_OBJECTIVE context=2 current=108878 previous=195352 raw=0.742668 derived_a=1.36111 derived_b=2.23841 before=23.341 after=21.9798
APPLE_2013_LEGACY_CONTEXT_OBJECTIVE context=2 current=108878 previous=263415 raw=0.775146 derived_a=3.27027 derived_b=0.34965 before=18.0403 after=14.77
APPLE_2013_LEGACY_CONTEXT_OBJECTIVE context=2 current=108878 previous=95538 raw=0.550987 derived_a=1.98625 derived_b=0.876712 before=15.8659 after=13.8797
APPLE_2013_LEGACY_CONTEXT_OBJECTIVE context=2 current=108878 previous=33522 raw=1.07928 derived_a=0.118519 derived_b=1.62416 before=21.1507 after=21.0321
APPLE_2013_LEGACY_CONTEXT_OBJECTIVE context=2 current=108878 previous=207854 raw=0.702535 derived_a=2.46416 derived_b=0.12766 before=14.592 after=12.1278
APPLE_2013_LEGACY_CONTEXT_OBJECTIVE context=2 current=108878 previous=178783 raw=0.612046 derived_a=0.00732601 derived_b=1.92 before=17.7351 after=17.7278
APPLE_2013_LEGACY_CONTEXT_OBJECTIVE context=2 current=108878 previous=272238 raw=0.857531 derived_a=1.76552 derived_b=1.10204 before=19.6165 after=17.851
APPLE_2013_LEGACY_CONTEXT_OBJECTIVE context=2 current=108878 previous=48612 raw=0.438108 derived_a=1.36111 derived_b=0.0143885 before=9.17525 after=7.81414
APPLE_2013_LEGACY_CONTEXT_OBJECTIVE context=2 current=108878 previous=257776 raw=0.754219 derived_a=0.572438 derived_b=0.0145985 before=10.7601 after=10.1876
APPLE_2013_LEGACY_CONTEXT_OBJECTIVE context=2 current=108878 previous=84280 raw=0.703578 derived_a=0.920152 derived_b=12.7368 before=74.5603 after=73.6401
APPLE_2013_LEGACY_CONTEXT_OBJECTIVE context=2 current=108878 previous=189545 raw=0.584893 derived_a=1.1777 derived_b=10.0719 before=60.5636 after=59.3859
APPLE_2013_LEGACY_CONTEXT_OBJECTIVE context=2 current=108878 previous=213333 raw=0.766501 derived_a=2.98983 derived_b=8.2439 before=56.8642 after=53.8743
APPLE_2013_LEGACY_CONTEXT_OBJECTIVE context=2 current=111020 previous=64727 raw=0.527195 derived_a=1.00699 derived_b=2.26846 before=20.6282 after=19.6212
APPLE_2013_LEGACY_CONTEXT_OBJECTIVE context=2 current=111020 previous=64718 raw=0 derived_a=0.367041 derived_b=0.0124224 before=2.79619 after=2.42915
APPLE_2013_LEGACY_CONTEXT_OBJECTIVE context=2 current=111020 previous=188825 raw=0.447809 derived_a=1.09924 derived_b=0.113208 before=9.24261 after=8.14337
APPLE_2013_LEGACY_CONTEXT_OBJECTIVE context=2 current=111020 previous=177774 raw=0.372669 derived_a=0.481203 derived_b=0.0124224 before=6.75121 after=6.27001
APPLE_2013_LEGACY_CONTEXT_OBJECTIVE context=2 current=111020 previous=227604 raw=0.583695 derived_a=0.348754 derived_b=0.0122699 before=8.5958 after=8.24705
APPLE_2013_LEGACY_CONTEXT_OBJECTIVE context=2 current=111020 previous=40502 raw=0.370961 derived_a=0.849123 derived_b=1.31579 before=13.9868 after=13.1377
APPLE_2013_LEGACY_CONTEXT_OBJECTIVE context=2 current=111020 previous=261978 raw=0.372669 derived_a=1.00699 derived_b=0.318471 before=9.33304 after=8.32604
APPLE_2013_LEGACY_CONTEXT_OBJECTIVE context=2 current=111020 previous=225631 raw=0 derived_a=0.179211 derived_b=5.26087 before=28.6628 after=28.4836
APPLE_2013_LEGACY_CONTEXT_OBJECTIVE context=2 current=111020 previous=212593 raw=0.727456 derived_a=0.115108 derived_b=0.113208 before=10.0708 after=9.9557
APPLE_2013_LEGACY_CONTEXT_OBJECTIVE context=2 current=111020 previous=106017 raw=0.447809 derived_a=2.98983 derived_b=1.39884 before=19.452 after=16.4621
APPLE_2013_LEGACY_CONTEXT_OBJECTIVE context=2 current=111020 previous=52644 raw=0.503544 derived_a=0.849123 derived_b=0.05 before=8.98368 after=8.13456
APPLE_2013_LEGACY_CONTEXT_OBJECTIVE context=2 current=111020 previous=179969 raw=0.698776 derived_a=1.50769 derived_b=3.98895 before=31.9479 after=30.4402
APPLE_2013_LEGACY_CONTEXT_OBJECTIVE context=2 current=111020 previous=255878 raw=0.326396 derived_a=0.257143 derived_b=0.113208 before=6.34428 after=6.08714
APPLE_2013_LEGACY_CONTEXT_OBJECTIVE context=2 current=111020 previous=219637 raw=0.527195 derived_a=1.55709 derived_b=1.31579 before=16.9651 after=15.408
APPLE_2013_LEGACY_CONTEXT_OBJECTIVE context=2 current=111020 previous=181638 raw=0.372669 derived_a=0.00732601 derived_b=2.26846 before=17.0836 after=17.0763
APPLE_2013_LEGACY_CONTEXT_OBJECTIVE context=2 current=111020 previous=187543 raw=0.447809 derived_a=1.50769 derived_b=0.947368 before=14.2303 after=12.7226
APPLE_2013_LEGACY_CONTEXT_OBJECTIVE context=2 current=111020 previous=113307 raw=0.408776 derived_a=0.367041 derived_b=2.64865 before=20.0651 after=19.698
APPLE_2013_LEGACY_CONTEXT_OBJECTIVE context=2 current=111020 previous=224971 raw=0.447809 derived_a=3.48617 derived_b=0.299401 before=14.9474 after=11.4613
APPLE_2013_LEGACY_CONTEXT_OBJECTIVE context=2 current=111020 previous=195352 raw=0.670718 derived_a=1.36111 derived_b=0.0122699 before=11.4908 after=10.1296
APPLE_2013_LEGACY_CONTEXT_OBJECTIVE context=2 current=111020 previous=263415 raw=0.843511 derived_a=3.27027 derived_b=0.632258 before=20.1369 after=16.8667
APPLE_2013_LEGACY_CONTEXT_OBJECTIVE context=2 current=111020 previous=95538 raw=0 derived_a=1.98625 derived_b=0.202532 before=6.98517 after=4.99891
APPLE_2013_LEGACY_CONTEXT_OBJECTIVE context=2 current=111020 previous=33522 raw=0.670762 derived_a=0.118519 derived_b=0.0124224 before=9.00677 after=8.88825
APPLE_2013_LEGACY_CONTEXT_OBJECTIVE context=2 current=111020 previous=207854 raw=0.441748 derived_a=2.46416 derived_b=1.05882 before=16.6399 after=14.1758
APPLE_2013_LEGACY_CONTEXT_OBJECTIVE context=2 current=111020 previous=178783 raw=0.583695 derived_a=0.00732601 derived_b=0 before=7.8516 after=7.84427
APPLE_2013_LEGACY_CONTEXT_OBJECTIVE context=2 current=111020 previous=272238 raw=1.0204 derived_a=1.76552 derived_b=0.113208 before=16.3011 after=14.5356
APPLE_2013_LEGACY_CONTEXT_OBJECTIVE context=2 current=111020 previous=48612 raw=0.370961 derived_a=1.36111 derived_b=1.60265 before=16.4451 after=15.084
APPLE_2013_LEGACY_CONTEXT_OBJECTIVE context=2 current=111020 previous=257776 raw=0.450141 derived_a=0.572438 derived_b=2.26846 before=18.9886 after=18.4161
APPLE_2013_LEGACY_CONTEXT_OBJECTIVE context=2 current=111020 previous=84280 raw=0.326396 derived_a=0.920152 derived_b=4.81967 before=31.2026 after=30.2825
APPLE_2013_LEGACY_CONTEXT_OBJECTIVE context=2 current=111020 previous=189545 raw=0.447809 derived_a=1.1777 derived_b=3.22905 before=24.9787 after=23.801
APPLE_2013_LEGACY_CONTEXT_OBJECTIVE context=2 current=111020 previous=213333 raw=0.576356 derived_a=2.98983 derived_b=2.22727 before=24.8796 after=21.8898
APPLE_2013_LEGACY_CONTEXT_OBJECTIVE context=2 current=118661 previous=64727 raw=0.37438 derived_a=0.843206 derived_b=1.64626 before=15.6615 after=14.8183
APPLE_2013_LEGACY_CONTEXT_OBJECTIVE context=2 current=118661 previous=64718 raw=0.370961 derived_a=0.477612 derived_b=0.0125786 before=6.72772 after=6.25011
APPLE_2013_LEGACY_CONTEXT_OBJECTIVE context=2 current=118661 previous=188825 raw=0.652313 derived_a=1.28517 derived_b=0.0127389 before=11.1572 after=9.872
APPLE_2013_LEGACY_CONTEXT_OBJECTIVE context=2 current=118661 previous=177774 raw=0.47344 derived_a=0.606742 derived_b=0.0125786 before=8.01077 after=7.40403
APPLE_2013_LEGACY_CONTEXT_OBJECTIVE context=2 current=118661 previous=227604 raw=0.645903 derived_a=0.255319 derived_b=0.111801 before=9.52867 after=9.27335
APPLE_2013_LEGACY_CONTEXT_OBJECTIVE context=2 current=118661 previous=40502 raw=0 derived_a=0.699301 derived_b=0.853333 before=7.66527 after=6.96597
APPLE_2013_LEGACY_CONTEXT_OBJECTIVE context=2 current=118661 previous=261978 raw=0.47344 derived_a=0.843206 derived_b=0.116129 before=9.00145 after=8.15825
APPLE_2013_LEGACY_CONTEXT_OBJECTIVE context=2 current=118661 previous=225631 raw=0.370961 derived_a=0.114286 derived_b=6.32967 before=37.5865 after=37.4722
APPLE_2013_LEGACY_CONTEXT_OBJECTIVE context=2 current=118661 previous=212593 raw=0.65638 derived_a=0.0645161 derived_b=0.0127389 before=8.75653 after=8.69201
APPLE_2013_LEGACY_CONTEXT_OBJECTIVE context=2 current=118661 previous=106017 raw=0.652313 derived_a=2.7027 derived_b=1.97661 before=23.8116 after=21.1089
APPLE_2013_LEGACY_CONTEXT_OBJECTIVE context=2 current=118661 previous=52644 raw=0.551306 derived_a=0.699301 derived_b=0 before=8.91166 after=8.21236
APPLE_2013_LEGACY_CONTEXT_OBJECTIVE context=2 current=118661 previous=179969 raw=0.967104 derived_a=1.72414 derived_b=4.92737 before=39.7562 after=38.0321
APPLE_2013_LEGACY_CONTEXT_OBJECTIVE context=2 current=118661 previous=255878 raw=0.501734 derived_a=0.177936 derived_b=0.0127389 before=7.4369 after=7.25897
APPLE_2013_LEGACY_CONTEXT_OBJECTIVE context=2 current=118661 previous=219637 raw=0.37438 derived_a=1.35172 derived_b=0.853333 before=12.7139 after=11.3622
APPLE_2013_LEGACY_CONTEXT_OBJECTIVE context=2 current=118661 previous=181638 raw=0.47344 derived_a=0.0291971 derived_b=1.64626 before=15.0241 after=14.9949
APPLE_2013_LEGACY_CONTEXT_OBJECTIVE context=2 current=118661 previous=187543 raw=0.652313 derived_a=1.72414 derived_b=1.43195 before=19.1312 after=17.407
APPLE_2013_LEGACY_CONTEXT_OBJECTIVE context=2 current=118661 previous=113307 raw=0.67954 derived_a=0.477612 derived_b=1.9726 before=19.6136 after=19.136
APPLE_2013_LEGACY_CONTEXT_OBJECTIVE context=2 current=118661 previous=224971 raw=0.652313 derived_a=3.81102 derived_b=0.593939 before=19.1149 after=15.3039
APPLE_2013_LEGACY_CONTEXT_OBJECTIVE context=2 current=118661 previous=195352 raw=0.855975 derived_a=1.16955 derived_b=0.111801 before=13.4579 after=12.2883
APPLE_2013_LEGACY_CONTEXT_OBJECTIVE context=2 current=118661 previous=263415 raw=0.86165 derived_a=2.9697 derived_b=0.326797 before=18.1899 after=15.2202
APPLE_2013_LEGACY_CONTEXT_OBJECTIVE context=2 current=118661 previous=95538 raw=0.370961 derived_a=1.75342 derived_b=0.0512821 before=9.47287 after=7.71944
APPLE_2013_LEGACY_CONTEXT_OBJECTIVE context=2 current=118661 previous=33522 raw=0.867765 derived_a=0.184502 derived_b=0.0125786 before=11.1095 after=10.925
APPLE_2013_LEGACY_CONTEXT_OBJECTIVE context=2 current=118661 previous=207854 raw=0.38333 derived_a=2.20408 derived_b=0.649007 before=13.4865 after=11.2824
APPLE_2013_LEGACY_CONTEXT_OBJECTIVE context=2 current=118661 previous=178783 raw=0.645903 derived_a=0.0291971 derived_b=0.05 before=8.76742 after=8.73823
APPLE_2013_LEGACY_CONTEXT_OBJECTIVE context=2 current=118661 previous=272238 raw=1.07392 derived_a=1.54639 derived_b=0.0127389 before=15.8957 after=14.3493
APPLE_2013_LEGACY_CONTEXT_OBJECTIVE context=2 current=118661 previous=48612 raw=0 derived_a=1.16955 derived_b=1.08725 before=9.77534 after=8.60579
APPLE_2013_LEGACY_CONTEXT_OBJECTIVE context=2 current=118661 previous=257776 raw=0.537128 derived_a=0.450704 derived_b=1.64626 before=16.504 after=16.0533
APPLE_2013_LEGACY_CONTEXT_OBJECTIVE context=2 current=118661 previous=84280 raw=0.501734 derived_a=1.09091 derived_b=5.8453 before=38.4257 after=37.3348
APPLE_2013_LEGACY_CONTEXT_OBJECTIVE context=2 current=118661 previous=189545 raw=0.652313 derived_a=1 derived_b=4.0791 before=30.9186 after=29.9186
APPLE_2013_LEGACY_CONTEXT_OBJECTIVE context=2 current=118661 previous=213333 raw=0.725146 derived_a=2.7027 derived_b=2.94253 before=29.3695 after=26.6668
APPLE_2013_LEGACY_CONTEXT_OBJECTIVE context=2 current=272427 previous=64727 raw=0.707766 derived_a=0.33677 derived_b=0.228571 before=10.8941 after=10.5573
APPLE_2013_LEGACY_CONTEXT_OBJECTIVE context=2 current=272427 previous=64718 raw=0.594188 derived_a=1.05882 derived_b=0.842105 before=14.2701 after=13.2112
APPLE_2013_LEGACY_CONTEXT_OBJECTIVE context=2 current=272427 previous=188825 raw=0.675401 derived_a=2.16479 derived_b=0.48 before=15.4836 after=13.3188
APPLE_2013_LEGACY_CONTEXT_OBJECTIVE context=2 current=272427 previous=177774 raw=0.663588 derived_a=1.24723 derived_b=0.842105 before=15.3409 after=14.0936
APPLE_2013_LEGACY_CONTEXT_OBJECTIVE context=2 current=272427 previous=227604 raw=0.505047 derived_a=0.027972 derived_b=1.2987 before=13.5999 after=13.5719
APPLE_2013_LEGACY_CONTEXT_OBJECTIVE context=2 current=272427 previous=40502 raw=0.499557 derived_a=0.248276 derived_b=0.013986 before=7.56205 after=7.31378
APPLE_2013_LEGACY_CONTEXT_OBJECTIVE context=2 current=272427 previous=261978 raw=0.663588 derived_a=0.33677 derived_b=0.216216 before=10.3905 after=10.0537
APPLE_2013_LEGACY_CONTEXT_OBJECTIVE context=2 current=272427 previous=225631 raw=0.594188 derived_a=0 derived_b=10.9829 before=62.8562 after=62.8562
APPLE_2013_LEGACY_CONTEXT_OBJECTIVE context=2 current=272427 previous=212593 raw=0.757505 derived_a=0.00706714 derived_b=0.48 before=11.9892 after=11.9821
APPLE_2013_LEGACY_CONTEXT_OBJECTIVE context=2 current=272427 previous=106017 raw=0.675401 derived_a=1.70667 derived_b=4.87805 before=36.5576 after=34.8509
APPLE_2013_LEGACY_CONTEXT_OBJECTIVE context=2 current=272427 previous=52644 raw=0.755719 derived_a=0.248276 derived_b=0.649007 before=13.2988 after=13.0505
APPLE_2013_LEGACY_CONTEXT_OBJECTIVE context=2 current=272427 previous=179969 raw=0.954103 derived_a=2.72453 derived_b=9.11628 before=62.5715 after=59.8469
APPLE_2013_LEGACY_CONTEXT_OBJECTIVE context=2 current=272427 previous=255878 raw=0.81085 derived_a=0.00701754 derived_b=0.48 before=12.5225 after=12.5155
APPLE_2013_LEGACY_CONTEXT_OBJECTIVE context=2 current=272427 previous=219637 raw=0.707766 derived_a=0.680272 derived_b=0.013986 before=10.5081 after=9.82787
APPLE_2013_LEGACY_CONTEXT_OBJECTIVE context=2 current=272427 previous=181638 raw=0.663588 derived_a=0.258993 derived_b=0.228571 before=10.2967 after=10.0377
APPLE_2013_LEGACY_CONTEXT_OBJECTIVE context=2 current=272427 previous=187543 raw=0.675401 derived_a=2.72453 derived_b=4 before=34.2031 after=31.4785
APPLE_2013_LEGACY_CONTEXT_OBJECTIVE context=2 current=272427 previous=113307 raw=0.842115 derived_a=1.05882 derived_b=0.359712 before=14.3374 after=13.2785
APPLE_2013_LEGACY_CONTEXT_OBJECTIVE context=2 current=272427 previous=224971 raw=0.675401 derived_a=5.24031 derived_b=2.48101 before=31.6397 after=26.3994
APPLE_2013_LEGACY_CONTEXT_OBJECTIVE context=2 current=272427 previous=195352 raw=0.663279 derived_a=0.552901 derived_b=1.2987 before=16.2321 after=15.6792
APPLE_2013_LEGACY_CONTEXT_OBJECTIVE context=2 current=272427 previous=263415 raw=0.555114 derived_a=1.92027 derived_b=0.0547945 before=11.6656 after=9.74538
APPLE_2013_LEGACY_CONTEXT_OBJECTIVE context=2 current=272427 previous=95538 raw=0.594188 derived_a=0.972973 derived_b=0.33557 before=11.5657 after=10.5927
APPLE_2013_LEGACY_CONTEXT_OBJECTIVE context=2 current=272427 previous=33522 raw=1.17925 derived_a=0.589091 derived_b=0.842105 before=19.1812 after=18.5921
APPLE_2013_LEGACY_CONTEXT_OBJECTIVE context=2 current=272427 previous=207854 raw=0.718574 derived_a=1.31544 derived_b=0 before=11.8166 after=10.5012
APPLE_2013_LEGACY_CONTEXT_OBJECTIVE context=2 current=272427 previous=178783 raw=0.505047 derived_a=0.258993 derived_b=1.05882 before=12.8626 after=12.6036
APPLE_2013_LEGACY_CONTEXT_OBJECTIVE context=2 current=272427 previous=272238 raw=0.950159 derived_a=0.820339 derived_b=0.48 before=15.5423 after=14.7219
APPLE_2013_LEGACY_CONTEXT_OBJECTIVE context=2 current=272427 previous=48612 raw=0.499557 derived_a=0.552901 derived_b=0.056338 before=8.38306 after=7.83016
APPLE_2013_LEGACY_CONTEXT_OBJECTIVE context=2 current=272427 previous=257776 raw=0.675333 derived_a=0.111111 derived_b=0.228571 before=10.1184 after=10.0073
APPLE_2013_LEGACY_CONTEXT_OBJECTIVE context=2 current=272427 previous=84280 raw=0.81085 derived_a=1.91045 derived_b=10.3448 before=65.6535 after=63.7431
APPLE_2013_LEGACY_CONTEXT_OBJECTIVE context=2 current=272427 previous=189545 raw=0.675401 derived_a=0.438356 derived_b=7.95294 before=49.3954 after=48.9571
APPLE_2013_LEGACY_CONTEXT_OBJECTIVE context=2 current=272427 previous=213333 raw=0.634 derived_a=1.70667 derived_b=6.33533 before=43.43 after=41.7233
APPLE_2013_LEGACY_CONTEXT_OBJECTIVE context=2 current=128863 previous=64727 raw=0.450601 derived_a=1.38028 derived_b=1.64626 before=17.4979 after=16.1176
APPLE_2013_LEGACY_CONTEXT_OBJECTIVE context=2 current=128863 previous=64718 raw=0.372669 derived_a=0.188679 derived_b=0.0125786 before=6.16695 after=5.97827
APPLE_2013_LEGACY_CONTEXT_OBJECTIVE context=2 current=128863 previous=188825 raw=0.429843 derived_a=0.769231 derived_b=0.0127389 before=7.90058 after=7.13135
APPLE_2013_LEGACY_CONTEXT_OBJECTIVE context=2 current=128863 previous=177774 raw=0 derived_a=0.272727 derived_b=0.0125786 before=2.60835 after=2.33562
APPLE_2013_LEGACY_CONTEXT_OBJECTIVE context=2 current=128863 previous=227604 raw=0.473362 derived_a=0.580645 derived_b=0.111801 before=8.45391 after=7.87327
APPLE_2013_LEGACY_CONTEXT_OBJECTIVE context=2 current=128863 previous=40502 raw=0.47344 derived_a=1.19435 derived_b=0.853333 before=13.3898 after=12.1954
APPLE_2013_LEGACY_CONTEXT_OBJECTIVE context=2 current=128863 previous=261978 raw=0 derived_a=1.38028 derived_b=0.116129 before=5.34121 after=3.96093
APPLE_2013_LEGACY_CONTEXT_OBJECTIVE context=2 current=128863 previous=225631 raw=0.372669 derived_a=0.353791 derived_b=6.32967 before=38.0826 after=37.7288
APPLE_2013_LEGACY_CONTEXT_OBJECTIVE context=2 current=128863 previous=212593 raw=0.556022 derived_a=0.26087 derived_b=0.0127389 before=8.14566 after=7.88479
APPLE_2013_LEGACY_CONTEXT_OBJECTIVE context=2 current=128863 previous=106017 raw=0.429843 derived_a=3.61092 derived_b=1.97661 before=23.4033 after=19.7924
APPLE_2013_LEGACY_CONTEXT_OBJECTIVE context=2 current=128863 previous=52644 raw=0.400336 derived_a=1.19435 derived_b=0 before=8.39205 after=7.1977
APPLE_2013_LEGACY_CONTEXT_OBJECTIVE context=2 current=128863 previous=179969 raw=0.592977 derived_a=1.11628 derived_b=4.92737 before=34.7992 after=33.6829
APPLE_2013_LEGACY_CONTEXT_OBJECTIVE context=2 current=128863 previous=255878 raw=0.448841 derived_a=0.460432 derived_b=0.0127389 before=7.47296 after=7.01253
APPLE_2013_LEGACY_CONTEXT_OBJECTIVE context=2 current=128863 previous=219637 raw=0.450601 derived_a=2.01394 derived_b=0.853333 before=14.8006 after=12.7866
APPLE_2013_LEGACY_CONTEXT_OBJECTIVE context=2 current=128863 previous=181638 raw=0 derived_a=0.00738007 derived_b=1.64626 before=10.2461 after=10.2387
APPLE_2013_LEGACY_CONTEXT_OBJECTIVE context=2 current=128863 previous=187543 raw=0.429843 derived_a=1.11628 derived_b=1.43195 before=15.6907 after=14.5745
APPLE_2013_LEGACY_CONTEXT_OBJECTIVE context=2 current=128863 previous=113307 raw=0.43753 derived_a=0.188679 derived_b=1.9726 before=16.6157 after=16.427
APPLE_2013_LEGACY_CONTEXT_OBJECTIVE context=2 current=128863 previous=224971 raw=0.429843 derived_a=2.87649 derived_b=0.593939 before=15.0211 after=12.1446
APPLE_2013_LEGACY_CONTEXT_OBJECTIVE context=2 current=128863 previous=195352 raw=0.58318 derived_a=1.79021 derived_b=0.111801 before=11.9712 after=10.181
APPLE_2013_LEGACY_CONTEXT_OBJECTIVE context=2 current=128863 previous=263415 raw=0.713214 derived_a=3.91837 derived_b=0.326797 before=18.6029 after=14.6845
APPLE_2013_LEGACY_CONTEXT_OBJECTIVE context=2 current=128863 previous=95538 raw=0.372669 derived_a=2.49827 derived_b=0.0512821 before=10.9796 after=8.48137
APPLE_2013_LEGACY_CONTEXT_OBJECTIVE context=2 current=128863 previous=33522 raw=0.762524 derived_a=0.0298507 derived_b=0.0125786 before=9.74783 after=9.71798
APPLE_2013_LEGACY_CONTEXT_OBJECTIVE context=2 current=128863 previous=207854 raw=0.458959 derived_a=3.03093 derived_b=0.649007 before=15.8965 after=12.8656
APPLE_2013_LEGACY_CONTEXT_OBJECTIVE context=2 current=128863 previous=178783 raw=0.473362 derived_a=0.00738007 derived_b=0.05 before=6.99838 after=6.991
APPLE_2013_LEGACY_CONTEXT_OBJECTIVE context=2 current=128863 previous=272238 raw=0.854257 derived_a=2.25 derived_b=0.0127389 before=15.1063 after=12.8563
APPLE_2013_LEGACY_CONTEXT_OBJECTIVE context=2 current=128863 previous=48612 raw=0.47344 derived_a=1.79021 derived_b=1.08725 before=15.7511 after=13.9608
APPLE_2013_LEGACY_CONTEXT_OBJECTIVE context=2 current=128863 previous=257776 raw=0.572622 derived_a=0.86121 derived_b=1.64626 before=17.6799 after=16.8187
APPLE_2013_LEGACY_CONTEXT_OBJECTIVE context=2 current=128863 previous=84280 raw=0.448841 derived_a=0.62069 derived_b=5.8453 before=36.9563 after=36.3356
APPLE_2013_LEGACY_CONTEXT_OBJECTIVE context=2 current=128863 previous=189545 raw=0.429843 derived_a=1.57895 derived_b=4.0791 before=29.8518 after=28.2729
APPLE_2013_LEGACY_CONTEXT_OBJECTIVE context=2 current=128863 previous=213333 raw=0.667976 derived_a=3.61092 derived_b=2.94253 before=30.6142 after=27.0033
APPLE_2013_LEGACY_CONTEXT_OBJECTIVE context=2 current=137215 previous=64727 raw=0.450601 derived_a=0.170648 derived_b=17.3829 before=93.7616 after=93.5909
APPLE_2013_LEGACY_CONTEXT_OBJECTIVE context=2 current=137215 previous=64718 raw=0.372669 derived_a=1.43066 derived_b=7.79679 before=47.572 after=46.1413
APPLE_2013_LEGACY_CONTEXT_OBJECTIVE context=2 current=137215 previous=188825 raw=0.429843 derived_a=2.68401 derived_b=9.09189 before=57.1259 after=54.4419
APPLE_2013_LEGACY_CONTEXT_OBJECTIVE context=2 current=137215 previous=177774 raw=0 derived_a=1.64835 derived_b=7.79679 before=44.2807 after=42.6323
APPLE_2013_LEGACY_CONTEXT_OBJECTIVE context=2 current=137215 previous=227604 raw=0.473362 derived_a=0 derived_b=6.61376 before=39.8024 after=39.8024
APPLE_2013_LEGACY_CONTEXT_OBJECTIVE context=2 current=137215 previous=40502 raw=0.47344 derived_a=0.109589 derived_b=14.5618 before=79.7626 after=79.653
APPLE_2013_LEGACY_CONTEXT_OBJECTIVE context=2 current=137215 previous=261978 raw=0 derived_a=0.170648 derived_b=10.5027 before=54.855 after=54.6843
APPLE_2013_LEGACY_CONTEXT_OBJECTIVE context=2 current=137215 previous=225631 raw=0.372669 derived_a=0.027972 derived_b=0.152381 before=6.54454 after=6.51657
APPLE_2013_LEGACY_CONTEXT_OBJECTIVE context=2 current=137215 previous=212593 raw=0.556022 derived_a=0.0631579 derived_b=9.09189 before=53.146 after=53.0828
APPLE_2013_LEGACY_CONTEXT_OBJECTIVE context=2 current=137215 previous=106017 raw=0.429843 derived_a=1.29801 derived_b=2.26131 before=20.201 after=18.903
APPLE_2013_LEGACY_CONTEXT_OBJECTIVE context=2 current=137215 previous=52644 raw=0.400336 derived_a=0.109589 derived_b=8.43011 before=48.3731 after=48.2635
APPLE_2013_LEGACY_CONTEXT_OBJECTIVE context=2 current=137215 previous=179969 raw=0.592977 derived_a=3.30337 derived_b=0.47343 before=16.9037 after=13.6003
APPLE_2013_LEGACY_CONTEXT_OBJECTIVE context=2 current=137215 previous=255878 raw=0.448841 derived_a=0.00696864 derived_b=9.09189 before=51.9618 after=51.9548
APPLE_2013_LEGACY_CONTEXT_OBJECTIVE context=2 current=137215 previous=219637 raw=0.450601 derived_a=0.432432 derived_b=14.5618 before=80.1799 after=79.7474
APPLE_2013_LEGACY_CONTEXT_OBJECTIVE context=2 current=137215 previous=181638 raw=0 derived_a=0.457143 derived_b=17.3829 before=89.8286 after=89.3714
APPLE_2013_LEGACY_CONTEXT_OBJECTIVE context=2 current=137215 previous=187543 raw=0.429843 derived_a=3.30337 derived_b=2.93401 before=27.5752 after=24.2718
APPLE_2013_LEGACY_CONTEXT_OBJECTIVE context=2 current=137215 previous=113307 raw=0.43753 derived_a=1.43066 derived_b=18.3908 before=101.191 after=99.76
APPLE_2013_LEGACY_CONTEXT_OBJECTIVE context=2 current=137215 previous=224971 raw=0.429843 derived_a=6.03077 derived_b=4.56995 before=41.2097 after=35.1789
APPLE_2013_LEGACY_CONTEXT_OBJECTIVE context=2 current=137215 previous=195352 raw=0.58318 derived_a=0.332203 derived_b=6.61376 before=41.565 after=41.2328
APPLE_2013_LEGACY_CONTEXT_OBJECTIVE context=2 current=137215 previous=263415 raw=0.713214 derived_a=1.48515 derived_b=12.0331 before=72.2682 after=70.783
APPLE_2013_LEGACY_CONTEXT_OBJECTIVE context=2 current=137215 previous=95538 raw=0.372669 derived_a=0.671141 derived_b=9.78261 before=55.982 after=55.3109
APPLE_2013_LEGACY_CONTEXT_OBJECTIVE context=2 current=137215 previous=33522 raw=0.762524 derived_a=0.873646 derived_b=7.79679 before=50.3565 after=49.4828
APPLE_2013_LEGACY_CONTEXT_OBJECTIVE context=2 current=137215 previous=207854 raw=0.458959 derived_a=0.96 derived_b=13.6872 before=76.9453 after=75.9853
APPLE_2013_LEGACY_CONTEXT_OBJECTIVE context=2 current=137215 previous=178783 raw=0.473362 derived_a=0.457143 derived_b=7.19149 before=43.6053 after=43.1482
APPLE_2013_LEGACY_CONTEXT_OBJECTIVE context=2 current=137215 previous=272238 raw=0.854257 derived_a=0.545455 derived_b=9.09189 before=57.0929 after=56.5475
APPLE_2013_LEGACY_CONTEXT_OBJECTIVE context=2 current=137215 previous=48612 raw=0.47344 derived_a=0.332203 derived_b=15.4689 before=84.7434 after=84.4112
APPLE_2013_LEGACY_CONTEXT_OBJECTIVE context=2 current=137215 previous=257776 raw=0.572622 derived_a=0.0275862 derived_b=17.3829 before=94.6957 after=94.6681
APPLE_2013_LEGACY_CONTEXT_OBJECTIVE context=2 current=137215 previous=84280 raw=0.448841 derived_a=2.4 derived_b=0.239234 before=12.4846 after=10.0846
APPLE_2013_LEGACY_CONTEXT_OBJECTIVE context=2 current=137215 previous=189545 raw=0.429843 derived_a=0.244898 derived_b=0.790244 before=10.7394 after=10.4945
APPLE_2013_LEGACY_CONTEXT_OBJECTIVE context=2 current=137215 previous=213333 raw=0.667976 derived_a=1.29801 derived_b=1.42574 before=18.4045 after=17.1065
APPLE_2013_LEGACY_CONTEXT_OBJECTIVE context=2 current=138741 previous=64727 raw=0.484464 derived_a=0.560554 derived_b=9.56098 before=55.7706 after=55.2101
APPLE_2013_LEGACY_CONTEXT_OBJECTIVE context=2 current=138741 previous=64718 raw=0.510536 derived_a=0.740741 derived_b=2.90909 before=23.1323 after=22.3916
APPLE_2013_LEGACY_CONTEXT_OBJECTIVE context=2 current=138741 previous=188825 raw=0.647719 derived_a=1.69811 derived_b=3.72414 before=30.4941 after=28.796
APPLE_2013_LEGACY_CONTEXT_OBJECTIVE context=2 current=138741 previous=177774 raw=0.435874 derived_a=0.899628 derived_b=2.90909 before=22.7035 after=21.8038
APPLE_2013_LEGACY_CONTEXT_OBJECTIVE context=2 current=138741 previous=227604 raw=0.74592 derived_a=0.112676 derived_b=2.20225 before=20.6958 after=20.5831
APPLE_2013_LEGACY_CONTEXT_OBJECTIVE context=2 current=138741 previous=40502 raw=0.581922 derived_a=0.444444 derived_b=7.48503 before=46.1333 after=45.6888
APPLE_2013_LEGACY_CONTEXT_OBJECTIVE context=2 current=138741 previous=261978 raw=0.435874 derived_a=0.560554 derived_b=4.65116 before=30.7357 after=30.1751
APPLE_2013_LEGACY_CONTEXT_OBJECTIVE context=2 current=138741 previous=225631 raw=0.510536 derived_a=0.0283688 derived_b=0.492462 before=9.62441 after=9.59604
APPLE_2013_LEGACY_CONTEXT_OBJECTIVE context=2 current=138741 previous=212593 raw=0.79322 derived_a=0.00711744 derived_b=3.72414 before=28.5671 after=28.56
APPLE_2013_LEGACY_CONTEXT_OBJECTIVE context=2 current=138741 previous=106017 raw=0.647719 derived_a=2.1745 derived_b=0.170213 before=13.6772 after=11.5027
APPLE_2013_LEGACY_CONTEXT_OBJECTIVE context=2 current=138741 previous=52644 raw=0.41772 derived_a=0.444444 derived_b=3.30286 before=23.5804 after=23.1359
APPLE_2013_LEGACY_CONTEXT_OBJECTIVE context=2 current=138741 previous=179969 raw=0.747455 derived_a=2.19772 derived_b=0.163265 before=14.6863 after=12.4886
APPLE_2013_LEGACY_CONTEXT_OBJECTIVE context=2 current=138741 previous=255878 raw=0.391727 derived_a=0.0636042 derived_b=3.72414 before=24.6652 after=24.6016
APPLE_2013_LEGACY_CONTEXT_OBJECTIVE context=2 current=138741 previous=219637 raw=0.484464 derived_a=0.986301 derived_b=7.48503 before=46.2424 after=45.2561
APPLE_2013_LEGACY_CONTEXT_OBJECTIVE context=2 current=138741 previous=181638 raw=0.435874 derived_a=0.115942 derived_b=9.56098 before=54.3955 after=54.2796
APPLE_2013_LEGACY_CONTEXT_OBJECTIVE context=2 current=138741 previous=187543 raw=0.647719 derived_a=2.19772 derived_b=0.387097 before=14.8081 after=12.6104
APPLE_2013_LEGACY_CONTEXT_OBJECTIVE context=2 current=138741 previous=113307 raw=0.374718 derived_a=0.740741 derived_b=10.319 before=58.8238 after=58.083
APPLE_2013_LEGACY_CONTEXT_OBJECTIVE context=2 current=138741 previous=224971 raw=0.647719 derived_a=4.5 derived_b=1.0989 before=22.9717 after=18.4717
APPLE_2013_LEGACY_CONTEXT_OBJECTIVE context=2 current=138741 previous=195352 raw=0.907797 derived_a=0.831615 derived_b=2.20225 before=23.7524 after=22.9208
APPLE_2013_LEGACY_CONTEXT_OBJECTIVE context=2 current=138741 previous=263415 raw=0.94341 derived_a=2.41472 derived_b=5.69412 before=44.7341 after=42.3194
APPLE_2013_LEGACY_CONTEXT_OBJECTIVE context=2 current=138741 previous=95538 raw=0.510536 derived_a=1.33333 derived_b=4.17341 before=30.6391 after=29.3057
APPLE_2013_LEGACY_CONTEXT_OBJECTIVE context=2 current=138741 previous=33522 raw=0.618099 derived_a=0.358974 derived_b=2.90909 before=23.4444 after=23.0854
APPLE_2013_LEGACY_CONTEXT_OBJECTIVE context=2 current=138741 previous=207854 raw=0.485141 derived_a=1.72973 derived_b=6.85714 before=44.5966 after=42.8669
APPLE_2013_LEGACY_CONTEXT_OBJECTIVE context=2 current=138741 previous=178783 raw=0.74592 derived_a=0.115942 derived_b=2.54237 before=22.4029 after=22.287
APPLE_2013_LEGACY_CONTEXT_OBJECTIVE context=2 current=138741 previous=272238 raw=1.11686 derived_a=1.15358 derived_b=3.72414 before=34.0965 after=32.9429
APPLE_2013_LEGACY_CONTEXT_OBJECTIVE context=2 current=138741 previous=48612 raw=0.581922 derived_a=0.831615 derived_b=8.14458 before=50.2053 after=49.3737
APPLE_2013_LEGACY_CONTEXT_OBJECTIVE context=2 current=138741 previous=257776 raw=0.571649 derived_a=0.251748 derived_b=9.56098 before=56.0249 after=55.7731
APPLE_2013_LEGACY_CONTEXT_OBJECTIVE context=2 current=138741 previous=84280 raw=0.391727 derived_a=1.47368 derived_b=0.363636 before=10.6828 after=9.20914
APPLE_2013_LEGACY_CONTEXT_OBJECTIVE context=2 current=138741 previous=189545 raw=0.647719 derived_a=0.689655 derived_b=0.0412371 before=10.0627 after=9.37303
APPLE_2013_LEGACY_CONTEXT_OBJECTIVE context=2 current=138741 previous=213333 raw=0.882085 derived_a=2.1745 derived_b=0.0104712 before=15.2222 after=13.0477
APPLE_2013_LEGACY_CONTEXT_OBJECTIVE context=3 current=2554 previous=40503 raw=1.38551 derived_a=5.04498 derived_b=8.16993 before=66.7947 after=107.644
APPLE_2013_LEGACY_CONTEXT_OBJECTIVE context=3 current=2554 previous=227605 raw=0.543519 derived_a=1.42029 derived_b=3.59006 before=28.2261 after=46.1764
APPLE_2013_LEGACY_CONTEXT_OBJECTIVE context=3 current=2554 previous=64719 raw=0.370441 derived_a=0.503937 derived_b=0.752941 before=10.477 after=14.2417
APPLE_2013_LEGACY_CONTEXT_OBJECTIVE context=3 current=2554 previous=188826 raw=0.878854 derived_a=4.02797 derived_b=0.573099 before=21.71 after=24.5755
APPLE_2013_LEGACY_CONTEXT_OBJECTIVE context=3 current=2554 previous=2645 raw=0.434833 derived_a=1.05109 derived_b=2.33161 before=20.1085 after=31.7666
APPLE_2013_LEGACY_CONTEXT_OBJECTIVE context=3 current=2554 previous=40810 raw=1.36532 derived_a=6.16438 derived_b=0.573099 before=30.8474 after=33.7129
APPLE_2013_LEGACY_CONTEXT_OBJECTIVE context=3 current=2554 previous=41008 raw=1.67589 derived_a=6.16438 derived_b=8.16993 before=71.9373 after=112.787
APPLE_2013_LEGACY_CONTEXT_OBJECTIVE context=3 current=2554 previous=45509 raw=1.11281 derived_a=5.4069 derived_b=6.82581 before=58.0709 after=92.2
APPLE_2013_LEGACY_CONTEXT_OBJECTIVE context=3 current=2554 previous=56167 raw=1.17645 derived_a=5.4069 derived_b=4.05 before=44.8283 after=65.0783
APPLE_2013_LEGACY_CONTEXT_OBJECTIVE context=3 current=2554 previous=61725 raw=1.11281 derived_a=5.78007 derived_b=0.0994475 before=25.1855 after=25.6827
APPLE_2013_LEGACY_CONTEXT_OBJECTIVE context=3 current=2554 previous=82709 raw=1.50792 derived_a=4.3554 derived_b=8.89474 before=70.2637 after=114.737
APPLE_2013_LEGACY_CONTEXT_OBJECTIVE context=3 current=2554 previous=83349 raw=0.886124 derived_a=2.31429 derived_b=3.59006 before=33.4401 after=51.3904
APPLE_2013_LEGACY_CONTEXT_OBJECTIVE context=3 current=2554 previous=86012 raw=1.12906 derived_a=5.04498 derived_b=3.16049 before=39.183 after=54.9855
APPLE_2013_LEGACY_CONTEXT_OBJECTIVE context=3 current=2554 previous=97601 raw=0.71882 derived_a=2.5694 derived_b=5.61783 before=42.4162 after=70.5053
APPLE_2013_LEGACY_CONTEXT_OBJECTIVE context=3 current=2554 previous=100180 raw=0.886124 derived_a=4.69444 derived_b=2.04167 before=30.4585 after=40.6668
APPLE_2013_LEGACY_CONTEXT_OBJECTIVE context=3 current=2554 previous=108878 raw=1.67589 derived_a=6.96599 derived_b=5.61783 before=60.78 after=88.8692
APPLE_2013_LEGACY_CONTEXT_OBJECTIVE context=3 current=2554 previous=111020 raw=1.22169 derived_a=4.02797 derived_b=4.54088 before=44.9773 after=67.6817
APPLE_2013_LEGACY_CONTEXT_OBJECTIVE context=3 current=2554 previous=118661 raw=1.02208 derived_a=4.69444 derived_b=2.76074 before=35.4134 after=49.2171
APPLE_2013_LEGACY_CONTEXT_OBJECTIVE context=3 current=2554 previous=272427 raw=1.3487 derived_a=5.04498 derived_b=8.89474 before=70.0507 after=114.524
APPLE_2013_LEGACY_CONTEXT_OBJECTIVE context=3 current=2554 previous=128863 raw=0.682517 derived_a=2.83688 derived_b=3.59006 before=32.4492 after=50.3995
APPLE_2013_LEGACY_CONTEXT_OBJECTIVE context=3 current=256581 previous=40503 raw=1.38806 derived_a=5.86063 derived_b=57.8439 before=316.821 after=606.041
APPLE_2013_LEGACY_CONTEXT_OBJECTIVE context=3 current=256581 previous=227605 raw=0.393313 derived_a=1.86861 derived_b=44.7042 before=233.191 after=456.713
APPLE_2013_LEGACY_CONTEXT_OBJECTIVE context=3 current=256581 previous=64719 raw=0.581626 derived_a=0.285714 derived_b=32.4324 before=170.55 after=332.712
APPLE_2013_LEGACY_CONTEXT_OBJECTIVE context=3 current=256581 previous=188826 raw=0.890257 derived_a=4.76056 derived_b=31.2197 before=176.522 after=332.621
APPLE_2013_LEGACY_CONTEXT_OBJECTIVE context=3 current=256581 previous=2645 raw=0.853058 derived_a=1.44118 derived_b=11.1755 before=69.2905 after=125.168
APPLE_2013_LEGACY_CONTEXT_OBJECTIVE context=3 current=256581 previous=40810 raw=1.20263 derived_a=7.06207 derived_b=31.2197 before=184.249 after=340.348
APPLE_2013_LEGACY_CONTEXT_OBJECTIVE context=3 current=256581 previous=41008 raw=1.42596 derived_a=7.06207 derived_b=57.8439 before=319.603 after=608.823
APPLE_2013_LEGACY_CONTEXT_OBJECTIVE context=3 current=256581 previous=45509 raw=1.06915 derived_a=6.25 derived_b=54.3478 before=296.931 after=568.67
APPLE_2013_LEGACY_CONTEXT_OBJECTIVE context=3 current=256581 previous=56167 raw=1.03419 derived_a=6.25 derived_b=46.2264 before=255.974 after=487.106
APPLE_2013_LEGACY_CONTEXT_OBJECTIVE context=3 current=256581 previous=61725 raw=1.06915 derived_a=6.65052 derived_b=20.6094 before=129.04 after=232.087
APPLE_2013_LEGACY_CONTEXT_OBJECTIVE context=3 current=256581 previous=82709 raw=1.28846 derived_a=5.11579 derived_b=59.6471 before=323.351 after=621.587
APPLE_2013_LEGACY_CONTEXT_OBJECTIVE context=3 current=256581 previous=83349 raw=0.84454 derived_a=2.8777 derived_b=44.7042 before=239.722 after=463.243
APPLE_2013_LEGACY_CONTEXT_OBJECTIVE context=3 current=256581 previous=86012 raw=0.990521 derived_a=5.86063 derived_b=43.215 before=239.701 after=455.776
APPLE_2013_LEGACY_CONTEXT_OBJECTIVE context=3 current=256581 previous=97601 raw=0.725867 derived_a=3.16129 derived_b=50.9952 before=270.557 after=525.533
APPLE_2013_LEGACY_CONTEXT_OBJECTIVE context=3 current=256581 previous=100180 raw=0.84454 derived_a=5.48252 derived_b=11.8361 before=80.5908 after=139.771
APPLE_2013_LEGACY_CONTEXT_OBJECTIVE context=3 current=256581 previous=108878 raw=1.42596 derived_a=7.91781 derived_b=50.9952 before=287.071 after=542.047
APPLE_2013_LEGACY_CONTEXT_OBJECTIVE context=3 current=256581 previous=111020 raw=1.34602 derived_a=4.76056 derived_b=47.782 before=263.891 after=502.801
APPLE_2013_LEGACY_CONTEXT_OBJECTIVE context=3 current=256581 previous=118661 raw=1.08119 derived_a=5.48252 derived_b=41.7581 before=232.568 after=441.358
APPLE_2013_LEGACY_CONTEXT_OBJECTIVE context=3 current=256581 previous=272427 raw=1.238 derived_a=5.86063 derived_b=59.6471 before=324.337 after=622.572
APPLE_2013_LEGACY_CONTEXT_OBJECTIVE context=3 current=256581 previous=128863 raw=0.932848 derived_a=3.45714 derived_b=44.7042 before=241.764 after=465.285
APPLE_2013_LEGACY_CONTEXT_OBJECTIVE context=3 current=232462 previous=40503 raw=1.20099 derived_a=0.653595 derived_b=43.7824 before=234.229 after=453.141
APPLE_2013_LEGACY_CONTEXT_OBJECTIVE context=3 current=232462 previous=227605 raw=0.681577 derived_a=0.0614334 derived_b=32.3284 before=170.58 after=332.222
APPLE_2013_LEGACY_CONTEXT_OBJECTIVE context=3 current=232462 previous=64719 raw=0.632264 derived_a=4.61255 derived_b=21.9429 before=127.262 after=236.976
APPLE_2013_LEGACY_CONTEXT_OBJECTIVE context=3 current=232462 previous=188826 raw=0.711614 derived_a=0.323432 derived_b=20.9384 before=114.455 after=219.147
APPLE_2013_LEGACY_CONTEXT_OBJECTIVE context=3 current=232462 previous=2645 raw=0.601537 derived_a=0.171821 derived_b=5.36481 before=35.183 after=62.0071
APPLE_2013_LEGACY_CONTEXT_OBJECTIVE context=3 current=232462 previous=40810 raw=1.2994 derived_a=1.09385 derived_b=20.9384 before=121.874 after=226.566
APPLE_2013_LEGACY_CONTEXT_OBJECTIVE context=3 current=232462 previous=41008 raw=1.62362 derived_a=1.09385 derived_b=43.7824 before=239.336 after=458.248
APPLE_2013_LEGACY_CONTEXT_OBJECTIVE context=3 current=232462 previous=45509 raw=1.00014 derived_a=0.788274 derived_b=40.7077 before=217.116 after=420.655
APPLE_2013_LEGACY_CONTEXT_OBJECTIVE context=3 current=232462 previous=56167 raw=1.04585 derived_a=0.788274 derived_b=33.64 before=182.235 after=350.435
APPLE_2013_LEGACY_CONTEXT_OBJECTIVE context=3 current=232462 previous=61725 raw=1.00014 derived_a=0.935065 derived_b=12.3891 before=75.8173 after=137.763
APPLE_2013_LEGACY_CONTEXT_OBJECTIVE context=3 current=232462 previous=82709 raw=1.46375 derived_a=0.421053 derived_b=45.375 before=244.355 after=471.23
APPLE_2013_LEGACY_CONTEXT_OBJECTIVE context=3 current=232462 previous=83349 raw=0.789306 derived_a=0.00673401 derived_b=32.3284 before=171.548 after=333.19
APPLE_2013_LEGACY_CONTEXT_OBJECTIVE context=3 current=232462 previous=86012 raw=1.06449 derived_a=0.653595 derived_b=31.0495 before=169.2 after=324.447
APPLE_2013_LEGACY_CONTEXT_OBJECTIVE context=3 current=232462 previous=97601 raw=0.562119 derived_a=0.0268456 derived_b=37.7766 before=196.558 after=385.441
APPLE_2013_LEGACY_CONTEXT_OBJECTIVE context=3 current=232462 previous=100180 raw=0.789306 derived_a=0.531148 derived_b=5.82759 before=40.0933 after=69.2312
APPLE_2013_LEGACY_CONTEXT_OBJECTIVE context=3 current=232462 previous=108878 raw=1.62362 derived_a=1.44695 derived_b=37.7766 before=210.013 after=398.897
APPLE_2013_LEGACY_CONTEXT_OBJECTIVE context=3 current=232462 previous=111020 raw=0.981837 derived_a=0.323432 derived_b=34.9849 before=187.39 after=362.314
APPLE_2013_LEGACY_CONTEXT_OBJECTIVE context=3 current=232462 previous=118661 raw=0.877214 derived_a=0.531148 derived_b=29.803 before=160.849 after=309.864
APPLE_2013_LEGACY_CONTEXT_OBJECTIVE context=3 current=232462 previous=272427 raw=1.26938 derived_a=0.653595 derived_b=45.375 before=242.876 after=469.751
APPLE_2013_LEGACY_CONTEXT_OBJECTIVE context=3 current=232462 previous=128863 raw=0.489795 derived_a=0.0602007 derived_b=32.3284 before=168.66 after=330.302
APPLE_2013_LEGACY_CONTEXT_OBJECTIVE context=3 current=218670 previous=40503 raw=1.11158 derived_a=1.11551 derived_b=11.3924 before=72.3089 after=129.271
APPLE_2013_LEGACY_CONTEXT_OBJECTIVE context=3 current=218670 previous=227605 raw=0.367786 derived_a=0 derived_b=5.83133 before=34.8345 after=63.9911
APPLE_2013_LEGACY_CONTEXT_OBJECTIVE context=3 current=218670 previous=64719 raw=0.489011 derived_a=3.61194 derived_b=1.93143 before=23.7711 after=33.4283
APPLE_2013_LEGACY_CONTEXT_OBJECTIVE context=3 current=218670 previous=188826 raw=0.602845 derived_a=0.666667 derived_b=1.63636 before=17.5436 after=25.7254
APPLE_2013_LEGACY_CONTEXT_OBJECTIVE context=3 current=218670 previous=2645 raw=0.661768 derived_a=0.0277778 derived_b=1.0101 before=13.7237 after=18.7742
APPLE_2013_LEGACY_CONTEXT_OBJECTIVE context=3 current=218670 previous=40810 raw=1.05745 derived_a=1.6732 derived_b=1.63636 before=24.1027 after=32.2846
APPLE_2013_LEGACY_CONTEXT_OBJECTIVE context=3 current=218670 previous=41008 raw=1.37121 derived_a=1.6732 derived_b=11.3924 before=76.0205 after=132.983
APPLE_2013_LEGACY_CONTEXT_OBJECTIVE context=3 current=218670 previous=45509 raw=0.826926 derived_a=1.28947 derived_b=9.8 before=61.8482 after=110.848
APPLE_2013_LEGACY_CONTEXT_OBJECTIVE context=3 current=218670 previous=56167 raw=0.853551 derived_a=1.28947 derived_b=6.41212 before=45.1751 after=77.2357
APPLE_2013_LEGACY_CONTEXT_OBJECTIVE context=3 current=218670 previous=61725 raw=0.826926 derived_a=1.47541 derived_b=0.0430108 before=13.4351 after=13.6502
APPLE_2013_LEGACY_CONTEXT_OBJECTIVE context=3 current=218670 previous=82709 raw=1.22084 derived_a=0.803987 derived_b=12.242 before=77.0265 after=138.237
APPLE_2013_LEGACY_CONTEXT_OBJECTIVE context=3 current=218670 previous=83349 raw=0.602884 derived_a=0.108844 derived_b=5.83133 before=37.4032 after=66.5598
APPLE_2013_LEGACY_CONTEXT_OBJECTIVE context=3 current=218670 previous=86012 raw=0.827672 derived_a=1.11551 derived_b=5.28144 before=38.9149 after=65.3221
APPLE_2013_LEGACY_CONTEXT_OBJECTIVE context=3 current=218670 previous=97601 raw=0.468571 derived_a=0.169492 derived_b=8.34568 before=48.7531 after=90.4815
APPLE_2013_LEGACY_CONTEXT_OBJECTIVE context=3 current=218670 previous=100180 raw=0.602884 derived_a=0.953642 derived_b=0.822335 before=14.0478 after=18.1595
APPLE_2013_LEGACY_CONTEXT_OBJECTIVE context=3 current=218670 previous=108878 raw=1.37121 derived_a=2.1039 derived_b=8.34568 before=61.6483 after=103.377
APPLE_2013_LEGACY_CONTEXT_OBJECTIVE context=3 current=218670 previous=111020 raw=1.00398 derived_a=0.666667 derived_b=7.02439 before=48.4951 after=83.6171
APPLE_2013_LEGACY_CONTEXT_OBJECTIVE context=3 current=218670 previous=118661 raw=0.789255 derived_a=0.953642 derived_b=4.7619 before=35.6094 after=59.4189
APPLE_2013_LEGACY_CONTEXT_OBJECTIVE context=3 current=218670 previous=272427 raw=1.08226 derived_a=1.11551 derived_b=12.242 before=76.2638 after=137.474
APPLE_2013_LEGACY_CONTEXT_OBJECTIVE context=3 current=218670 previous=128863 raw=0.552064 derived_a=0.243243 derived_b=5.83133 before=37.1638 after=66.3204
APPLE_2013_LEGACY_CONTEXT_OBJECTIVE context=3 current=158830 previous=40503 raw=1.35936 derived_a=4.29553 derived_b=8.77922 before=68.0808 after=111.977
APPLE_2013_LEGACY_CONTEXT_OBJECTIVE context=3 current=158830 previous=227605 raw=0.407321 derived_a=1.03597 derived_b=4 before=28.1452 after=48.1452
APPLE_2013_LEGACY_CONTEXT_OBJECTIVE context=3 current=158830 previous=64719 raw=0.440185 derived_a=0.78125 derived_b=0.947368 before=12.7012 after=17.438
APPLE_2013_LEGACY_CONTEXT_OBJECTIVE context=3 current=158830 previous=188826 raw=0.814387 derived_a=3.36111 derived_b=0.744186 before=20.587 after=24.308
APPLE_2013_LEGACY_CONTEXT_OBJECTIVE context=3 current=158830 previous=2645 raw=0.686889 derived_a=0.724638 derived_b=2.02062 before=20.4213 after=30.5244
APPLE_2013_LEGACY_CONTEXT_OBJECTIVE context=3 current=158830 previous=40810 raw=1.23199 derived_a=5.33333 derived_b=0.744186 before=28.7075 after=32.4284
APPLE_2013_LEGACY_CONTEXT_OBJECTIVE context=3 current=158830 previous=41008 raw=1.4814 derived_a=5.33333 derived_b=8.77922 before=71.3768 after=115.273
APPLE_2013_LEGACY_CONTEXT_OBJECTIVE context=3 current=158830 previous=45509 raw=1.05646 derived_a=4.63014 derived_b=7.38462 before=58.7479 after=95.671
APPLE_2013_LEGACY_CONTEXT_OBJECTIVE context=3 current=158830 previous=56167 raw=1.02851 derived_a=4.63014 derived_b=4.48447 before=43.9678 after=66.3901
APPLE_2013_LEGACY_CONTEXT_OBJECTIVE context=3 current=158830 previous=61725 raw=1.05646 derived_a=4.97611 derived_b=0.043956 before=22.7366 after=22.9563
APPLE_2013_LEGACY_CONTEXT_OBJECTIVE context=3 current=158830 previous=82709 raw=1.28988 derived_a=3.6609 derived_b=9.52941 before=69.8676 after=117.515
APPLE_2013_LEGACY_CONTEXT_OBJECTIVE context=3 current=158830 previous=83349 raw=0.783269 derived_a=1.8156 derived_b=4 before=33.4639 after=53.4639
APPLE_2013_LEGACY_CONTEXT_OBJECTIVE context=3 current=158830 previous=86012 raw=0.985449 derived_a=4.29553 derived_b=3.54601 before=38.1756 after=55.9057
APPLE_2013_LEGACY_CONTEXT_OBJECTIVE context=3 current=158830 previous=97601 raw=0.702144 derived_a=2.0424 derived_b=6.12658 before=43.7392 after=74.3721
APPLE_2013_LEGACY_CONTEXT_OBJECTIVE context=3 current=158830 previous=100180 raw=0.783269 derived_a=3.97241 derived_b=1.7513 before=26.534 after=35.2905
APPLE_2013_LEGACY_CONTEXT_OBJECTIVE context=3 current=158830 previous=108878 raw=1.4814 derived_a=6.08108 derived_b=6.12658 before=59.6091 after=90.242
APPLE_2013_LEGACY_CONTEXT_OBJECTIVE context=3 current=158830 previous=111020 raw=1.22884 derived_a=3.36111 derived_b=5 before=46.0107 after=71.0107
APPLE_2013_LEGACY_CONTEXT_OBJECTIVE context=3 current=158830 previous=118661 raw=0.993391 derived_a=3.97241 derived_b=3.12195 before=35.4885 after=51.0982
APPLE_2013_LEGACY_CONTEXT_OBJECTIVE context=3 current=158830 previous=272427 raw=1.18404 derived_a=4.29553 derived_b=9.52941 before=70.0785 after=117.726
APPLE_2013_LEGACY_CONTEXT_OBJECTIVE context=3 current=158830 previous=128863 raw=0.762844 derived_a=2.28169 derived_b=4 before=34.1918 after=54.1918
APPLE_2013_LEGACY_CONTEXT_OBJECTIVE context=3 current=131118 previous=40503 raw=1.31087 derived_a=2.1745 derived_b=13.528 before=87.0975 after=154.737
APPLE_2013_LEGACY_CONTEXT_OBJECTIVE context=3 current=131118 previous=227605 raw=1.04566 derived_a=0.175439 derived_b=7.39645 before=49.7897 after=86.772
APPLE_2013_LEGACY_CONTEXT_OBJECTIVE context=3 current=131118 previous=64719 raw=0.951807 derived_a=2.19772 derived_b=2.8764 before=30.2955 after=44.6776
APPLE_2013_LEGACY_CONTEXT_OBJECTIVE context=3 current=131118 previous=188826 raw=0.891867 derived_a=1.52542 derived_b=2.51397 before=26.5393 after=39.1092
APPLE_2013_LEGACY_CONTEXT_OBJECTIVE context=3 current=131118 previous=2645 raw=0.872934 derived_a=0.0636042 derived_b=0.487562 before=13.2944 after=15.7322
APPLE_2013_LEGACY_CONTEXT_OBJECTIVE context=3 current=131118 previous=40810 raw=1.4321 derived_a=2.93023 derived_b=2.51397 before=34.7513 after=47.3211
APPLE_2013_LEGACY_CONTEXT_OBJECTIVE context=3 current=131118 previous=41008 raw=1.71536 derived_a=2.93023 derived_b=13.528 before=92.6538 after=160.294
APPLE_2013_LEGACY_CONTEXT_OBJECTIVE context=3 current=131118 previous=45509 raw=1.12962 derived_a=2.41472 derived_b=11.7914 before=77.0827 after=136.04
APPLE_2013_LEGACY_CONTEXT_OBJECTIVE context=3 current=131118 previous=56167 raw=1.1629 derived_a=2.41472 derived_b=8.04762 before=58.6965 after=98.9346
APPLE_2013_LEGACY_CONTEXT_OBJECTIVE context=3 current=131118 previous=61725 raw=1.12962 derived_a=2.66667 derived_b=0.26455 before=19.9523 after=21.275
APPLE_2013_LEGACY_CONTEXT_OBJECTIVE context=3 current=131118 previous=82709 raw=1.54071 derived_a=1.72973 derived_b=14.45 before=93.1165 after=165.367
APPLE_2013_LEGACY_CONTEXT_OBJECTIVE context=3 current=131118 previous=83349 raw=0.926654 derived_a=0.560554 derived_b=7.39645 before=49.3699 after=86.3521
APPLE_2013_LEGACY_CONTEXT_OBJECTIVE context=3 current=131118 previous=86012 raw=1.20289 derived_a=2.1745 derived_b=6.77647 before=52.2602 after=86.1426
APPLE_2013_LEGACY_CONTEXT_OBJECTIVE context=3 current=131118 previous=97601 raw=0.911177 derived_a=0.689655 derived_b=10.1939 before=63.4608 after=114.43
APPLE_2013_LEGACY_CONTEXT_OBJECTIVE context=3 current=131118 previous=100180 raw=0.926654 derived_a=1.94613 derived_b=0.36 before=16.9588 after=18.7588
APPLE_2013_LEGACY_CONTEXT_OBJECTIVE context=3 current=131118 previous=108878 raw=1.71536 derived_a=3.49175 derived_b=10.1939 before=77.1068 after=128.077
APPLE_2013_LEGACY_CONTEXT_OBJECTIVE context=3 current=131118 previous=111020 raw=1.02216 derived_a=1.52542 derived_b=8.73054 before=58.9251 after=102.578
APPLE_2013_LEGACY_CONTEXT_OBJECTIVE context=3 current=131118 previous=118661 raw=0.9679 derived_a=1.94613 derived_b=6.18713 before=46.5069 after=77.4426
APPLE_2013_LEGACY_CONTEXT_OBJECTIVE context=3 current=131118 previous=272427 raw=1.31067 derived_a=2.1745 derived_b=14.45 before=91.7057 after=163.956
APPLE_2013_LEGACY_CONTEXT_OBJECTIVE context=3 current=131118 previous=128863 raw=0.572127 derived_a=0.831615 derived_b=7.39645 before=46.3668 after=83.349
APPLE_2013_LEGACY_CONTEXT_OBJECTIVE context=3 current=129559 previous=40503 raw=1.22911 derived_a=1.49502 derived_b=5.91946 before=46.8784 after=76.4758
APPLE_2013_LEGACY_CONTEXT_OBJECTIVE context=3 current=129559 previous=227605 raw=0.484638 derived_a=0.0277778 derived_b=2.15287 before=17.6663 after=28.4306
APPLE_2013_LEGACY_CONTEXT_OBJECTIVE context=3 current=129559 previous=64719 raw=0.479421 derived_a=3.00752 derived_b=0.192771 before=13.7731 after=14.737
APPLE_2013_LEGACY_CONTEXT_OBJECTIVE context=3 current=129559 previous=188826 raw=0.721914 derived_a=0.966443 derived_b=0.107784 before=11.6909 after=12.2299
APPLE_2013_LEGACY_CONTEXT_OBJECTIVE context=3 current=129559 previous=2645 raw=0.527203 derived_a=0 derived_b=3.82011 before=26.3726 after=45.4731
APPLE_2013_LEGACY_CONTEXT_OBJECTIVE context=3 current=129559 previous=40810 raw=1.30307 derived_a=2.13158 derived_b=0.107784 before=19.8328 after=20.3717
APPLE_2013_LEGACY_CONTEXT_OBJECTIVE context=3 current=129559 previous=41008 raw=1.6262 derived_a=2.13158 derived_b=5.91946 before=52.1225 after=81.7198
APPLE_2013_LEGACY_CONTEXT_OBJECTIVE context=3 current=129559 previous=45509 raw=1.05295 derived_a=1.69536 derived_b=4.78146 before=39.8275 after=63.7348
APPLE_2013_LEGACY_CONTEXT_OBJECTIVE context=3 current=129559 previous=56167 raw=1.09767 derived_a=1.69536 derived_b=2.51282 before=28.9315 after=41.4956
APPLE_2013_LEGACY_CONTEXT_OBJECTIVE context=3 current=129559 previous=61725 raw=1.05295 derived_a=1.90759 derived_b=0.553672 before=19.113 after=21.8814
APPLE_2013_LEGACY_CONTEXT_OBJECTIVE context=3 current=129559 previous=82709 raw=1.50661 derived_a=1.13043 derived_b=6.54054 before=52.0296 after=84.7324
APPLE_2013_LEGACY_CONTEXT_OBJECTIVE context=3 current=129559 previous=83349 raw=0.849702 derived_a=0.246575 derived_b=2.15287 before=21.7545 after=32.5188
APPLE_2013_LEGACY_CONTEXT_OBJECTIVE context=3 current=129559 previous=86012 raw=1.08093 derived_a=1.49502 derived_b=1.82278 before=24.9133 after=34.0272
APPLE_2013_LEGACY_CONTEXT_OBJECTIVE context=3 current=129559 previous=97601 raw=0.483788 derived_a=0.334471 derived_b=3.77778 before=26.3957 after=45.2846
APPLE_2013_LEGACY_CONTEXT_OBJECTIVE context=3 current=129559 previous=100180 raw=0.849702 derived_a=1.30667 derived_b=3.44681 before=30.3444 after=47.5784
APPLE_2013_LEGACY_CONTEXT_OBJECTIVE context=3 current=129559 previous=108878 raw=1.6262 derived_a=2.61438 derived_b=3.77778 before=42.3796 after=61.2685
APPLE_2013_LEGACY_CONTEXT_OBJECTIVE context=3 current=129559 previous=111020 raw=1.06927 derived_a=0.966443 derived_b=2.90323 before=29.1417 after=43.6579
APPLE_2013_LEGACY_CONTEXT_OBJECTIVE context=3 current=129559 previous=118661 raw=0.963532 derived_a=1.30667 derived_b=1.52201 before=21.8587 after=29.4688
APPLE_2013_LEGACY_CONTEXT_OBJECTIVE context=3 current=129559 previous=272427 raw=1.32005 derived_a=1.49502 derived_b=6.54054 before=50.8932 after=83.5959
APPLE_2013_LEGACY_CONTEXT_OBJECTIVE context=3 current=129559 previous=128863 raw=0.660573 derived_a=0.435374 derived_b=2.15287 before=20.2408 after=31.0051
APPLE_2013_LEGACY_CONTEXT_OBJECTIVE context=3 current=103238 previous=40503 raw=1.15999 derived_a=1.29801 derived_b=21.6257 before=124.325 after=232.453
APPLE_2013_LEGACY_CONTEXT_OBJECTIVE context=3 current=103238 previous=227605 raw=1.13101 derived_a=0.00692042 derived_b=13.6872 before=81.7597 after=150.195
APPLE_2013_LEGACY_CONTEXT_OBJECTIVE context=3 current=103238 previous=64719 raw=1.06008 derived_a=3.30337 derived_b=7.19149 before=55.165 after=91.1224
APPLE_2013_LEGACY_CONTEXT_OBJECTIVE context=3 current=103238 previous=188826 raw=0.912805 derived_a=0.809365 derived_b=6.61376 before=45.8156 after=78.8843
APPLE_2013_LEGACY_CONTEXT_OBJECTIVE context=3 current=103238 previous=2645 raw=1.0156 derived_a=0.00696864 derived_b=0.0853081 before=12.5965 after=13.023
APPLE_2013_LEGACY_CONTEXT_OBJECTIVE context=3 current=103238 previous=40810 raw=1.28305 derived_a=1.89508 derived_b=6.61376 before=51.6895 after=84.7582
APPLE_2013_LEGACY_CONTEXT_OBJECTIVE context=3 current=103238 previous=41008 raw=1.57359 derived_a=1.89508 derived_b=21.6257 before=129.655 after=237.783
APPLE_2013_LEGACY_CONTEXT_OBJECTIVE context=3 current=103238 previous=45509 raw=1.00763 derived_a=1.48515 derived_b=19.4335 before=112.214 after=209.382
APPLE_2013_LEGACY_CONTEXT_OBJECTIVE context=3 current=103238 previous=56167 raw=1.12849 derived_a=1.48515 derived_b=14.5618 before=89.0641 after=161.873
APPLE_2013_LEGACY_CONTEXT_OBJECTIVE context=3 current=103238 previous=61725 raw=1.00763 derived_a=1.68421 derived_b=2.26131 before=26.7512 after=38.0578
APPLE_2013_LEGACY_CONTEXT_OBJECTIVE context=3 current=103238 previous=82709 raw=1.42647 derived_a=0.96 derived_b=22.7765 before=132.067 after=245.949
APPLE_2013_LEGACY_CONTEXT_OBJECTIVE context=3 current=103238 previous=83349 raw=0.880849 derived_a=0.170648 derived_b=13.6872 before=79.5855 after=148.021
APPLE_2013_LEGACY_CONTEXT_OBJECTIVE context=3 current=103238 previous=86012 raw=1.07266 derived_a=1.29801 derived_b=12.8444 before=79.5448 after=143.767
APPLE_2013_LEGACY_CONTEXT_OBJECTIVE context=3 current=103238 previous=97601 raw=1.04341 derived_a=0.244898 derived_b=17.3829 before=99.8382 after=186.752
APPLE_2013_LEGACY_CONTEXT_OBJECTIVE context=3 current=103238 previous=100180 raw=0.880849 derived_a=1.12292 derived_b=0.152381 before=13.8162 after=14.5781
APPLE_2013_LEGACY_CONTEXT_OBJECTIVE context=3 current=103238 previous=108878 raw=1.57359 derived_a=2.35179 derived_b=17.3829 before=109.354 after=196.268
APPLE_2013_LEGACY_CONTEXT_OBJECTIVE context=3 current=103238 previous=111020 raw=0.849989 derived_a=0.809365 derived_b=15.4689 before=89.4632 after=166.808
APPLE_2013_LEGACY_CONTEXT_OBJECTIVE context=3 current=103238 previous=118661 raw=0.845532 derived_a=1.12292 derived_b=12.0331 before=72.8669 after=133.033
APPLE_2013_LEGACY_CONTEXT_OBJECTIVE context=3 current=103238 previous=272427 raw=1.18971 derived_a=1.29801 derived_b=22.7765 before=130.375 after=244.258
APPLE_2013_LEGACY_CONTEXT_OBJECTIVE context=3 current=103238 previous=128863 raw=0.523232 derived_a=0.332203 derived_b=13.6872 before=76.3325 after=144.768
APPLE_2013_LEGACY_CONTEXT_OBJECTIVE context=3 current=97884 previous=40503 raw=0.781894 derived_a=3.29252 derived_b=44.9072 before=240.94 after=465.476
APPLE_2013_LEGACY_CONTEXT_OBJECTIVE context=3 current=97884 previous=227605 raw=0.747243 derived_a=0.576512 derived_b=33.3069 before=177.16 after=343.695
APPLE_2013_LEGACY_CONTEXT_OBJECTIVE context=3 current=97884 previous=64719 raw=0.856985 derived_a=1.30502 derived_b=22.7583 before=126.971 after=240.763
APPLE_2013_LEGACY_CONTEXT_OBJECTIVE context=3 current=97884 previous=188826 raw=0.452031 derived_a=2.4811 derived_b=21.7358 before=120.162 after=228.841
APPLE_2013_LEGACY_CONTEXT_OBJECTIVE context=3 current=97884 previous=2645 raw=0.950931 derived_a=0.351254 derived_b=5.77778 before=41.1007 after=69.9896
APPLE_2013_LEGACY_CONTEXT_OBJECTIVE context=3 current=97884 previous=40810 raw=0.883615 derived_a=4.20875 derived_b=21.7358 before=127.933 after=236.612
APPLE_2013_LEGACY_CONTEXT_OBJECTIVE context=3 current=97884 previous=41008 raw=1.22366 derived_a=4.20875 derived_b=44.9072 before=247.19 after=471.726
APPLE_2013_LEGACY_CONTEXT_OBJECTIVE context=3 current=97884 previous=45509 raw=0.621491 derived_a=3.58644 derived_b=41.7959 before=224.367 after=433.347
APPLE_2013_LEGACY_CONTEXT_OBJECTIVE context=3 current=97884 previous=56167 raw=0.688452 derived_a=3.58644 derived_b=34.6368 before=189.241 after=362.426
APPLE_2013_LEGACY_CONTEXT_OBJECTIVE context=3 current=97884 previous=61725 raw=0.621491 derived_a=3.89189 derived_b=13.009 before=81.0437 after=146.089
APPLE_2013_LEGACY_CONTEXT_OBJECTIVE context=3 current=97884 previous=82709 raw=1.11185 derived_a=2.73973 derived_b=46.5181 before=251.189 after=483.779
APPLE_2013_LEGACY_CONTEXT_OBJECTIVE context=3 current=97884 previous=83349 raw=0.51557 derived_a=1.18596 derived_b=33.3069 before=176.062 after=342.597
APPLE_2013_LEGACY_CONTEXT_OBJECTIVE context=3 current=97884 previous=86012 raw=0.694677 derived_a=3.29252 derived_b=32.0099 before=175.581 after=335.63
APPLE_2013_LEGACY_CONTEXT_OBJECTIVE context=3 current=97884 previous=97601 raw=0.591529 derived_a=1.37063 derived_b=38.8283 before=204.798 after=398.939
APPLE_2013_LEGACY_CONTEXT_OBJECTIVE context=3 current=97884 previous=100180 raw=0.51557 derived_a=3.01024 derived_b=6.25751 before=44.4637 after=75.7513
APPLE_2013_LEGACY_CONTEXT_OBJECTIVE context=3 current=97884 previous=108878 raw=1.22366 derived_a=4.87625 derived_b=38.8283 before=218.131 after=412.272
APPLE_2013_LEGACY_CONTEXT_OBJECTIVE context=3 current=97884 previous=111020 raw=0.657195 derived_a=2.4811 derived_b=36 before=193.534 after=373.534
APPLE_2013_LEGACY_CONTEXT_OBJECTIVE context=3 current=97884 previous=118661 raw=0.531296 derived_a=3.01024 derived_b=30.7451 before=167.059 after=320.784
APPLE_2013_LEGACY_CONTEXT_OBJECTIVE context=3 current=97884 previous=272427 raw=0.904927 derived_a=3.29252 derived_b=46.5181 before=250.225 after=482.816
APPLE_2013_LEGACY_CONTEXT_OBJECTIVE context=3 current=97884 previous=128863 raw=0.462872 derived_a=1.56794 derived_b=33.3069 before=176.299 after=342.834
APPLE_2013_LEGACY_CONTEXT_OBJECTIVE context=3 current=86327 previous=40503 raw=1.53899 derived_a=5.86063 derived_b=7.00662 before=64.1442 after=99.1773
APPLE_2013_LEGACY_CONTEXT_OBJECTIVE context=3 current=86327 previous=227605 raw=0.938669 derived_a=1.86861 derived_b=2.83019 before=29.2749 after=43.4258
APPLE_2013_LEGACY_CONTEXT_OBJECTIVE context=3 current=86327 previous=64719 raw=0.733871 derived_a=0.285714 derived_b=0.428571 before=12.053 after=14.1959
APPLE_2013_LEGACY_CONTEXT_OBJECTIVE context=3 current=86327 previous=188826 raw=1.00057 derived_a=4.76056 derived_b=0.295858 before=23.0061 after=24.4854
APPLE_2013_LEGACY_CONTEXT_OBJECTIVE context=3 current=86327 previous=2645 raw=0.66664 derived_a=1.44118 derived_b=3.02618 before=26.6796 after=41.8105
APPLE_2013_LEGACY_CONTEXT_OBJECTIVE context=3 current=86327 previous=40810 raw=1.5584 derived_a=7.06207 derived_b=0.295858 before=33.1874 after=34.6667
APPLE_2013_LEGACY_CONTEXT_OBJECTIVE context=3 current=86327 previous=41008 raw=1.81093 derived_a=7.06207 derived_b=7.00662 before=69.2665 after=104.3
APPLE_2013_LEGACY_CONTEXT_OBJECTIVE context=3 current=86327 previous=45509 raw=1.2516 derived_a=6.25 derived_b=5.76471 before=55.8396 after=84.6631
APPLE_2013_LEGACY_CONTEXT_OBJECTIVE context=3 current=86327 previous=56167 raw=1.32054 derived_a=6.25 derived_b=3.24051 before=43.9079 after=60.1105
APPLE_2013_LEGACY_CONTEXT_OBJECTIVE context=3 current=86327 previous=61725 raw=1.2516 derived_a=6.65052 derived_b=0.27933 before=29.2137 after=30.6104
APPLE_2013_LEGACY_CONTEXT_OBJECTIVE context=3 current=86327 previous=82709 raw=1.64739 derived_a=5.11579 derived_b=7.68 before=67.1055 after=105.505
APPLE_2013_LEGACY_CONTEXT_OBJECTIVE context=3 current=86327 previous=83349 raw=1.01369 derived_a=2.8777 derived_b=2.83019 before=32.0433 after=46.1942
APPLE_2013_LEGACY_CONTEXT_OBJECTIVE context=3 current=86327 previous=86012 raw=1.27321 derived_a=5.86063 derived_b=2.45 before=38.7034 after=50.9534
APPLE_2013_LEGACY_CONTEXT_OBJECTIVE context=3 current=86327 previous=97601 raw=0.970815 derived_a=3.16129 derived_b=4.65806 before=41.3211 after=64.6114
APPLE_2013_LEGACY_CONTEXT_OBJECTIVE context=3 current=86327 previous=100180 raw=1.01369 derived_a=5.48252 derived_b=2.69474 before=36.5756 after=50.0493
APPLE_2013_LEGACY_CONTEXT_OBJECTIVE context=3 current=86327 previous=108878 raw=1.81093 derived_a=7.91781 derived_b=4.65806 before=59.2352 after=82.5255
APPLE_2013_LEGACY_CONTEXT_OBJECTIVE context=3 current=86327 previous=111020 raw=1.34918 derived_a=4.76056 derived_b=3.68153 before=43.4205 after=61.8282
APPLE_2013_LEGACY_CONTEXT_OBJECTIVE context=3 current=86327 previous=118661 raw=1.06343 derived_a=5.48252 derived_b=2.09938 before=34.0962 after=44.5931
APPLE_2013_LEGACY_CONTEXT_OBJECTIVE context=3 current=86327 previous=272427 raw=1.44399 derived_a=5.86063 derived_b=7.68 before=66.5611 after=104.961
APPLE_2013_LEGACY_CONTEXT_OBJECTIVE context=3 current=86327 previous=128863 raw=0.72035 derived_a=3.45714 derived_b=2.83019 before=30.2687 after=44.4197
APPLE_2013_LEGACY_CONTEXT_OBJECTIVE context=3 current=82036 previous=40503 raw=1.22911 derived_a=9.81362 derived_b=8.77922 before=77.8144 after=121.711
APPLE_2013_LEGACY_CONTEXT_OBJECTIVE context=3 current=82036 previous=227605 raw=0.484638 derived_a=4.33083 derived_b=4 before=35.508 after=55.508
APPLE_2013_LEGACY_CONTEXT_OBJECTIVE context=3 current=82036 previous=64719 raw=0.479421 derived_a=0.0327869 derived_b=0.947368 before=11.5966 after=16.3335
APPLE_2013_LEGACY_CONTEXT_OBJECTIVE context=3 current=82036 previous=188826 raw=0.721914 derived_a=8.37681 derived_b=0.744186 before=29.6937 after=33.4146
APPLE_2013_LEGACY_CONTEXT_OBJECTIVE context=3 current=82036 previous=2645 raw=0.527203 derived_a=3.66667 derived_b=2.02062 before=24.7085 after=34.8116
APPLE_2013_LEGACY_CONTEXT_OBJECTIVE context=3 current=82036 previous=40810 raw=1.30307 derived_a=11.3475 derived_b=0.744186 before=41.4467 after=45.1676
APPLE_2013_LEGACY_CONTEXT_OBJECTIVE context=3 current=82036 previous=41008 raw=1.6262 derived_a=11.3475 derived_b=8.77922 before=84.8531 after=128.749
APPLE_2013_LEGACY_CONTEXT_OBJECTIVE context=3 current=82036 previous=45509 raw=1.05295 derived_a=10.3143 derived_b=7.38462 before=70.0811 after=107.004
APPLE_2013_LEGACY_CONTEXT_OBJECTIVE context=3 current=82036 previous=56167 raw=1.09767 derived_a=10.3143 derived_b=4.48447 before=56.0276 after=78.45
APPLE_2013_LEGACY_CONTEXT_OBJECTIVE context=3 current=82036 previous=61725 raw=1.05295 derived_a=10.8256 derived_b=0.043956 before=34.4005 after=34.6203
APPLE_2013_LEGACY_CONTEXT_OBJECTIVE context=3 current=82036 previous=82709 raw=1.50661 derived_a=8.84477 derived_b=9.52941 before=82.4027 after=130.05
APPLE_2013_LEGACY_CONTEXT_OBJECTIVE context=3 current=82036 previous=83349 raw=0.849702 derived_a=5.80741 derived_b=4 before=42.1118 after=62.1118
APPLE_2013_LEGACY_CONTEXT_OBJECTIVE context=3 current=82036 previous=86012 raw=1.08093 derived_a=9.81362 derived_b=3.54601 before=50.1666 after=67.8967
APPLE_2013_LEGACY_CONTEXT_OBJECTIVE context=3 current=82036 previous=97601 raw=0.483788 derived_a=6.20664 derived_b=6.12658 before=49.8841 after=80.517
APPLE_2013_LEGACY_CONTEXT_OBJECTIVE context=3 current=82036 previous=100180 raw=0.849702 derived_a=9.32374 derived_b=1.7513 before=37.901 after=46.6575
APPLE_2013_LEGACY_CONTEXT_OBJECTIVE context=3 current=82036 previous=108878 raw=1.6262 derived_a=12.4225 derived_b=6.12658 before=73.74 after=104.373
APPLE_2013_LEGACY_CONTEXT_OBJECTIVE context=3 current=82036 previous=111020 raw=1.06927 derived_a=8.37681 derived_b=5 before=54.4463 after=79.4463
APPLE_2013_LEGACY_CONTEXT_OBJECTIVE context=3 current=82036 previous=118661 raw=0.963532 derived_a=9.32374 derived_b=3.12195 before=45.8926 after=61.5023
APPLE_2013_LEGACY_CONTEXT_OBJECTIVE context=3 current=82036 previous=272427 raw=1.32005 derived_a=9.81362 derived_b=9.52941 before=82.4748 after=130.122
APPLE_2013_LEGACY_CONTEXT_OBJECTIVE context=3 current=82036 previous=128863 raw=0.660573 derived_a=6.61765 derived_b=4 before=41.841 after=61.841
APPLE_2013_LEGACY_CONTEXT_OBJECTIVE context=3 current=59558 previous=40503 raw=1.22911 derived_a=0.653595 derived_b=19.8935 before=115.066 after=214.533
APPLE_2013_LEGACY_CONTEXT_OBJECTIVE context=3 current=59558 previous=227605 raw=0.484638 derived_a=0.0614334 derived_b=12.3051 before=68.4947 after=130.02
APPLE_2013_LEGACY_CONTEXT_OBJECTIVE context=3 current=59558 previous=64719 raw=0.479421 derived_a=4.61255 derived_b=6.19355 before=46.987 after=77.9548
APPLE_2013_LEGACY_CONTEXT_OBJECTIVE context=3 current=59558 previous=188826 raw=0.721914 derived_a=0.323432 derived_b=5.65775 before=38.1548 after=66.4435
APPLE_2013_LEGACY_CONTEXT_OBJECTIVE context=3 current=59558 previous=2645 raw=0.527203 derived_a=0.171821 derived_b=0.00956938 before=7.66352 after=7.71137
APPLE_2013_LEGACY_CONTEXT_OBJECTIVE context=3 current=59558 previous=40810 raw=1.30307 derived_a=1.09385 derived_b=5.65775 before=45.5072 after=73.796
APPLE_2013_LEGACY_CONTEXT_OBJECTIVE context=3 current=59558 previous=41008 raw=1.6262 derived_a=1.09385 derived_b=19.8935 before=119.917 after=219.385
APPLE_2013_LEGACY_CONTEXT_OBJECTIVE context=3 current=59558 previous=45509 raw=1.05295 derived_a=0.788274 derived_b=17.7895 before=103.053 after=192.001
APPLE_2013_LEGACY_CONTEXT_OBJECTIVE context=3 current=59558 previous=56167 raw=1.09767 derived_a=0.788274 derived_b=13.1364 before=80.235 after=145.917
APPLE_2013_LEGACY_CONTEXT_OBJECTIVE context=3 current=59558 previous=61725 raw=1.05295 derived_a=0.935065 derived_b=1.71574 before=22.9783 after=31.557
APPLE_2013_LEGACY_CONTEXT_OBJECTIVE context=3 current=59558 previous=82709 raw=1.50661 derived_a=0.421053 derived_b=21 before=122.908 after=227.908
APPLE_2013_LEGACY_CONTEXT_OBJECTIVE context=3 current=59558 previous=83349 raw=0.849702 derived_a=0.00673401 derived_b=12.3051 before=72.0359 after=133.561
APPLE_2013_LEGACY_CONTEXT_OBJECTIVE context=3 current=59558 previous=86012 raw=1.08093 derived_a=0.653595 derived_b=11.5056 before=71.6446 after=129.173
APPLE_2013_LEGACY_CONTEXT_OBJECTIVE context=3 current=59558 previous=97601 raw=0.483788 derived_a=0.0268456 derived_b=15.8266 before=86.0245 after=165.157
APPLE_2013_LEGACY_CONTEXT_OBJECTIVE context=3 current=59558 previous=100180 raw=0.849702 derived_a=0.531148 derived_b=0.0384615 before=11.7516 after=11.9439
APPLE_2013_LEGACY_CONTEXT_OBJECTIVE context=3 current=59558 previous=108878 raw=1.6262 derived_a=1.44695 derived_b=15.8266 before=100.289 after=179.422
APPLE_2013_LEGACY_CONTEXT_OBJECTIVE context=3 current=59558 previous=111020 raw=1.06927 derived_a=0.323432 derived_b=14 before=83.3396 after=153.34
APPLE_2013_LEGACY_CONTEXT_OBJECTIVE context=3 current=59558 previous=118661 raw=0.963532 derived_a=0.531148 derived_b=10.7374 before=66.3848 after=120.072
APPLE_2013_LEGACY_CONTEXT_OBJECTIVE context=3 current=59558 previous=272427 raw=1.32005 derived_a=0.653595 derived_b=21 before=121.508 after=226.508
APPLE_2013_LEGACY_CONTEXT_OBJECTIVE context=3 current=59558 previous=128863 raw=0.660573 derived_a=0.0602007 derived_b=12.3051 before=70.2516 after=131.777
APPLE_2013_LEGACY_CONTEXT_OBJECTIVE context=3 current=41057 previous=40503 raw=1.11158 derived_a=2.7027 derived_b=24.3218 before=140.13 after=261.74
APPLE_2013_LEGACY_CONTEXT_OBJECTIVE context=3 current=41057 previous=227605 raw=0.367786 derived_a=0.34629 derived_b=15.8681 before=85.7111 after=165.052
APPLE_2013_LEGACY_CONTEXT_OBJECTIVE context=3 current=41057 previous=64719 raw=0.489011 derived_a=1.72414 derived_b=8.80628 before=54.3698 after=98.4012
APPLE_2013_LEGACY_CONTEXT_OBJECTIVE context=3 current=41057 previous=188826 raw=0.602845 derived_a=1.9727 derived_b=8.16667 before=52.8072 after=93.6405
APPLE_2013_LEGACY_CONTEXT_OBJECTIVE context=3 current=41057 previous=2645 raw=0.661768 derived_a=0.177936 derived_b=0.336449 before=10.6558 after=12.338
APPLE_2013_LEGACY_CONTEXT_OBJECTIVE context=3 current=41057 previous=40810 raw=1.05745 derived_a=3.53846 derived_b=8.16667 before=60.4848 after=101.318
APPLE_2013_LEGACY_CONTEXT_OBJECTIVE context=3 current=41057 previous=41008 raw=1.37121 derived_a=3.53846 derived_b=24.3218 before=144.398 after=266.007
APPLE_2013_LEGACY_CONTEXT_OBJECTIVE context=3 current=41057 previous=45509 raw=0.826926 derived_a=2.9697 derived_b=22 before=126.209 after=236.209
APPLE_2013_LEGACY_CONTEXT_OBJECTIVE context=3 current=41057 previous=56167 raw=0.853551 derived_a=2.9697 derived_b=16.8066 before=100.508 after=184.541
APPLE_2013_LEGACY_CONTEXT_OBJECTIVE context=3 current=41057 previous=61725 raw=0.826926 derived_a=3.24832 derived_b=3.20792 before=32.8055 after=48.8451
APPLE_2013_LEGACY_CONTEXT_OBJECTIVE context=3 current=41057 previous=82709 raw=1.22084 derived_a=2.20408 derived_b=25.5376 before=146.304 after=273.992
APPLE_2013_LEGACY_CONTEXT_OBJECTIVE context=3 current=41057 previous=83349 raw=0.602884 derived_a=0.843206 derived_b=15.8681 before=89.0559 after=168.397
APPLE_2013_LEGACY_CONTEXT_OBJECTIVE context=3 current=41057 previous=86012 raw=0.827672 derived_a=2.7027 derived_b=14.9617 before=90.4909 after=165.3
APPLE_2013_LEGACY_CONTEXT_OBJECTIVE context=3 current=41057 previous=97601 raw=0.468571 derived_a=1 derived_b=19.8202 before=107.787 after=206.888
APPLE_2013_LEGACY_CONTEXT_OBJECTIVE context=3 current=41057 previous=100180 raw=0.602884 derived_a=2.44746 derived_b=0.460094 before=15.2242 after=17.5247
APPLE_2013_LEGACY_CONTEXT_OBJECTIVE context=3 current=41057 previous=108878 raw=1.37121 derived_a=4.15282 derived_b=19.8202 before=123.119 after=222.22
APPLE_2013_LEGACY_CONTEXT_OBJECTIVE context=3 current=41057 previous=111020 raw=1.00398 derived_a=1.9727 derived_b=17.7778 before=104.874 after=193.763
APPLE_2013_LEGACY_CONTEXT_OBJECTIVE context=3 current=41057 previous=118661 raw=0.789255 derived_a=2.44746 derived_b=14.087 before=85.2222 after=155.657
APPLE_2013_LEGACY_CONTEXT_OBJECTIVE context=3 current=41057 previous=272427 raw=1.08226 derived_a=2.7027 derived_b=25.5376 before=145.916 after=273.604
APPLE_2013_LEGACY_CONTEXT_OBJECTIVE context=3 current=41057 previous=128863 raw=0.552064 derived_a=1.16955 derived_b=15.8681 before=89.2004 after=168.541
APPLE_2013_LEGACY_CONTEXT_OBJECTIVE context=3 current=40214 previous=40503 raw=1.22911 derived_a=3.94521 derived_b=14.2716 before=93.5395 after=164.898
APPLE_2013_LEGACY_CONTEXT_OBJECTIVE context=3 current=40214 previous=227605 raw=0.484638 derived_a=0.867384 derived_b=7.95294 before=48.3459 after=88.1106
APPLE_2013_LEGACY_CONTEXT_OBJECTIVE context=3 current=40214 previous=64719 raw=0.479421 derived_a=0.941634 derived_b=3.22905 before=24.8227 after=40.968
APPLE_2013_LEGACY_CONTEXT_OBJECTIVE context=3 current=40214 previous=188826 raw=0.721914 derived_a=3.0519 derived_b=2.84444 before=29.5452 after=43.7674
APPLE_2013_LEGACY_CONTEXT_OBJECTIVE context=3 current=40214 previous=2645 raw=0.527203 derived_a=0.584838 derived_b=0.356436 before=10.2239 after=12.0061
APPLE_2013_LEGACY_CONTEXT_OBJECTIVE context=3 current=40214 previous=40810 raw=1.30307 derived_a=4.94237 derived_b=2.84444 before=39.1377 after=53.3599
APPLE_2013_LEGACY_CONTEXT_OBJECTIVE context=3 current=40214 previous=41008 raw=1.6262 derived_a=4.94237 derived_b=14.2716 before=99.5047 after=170.863
APPLE_2013_LEGACY_CONTEXT_OBJECTIVE context=3 current=40214 previous=45509 raw=1.05295 derived_a=4.26621 derived_b=12.4878 before=83.5009 after=145.94
APPLE_2013_LEGACY_CONTEXT_OBJECTIVE context=3 current=40214 previous=56167 raw=1.09767 derived_a=4.26621 derived_b=8.62722 before=64.6452 after=107.781
APPLE_2013_LEGACY_CONTEXT_OBJECTIVE context=3 current=40214 previous=61725 raw=1.05295 derived_a=4.59864 derived_b=0.378947 before=23.6215 after=25.5162
APPLE_2013_LEGACY_CONTEXT_OBJECTIVE context=3 current=40214 previous=82709 raw=1.50661 derived_a=3.33793 derived_b=15.2174 before=99.8289 after=175.916
APPLE_2013_LEGACY_CONTEXT_OBJECTIVE context=3 current=40214 previous=83349 raw=0.849702 derived_a=1.59011 derived_b=7.95294 before=53.4419 after=93.2066
APPLE_2013_LEGACY_CONTEXT_OBJECTIVE context=3 current=40214 previous=86012 raw=1.08093 derived_a=3.94521 derived_b=7.30994 before=57.2495 after=93.7992
APPLE_2013_LEGACY_CONTEXT_OBJECTIVE context=3 current=40214 previous=97601 raw=0.483788 derived_a=1.80282 derived_b=10.8434 before=64.6604 after=118.877
APPLE_2013_LEGACY_CONTEXT_OBJECTIVE context=3 current=40214 previous=100180 raw=0.849702 derived_a=3.63574 derived_b=0.248756 before=19.0123 after=20.2561
APPLE_2013_LEGACY_CONTEXT_OBJECTIVE context=3 current=40214 previous=108878 raw=1.6262 derived_a=5.6633 derived_b=10.8434 before=83.8054 after=138.022
APPLE_2013_LEGACY_CONTEXT_OBJECTIVE context=3 current=40214 previous=111020 raw=1.06927 derived_a=3.0519 derived_b=9.33333 before=65.4632 after=112.13
APPLE_2013_LEGACY_CONTEXT_OBJECTIVE context=3 current=40214 previous=118661 raw=0.963532 derived_a=3.63574 derived_b=6.69767 before=52.3952 after=85.8835
APPLE_2013_LEGACY_CONTEXT_OBJECTIVE context=3 current=40214 previous=272427 raw=1.32005 derived_a=3.94521 derived_b=15.2174 before=99.1779 after=175.265
APPLE_2013_LEGACY_CONTEXT_OBJECTIVE context=3 current=40214 previous=128863 raw=0.660573 derived_a=2.02807 derived_b=7.95294 before=52.4266 after=92.1913
APPLE_2013_LEGACY_CONTEXT_OBJECTIVE context=3 current=28631 previous=40503 raw=1.47564 derived_a=5.04498 derived_b=8.77922 before=70.7425 after=114.639
APPLE_2013_LEGACY_CONTEXT_OBJECTIVE context=3 current=28631 previous=227605 raw=0.877913 derived_a=1.42029 derived_b=4 before=33.6197 after=53.6197
APPLE_2013_LEGACY_CONTEXT_OBJECTIVE context=3 current=28631 previous=64719 raw=0.689183 derived_a=0.503937 derived_b=0.947368 before=14.6365 after=19.3734
APPLE_2013_LEGACY_CONTEXT_OBJECTIVE context=3 current=28631 previous=188826 raw=0.976868 derived_a=4.02797 derived_b=0.744186 before=23.5456 after=27.2665
APPLE_2013_LEGACY_CONTEXT_OBJECTIVE context=3 current=28631 previous=2645 raw=0.548373 derived_a=1.05109 derived_b=2.02062 before=19.689 after=29.7921
APPLE_2013_LEGACY_CONTEXT_OBJECTIVE context=3 current=28631 previous=40810 raw=1.58089 derived_a=6.16438 derived_b=0.744186 before=33.8586 after=37.5795
APPLE_2013_LEGACY_CONTEXT_OBJECTIVE context=3 current=28631 previous=41008 raw=1.88192 derived_a=6.16438 derived_b=8.77922 before=77.044 after=120.94
APPLE_2013_LEGACY_CONTEXT_OBJECTIVE context=3 current=28631 previous=45509 raw=1.27401 derived_a=5.4069 derived_b=7.38462 before=62.477 after=99.4001
APPLE_2013_LEGACY_CONTEXT_OBJECTIVE context=3 current=28631 previous=56167 raw=1.34016 derived_a=5.4069 derived_b=4.48447 before=48.6378 after=71.0601
APPLE_2013_LEGACY_CONTEXT_OBJECTIVE context=3 current=28631 previous=61725 raw=1.27401 derived_a=5.78007 derived_b=0.043956 before=26.5201 after=26.7398
APPLE_2013_LEGACY_CONTEXT_OBJECTIVE context=3 current=28631 previous=82709 raw=1.7 derived_a=4.3554 derived_b=9.52941 before=75.3579 after=123.005
APPLE_2013_LEGACY_CONTEXT_OBJECTIVE context=3 current=28631 previous=83349 raw=1.04297 derived_a=2.31429 derived_b=4 before=37.0582 after=57.0582
APPLE_2013_LEGACY_CONTEXT_OBJECTIVE context=3 current=28631 previous=86012 raw=1.30854 derived_a=5.04498 derived_b=3.54601 before=42.9054 after=60.6355
APPLE_2013_LEGACY_CONTEXT_OBJECTIVE context=3 current=28631 previous=97601 raw=0.838009 derived_a=2.5694 derived_b=6.12658 before=46.1518 after=76.7847
APPLE_2013_LEGACY_CONTEXT_OBJECTIVE context=3 current=28631 previous=100180 raw=1.04297 derived_a=4.69444 derived_b=1.7513 before=30.575 after=39.3315
APPLE_2013_LEGACY_CONTEXT_OBJECTIVE context=3 current=28631 previous=108878 raw=1.88192 derived_a=6.96599 derived_b=6.12658 before=65.3841 after=96.017
APPLE_2013_LEGACY_CONTEXT_OBJECTIVE context=3 current=28631 previous=111020 raw=1.20218 derived_a=4.02797 derived_b=5 before=47.0777 after=72.0777
APPLE_2013_LEGACY_CONTEXT_OBJECTIVE context=3 current=28631 previous=118661 raw=1.08907 derived_a=4.69444 derived_b=3.12195 before=37.8894 after=53.4991
APPLE_2013_LEGACY_CONTEXT_OBJECTIVE context=3 current=28631 previous=272427 raw=1.49771 derived_a=5.04498 derived_b=9.52941 before=74.7141 after=122.361
APPLE_2013_LEGACY_CONTEXT_OBJECTIVE context=3 current=28631 previous=128863 raw=0.652947 derived_a=2.83688 derived_b=4 before=34.2032 after=54.2032
APPLE_2013_LEGACY_CONTEXT_OBJECTIVE context=3 current=27966 previous=40503 raw=1.19949 derived_a=3.94521 derived_b=34.087 before=192.32 after=362.755
APPLE_2013_LEGACY_CONTEXT_OBJECTIVE context=3 current=27966 previous=227605 raw=0.432019 derived_a=0.867384 derived_b=24 before=128.055 after=248.055
APPLE_2013_LEGACY_CONTEXT_OBJECTIVE context=3 current=27966 previous=64719 raw=0.672691 derived_a=0.941634 derived_b=15.1343 before=86.2818 after=161.953
APPLE_2013_LEGACY_CONTEXT_OBJECTIVE context=3 current=27966 previous=188826 raw=0.735628 derived_a=3.0519 derived_b=14.297 before=86.9452 after=158.43
APPLE_2013_LEGACY_CONTEXT_OBJECTIVE context=3 current=27966 previous=2645 raw=0.874689 derived_a=0.584838 derived_b=2.28571 before=23.3451 after=34.7737
APPLE_2013_LEGACY_CONTEXT_OBJECTIVE context=3 current=27966 previous=40810 raw=1.12355 derived_a=4.94237 derived_b=14.297 before=94.6053 after=166.09
APPLE_2013_LEGACY_CONTEXT_OBJECTIVE context=3 current=27966 previous=41008 raw=1.41123 derived_a=4.94237 derived_b=34.087 before=196.432 after=366.867
APPLE_2013_LEGACY_CONTEXT_OBJECTIVE context=3 current=27966 previous=45509 raw=0.963694 derived_a=4.26621 derived_b=31.3548 before=176.944 after=333.718
APPLE_2013_LEGACY_CONTEXT_OBJECTIVE context=3 current=27966 previous=56167 raw=0.925737 derived_a=4.26621 derived_b=25.1414 before=145.497 after=271.203
APPLE_2013_LEGACY_CONTEXT_OBJECTIVE context=3 current=27966 previous=61725 raw=0.963694 derived_a=4.59864 derived_b=7.39623 before=57.8154 after=94.7965
APPLE_2013_LEGACY_CONTEXT_OBJECTIVE context=3 current=27966 previous=82709 raw=1.29041 derived_a=3.33793 derived_b=35.5082 before=199.121 after=376.662
APPLE_2013_LEGACY_CONTEXT_OBJECTIVE context=3 current=27966 previous=83349 raw=0.78631 derived_a=1.59011 derived_b=24 before=133.043 after=253.043
APPLE_2013_LEGACY_CONTEXT_OBJECTIVE context=3 current=27966 previous=86012 raw=0.939912 derived_a=3.94521 derived_b=22.8912 before=133.745 after=248.201
APPLE_2013_LEGACY_CONTEXT_OBJECTIVE context=3 current=27966 previous=97601 raw=0.509807 derived_a=1.80282 derived_b=28.766 before=154.533 after=298.363
APPLE_2013_LEGACY_CONTEXT_OBJECTIVE context=3 current=27966 previous=100180 raw=0.78631 derived_a=3.63574 derived_b=2.59193 before=30.0942 after=43.0539
APPLE_2013_LEGACY_CONTEXT_OBJECTIVE context=3 current=27966 previous=108878 raw=1.41123 derived_a=5.6633 derived_b=28.766 before=171.269 after=315.098
APPLE_2013_LEGACY_CONTEXT_OBJECTIVE context=3 current=27966 previous=111020 raw=1.17623 derived_a=3.0519 derived_b=26.3158 before=151.445 after=283.024
APPLE_2013_LEGACY_CONTEXT_OBJECTIVE context=3 current=27966 previous=118661 raw=0.985627 derived_a=3.63574 derived_b=21.8144 before=128.2 after=237.272
APPLE_2013_LEGACY_CONTEXT_OBJECTIVE context=3 current=27966 previous=272427 raw=1.19953 derived_a=3.94521 derived_b=35.5082 before=199.427 after=376.968
APPLE_2013_LEGACY_CONTEXT_OBJECTIVE context=3 current=27966 previous=128863 raw=0.857259 derived_a=2.02807 derived_b=24 before=134.629 after=254.629
APPLE_2013_LEGACY_CONTEXT_OBJECTIVE context=3 current=27794 previous=40503 raw=0.994121 derived_a=3.29252 derived_b=8.16993 before=59.3759 after=100.226
APPLE_2013_LEGACY_CONTEXT_OBJECTIVE context=3 current=27794 previous=227605 raw=0.991212 derived_a=0.576512 derived_b=3.59006 before=31.0155 after=48.9658
APPLE_2013_LEGACY_CONTEXT_OBJECTIVE context=3 current=27794 previous=64719 raw=0.995778 derived_a=1.30502 derived_b=0.752941 before=18.3325 after=22.0972
APPLE_2013_LEGACY_CONTEXT_OBJECTIVE context=3 current=27794 previous=188826 raw=0.77473 derived_a=2.4811 derived_b=0.573099 before=17.575 after=20.4405
APPLE_2013_LEGACY_CONTEXT_OBJECTIVE context=3 current=27794 previous=2645 raw=0.9979 derived_a=0.351254 derived_b=2.33161 before=24.3395 after=35.9976
APPLE_2013_LEGACY_CONTEXT_OBJECTIVE context=3 current=27794 previous=40810 raw=1.0862 derived_a=4.20875 derived_b=0.573099 before=24.145 after=27.0105
APPLE_2013_LEGACY_CONTEXT_OBJECTIVE context=3 current=27794 previous=41008 raw=1.41 derived_a=4.20875 derived_b=8.16993 before=65.3672 after=106.217
APPLE_2013_LEGACY_CONTEXT_OBJECTIVE context=3 current=27794 previous=45509 raw=0.838694 derived_a=3.58644 derived_b=6.82581 before=51.6889 after=85.8179
APPLE_2013_LEGACY_CONTEXT_OBJECTIVE context=3 current=27794 previous=56167 raw=0.900757 derived_a=3.58644 derived_b=4.05 before=38.4305 after=58.6805
APPLE_2013_LEGACY_CONTEXT_OBJECTIVE context=3 current=27794 previous=61725 raw=0.838694 derived_a=3.89189 derived_b=0.0994475 before=18.668 after=19.1652
APPLE_2013_LEGACY_CONTEXT_OBJECTIVE context=3 current=27794 previous=82709 raw=1.25262 derived_a=2.73973 derived_b=8.89474 before=64.4793 after=108.953
APPLE_2013_LEGACY_CONTEXT_OBJECTIVE context=3 current=27794 previous=83349 raw=0.717816 derived_a=1.18596 derived_b=3.59006 before=29.5004 after=47.4507
APPLE_2013_LEGACY_CONTEXT_OBJECTIVE context=3 current=27794 previous=86012 raw=0.941072 derived_a=3.29252 derived_b=3.16049 before=33.7982 after=49.6007
APPLE_2013_LEGACY_CONTEXT_OBJECTIVE context=3 current=27794 previous=97601 raw=0.88475 derived_a=1.37063 derived_b=5.61783 before=41.6779 after=69.7671
APPLE_2013_LEGACY_CONTEXT_OBJECTIVE context=3 current=27794 previous=100180 raw=0.717816 derived_a=3.01024 derived_b=2.04167 before=25.407 after=35.6153
APPLE_2013_LEGACY_CONTEXT_OBJECTIVE context=3 current=27794 previous=108878 raw=1.41 derived_a=4.87625 derived_b=5.61783 before=53.9417 after=82.0309
APPLE_2013_LEGACY_CONTEXT_OBJECTIVE context=3 current=27794 previous=111020 raw=0.690732 derived_a=2.4811 derived_b=4.54088 before=36.5739 after=59.2783
APPLE_2013_LEGACY_CONTEXT_OBJECTIVE context=3 current=27794 previous=118661 raw=0.78087 derived_a=3.01024 derived_b=2.76074 before=29.6329 after=43.4365
APPLE_2013_LEGACY_CONTEXT_OBJECTIVE context=3 current=27794 previous=272427 raw=1.02899 derived_a=3.29252 derived_b=8.89474 before=63.3487 after=107.822
APPLE_2013_LEGACY_CONTEXT_OBJECTIVE context=3 current=27794 previous=128863 raw=0.439373 derived_a=1.56794 derived_b=3.59006 before=27.4799 after=45.4302
APPLE_2013_LEGACY_CONTEXT_OBJECTIVE context=3 current=27440 previous=40503 raw=0.781894 derived_a=1.29801 derived_b=13.528 before=80.0547 after=147.694
APPLE_2013_LEGACY_CONTEXT_OBJECTIVE context=3 current=27440 previous=227605 raw=0.747243 derived_a=0.00692042 derived_b=7.39645 before=46.4685 after=83.4508
APPLE_2013_LEGACY_CONTEXT_OBJECTIVE context=3 current=27440 previous=64719 raw=0.856985 derived_a=3.30337 derived_b=2.8764 before=31.5586 after=45.9406
APPLE_2013_LEGACY_CONTEXT_OBJECTIVE context=3 current=27440 previous=188826 raw=0.452031 derived_a=0.809365 derived_b=2.51397 before=20.7089 after=33.2787
APPLE_2013_LEGACY_CONTEXT_OBJECTIVE context=3 current=27440 previous=2645 raw=0.950931 derived_a=0.00696864 derived_b=0.487562 before=13.9611 after=16.3989
APPLE_2013_LEGACY_CONTEXT_OBJECTIVE context=3 current=27440 previous=40810 raw=0.883615 derived_a=1.89508 derived_b=2.51397 before=27.1961 after=39.766
APPLE_2013_LEGACY_CONTEXT_OBJECTIVE context=3 current=27440 previous=41008 raw=1.22366 derived_a=1.89508 derived_b=13.528 before=85.6665 after=153.306
APPLE_2013_LEGACY_CONTEXT_OBJECTIVE context=3 current=27440 previous=45509 raw=0.621491 derived_a=1.48515 derived_b=11.7914 before=70.1423 after=129.099
APPLE_2013_LEGACY_CONTEXT_OBJECTIVE context=3 current=27440 previous=56167 raw=0.688452 derived_a=1.48515 derived_b=8.04762 before=52.0929 after=92.331
APPLE_2013_LEGACY_CONTEXT_OBJECTIVE context=3 current=27440 previous=61725 raw=0.621491 derived_a=1.68421 derived_b=0.26455 before=12.9061 after=14.2288
APPLE_2013_LEGACY_CONTEXT_OBJECTIVE context=3 current=27440 previous=82709 raw=1.11185 derived_a=0.96 derived_b=14.45 before=87.2885 after=159.538
APPLE_2013_LEGACY_CONTEXT_OBJECTIVE context=3 current=27440 previous=83349 raw=0.51557 derived_a=0.170648 derived_b=7.39645 before=44.4792 after=81.4615
APPLE_2013_LEGACY_CONTEXT_OBJECTIVE context=3 current=27440 previous=86012 raw=0.694677 derived_a=1.29801 derived_b=6.77647 before=45.4251 after=79.3075
APPLE_2013_LEGACY_CONTEXT_OBJECTIVE context=3 current=27440 previous=97601 raw=0.591529 derived_a=0.244898 derived_b=10.1939 before=59.3748 after=110.344
APPLE_2013_LEGACY_CONTEXT_OBJECTIVE context=3 current=27440 previous=100180 raw=0.51557 derived_a=1.12292 derived_b=0.36 before=11.2015 after=13.0015
APPLE_2013_LEGACY_CONTEXT_OBJECTIVE context=3 current=27440 previous=108878 raw=1.22366 derived_a=2.35179 derived_b=10.1939 before=69.9099 after=120.88
APPLE_2013_LEGACY_CONTEXT_OBJECTIVE context=3 current=27440 previous=111020 raw=0.657195 derived_a=0.809365 derived_b=8.73054 before=53.8434 after=97.4961
APPLE_2013_LEGACY_CONTEXT_OBJECTIVE context=3 current=27440 previous=118661 raw=0.531296 derived_a=1.12292 derived_b=6.18713 before=40.4945 after=71.4301
APPLE_2013_LEGACY_CONTEXT_OBJECTIVE context=3 current=27440 previous=272427 raw=0.904927 derived_a=1.29801 derived_b=14.45 before=85.8953 after=158.145
APPLE_2013_LEGACY_CONTEXT_OBJECTIVE context=3 current=27440 previous=128863 raw=0.462872 derived_a=0.332203 derived_b=7.39645 before=44.2754 after=81.2576
APPLE_2013_LEGACY_CONTEXT_OBJECTIVE context=3 current=11135 previous=40503 raw=1.37298 derived_a=2.98983 derived_b=22.5116 before=134.268 after=246.826
APPLE_2013_LEGACY_CONTEXT_OBJECTIVE context=3 current=11135 previous=227605 raw=0.418748 derived_a=0.453901 derived_b=14.4 before=79.0953 after=151.095
APPLE_2013_LEGACY_CONTEXT_OBJECTIVE context=3 current=11135 previous=64719 raw=0.363752 derived_a=1.50769 derived_b=7.71429 before=47.2243 after=85.7958
APPLE_2013_LEGACY_CONTEXT_OBJECTIVE context=3 current=11135 previous=188826 raw=0.668915 derived_a=2.21918 derived_b=7.11579 before=48.7064 after=84.2854
APPLE_2013_LEGACY_CONTEXT_OBJECTIVE context=3 current=11135 previous=2645 raw=0.457246 derived_a=0.257143 derived_b=0.150943 before=7.84146 after=8.59618
APPLE_2013_LEGACY_CONTEXT_OBJECTIVE context=3 current=11135 previous=40810 raw=1.34958 derived_a=3.86577 derived_b=7.11579 before=58.8063 after=94.3852
APPLE_2013_LEGACY_CONTEXT_OBJECTIVE context=3 current=11135 previous=41008 raw=1.58964 derived_a=3.86577 derived_b=22.5116 before=138.186 after=250.744
APPLE_2013_LEGACY_CONTEXT_OBJECTIVE context=3 current=11135 previous=45509 raw=1.04883 derived_a=3.27027 derived_b=20.2759 before=120.408 after=221.787
APPLE_2013_LEGACY_CONTEXT_OBJECTIVE context=3 current=11135 previous=56167 raw=1.02217 derived_a=3.27027 derived_b=15.2961 before=95.2427 after=171.723
APPLE_2013_LEGACY_CONTEXT_OBJECTIVE context=3 current=11135 previous=61725 raw=1.04883 derived_a=3.56229 derived_b=2.56 before=32.4129 after=45.2129
APPLE_2013_LEGACY_CONTEXT_OBJECTIVE context=3 current=11135 previous=82709 raw=1.43101 derived_a=2.46416 derived_b=23.6842 before=139.66 after=258.081
APPLE_2013_LEGACY_CONTEXT_OBJECTIVE context=3 current=11135 previous=83349 raw=0.730645 derived_a=1.00699 derived_b=14.4 before=83.3204 after=155.32
APPLE_2013_LEGACY_CONTEXT_OBJECTIVE context=3 current=11135 previous=86012 raw=1.03582 derived_a=2.98983 derived_b=13.5359 before=86.0175 after=153.697
APPLE_2013_LEGACY_CONTEXT_OBJECTIVE context=3 current=11135 previous=97601 raw=0.412839 derived_a=1.1777 derived_b=18.1818 before=99.3929 after=190.302
APPLE_2013_LEGACY_CONTEXT_OBJECTIVE context=3 current=11135 previous=100180 raw=0.730645 derived_a=2.72109 derived_b=0.236967 before=15.9335 after=17.1183
APPLE_2013_LEGACY_CONTEXT_OBJECTIVE context=3 current=11135 previous=108878 raw=1.58964 derived_a=4.50667 derived_b=18.1818 before=117.819 after=208.728
APPLE_2013_LEGACY_CONTEXT_OBJECTIVE context=3 current=11135 previous=111020 raw=1.22707 derived_a=2.21918 derived_b=16.2247 before=99.8326 after=180.956
APPLE_2013_LEGACY_CONTEXT_OBJECTIVE context=3 current=11135 previous=118661 raw=0.916146 derived_a=2.72109 derived_b=12.7033 before=80.1201 after=143.637
APPLE_2013_LEGACY_CONTEXT_OBJECTIVE context=3 current=11135 previous=272427 raw=1.27692 derived_a=2.98983 derived_b=23.6842 before=139.17 after=257.591
APPLE_2013_LEGACY_CONTEXT_OBJECTIVE context=3 current=11135 previous=128863 raw=0.551461 derived_a=1.36111 derived_b=14.4 before=82.2368 after=154.237
APPLE_2013_LEGACY_CONTEXT_OBJECTIVE context=3 current=258822 previous=40503 raw=1.00851 derived_a=2.43098 derived_b=10.0513 before=67.2035 after=117.46
APPLE_2013_LEGACY_CONTEXT_OBJECTIVE context=3 current=258822 previous=227605 raw=0.501782 derived_a=0.253521 derived_b=4.87805 before=31.9151 after=56.3054
APPLE_2013_LEGACY_CONTEXT_OBJECTIVE context=3 current=258822 previous=64719 raw=0.715792 derived_a=1.9542 derived_b=1.39884 before=20.0605 after=27.0548
APPLE_2013_LEGACY_CONTEXT_OBJECTIVE context=3 current=258822 previous=188826 raw=0.596149 derived_a=1.7415 derived_b=1.14943 before=17.1916 after=22.9387
APPLE_2013_LEGACY_CONTEXT_OBJECTIVE context=3 current=258822 previous=2645 raw=0.951908 derived_a=0.113475 derived_b=1.46939 before=19.093 after=26.4399
APPLE_2013_LEGACY_CONTEXT_OBJECTIVE context=3 current=258822 previous=40810 raw=0.835219 derived_a=3.22667 derived_b=1.14943 before=22.5527 after=28.2998
APPLE_2013_LEGACY_CONTEXT_OBJECTIVE context=3 current=258822 previous=41008 raw=1.10792 derived_a=3.22667 derived_b=10.0513 before=69.7889 after=120.045
APPLE_2013_LEGACY_CONTEXT_OBJECTIVE context=3 current=258822 previous=45509 raw=0.701659 derived_a=2.68456 derived_b=8.55696 before=57.1705 after=99.9553
APPLE_2013_LEGACY_CONTEXT_OBJECTIVE context=3 current=258822 previous=56167 raw=0.683993 derived_a=2.68456 derived_b=5.41104 before=41.2643 after=68.3195
APPLE_2013_LEGACY_CONTEXT_OBJECTIVE context=3 current=258822 previous=61725 raw=0.701659 derived_a=2.94983 derived_b=0 before=14.9163 after=14.9163
APPLE_2013_LEGACY_CONTEXT_OBJECTIVE context=3 current=258822 previous=82709 raw=0.966533 derived_a=1.95932 derived_b=10.8516 before=69.842 after=124.1
APPLE_2013_LEGACY_CONTEXT_OBJECTIVE context=3 current=258822 previous=83349 raw=0.509367 derived_a=0.694444 derived_b=4.87805 before=32.8728 after=57.263
APPLE_2013_LEGACY_CONTEXT_OBJECTIVE context=3 current=258822 previous=86012 raw=0.623984 derived_a=2.43098 derived_b=4.37576 before=34.9806 after=56.8594
APPLE_2013_LEGACY_CONTEXT_OBJECTIVE context=3 current=258822 previous=97601 raw=0.642987 derived_a=0.83737 derived_b=7.2 before=46.1046 after=82.1046
APPLE_2013_LEGACY_CONTEXT_OBJECTIVE context=3 current=258822 previous=100180 raw=0.509367 derived_a=2.18919 derived_b=1.24103 before=17.6772 after=23.8823
APPLE_2013_LEGACY_CONTEXT_OBJECTIVE context=3 current=258822 previous=108878 raw=1.10792 derived_a=3.81457 derived_b=7.2 before=56.7083 after=92.7083
APPLE_2013_LEGACY_CONTEXT_OBJECTIVE context=3 current=258822 previous=111020 raw=0.973716 derived_a=1.7415 derived_b=5.97531 before=45.0967 after=74.9732
APPLE_2013_LEGACY_CONTEXT_OBJECTIVE context=3 current=258822 previous=118661 raw=0.716045 derived_a=2.18919 derived_b=3.90361 before=33.0569 after=52.575
APPLE_2013_LEGACY_CONTEXT_OBJECTIVE context=3 current=258822 previous=272427 raw=0.872146 derived_a=2.43098 derived_b=10.8516 before=69.8415 after=124.1
APPLE_2013_LEGACY_CONTEXT_OBJECTIVE context=3 current=258822 previous=128863 raw=0.678895 derived_a=0.993103 derived_b=4.87805 before=35.1654 after=59.5556
APPLE_2013_LEGACY_CONTEXT_OBJECTIVE context=4 current=82037 previous=82036 raw=0 derived_a=0 derived_b=0 before=2 after=0
APPLE_2013_LEGACY_CONTEXT_OBJECTIVE context=4 current=232463 previous=232462 raw=0 derived_a=0 derived_b=0 before=2 after=0
APPLE_2013_LEGACY_CONTEXT_OBJECTIVE context=4 current=86328 previous=86327 raw=0 derived_a=0 derived_b=0 before=2 after=0
APPLE_2013_LEGACY_CONTEXT_OBJECTIVE context=4 current=97885 previous=97884 raw=0 derived_a=0 derived_b=0 before=2 after=0
APPLE_2013_LEGACY_CONTEXT_OBJECTIVE context=4 current=103239 previous=103238 raw=0 derived_a=0 derived_b=0 before=2 after=0
APPLE_2013_LEGACY_CONTEXT_OBJECTIVE context=4 current=59559 previous=59558 raw=0 derived_a=0 derived_b=0 before=2 after=0
APPLE_2013_LEGACY_CONTEXT_OBJECTIVE context=4 current=218671 previous=218670 raw=0 derived_a=0 derived_b=0 before=2 after=0
APPLE_2013_LEGACY_CONTEXT_OBJECTIVE context=4 current=256582 previous=256581 raw=0 derived_a=0 derived_b=0 before=2 after=0
APPLE_2013_LEGACY_CONTEXT_OBJECTIVE context=4 current=129560 previous=129559 raw=0 derived_a=0 derived_b=0 before=2 after=0
APPLE_2013_LEGACY_CONTEXT_OBJECTIVE context=4 current=131119 previous=131118 raw=0 derived_a=0 derived_b=0 before=2 after=0
APPLE_2013_LEGACY_CONTEXT_OBJECTIVE context=4 current=41058 previous=41057 raw=0 derived_a=0 derived_b=0 before=2 after=0
APPLE_2013_LEGACY_CONTEXT_OBJECTIVE context=4 current=40215 previous=40214 raw=0 derived_a=0 derived_b=0 before=2 after=0
APPLE_2013_LEGACY_CONTEXT_OBJECTIVE context=4 current=258823 previous=258822 raw=0 derived_a=0 derived_b=0 before=2 after=0
APPLE_2013_LEGACY_CONTEXT_OBJECTIVE context=4 current=28632 previous=28631 raw=0 derived_a=0 derived_b=0 before=2 after=0
APPLE_2013_LEGACY_CONTEXT_OBJECTIVE context=4 current=27967 previous=27966 raw=0 derived_a=0 derived_b=0 before=2 after=0
APPLE_2013_LEGACY_CONTEXT_OBJECTIVE context=4 current=27795 previous=27794 raw=0 derived_a=0 derived_b=0 before=2 after=0
APPLE_2013_LEGACY_CONTEXT_OBJECTIVE context=4 current=2555 previous=2554 raw=0 derived_a=0 derived_b=0 before=2 after=0
APPLE_2013_LEGACY_CONTEXT_OBJECTIVE context=4 current=27441 previous=27440 raw=0 derived_a=0 derived_b=0 before=2 after=0
APPLE_2013_LEGACY_CONTEXT_OBJECTIVE context=4 current=158831 previous=158830 raw=0 derived_a=0 derived_b=0 before=2 after=0
APPLE_2013_LEGACY_CONTEXT_OBJECTIVE context=4 current=11136 previous=11135 raw=0 derived_a=0 derived_b=0 before=2 after=0
APPLE_2013_LEGACY_CONTEXT_OBJECTIVE_SELECTED id=177774
APPLE_2013_LEGACY_CONTEXT_OBJECTIVE_SELECTED id=177774
APPLE_2013_LEGACY_CONTEXT_OBJECTIVE_SELECTED id=188826
APPLE_2013_LEGACY_CONTEXT_OBJECTIVE_SELECTED id=129559
APPLE_2013_LEGACY_CONTEXT_OBJECTIVE_SELECTED id=129560
[Inferior 1 (Remote target) exited normally]
Wine-gdb> 