0024:trace:file:find_drive_rootA "/work/stage5" -> drive Z:, root="/", name="/work/stage5"
0024:trace:file:find_drive_rootA "/usr/lib/wine/../../share/wine" -> drive Z:, root="/", name="/usr/lib/wine/../../share/wine"
0024:trace:file:find_drive_rootA "/work/home" -> drive Z:, root="/", name="/work/home"
0024:trace:file:find_drive_rootA "/work/stage2-copy/wineprefix" -> drive Z:, root="/", name="/work/stage2-copy/wineprefix"
0024:trace:file:find_drive_rootA "/usr/lib/i386-linux-gnu/wine" -> drive Z:, root="/", name="/usr/lib/i386-linux-gnu/wine"
0024:trace:file:nt_to_unix_file_name_no_root L"\\??\\C:\\windows\\system32\\" -> "/work/stage2-copy/wineprefix/dosdevices/c:/windows/system32/"
0024:trace:file:nt_to_unix_file_name_no_root L"\\??\\C:\\windows\\system32\\wineboot.exe" -> "/work/stage2-copy/wineprefix/dosdevices/c:/windows/system32/wineboot.exe"
002c:trace:file:find_drive_rootA "/usr/lib/wine/../../share/wine" -> drive Z:, root="/", name="/usr/lib/wine/../../share/wine"
002c:trace:file:find_drive_rootA "/work/home" -> drive Z:, root="/", name="/work/home"
002c:trace:file:find_drive_rootA "/work/stage2-copy/wineprefix" -> drive Z:, root="/", name="/work/stage2-copy/wineprefix"
002c:trace:file:find_drive_rootA "/usr/lib/i386-linux-gnu/wine" -> drive Z:, root="/", name="/usr/lib/i386-linux-gnu/wine"
002c:trace:file:nt_to_unix_file_name_no_root L"\\??\\C:\\windows\\system32\\wineboot.exe" -> "/work/stage2-copy/wineprefix/dosdevices/c:/windows/system32/wineboot.exe"
002c:trace:file:errno_to_status errno = 9
002c:trace:file:RtlDosPathNameToNtPathName_U_WithStatus (L"C:\\windows\\system32\\",0066FBC0,00000000,00000000)
002c:trace:file:RtlGetFullPathName_U (L"C:\\windows\\system32\\" 520 0066F974 00000000)
002c:trace:file:NtCreateFile handle=0x66fbb4 access=00100020 name=L"\\??\\C:\\windows\\system32\\" objattr=00000040 root=(nil) sec=(nil) io=0x66fbc8 alloc_size=(nil) attr=00000000 sharing=00000003 disp=1 options=00000021 ea=(nil).0x00000000
002c:trace:file:nt_to_unix_file_name_no_root L"\\??\\C:\\windows\\system32\\" -> "/work/stage2-copy/wineprefix/dosdevices/c:/windows/system32/"
002c:trace:file:RtlSetCurrentDirectory_U curdir now L"C:\\windows\\system32\\" 00000010
002c:trace:file:RtlDosPathNameToNtPathName_U_WithStatus (L"C:\\windows\\system32\\wineboot.exe",0066FC88,00000000,00000000)
002c:trace:file:RtlGetFullPathName_U (L"C:\\windows\\system32\\wineboot.exe" 520 0066FA20 00000000)
002c:trace:file:RtlDosPathNameToNtPathName_U_WithStatus (L"C:\\windows\\system32\\kernel32.dll",0066FB94,00000000,00000000)
002c:trace:file:RtlGetFullPathName_U (L"C:\\windows\\system32\\kernel32.dll" 520 0066F840 00000000)
002c:trace:file:NtCreateFile handle=0x66f9cc access=80100000 name=L"\\??\\C:\\windows\\system32\\kernel32.dll" objattr=00000040 root=(nil) sec=(nil) io=0x66f9d8 alloc_size=(nil) attr=00000000 sharing=00000005 disp=1 options=00000060 ea=(nil).0x00000000
002c:trace:file:nt_to_unix_file_name_no_root L"\\??\\C:\\windows\\system32\\kernel32.dll" -> "/work/stage2-copy/wineprefix/dosdevices/c:/windows/system32/kernel32.dll"
002c:trace:file:NtFsControlFile (0x14,(nil),(nil),(nil),0x66f9d8,0x0009009c,(nil),0x00000000,0x66f9f8,0x00000040)
002c:trace:file:RtlDosPathNameToNtPathName_U_WithStatus (L"C:\\windows\\system32\\kernelbase.dll",0066F734,00000000,00000000)
002c:trace:file:RtlGetFullPathName_U (L"C:\\windows\\system32\\kernelbase.dll" 520 0066F3E0 00000000)
002c:trace:file:NtCreateFile handle=0x66f56c access=80100000 name=L"\\??\\C:\\windows\\system32\\kernelbase.dll" objattr=00000040 root=(nil) sec=(nil) io=0x66f578 alloc_size=(nil) attr=00000000 sharing=00000005 disp=1 options=00000060 ea=(nil).0x00000000
002c:trace:file:nt_to_unix_file_name_no_root L"\\??\\C:\\windows\\system32\\kernelbase.dll" -> "/work/stage2-copy/wineprefix/dosdevices/c:/windows/system32/kernelbase.dll"
002c:trace:file:NtFsControlFile (0x14,(nil),(nil),(nil),0x66f578,0x0009009c,(nil),0x00000000,0x66f598,0x00000040)
002c:trace:file:RtlDosPathNameToNtPathName_U_WithStatus (L"C:\\windows\\winsxs\\manifests",0066FB78,00000000,00000000)
002c:trace:file:RtlGetFullPathName_U (L"C:\\windows\\winsxs\\manifests" 520 0066F8E0 00000000)
002c:trace:file:NtCreateFile handle=0x66fb6c access=80100000 name=L"\\??\\C:\\windows\\winsxs\\manifests" objattr=00000040 root=(nil) sec=(nil) io=0x66fb80 alloc_size=(nil) attr=00000000 sharing=00000003 disp=1 options=00000021 ea=(nil).0x00000000
002c:trace:file:nt_to_unix_file_name_no_root L"\\??\\C:\\windows\\winsxs\\manifests" -> "/work/stage2-copy/wineprefix/dosdevices/c:/windows/winsxs/manifests"
002c:trace:file:NtQueryDirectoryFile (0x14 (nil) (nil) (nil) 0x66daf8 0x66db00 0x00002000 0x00000003 0x00000000 L"x86_Microsoft.Windows.Common-Controls_6595b64144ccf1df_6.0.*.*_*_*.manifest" 0x00000001
002c:trace:file:append_entry long L"." short L"" mask L"x86_Microsoft.Windows.Common-Controls_6595b64144ccf1df_6.0.*.*_*_*.manifest"
002c:trace:file:append_entry long L".." short L"" mask L"x86_Microsoft.Windows.Common-Controls_6595b64144ccf1df_6.0.*.*_*_*.manifest"
002c:trace:file:append_entry long L"x86_microsoft.windows.gdiplus_6595b64144ccf1df_1.1.7601.23038_none_deadbeef.manifest" short L"X86_~XYY.MAN" mask L"x86_Microsoft.Windows.Common-Controls_6595b64144ccf1df_6.0.*.*_*_*.manifest"
002c:trace:file:append_entry long L"x86_microsoft.windows.gdiplus_6595b64144ccf1df_1.0.6000.16386_none_deadbeef.manifest" short L"X86_~ONA.MAN" mask L"x86_Microsoft.Windows.Common-Controls_6595b64144ccf1df_6.0.*.*_*_*.manifest"
002c:trace:file:append_entry long L"x86_microsoft.vc90.atl_1fc8b3b9a1e18e3b_9.0.30729.6161_none_deadbeef.manifest" short L"X86_~NC2.MAN" mask L"x86_Microsoft.Windows.Common-Controls_6595b64144ccf1df_6.0.*.*_*_*.manifest"
002c:trace:file:append_entry long L"x86_microsoft.vc80.crt_1fc8b3b9a1e18e3b_8.0.50727.9672_none_deadbeef.manifest" short L"X86_~Z2Z.MAN" mask L"x86_Microsoft.Windows.Common-Controls_6595b64144ccf1df_6.0.*.*_*_*.manifest"
002c:trace:file:append_entry long L"x86_microsoft-windows-msxml60_31bf3856ad364e35_6.0.6000.16386_none_deadbeef.manifest" short L"X86_~1FP.MAN" mask L"x86_Microsoft.Windows.Common-Controls_6595b64144ccf1df_6.0.*.*_*_*.manifest"
002c:trace:file:append_entry long L"x86_microsoft.msxml2_6bd6b9abf345378f_4.1.0.0_none_deadbeef.manifest" short L"X86_~VOG.MAN" mask L"x86_Microsoft.Windows.Common-Controls_6595b64144ccf1df_6.0.*.*_*_*.manifest"
002c:trace:file:append_entry long L"x86_microsoft-windows-msxml30_31bf3856ad364e35_6.0.6000.16386_none_deadbeef.manifest" short L"X86_~0MC.MAN" mask L"x86_Microsoft.Windows.Common-Controls_6595b64144ccf1df_6.0.*.*_*_*.manifest"
002c:trace:file:append_entry long L"x86_microsoft.vc90.crt_1fc8b3b9a1e18e3b_9.0.30729.6161_none_deadbeef.manifest" short L"X86_~OPR.MAN" mask L"x86_Microsoft.Windows.Common-Controls_6595b64144ccf1df_6.0.*.*_*_*.manifest"
002c:trace:file:append_entry long L"x86_microsoft.vc80.atl_1fc8b3b9a1e18e3b_8.0.50727.4053_none_deadbeef.manifest" short L"X86_~WTM.MAN" mask L"x86_Microsoft.Windows.Common-Controls_6595b64144ccf1df_6.0.*.*_*_*.manifest"
002c:trace:file:append_entry long L"x86_microsoft.windows.common-controls_6595b64144ccf1df_6.0.2600.2982_none_deadbeef.manifest" short L"X86_~KQS.MAN" mask L"x86_Microsoft.Windows.Common-Controls_6595b64144ccf1df_6.0.*.*_*_*.manifest"
002c:trace:file:init_cached_dir_data mask L"x86_Microsoft.Windows.Common-Controls_6595b64144ccf1df_6.0.*.*_*_*.manifest" found 1 files
002c:trace:file:init_cached_dir_data L"x86_microsoft.windows.common-controls_6595b64144ccf1df_6.0.2600.2982_none_deadbeef.manifest" L"X86_~KQS.MAN"
002c:trace:file:NtQueryDirectoryFile => 0 (276)
002c:trace:file:NtQueryDirectoryFile (0x14 (nil) (nil) (nil) 0x66daf8 0x66db00 0x00002000 0x00000003 0x00000000 L"x86_Microsoft.Windows.Common-Controls_6595b64144ccf1df_6.0.*.*_*_*.manifest" 0x00000000
002c:trace:file:NtQueryDirectoryFile => 80000006 (0)
002c:trace:file:NtCreateFile handle=0x66fb6c access=80100000 name=L"\\??\\C:\\windows\\winsxs\\manifests\\x86_microsoft.windows.common-controls_6595b64144ccf1df_6.0.2600.2982_none_deadbeef.manifest" objattr=00000040 root=(nil) sec=(nil) io=0x66fb88 alloc_size=(nil) attr=00000000 sharing=00000005 disp=1 options=00000010 ea=(nil).0x00000000
002c:trace:file:nt_to_unix_file_name_no_root L"\\??\\C:\\windows\\winsxs\\manifests\\x86_microsoft.windows.common-controls_6595b64144ccf1df_6.0.2600.2982_none_deadbeef.manifest" -> "/work/stage2-copy/wineprefix/dosdevices/c:/windows/winsxs/manifests/x86_microsoft.windows.common-controls_6595b64144ccf1df_6.0.2600.2982_none_deadbeef.manifest"
002c:trace:file:NtQueryInformationFile (0x14,0x66fad0,0x66fab8,0x00000008,0x00000014)
002c:trace:file:RtlDosPathNameToNtPathName_U_WithStatus (L"C:\\windows\\system32\\advapi32.dll",0066F88C,00000000,00000000)
002c:trace:file:RtlGetFullPathName_U (L"C:\\windows\\system32\\advapi32.dll" 520 0066F538 00000000)
002c:trace:file:NtCreateFile handle=0x66f6c4 access=80100000 name=L"\\??\\C:\\windows\\system32\\advapi32.dll" objattr=00000040 root=(nil) sec=(nil) io=0x66f6d0 alloc_size=(nil) attr=00000000 sharing=00000005 disp=1 options=00000060 ea=(nil).0x00000000
002c:trace:file:nt_to_unix_file_name_no_root L"\\??\\C:\\windows\\system32\\advapi32.dll" -> "/work/stage2-copy/wineprefix/dosdevices/c:/windows/system32/advapi32.dll"
002c:trace:file:NtFsControlFile (0x14,(nil),(nil),(nil),0x66f6d0,0x0009009c,(nil),0x00000000,0x66f6f0,0x00000040)
002c:trace:file:RtlDosPathNameToNtPathName_U_WithStatus (L"C:\\windows\\system32\\msvcrt.dll",0066F42C,00000000,00000000)
002c:trace:file:RtlGetFullPathName_U (L"C:\\windows\\system32\\msvcrt.dll" 520 0066F0D8 00000000)
002c:trace:file:NtCreateFile handle=0x66f264 access=80100000 name=L"\\??\\C:\\windows\\system32\\msvcrt.dll" objattr=00000040 root=(nil) sec=(nil) io=0x66f270 alloc_size=(nil) attr=00000000 sharing=00000005 disp=1 options=00000060 ea=(nil).0x00000000
002c:trace:file:nt_to_unix_file_name_no_root L"\\??\\C:\\windows\\system32\\msvcrt.dll" -> "/work/stage2-copy/wineprefix/dosdevices/c:/windows/system32/msvcrt.dll"
002c:trace:file:NtFsControlFile (0x14,(nil),(nil),(nil),0x66f270,0x0009009c,(nil),0x00000000,0x66f290,0x00000040)
002c:trace:file:RtlDosPathNameToNtPathName_U_WithStatus (L"C:\\windows\\system32\\sechost.dll",0066F42C,00000000,00000000)
002c:trace:file:RtlGetFullPathName_U (L"C:\\windows\\system32\\sechost.dll" 520 0066F0D8 00000000)
002c:trace:file:NtCreateFile handle=0x66f264 access=80100000 name=L"\\??\\C:\\windows\\system32\\sechost.dll" objattr=00000040 root=(nil) sec=(nil) io=0x66f270 alloc_size=(nil) attr=00000000 sharing=00000005 disp=1 options=00000060 ea=(nil).0x00000000
002c:trace:file:nt_to_unix_file_name_no_root L"\\??\\C:\\windows\\system32\\sechost.dll" -> "/work/stage2-copy/wineprefix/dosdevices/c:/windows/system32/sechost.dll"
002c:trace:file:NtFsControlFile (0x14,(nil),(nil),(nil),0x66f270,0x0009009c,(nil),0x00000000,0x66f290,0x00000040)
002c:trace:file:RtlDosPathNameToNtPathName_U_WithStatus (L"C:\\windows\\system32\\ucrtbase.dll",0066EFCC,00000000,00000000)
002c:trace:file:RtlGetFullPathName_U (L"C:\\windows\\system32\\ucrtbase.dll" 520 0066EC78 00000000)
002c:trace:file:NtCreateFile handle=0x66ee04 access=80100000 name=L"\\??\\C:\\windows\\system32\\ucrtbase.dll" objattr=00000040 root=(nil) sec=(nil) io=0x66ee10 alloc_size=(nil) attr=00000000 sharing=00000005 disp=1 options=00000060 ea=(nil).0x00000000
002c:trace:file:nt_to_unix_file_name_no_root L"\\??\\C:\\windows\\system32\\ucrtbase.dll" -> "/work/stage2-copy/wineprefix/dosdevices/c:/windows/system32/ucrtbase.dll"
002c:trace:file:NtFsControlFile (0x14,(nil),(nil),(nil),0x66ee10,0x0009009c,(nil),0x00000000,0x66ee30,0x00000040)
002c:trace:file:RtlDosPathNameToNtPathName_U_WithStatus (L"C:\\windows\\system32\\ws2_32.dll",0066F88C,00000000,00000000)
002c:trace:file:RtlGetFullPathName_U (L"C:\\windows\\system32\\ws2_32.dll" 520 0066F538 00000000)
002c:trace:file:NtCreateFile handle=0x66f6c4 access=80100000 name=L"\\??\\C:\\windows\\system32\\ws2_32.dll" objattr=00000040 root=(nil) sec=(nil) io=0x66f6d0 alloc_size=(nil) attr=00000000 sharing=00000005 disp=1 options=00000060 ea=(nil).0x00000000
002c:trace:file:nt_to_unix_file_name_no_root L"\\??\\C:\\windows\\system32\\ws2_32.dll" -> "/work/stage2-copy/wineprefix/dosdevices/c:/windows/system32/ws2_32.dll"
002c:trace:file:NtFsControlFile (0x14,(nil),(nil),(nil),0x66f6d0,0x0009009c,(nil),0x00000000,0x66f6f0,0x00000040)
002c:trace:file:GetFileAttributesW L"C:\\windows\\system32\\tzres.dll"
002c:trace:file:RtlDosPathNameToNtPathName_U_WithStatus (L"C:\\windows\\system32\\tzres.dll",0066F5E8,00000000,00000000)
002c:trace:file:RtlGetFullPathName_U (L"C:\\windows\\system32\\tzres.dll" 520 0066F3A0 00000000)
002c:trace:file:nt_to_unix_file_name_no_root L"\\??\\C:\\windows\\system32\\tzres.dll" -> "/work/stage2-copy/wineprefix/dosdevices/c:/windows/system32/tzres.dll"
002c:trace:file:RtlGetFullPathName_U (L"C:\\windows\\system32\\tzres.dll" 0 00000000 00000000)
002c:trace:file:RtlGetFullPathName_U (L"C:\\windows\\system32\\tzres.dll" 60 00242848 00000000)
002c:trace:file:RtlDosPathNameToNtPathName_U_WithStatus (L"C:\\windows\\system32\\tzres.dll",0066F5A0,00000000,00000000)
002c:trace:file:RtlGetFullPathName_U (L"C:\\windows\\system32\\tzres.dll" 520 0066F2BC 00000000)
002c:trace:file:NtCreateFile handle=0x66f44c access=80100000 name=L"\\??\\C:\\windows\\system32\\tzres.dll" objattr=00000040 root=(nil) sec=(nil) io=0x66f458 alloc_size=(nil) attr=00000000 sharing=00000005 disp=1 options=00000060 ea=(nil).0x00000000
002c:trace:file:nt_to_unix_file_name_no_root L"\\??\\C:\\windows\\system32\\tzres.dll" -> "/work/stage2-copy/wineprefix/dosdevices/c:/windows/system32/tzres.dll"
002c:trace:file:NtFsControlFile (0x2c,(nil),(nil),(nil),0x66f458,0x0009009c,(nil),0x00000000,0x66f478,0x00000040)
002c:trace:file:RtlDosPathNameToNtPathName_U_WithStatus (L"C:\\windows\\system32\\tzres.dll",0066F2C0,00000000,00000000)
002c:trace:file:RtlGetFullPathName_U (L"C:\\windows\\system32\\tzres.dll" 520 0066F094 00000000)
002c:trace:file:nt_to_unix_file_name_no_root L"\\??\\C:\\windows\\system32\\tzres.dll" -> "/work/stage2-copy/wineprefix/dosdevices/c:/windows/system32/tzres.dll"
002c:trace:file:RtlGetFullPathName_U (L"C:\\windows\\system32\\tzres.dll" 520 0066F3E0 00000000)
002c:trace:file:CreateFileW L"C:\\windows\\system32\\tzres.dll" GENERIC_READ FILE_SHARE_READ FILE_SHARE_DELETE  creation 3 attributes 0x0
002c:trace:file:RtlDosPathNameToNtPathName_U_WithStatus (L"C:\\windows\\system32\\tzres.dll",0066F36C,00000000,00000000)
002c:trace:file:RtlGetFullPathName_U (L"C:\\windows\\system32\\tzres.dll" 520 0066F0E8 00000000)
002c:trace:file:NtCreateFile handle=0x66f368 access=80100080 name=L"\\??\\C:\\windows\\system32\\tzres.dll" objattr=00000040 root=(nil) sec=(nil) io=0x66f374 alloc_size=(nil) attr=00000000 sharing=00000005 disp=1 options=00000060 ea=(nil).0x00000000
002c:trace:file:nt_to_unix_file_name_no_root L"\\??\\C:\\windows\\system32\\tzres.dll" -> "/work/stage2-copy/wineprefix/dosdevices/c:/windows/system32/tzres.dll"
002c:trace:file:CreateFileW returning 0000002C
002c:trace:file:GetFileAttributesW L"C:\\windows\\system32\\tzres.dll"
002c:trace:file:RtlDosPathNameToNtPathName_U_WithStatus (L"C:\\windows\\system32\\tzres.dll",0066F5E8,00000000,00000000)
002c:trace:file:RtlGetFullPathName_U (L"C:\\windows\\system32\\tzres.dll" 520 0066F3A0 00000000)
002c:trace:file:nt_to_unix_file_name_no_root L"\\??\\C:\\windows\\system32\\tzres.dll" -> "/work/stage2-copy/wineprefix/dosdevices/c:/windows/system32/tzres.dll"
002c:trace:file:RtlGetFullPathName_U (L"C:\\windows\\system32\\tzres.dll" 0 00000000 00000000)
002c:trace:file:RtlGetFullPathName_U (L"C:\\windows\\system32\\tzres.dll" 60 00241E10 00000000)
002c:trace:file:RtlDosPathNameToNtPathName_U_WithStatus (L"C:\\windows\\system32\\tzres.dll",0066F5A0,00000000,00000000)
002c:trace:file:RtlGetFullPathName_U (L"C:\\windows\\system32\\tzres.dll" 520 0066F2BC 00000000)
002c:trace:file:NtCreateFile handle=0x66f44c access=80100000 name=L"\\??\\C:\\windows\\system32\\tzres.dll" objattr=00000040 root=(nil) sec=(nil) io=0x66f458 alloc_size=(nil) attr=00000000 sharing=00000005 disp=1 options=00000060 ea=(nil).0x00000000
002c:trace:file:nt_to_unix_file_name_no_root L"\\??\\C:\\windows\\system32\\tzres.dll" -> "/work/stage2-copy/wineprefix/dosdevices/c:/windows/system32/tzres.dll"
002c:trace:file:NtFsControlFile (0x2c,(nil),(nil),(nil),0x66f458,0x0009009c,(nil),0x00000000,0x66f478,0x00000040)
002c:trace:file:RtlDosPathNameToNtPathName_U_WithStatus (L"C:\\windows\\system32\\tzres.dll",0066F2C0,00000000,00000000)
002c:trace:file:RtlGetFullPathName_U (L"C:\\windows\\system32\\tzres.dll" 520 0066F094 00000000)
002c:trace:file:nt_to_unix_file_name_no_root L"\\??\\C:\\windows\\system32\\tzres.dll" -> "/work/stage2-copy/wineprefix/dosdevices/c:/windows/system32/tzres.dll"
002c:trace:file:RtlGetFullPathName_U (L"C:\\windows\\system32\\tzres.dll" 520 0066F3E0 00000000)
002c:trace:file:CreateFileW L"C:\\windows\\system32\\tzres.dll" GENERIC_READ FILE_SHARE_READ FILE_SHARE_DELETE  creation 3 attributes 0x0
002c:trace:file:RtlDosPathNameToNtPathName_U_WithStatus (L"C:\\windows\\system32\\tzres.dll",0066F36C,00000000,00000000)
002c:trace:file:RtlGetFullPathName_U (L"C:\\windows\\system32\\tzres.dll" 520 0066F0E8 00000000)
002c:trace:file:NtCreateFile handle=0x66f368 access=80100080 name=L"\\??\\C:\\windows\\system32\\tzres.dll" objattr=00000040 root=(nil) sec=(nil) io=0x66f374 alloc_size=(nil) attr=00000000 sharing=00000005 disp=1 options=00000060 ea=(nil).0x00000000
002c:trace:file:nt_to_unix_file_name_no_root L"\\??\\C:\\windows\\system32\\tzres.dll" -> "/work/stage2-copy/wineprefix/dosdevices/c:/windows/system32/tzres.dll"
002c:trace:file:CreateFileW returning 0000002C
002c:trace:file:RtlDosPathNameToNtPathName_U_WithStatus (L"C:\\windows",0066EFD0,00000000,00000000)
002c:trace:file:RtlGetFullPathName_U (L"C:\\windows" 520 0066ED84 00000000)
002c:trace:file:NtCreateFile handle=0x66efc4 access=00100020 name=L"\\??\\C:\\windows" objattr=00000040 root=(nil) sec=(nil) io=0x66efd8 alloc_size=(nil) attr=00000000 sharing=00000003 disp=1 options=00000021 ea=(nil).0x00000000
002c:trace:file:nt_to_unix_file_name_no_root L"\\??\\C:\\windows" -> "/work/stage2-copy/wineprefix/dosdevices/c:/windows"
002c:trace:file:RtlSetCurrentDirectory_U curdir now L"C:\\windows\\" 00000028
002c:trace:file:CreateFileW L"\\??\\unix\\sys\\bus\\clocksource\\devices\\clocksource0\\current_clocksource" GENERIC_READ FILE_SHARE_READ  creation 3 attributes 0x0
002c:trace:file:RtlDosPathNameToNtPathName_U_WithStatus (L"\\??\\unix\\sys\\bus\\clocksource\\devices\\clocksource0\\current_clocksource",0066EFE0,00000000,00000000)
002c:trace:file:NtCreateFile handle=0x66efdc access=80100080 name=L"\\??\\unix\\sys\\bus\\clocksource\\devices\\clocksource0\\current_clocksource" objattr=00000040 root=(nil) sec=(nil) io=0x66efe8 alloc_size=(nil) attr=00000000 sharing=00000001 disp=1 options=00000060 ea=(nil).0x00000000
002c:trace:file:nt_to_unix_file_name_no_root L"\\??\\unix\\sys\\bus\\clocksource\\devices\\clocksource0\\current_clocksource" -> "/sys/bus/clocksource/devices/clocksource0/current_clocksource"
002c:trace:file:CreateFileW returning 0000002C
002c:trace:file:ReadFile 0000002C 0066F718 3 0066F510 00000000
002c:trace:file:NtReadFile (0x2c,(nil),(nil),(nil),0x66f000,0x66f718,0x00000003,(nil),(nil))
002c:trace:file:NtReadFile = SUCCESS (3)
002c:trace:file:CreateFileW L"C:\\windows\\wininit.ini" GENERIC_READ FILE_SHARE_READ FILE_SHARE_WRITE FILE_SHARE_DELETE  creation 3 attributes 0x80
002c:trace:file:RtlDosPathNameToNtPathName_U_WithStatus (L"C:\\windows\\wininit.ini",0066EADC,00000000,00000000)
002c:trace:file:RtlGetFullPathName_U (L"C:\\windows\\wininit.ini" 520 0066E858 00000000)
002c:trace:file:NtCreateFile handle=0x66ead8 access=80100080 name=L"\\??\\C:\\windows\\wininit.ini" objattr=00000040 root=(nil) sec=(nil) io=0x66eae4 alloc_size=(nil) attr=00000080 sharing=00000007 disp=1 options=00000060 ea=(nil).0x00000000
002c:trace:file:nt_to_unix_file_name_no_root L"windows\\wininit.ini" not found in "/work/stage2-copy/wineprefix/dosdevices/c:"
002c:warn:file:NtCreateFile L"\\??\\C:\\windows\\wininit.ini" not found (c0000034)
002c:warn:file:CreateFileW Unable to create file L"C:\\windows\\wininit.ini" (status c0000034)
002c:trace:file:CreateFileW returning FFFFFFFF
002c:trace:file:FindFirstFileExW L"C:\\windows\\system32\\dllcache\\*" 0 0066F718 0 00000000 0
002c:trace:file:RtlDosPathNameToNtPathName_U_WithStatus (L"C:\\windows\\system32\\dllcache\\*",0066EFC4,0066EFC0,00000000)
002c:trace:file:RtlGetFullPathName_U (L"C:\\windows\\system32\\dllcache\\*" 520 0066ED54 0066EFC0)
002c:trace:file:NtCreateFile handle=0x246bf4 access=00100001 name=L"\\??\\C:\\windows\\system32\\dllcache\\" objattr=00000040 root=(nil) sec=(nil) io=0x66efcc alloc_size=(nil) attr=00000000 sharing=00000003 disp=1 options=00004021 ea=(nil).0x00000000
002c:trace:file:nt_to_unix_file_name_no_root L"windows\\system32\\dllcache\\*" not found in "/work/stage2-copy/wineprefix/dosdevices/c:"
002c:warn:file:NtCreateFile L"\\??\\C:\\windows\\system32\\dllcache\\" not found (c0000034)
002c:trace:file:RtlDosPathNameToNtPathName_U_WithStatus (L"C:\\windows\\system32\\winemenubuilder.exe",0066E8D8,00000000,00000000)
002c:trace:file:RtlGetFullPathName_U (L"C:\\windows\\system32\\winemenubuilder.exe" 520 0066E6AC 00000000)
002c:trace:file:nt_to_unix_file_name_no_root L"\\??\\C:\\windows\\system32\\winemenubuilder.exe" -> "/work/stage2-copy/wineprefix/dosdevices/c:/windows/system32/winemenubuilder.exe"
002c:trace:file:RtlGetFullPathName_U (L"C:\\windows\\system32\\winemenubuilder.exe" 520 0066EAD0 00000000)
002c:trace:file:CreateFileW L"C:\\windows\\system32\\winemenubuilder.exe" GENERIC_READ FILE_SHARE_READ FILE_SHARE_DELETE  creation 3 attributes 0x0
002c:trace:file:RtlDosPathNameToNtPathName_U_WithStatus (L"C:\\windows\\system32\\winemenubuilder.exe",0066E984,00000000,00000000)
002c:trace:file:RtlGetFullPathName_U (L"C:\\windows\\system32\\winemenubuilder.exe" 520 0066E700 00000000)
002c:trace:file:NtCreateFile handle=0x66e980 access=80100080 name=L"\\??\\C:\\windows\\system32\\winemenubuilder.exe" objattr=00000040 root=(nil) sec=(nil) io=0x66e98c alloc_size=(nil) attr=00000000 sharing=00000005 disp=1 options=00000060 ea=(nil).0x00000000
002c:trace:file:nt_to_unix_file_name_no_root L"\\??\\C:\\windows\\system32\\winemenubuilder.exe" -> "/work/stage2-copy/wineprefix/dosdevices/c:/windows/system32/winemenubuilder.exe"
002c:trace:file:CreateFileW returning 0000003C
002c:trace:file:GetLongPathNameW L"C:\\windows\\system32\\winemenubuilder.exe",0066ECD8,260
002c:trace:file:FindFirstFileExW L"C:\\windows" 0 0066DFA0 0 00000000 0
002c:trace:file:RtlDosPathNameToNtPathName_U_WithStatus (L"C:\\windows",0066DF28,0066DF24,00000000)
002c:trace:file:RtlGetFullPathName_U (L"C:\\windows" 520 0066DCB8 0066DF24)
002c:trace:file:NtCreateFile handle=0x246bf4 access=00100001 name=L"\\??\\C:\\" objattr=00000040 root=(nil) sec=(nil) io=0x66df30 alloc_size=(nil) attr=00000000 sharing=00000003 disp=1 options=00004021 ea=(nil).0x00000000
002c:trace:file:nt_to_unix_file_name_no_root L"\\??\\C:\\" -> "/work/stage2-copy/wineprefix/dosdevices/c:/"
002c:trace:file:NtQueryDirectoryFile (0x3c (nil) (nil) (nil) 0x66df30 0x246c38 0x0000025e 0x00000003 0x00000000 L"windows" 0x00000001
002c:trace:file:read_directory_data_stat found windows
002c:trace:file:append_entry long L"windows" short L"" mask <null>
002c:trace:file:init_cached_dir_data mask L"windows" found 1 files
002c:trace:file:init_cached_dir_data L"windows" L""
002c:trace:file:NtQueryDirectoryFile => 0 (108)
002c:trace:file:FindNextFileW 00246BF0 0066DFA0
002c:trace:file:FindNextFileW returning L"windows" (L"")
002c:trace:file:FindFirstFileExW L"C:\\windows\\system32" 0 0066DFA0 0 00000000 0
002c:trace:file:RtlDosPathNameToNtPathName_U_WithStatus (L"C:\\windows\\system32",0066DF28,0066DF24,00000000)
002c:trace:file:RtlGetFullPathName_U (L"C:\\windows\\system32" 520 0066DCB8 0066DF24)
002c:trace:file:NtCreateFile handle=0x246bf4 access=00100001 name=L"\\??\\C:\\windows\\" objattr=00000040 root=(nil) sec=(nil) io=0x66df30 alloc_size=(nil) attr=00000000 sharing=00000003 disp=1 options=00004021 ea=(nil).0x00000000
002c:trace:file:nt_to_unix_file_name_no_root L"\\??\\C:\\windows\\" -> "/work/stage2-copy/wineprefix/dosdevices/c:/windows/"
002c:trace:file:NtQueryDirectoryFile (0x3c (nil) (nil) (nil) 0x66df30 0x246c38 0x0000025e 0x00000003 0x00000000 L"system32" 0x00000001
002c:trace:file:read_directory_data_stat found system32
002c:trace:file:append_entry long L"system32" short L"" mask <null>
002c:trace:file:init_cached_dir_data mask L"system32" found 1 files
002c:trace:file:init_cached_dir_data L"system32" L""
002c:trace:file:NtQueryDirectoryFile => 0 (110)
002c:trace:file:FindNextFileW 00246BF0 0066DFA0
002c:trace:file:FindNextFileW returning L"system32" (L"")
002c:trace:file:FindFirstFileExW L"C:\\windows\\system32\\winemenubuilder.exe" 0 0066DFA0 0 00000000 0
002c:trace:file:RtlDosPathNameToNtPathName_U_WithStatus (L"C:\\windows\\system32\\winemenubuilder.exe",0066DF28,0066DF24,00000000)
002c:trace:file:RtlGetFullPathName_U (L"C:\\windows\\system32\\winemenubuilder.exe" 520 0066DCB8 0066DF24)
002c:trace:file:NtCreateFile handle=0x246bf4 access=00100001 name=L"\\??\\C:\\windows\\system32\\" objattr=00000040 root=(nil) sec=(nil) io=0x66df30 alloc_size=(nil) attr=00000000 sharing=00000003 disp=1 options=00004021 ea=(nil).0x00000000
002c:trace:file:nt_to_unix_file_name_no_root L"\\??\\C:\\windows\\system32\\" -> "/work/stage2-copy/wineprefix/dosdevices/c:/windows/system32/"
002c:trace:file:NtQueryDirectoryFile (0x3c (nil) (nil) (nil) 0x66df30 0x246c38 0x0000025e 0x00000003 0x00000000 L"winemenubuilder.exe" 0x00000001
002c:trace:file:read_directory_data_stat found winemenubuilder.exe
002c:trace:file:append_entry long L"winemenubuilder.exe" short L"WINE~4PM.EXE" mask <null>
002c:trace:file:init_cached_dir_data mask L"winemenubuilder.exe" found 1 files
002c:trace:file:init_cached_dir_data L"winemenubuilder.exe" L"WINE~4PM.EXE"
002c:trace:file:NtQueryDirectoryFile => 0 (132)
002c:trace:file:FindNextFileW 00246BF0 0066DFA0
002c:trace:file:FindNextFileW returning L"winemenubuilder.exe" (L"WINE~4PM.EXE")
002c:trace:file:GetLongPathNameW returning L"C:\\windows\\system32\\winemenubuilder.exe"
002c:trace:file:RtlGetFullPathName_U (L"C:\\windows\\system32\\winemenubuilder.exe" 520 0066ECD8 00000000)
002c:trace:file:RtlDosPathNameToNtPathName_U_WithStatus (L"C:\\windows\\system32\\winemenubuilder.exe",0066E8C8,00000000,00000000)
002c:trace:file:RtlGetFullPathName_U (L"C:\\windows\\system32\\winemenubuilder.exe" 520 0066E658 00000000)
002c:trace:file:nt_to_unix_file_name_no_root L"\\??\\C:\\windows\\" -> "/work/stage2-copy/wineprefix/dosdevices/c:/windows/"
002c:trace:file:nt_to_unix_file_name_no_root L"\\??\\C:\\windows\\system32\\winemenubuilder.exe" -> "/work/stage2-copy/wineprefix/dosdevices/c:/windows/system32/winemenubuilder.exe"
0034:trace:file:find_drive_rootA "/usr/lib/wine/../../share/wine" -> drive Z:, root="/", name="/usr/lib/wine/../../share/wine"
0034:trace:file:find_drive_rootA "/work/home" -> drive Z:, root="/", name="/work/home"
0034:trace:file:find_drive_rootA "/work/stage2-copy/wineprefix" -> drive Z:, root="/", name="/work/stage2-copy/wineprefix"
0034:trace:file:find_drive_rootA "/usr/lib/i386-linux-gnu/wine" -> drive Z:, root="/", name="/usr/lib/i386-linux-gnu/wine"
0034:trace:file:nt_to_unix_file_name_no_root L"\\??\\C:\\windows\\system32\\winemenubuilder.exe" -> "/work/stage2-copy/wineprefix/dosdevices/c:/windows/system32/winemenubuilder.exe"
0034:trace:file:errno_to_status errno = 9
0034:trace:file:RtlDosPathNameToNtPathName_U_WithStatus (L"C:\\windows\\",0067FBC0,00000000,00000000)
002c:trace:file:GetLongPathNameW L"C:\\windows\\system32\\services.exe",0066EDD4,260
0034:trace:file:RtlGetFullPathName_U (L"C:\\windows\\" 520 0067F974 00000000)
002c:trace:file:FindFirstFileExW L"C:\\windows" 0 0066E09C 0 00000000 0
002c:trace:file:RtlDosPathNameToNtPathName_U_WithStatus (L"C:\\windows",0066E024,0066E020,00000000)
002c:trace:file:RtlGetFullPathName_U (L"C:\\windows" 520 0066DDB4 0066E020)
0034:trace:file:NtCreateFile handle=0x67fbb4 access=00100020 name=L"\\??\\C:\\windows\\" objattr=00000040 root=(nil) sec=(nil) io=0x67fbc8 alloc_size=(nil) attr=00000000 sharing=00000003 disp=1 options=00000021 ea=(nil).0x00000000
002c:trace:file:NtCreateFile handle=0x246bf4 access=00100001 name=L"\\??\\C:\\" objattr=00000040 root=(nil) sec=(nil) io=0x66e02c alloc_size=(nil) attr=00000000 sharing=00000003 disp=1 options=00004021 ea=(nil).0x00000000
0034:trace:file:nt_to_unix_file_name_no_root L"\\??\\C:\\windows\\" -> "/work/stage2-copy/wineprefix/dosdevices/c:/windows/"
002c:trace:file:nt_to_unix_file_name_no_root L"\\??\\C:\\" -> "/work/stage2-copy/wineprefix/dosdevices/c:/"
002c:trace:file:NtQueryDirectoryFile (0x34 (nil) (nil) (nil) 0x66e02c 0x246c38 0x0000025e 0x00000003 0x00000000 L"windows" 0x00000001
0034:trace:file:RtlSetCurrentDirectory_U curdir now L"C:\\windows\\" 0000000C
002c:trace:file:read_directory_data_stat found windows
002c:trace:file:append_entry long L"windows" short L"" mask <null>
002c:trace:file:init_cached_dir_data mask L"windows" found 1 files
002c:trace:file:init_cached_dir_data L"windows" L""
002c:trace:file:NtQueryDirectoryFile => 0 (108)
002c:trace:file:FindNextFileW 00246BF0 0066E09C
002c:trace:file:FindNextFileW returning L"windows" (L"")
002c:trace:file:FindFirstFileExW L"C:\\windows\\system32" 0 0066E09C 0 00000000 0
002c:trace:file:RtlDosPathNameToNtPathName_U_WithStatus (L"C:\\windows\\system32",0066E024,0066E020,00000000)
002c:trace:file:RtlGetFullPathName_U (L"C:\\windows\\system32" 520 0066DDB4 0066E020)
002c:trace:file:NtCreateFile handle=0x246bf4 access=00100001 name=L"\\??\\C:\\windows\\" objattr=00000040 root=(nil) sec=(nil) io=0x66e02c alloc_size=(nil) attr=00000000 sharing=00000003 disp=1 options=00004021 ea=(nil).0x00000000
002c:trace:file:nt_to_unix_file_name_no_root L"\\??\\C:\\windows\\" -> "/work/stage2-copy/wineprefix/dosdevices/c:/windows/"
002c:trace:file:NtQueryDirectoryFile (0x34 (nil) (nil) (nil) 0x66e02c 0x246c38 0x0000025e 0x00000003 0x00000000 L"system32" 0x00000001
002c:trace:file:read_directory_data_stat found system32
002c:trace:file:append_entry long L"system32" short L"" mask <null>
002c:trace:file:init_cached_dir_data mask L"system32" found 1 files
002c:trace:file:init_cached_dir_data L"system32" L""
0034:trace:file:RtlDosPathNameToNtPathName_U_WithStatus (L"C:\\windows\\system32\\winemenubuilder.exe",0067FC88,00000000,00000000)
002c:trace:file:NtQueryDirectoryFile => 0 (110)
0034:trace:file:RtlGetFullPathName_U (L"C:\\windows\\system32\\winemenubuilder.exe" 520 0067FA20 00000000)
002c:trace:file:FindNextFileW 00246BF0 0066E09C
002c:trace:file:FindNextFileW returning L"system32" (L"")
0034:trace:file:RtlDosPathNameToNtPathName_U_WithStatus (L"C:\\windows\\system32\\kernel32.dll",0067FB94,00000000,00000000)
0034:trace:file:RtlGetFullPathName_U (L"C:\\windows\\system32\\kernel32.dll" 520 0067F840 00000000)
002c:trace:file:FindFirstFileExW L"C:\\windows\\system32\\services.exe" 0 0066E09C 0 00000000 0
0034:trace:file:NtCreateFile handle=0x67f9cc access=80100000 name=L"\\??\\C:\\windows\\system32\\kernel32.dll" objattr=00000040 root=(nil) sec=(nil) io=0x67f9d8 alloc_size=(nil) attr=00000000 sharing=00000005 disp=1 options=00000060 ea=(nil).0x00000000
002c:trace:file:RtlDosPathNameToNtPathName_U_WithStatus (L"C:\\windows\\system32\\services.exe",0066E024,0066E020,00000000)
002c:trace:file:RtlGetFullPathName_U (L"C:\\windows\\system32\\services.exe" 520 0066DDB4 0066E020)
0034:trace:file:nt_to_unix_file_name_no_root L"\\??\\C:\\windows\\system32\\kernel32.dll" -> "/work/stage2-copy/wineprefix/dosdevices/c:/windows/system32/kernel32.dll"
002c:trace:file:NtCreateFile handle=0x246bf4 access=00100001 name=L"\\??\\C:\\windows\\system32\\" objattr=00000040 root=(nil) sec=(nil) io=0x66e02c alloc_size=(nil) attr=00000000 sharing=00000003 disp=1 options=00004021 ea=(nil).0x00000000
002c:trace:file:nt_to_unix_file_name_no_root L"\\??\\C:\\windows\\system32\\" -> "/work/stage2-copy/wineprefix/dosdevices/c:/windows/system32/"
0034:trace:file:NtFsControlFile (0x10,(nil),(nil),(nil),0x67f9d8,0x0009009c,(nil),0x00000000,0x67f9f8,0x00000040)
002c:trace:file:NtQueryDirectoryFile (0x34 (nil) (nil) (nil) 0x66e02c 0x246c38 0x0000025e 0x00000003 0x00000000 L"services.exe" 0x00000001
002c:trace:file:read_directory_data_stat found services.exe
002c:trace:file:append_entry long L"services.exe" short L"" mask <null>
002c:trace:file:init_cached_dir_data mask L"services.exe" found 1 files
002c:trace:file:init_cached_dir_data L"services.exe" L""
002c:trace:file:NtQueryDirectoryFile => 0 (118)
002c:trace:file:FindNextFileW 00246BF0 0066E09C
002c:trace:file:FindNextFileW returning L"services.exe" (L"")
002c:trace:file:GetLongPathNameW returning L"C:\\windows\\system32\\services.exe"
002c:trace:file:RtlGetFullPathName_U (L"C:\\windows\\system32\\services.exe" 520 0066EDD4 00000000)
002c:trace:file:RtlDosPathNameToNtPathName_U_WithStatus (L"C:\\windows\\system32\\services.exe",0066E9C8,00000000,00000000)
002c:trace:file:RtlGetFullPathName_U (L"C:\\windows\\system32\\services.exe" 520 0066E758 00000000)
002c:trace:file:nt_to_unix_file_name_no_root L"\\??\\C:\\windows\\" -> "/work/stage2-copy/wineprefix/dosdevices/c:/windows/"
002c:trace:file:nt_to_unix_file_name_no_root L"\\??\\C:\\windows\\system32\\services.exe" -> "/work/stage2-copy/wineprefix/dosdevices/c:/windows/system32/services.exe"
002c:trace:file:NtDeviceIoControlFile (0xffffffff,(nil),(nil),(nil),0x21fa58,0x00504000,(nil),0x00000000,0x21fa54,0x00000004)
002c:trace:file:NtDeviceIoControlFile (0xffffffff,(nil),(nil),(nil),0x21fa58,0x00504000,(nil),0x00000000,0x21fa54,0x00000004)
002c:trace:file:NtDeviceIoControlFile (0xffffffff,(nil),(nil),(nil),0x21fa58,0x00504000,(nil),0x00000000,0x21fa54,0x00000004)
0034:trace:file:RtlDosPathNameToNtPathName_U_WithStatus (L"C:\\windows\\system32\\kernelbase.dll",0067F734,00000000,00000000)
0034:trace:file:RtlGetFullPathName_U (L"C:\\windows\\system32\\kernelbase.dll" 520 0067F3E0 00000000)
0034:trace:file:NtCreateFile handle=0x67f56c access=80100000 name=L"\\??\\C:\\windows\\system32\\kernelbase.dll" objattr=00000040 root=(nil) sec=(nil) io=0x67f578 alloc_size=(nil) attr=00000000 sharing=00000005 disp=1 options=00000060 ea=(nil).0x00000000
0034:trace:file:nt_to_unix_file_name_no_root L"\\??\\C:\\windows\\system32\\kernelbase.dll" -> "/work/stage2-copy/wineprefix/dosdevices/c:/windows/system32/kernelbase.dll"
0034:trace:file:NtFsControlFile (0x10,(nil),(nil),(nil),0x67f578,0x0009009c,(nil),0x00000000,0x67f598,0x00000040)
0034:trace:file:RtlDosPathNameToNtPathName_U_WithStatus (L"C:\\windows\\system32\\winemenubuilder.exe.manifest",0067FAD8,00000000,00000000)
0034:trace:file:RtlGetFullPathName_U (L"C:\\windows\\system32\\winemenubuilder.exe.manifest" 520 0067F880 00000000)
0034:trace:file:NtCreateFile handle=0x67fad4 access=80100000 name=L"\\??\\C:\\windows\\system32\\winemenubuilder.exe.manifest" objattr=00000040 root=(nil) sec=(nil) io=0x67fae0 alloc_size=(nil) attr=00000000 sharing=00000005 disp=1 options=00000010 ea=(nil).0x00000000
0034:trace:file:nt_to_unix_file_name_no_root L"windows\\system32\\winemenubuilder.exe.manifest" not found in "/work/stage2-copy/wineprefix/dosdevices/c:"
0034:warn:file:NtCreateFile L"\\??\\C:\\windows\\system32\\winemenubuilder.exe.manifest" not found (c0000034)
0034:trace:file:RtlDosPathNameToNtPathName_U_WithStatus (L"C:\\windows\\system32\\advapi32.dll",0067F88C,00000000,00000000)
0034:trace:file:RtlGetFullPathName_U (L"C:\\windows\\system32\\advapi32.dll" 520 0067F538 00000000)
0034:trace:file:NtCreateFile handle=0x67f6c4 access=80100000 name=L"\\??\\C:\\windows\\system32\\advapi32.dll" objattr=00000040 root=(nil) sec=(nil) io=0x67f6d0 alloc_size=(nil) attr=00000000 sharing=00000005 disp=1 options=00000060 ea=(nil).0x00000000
0034:trace:file:nt_to_unix_file_name_no_root L"\\??\\C:\\windows\\system32\\advapi32.dll" -> "/work/stage2-copy/wineprefix/dosdevices/c:/windows/system32/advapi32.dll"
0034:trace:file:NtFsControlFile (0x10,(nil),(nil),(nil),0x67f6d0,0x0009009c,(nil),0x00000000,0x67f6f0,0x00000040)
0034:trace:file:RtlDosPathNameToNtPathName_U_WithStatus (L"C:\\windows\\system32\\msvcrt.dll",0067F42C,00000000,00000000)
0034:trace:file:RtlGetFullPathName_U (L"C:\\windows\\system32\\msvcrt.dll" 520 0067F0D8 00000000)
0034:trace:file:NtCreateFile handle=0x67f264 access=80100000 name=L"\\??\\C:\\windows\\system32\\msvcrt.dll" objattr=00000040 root=(nil) sec=(nil) io=0x67f270 alloc_size=(nil) attr=00000000 sharing=00000005 disp=1 options=00000060 ea=(nil).0x00000000
0034:trace:file:nt_to_unix_file_name_no_root L"\\??\\C:\\windows\\system32\\msvcrt.dll" -> "/work/stage2-copy/wineprefix/dosdevices/c:/windows/system32/msvcrt.dll"
0034:trace:file:NtFsControlFile (0x10,(nil),(nil),(nil),0x67f270,0x0009009c,(nil),0x00000000,0x67f290,0x00000040)
0034:trace:file:RtlDosPathNameToNtPathName_U_WithStatus (L"C:\\windows\\system32\\sechost.dll",0067F42C,00000000,00000000)
0034:trace:file:RtlGetFullPathName_U (L"C:\\windows\\system32\\sechost.dll" 520 0067F0D8 00000000)
0034:trace:file:NtCreateFile handle=0x67f264 access=80100000 name=L"\\??\\C:\\windows\\system32\\sechost.dll" objattr=00000040 root=(nil) sec=(nil) io=0x67f270 alloc_size=(nil) attr=00000000 sharing=00000005 disp=1 options=00000060 ea=(nil).0x00000000
0034:trace:file:nt_to_unix_file_name_no_root L"\\??\\C:\\windows\\system32\\sechost.dll" -> "/work/stage2-copy/wineprefix/dosdevices/c:/windows/system32/sechost.dll"
0034:trace:file:NtFsControlFile (0x10,(nil),(nil),(nil),0x67f270,0x0009009c,(nil),0x00000000,0x67f290,0x00000040)
0034:trace:file:RtlDosPathNameToNtPathName_U_WithStatus (L"C:\\windows\\system32\\ucrtbase.dll",0067EFCC,00000000,00000000)
0034:trace:file:RtlGetFullPathName_U (L"C:\\windows\\system32\\ucrtbase.dll" 520 0067EC78 00000000)
0034:trace:file:NtCreateFile handle=0x67ee04 access=80100000 name=L"\\??\\C:\\windows\\system32\\ucrtbase.dll" objattr=00000040 root=(nil) sec=(nil) io=0x67ee10 alloc_size=(nil) attr=00000000 sharing=00000005 disp=1 options=00000060 ea=(nil).0x00000000
0034:trace:file:nt_to_unix_file_name_no_root L"\\??\\C:\\windows\\system32\\ucrtbase.dll" -> "/work/stage2-copy/wineprefix/dosdevices/c:/windows/system32/ucrtbase.dll"
0034:trace:file:NtFsControlFile (0x10,(nil),(nil),(nil),0x67ee10,0x0009009c,(nil),0x00000000,0x67ee30,0x00000040)
0034:trace:file:RtlDosPathNameToNtPathName_U_WithStatus (L"C:\\windows\\system32\\ole32.dll",0067F88C,00000000,00000000)
0034:trace:file:RtlGetFullPathName_U (L"C:\\windows\\system32\\ole32.dll" 520 0067F538 00000000)
0034:trace:file:NtCreateFile handle=0x67f6c4 access=80100000 name=L"\\??\\C:\\windows\\system32\\ole32.dll" objattr=00000040 root=(nil) sec=(nil) io=0x67f6d0 alloc_size=(nil) attr=00000000 sharing=00000005 disp=1 options=00000060 ea=(nil).0x00000000
0034:trace:file:nt_to_unix_file_name_no_root L"\\??\\C:\\windows\\system32\\ole32.dll" -> "/work/stage2-copy/wineprefix/dosdevices/c:/windows/system32/ole32.dll"
0034:trace:file:NtFsControlFile (0x10,(nil),(nil),(nil),0x67f6d0,0x0009009c,(nil),0x00000000,0x67f6f0,0x00000040)
0034:trace:file:RtlDosPathNameToNtPathName_U_WithStatus (L"C:\\windows\\system32\\combase.dll",0067F42C,00000000,00000000)
0034:trace:file:RtlGetFullPathName_U (L"C:\\windows\\system32\\combase.dll" 520 0067F0D8 00000000)
0034:trace:file:NtCreateFile handle=0x67f264 access=80100000 name=L"\\??\\C:\\windows\\system32\\combase.dll" objattr=00000040 root=(nil) sec=(nil) io=0x67f270 alloc_size=(nil) attr=00000000 sharing=00000005 disp=1 options=00000060 ea=(nil).0x00000000
0034:trace:file:nt_to_unix_file_name_no_root L"\\??\\C:\\windows\\system32\\combase.dll" -> "/work/stage2-copy/wineprefix/dosdevices/c:/windows/system32/combase.dll"
0034:trace:file:NtFsControlFile (0x10,(nil),(nil),(nil),0x67f270,0x0009009c,(nil),0x00000000,0x67f290,0x00000040)
0034:trace:file:RtlDosPathNameToNtPathName_U_WithStatus (L"C:\\windows\\system32\\gdi32.dll",0067EFCC,00000000,00000000)
0034:trace:file:RtlGetFullPathName_U (L"C:\\windows\\system32\\gdi32.dll" 520 0067EC78 00000000)
0034:trace:file:NtCreateFile handle=0x67ee04 access=80100000 name=L"\\??\\C:\\windows\\system32\\gdi32.dll" objattr=00000040 root=(nil) sec=(nil) io=0x67ee10 alloc_size=(nil) attr=00000000 sharing=00000005 disp=1 options=00000060 ea=(nil).0x00000000
0034:trace:file:nt_to_unix_file_name_no_root L"\\??\\C:\\windows\\system32\\gdi32.dll" -> "/work/stage2-copy/wineprefix/dosdevices/c:/windows/system32/gdi32.dll"
0034:trace:file:NtFsControlFile (0x10,(nil),(nil),(nil),0x67ee10,0x0009009c,(nil),0x00000000,0x67ee30,0x00000040)
0034:trace:file:RtlDosPathNameToNtPathName_U_WithStatus (L"C:\\windows\\system32\\user32.dll",0067EB6C,00000000,00000000)
0034:trace:file:RtlGetFullPathName_U (L"C:\\windows\\system32\\user32.dll" 520 0067E818 00000000)
0034:trace:file:NtCreateFile handle=0x67e9a4 access=80100000 name=L"\\??\\C:\\windows\\system32\\user32.dll" objattr=00000040 root=(nil) sec=(nil) io=0x67e9b0 alloc_size=(nil) attr=00000000 sharing=00000005 disp=1 options=00000060 ea=(nil).0x00000000
0034:trace:file:nt_to_unix_file_name_no_root L"\\??\\C:\\windows\\system32\\user32.dll" -> "/work/stage2-copy/wineprefix/dosdevices/c:/windows/system32/user32.dll"
0034:trace:file:NtFsControlFile (0x10,(nil),(nil),(nil),0x67e9b0,0x0009009c,(nil),0x00000000,0x67e9d0,0x00000040)
003c:trace:file:find_drive_rootA "/usr/lib/wine/../../share/wine" -> drive Z:, root="/", name="/usr/lib/wine/../../share/wine"
003c:trace:file:find_drive_rootA "/work/home" -> drive Z:, root="/", name="/work/home"
003c:trace:file:find_drive_rootA "/work/stage2-copy/wineprefix" -> drive Z:, root="/", name="/work/stage2-copy/wineprefix"
003c:trace:file:find_drive_rootA "/usr/lib/i386-linux-gnu/wine" -> drive Z:, root="/", name="/usr/lib/i386-linux-gnu/wine"
003c:trace:file:nt_to_unix_file_name_no_root L"\\??\\C:\\windows\\system32\\services.exe" -> "/work/stage2-copy/wineprefix/dosdevices/c:/windows/system32/services.exe"
0034:trace:file:RtlDosPathNameToNtPathName_U_WithStatus (L"C:\\windows\\system32\\zlib1.dll",0067E70C,00000000,00000000)
0034:trace:file:RtlGetFullPathName_U (L"C:\\windows\\system32\\zlib1.dll" 520 0067E3B8 00000000)
0034:trace:file:NtCreateFile handle=0x67e544 access=80100000 name=L"\\??\\C:\\windows\\system32\\zlib1.dll" objattr=00000040 root=(nil) sec=(nil) io=0x67e550 alloc_size=(nil) attr=00000000 sharing=00000005 disp=1 options=00000060 ea=(nil).0x00000000
0034:trace:file:nt_to_unix_file_name_no_root L"\\??\\C:\\windows\\system32\\zlib1.dll" -> "/work/stage2-copy/wineprefix/dosdevices/c:/windows/system32/zlib1.dll"
0034:trace:file:NtFsControlFile (0x10,(nil),(nil),(nil),0x67e550,0x0009009c,(nil),0x00000000,0x67e570,0x00000040)
0034:trace:file:RtlDosPathNameToNtPathName_U_WithStatus (L"C:\\windows\\system32\\win32u.dll",0067E70C,00000000,00000000)
0034:trace:file:RtlGetFullPathName_U (L"C:\\windows\\system32\\win32u.dll" 520 0067E3B8 00000000)
0034:trace:file:NtCreateFile handle=0x67e544 access=80100000 name=L"\\??\\C:\\windows\\system32\\win32u.dll" objattr=00000040 root=(nil) sec=(nil) io=0x67e550 alloc_size=(nil) attr=00000000 sharing=00000005 disp=1 options=00000060 ea=(nil).0x00000000
0034:trace:file:nt_to_unix_file_name_no_root L"\\??\\C:\\windows\\system32\\win32u.dll" -> "/work/stage2-copy/wineprefix/dosdevices/c:/windows/system32/win32u.dll"
0034:trace:file:NtFsControlFile (0x10,(nil),(nil),(nil),0x67e550,0x0009009c,(nil),0x00000000,0x67e570,0x00000040)
003c:trace:file:errno_to_status errno = 9
003c:trace:file:RtlDosPathNameToNtPathName_U_WithStatus (L"C:\\windows\\",0068FBC0,00000000,00000000)
003c:trace:file:RtlGetFullPathName_U (L"C:\\windows\\" 520 0068F974 00000000)
003c:trace:file:NtCreateFile handle=0x68fbb4 access=00100020 name=L"\\??\\C:\\windows\\" objattr=00000040 root=(nil) sec=(nil) io=0x68fbc8 alloc_size=(nil) attr=00000000 sharing=00000003 disp=1 options=00000021 ea=(nil).0x00000000
003c:trace:file:nt_to_unix_file_name_no_root L"\\??\\C:\\windows\\" -> "/work/stage2-copy/wineprefix/dosdevices/c:/windows/"
003c:trace:file:RtlSetCurrentDirectory_U curdir now L"C:\\windows\\" 00000014
003c:trace:file:RtlDosPathNameToNtPathName_U_WithStatus (L"C:\\windows\\system32\\services.exe",0068FC88,00000000,00000000)
003c:trace:file:RtlGetFullPathName_U (L"C:\\windows\\system32\\services.exe" 520 0068FA20 00000000)
003c:trace:file:RtlDosPathNameToNtPathName_U_WithStatus (L"C:\\windows\\system32\\kernel32.dll",0068FB94,00000000,00000000)
003c:trace:file:RtlGetFullPathName_U (L"C:\\windows\\system32\\kernel32.dll" 520 0068F840 00000000)
003c:trace:file:NtCreateFile handle=0x68f9cc access=80100000 name=L"\\??\\C:\\windows\\system32\\kernel32.dll" objattr=00000040 root=(nil) sec=(nil) io=0x68f9d8 alloc_size=(nil) attr=00000000 sharing=00000005 disp=1 options=00000060 ea=(nil).0x00000000
003c:trace:file:nt_to_unix_file_name_no_root L"\\??\\C:\\windows\\system32\\kernel32.dll" -> "/work/stage2-copy/wineprefix/dosdevices/c:/windows/system32/kernel32.dll"
003c:trace:file:NtFsControlFile (0x18,(nil),(nil),(nil),0x68f9d8,0x0009009c,(nil),0x00000000,0x68f9f8,0x00000040)
0034:trace:file:RtlDosPathNameToNtPathName_U_WithStatus (L"C:\\windows\\system32\\rpcrt4.dll",0067EFCC,00000000,00000000)
0034:trace:file:RtlGetFullPathName_U (L"C:\\windows\\system32\\rpcrt4.dll" 520 0067EC78 00000000)
0034:trace:file:NtCreateFile handle=0x67ee04 access=80100000 name=L"\\??\\C:\\windows\\system32\\rpcrt4.dll" objattr=00000040 root=(nil) sec=(nil) io=0x67ee10 alloc_size=(nil) attr=00000000 sharing=00000005 disp=1 options=00000060 ea=(nil).0x00000000
0034:trace:file:nt_to_unix_file_name_no_root L"\\??\\C:\\windows\\system32\\rpcrt4.dll" -> "/work/stage2-copy/wineprefix/dosdevices/c:/windows/system32/rpcrt4.dll"
0034:trace:file:NtFsControlFile (0x10,(nil),(nil),(nil),0x67ee10,0x0009009c,(nil),0x00000000,0x67ee30,0x00000040)
003c:trace:file:RtlDosPathNameToNtPathName_U_WithStatus (L"C:\\windows\\system32\\kernelbase.dll",0068F734,00000000,00000000)
003c:trace:file:RtlGetFullPathName_U (L"C:\\windows\\system32\\kernelbase.dll" 520 0068F3E0 00000000)
003c:trace:file:NtCreateFile handle=0x68f56c access=80100000 name=L"\\??\\C:\\windows\\system32\\kernelbase.dll" objattr=00000040 root=(nil) sec=(nil) io=0x68f578 alloc_size=(nil) attr=00000000 sharing=00000005 disp=1 options=00000060 ea=(nil).0x00000000
003c:trace:file:nt_to_unix_file_name_no_root L"\\??\\C:\\windows\\system32\\kernelbase.dll" -> "/work/stage2-copy/wineprefix/dosdevices/c:/windows/system32/kernelbase.dll"
003c:trace:file:NtFsControlFile (0x18,(nil),(nil),(nil),0x68f578,0x0009009c,(nil),0x00000000,0x68f598,0x00000040)
0034:trace:file:RtlDosPathNameToNtPathName_U_WithStatus (L"C:\\windows\\system32\\coml2.dll",0067F42C,00000000,00000000)
0034:trace:file:RtlGetFullPathName_U (L"C:\\windows\\system32\\coml2.dll" 520 0067F0D8 00000000)
0034:trace:file:NtCreateFile handle=0x67f264 access=80100000 name=L"\\??\\C:\\windows\\system32\\coml2.dll" objattr=00000040 root=(nil) sec=(nil) io=0x67f270 alloc_size=(nil) attr=00000000 sharing=00000005 disp=1 options=00000060 ea=(nil).0x00000000
0034:trace:file:nt_to_unix_file_name_no_root L"\\??\\C:\\windows\\system32\\coml2.dll" -> "/work/stage2-copy/wineprefix/dosdevices/c:/windows/system32/coml2.dll"
0034:trace:file:NtFsControlFile (0x10,(nil),(nil),(nil),0x67f270,0x0009009c,(nil),0x00000000,0x67f290,0x00000040)
003c:trace:file:RtlDosPathNameToNtPathName_U_WithStatus (L"C:\\windows\\system32\\services.exe.manifest",0068FAD8,00000000,00000000)
003c:trace:file:RtlGetFullPathName_U (L"C:\\windows\\system32\\services.exe.manifest" 520 0068F880 00000000)
003c:trace:file:NtCreateFile handle=0x68fad4 access=80100000 name=L"\\??\\C:\\windows\\system32\\services.exe.manifest" objattr=00000040 root=(nil) sec=(nil) io=0x68fae0 alloc_size=(nil) attr=00000000 sharing=00000005 disp=1 options=00000010 ea=(nil).0x00000000
003c:trace:file:nt_to_unix_file_name_no_root L"windows\\system32\\services.exe.manifest" not found in "/work/stage2-copy/wineprefix/dosdevices/c:"
0034:trace:file:RtlDosPathNameToNtPathName_U_WithStatus (L"C:\\windows\\system32\\shell32.dll",0067F88C,00000000,00000000)
003c:warn:file:NtCreateFile L"\\??\\C:\\windows\\system32\\services.exe.manifest" not found (c0000034)
0034:trace:file:RtlGetFullPathName_U (L"C:\\windows\\system32\\shell32.dll" 520 0067F538 00000000)
0034:trace:file:NtCreateFile handle=0x67f6c4 access=80100000 name=L"\\??\\C:\\windows\\system32\\shell32.dll" objattr=00000040 root=(nil) sec=(nil) io=0x67f6d0 alloc_size=(nil) attr=00000000 sharing=00000005 disp=1 options=00000060 ea=(nil).0x00000000
0034:trace:file:nt_to_unix_file_name_no_root L"\\??\\C:\\windows\\system32\\shell32.dll" -> "/work/stage2-copy/wineprefix/dosdevices/c:/windows/system32/shell32.dll"
0034:trace:file:NtFsControlFile (0x10,(nil),(nil),(nil),0x67f6d0,0x0009009c,(nil),0x00000000,0x67f6f0,0x00000040)
003c:trace:file:RtlDosPathNameToNtPathName_U_WithStatus (L"C:\\windows\\system32\\advapi32.dll",0068F88C,00000000,00000000)
003c:trace:file:RtlGetFullPathName_U (L"C:\\windows\\system32\\advapi32.dll" 520 0068F538 00000000)
003c:trace:file:NtCreateFile handle=0x68f6c4 access=80100000 name=L"\\??\\C:\\windows\\system32\\advapi32.dll" objattr=00000040 root=(nil) sec=(nil) io=0x68f6d0 alloc_size=(nil) attr=00000000 sharing=00000005 disp=1 options=00000060 ea=(nil).0x00000000
003c:trace:file:nt_to_unix_file_name_no_root L"\\??\\C:\\windows\\system32\\advapi32.dll" -> "/work/stage2-copy/wineprefix/dosdevices/c:/windows/system32/advapi32.dll"
003c:trace:file:NtFsControlFile (0x18,(nil),(nil),(nil),0x68f6d0,0x0009009c,(nil),0x00000000,0x68f6f0,0x00000040)
0034:trace:file:RtlDosPathNameToNtPathName_U_WithStatus (L"C:\\windows\\system32\\shlwapi.dll",0067F42C,00000000,00000000)
0034:trace:file:RtlGetFullPathName_U (L"C:\\windows\\system32\\shlwapi.dll" 520 0067F0D8 00000000)
0034:trace:file:NtCreateFile handle=0x67f264 access=80100000 name=L"\\??\\C:\\windows\\system32\\shlwapi.dll" objattr=00000040 root=(nil) sec=(nil) io=0x67f270 alloc_size=(nil) attr=00000000 sharing=00000005 disp=1 options=00000060 ea=(nil).0x00000000
0034:trace:file:nt_to_unix_file_name_no_root L"\\??\\C:\\windows\\system32\\shlwapi.dll" -> "/work/stage2-copy/wineprefix/dosdevices/c:/windows/system32/shlwapi.dll"
0034:trace:file:NtFsControlFile (0x10,(nil),(nil),(nil),0x67f270,0x0009009c,(nil),0x00000000,0x67f290,0x00000040)
003c:trace:file:RtlDosPathNameToNtPathName_U_WithStatus (L"C:\\windows\\system32\\msvcrt.dll",0068F42C,00000000,00000000)
003c:trace:file:RtlGetFullPathName_U (L"C:\\windows\\system32\\msvcrt.dll" 520 0068F0D8 00000000)
003c:trace:file:NtCreateFile handle=0x68f264 access=80100000 name=L"\\??\\C:\\windows\\system32\\msvcrt.dll" objattr=00000040 root=(nil) sec=(nil) io=0x68f270 alloc_size=(nil) attr=00000000 sharing=00000005 disp=1 options=00000060 ea=(nil).0x00000000
003c:trace:file:nt_to_unix_file_name_no_root L"\\??\\C:\\windows\\system32\\msvcrt.dll" -> "/work/stage2-copy/wineprefix/dosdevices/c:/windows/system32/msvcrt.dll"
003c:trace:file:NtFsControlFile (0x18,(nil),(nil),(nil),0x68f270,0x0009009c,(nil),0x00000000,0x68f290,0x00000040)
0034:trace:file:RtlDosPathNameToNtPathName_U_WithStatus (L"C:\\windows\\system32\\shcore.dll",0067EFCC,00000000,00000000)
0034:trace:file:RtlGetFullPathName_U (L"C:\\windows\\system32\\shcore.dll" 520 0067EC78 00000000)
0034:trace:file:NtCreateFile handle=0x67ee04 access=80100000 name=L"\\??\\C:\\windows\\system32\\shcore.dll" objattr=00000040 root=(nil) sec=(nil) io=0x67ee10 alloc_size=(nil) attr=00000000 sharing=00000005 disp=1 options=00000060 ea=(nil).0x00000000
0034:trace:file:nt_to_unix_file_name_no_root L"\\??\\C:\\windows\\system32\\shcore.dll" -> "/work/stage2-copy/wineprefix/dosdevices/c:/windows/system32/shcore.dll"
0034:trace:file:NtFsControlFile (0x10,(nil),(nil),(nil),0x67ee10,0x0009009c,(nil),0x00000000,0x67ee30,0x00000040)
003c:trace:file:RtlDosPathNameToNtPathName_U_WithStatus (L"C:\\windows\\system32\\sechost.dll",0068F42C,00000000,00000000)
003c:trace:file:RtlGetFullPathName_U (L"C:\\windows\\system32\\sechost.dll" 520 0068F0D8 00000000)
003c:trace:file:NtCreateFile handle=0x68f264 access=80100000 name=L"\\??\\C:\\windows\\system32\\sechost.dll" objattr=00000040 root=(nil) sec=(nil) io=0x68f270 alloc_size=(nil) attr=00000000 sharing=00000005 disp=1 options=00000060 ea=(nil).0x00000000
003c:trace:file:nt_to_unix_file_name_no_root L"\\??\\C:\\windows\\system32\\sechost.dll" -> "/work/stage2-copy/wineprefix/dosdevices/c:/windows/system32/sechost.dll"
003c:trace:file:NtFsControlFile (0x18,(nil),(nil),(nil),0x68f270,0x0009009c,(nil),0x00000000,0x68f290,0x00000040)
0034:trace:file:RtlDosPathNameToNtPathName_U_WithStatus (L"C:\\windows\\system32\\windowscodecs.dll",0067F88C,00000000,00000000)
0034:trace:file:RtlGetFullPathName_U (L"C:\\windows\\system32\\windowscodecs.dll" 520 0067F538 00000000)
0034:trace:file:NtCreateFile handle=0x67f6c4 access=80100000 name=L"\\??\\C:\\windows\\system32\\windowscodecs.dll" objattr=00000040 root=(nil) sec=(nil) io=0x67f6d0 alloc_size=(nil) attr=00000000 sharing=00000005 disp=1 options=00000060 ea=(nil).0x00000000
0034:trace:file:nt_to_unix_file_name_no_root L"\\??\\C:\\windows\\system32\\windowscodecs.dll" -> "/work/stage2-copy/wineprefix/dosdevices/c:/windows/system32/windowscodecs.dll"
0034:trace:file:NtFsControlFile (0x10,(nil),(nil),(nil),0x67f6d0,0x0009009c,(nil),0x00000000,0x67f6f0,0x00000040)
003c:trace:file:RtlDosPathNameToNtPathName_U_WithStatus (L"C:\\windows\\system32\\ucrtbase.dll",0068EFCC,00000000,00000000)
003c:trace:file:RtlGetFullPathName_U (L"C:\\windows\\system32\\ucrtbase.dll" 520 0068EC78 00000000)
003c:trace:file:NtCreateFile handle=0x68ee04 access=80100000 name=L"\\??\\C:\\windows\\system32\\ucrtbase.dll" objattr=00000040 root=(nil) sec=(nil) io=0x68ee10 alloc_size=(nil) attr=00000000 sharing=00000005 disp=1 options=00000060 ea=(nil).0x00000000
003c:trace:file:nt_to_unix_file_name_no_root L"\\??\\C:\\windows\\system32\\ucrtbase.dll" -> "/work/stage2-copy/wineprefix/dosdevices/c:/windows/system32/ucrtbase.dll"
003c:trace:file:NtFsControlFile (0x18,(nil),(nil),(nil),0x68ee10,0x0009009c,(nil),0x00000000,0x68ee30,0x00000040)
0034:trace:file:RtlDosPathNameToNtPathName_U_WithStatus (L"C:\\windows\\system32\\oleaut32.dll",0067F42C,00000000,00000000)
0034:trace:file:RtlGetFullPathName_U (L"C:\\windows\\system32\\oleaut32.dll" 520 0067F0D8 00000000)
0034:trace:file:NtCreateFile handle=0x67f264 access=80100000 name=L"\\??\\C:\\windows\\system32\\oleaut32.dll" objattr=00000040 root=(nil) sec=(nil) io=0x67f270 alloc_size=(nil) attr=00000000 sharing=00000005 disp=1 options=00000060 ea=(nil).0x00000000
0034:trace:file:nt_to_unix_file_name_no_root L"\\??\\C:\\windows\\system32\\oleaut32.dll" -> "/work/stage2-copy/wineprefix/dosdevices/c:/windows/system32/oleaut32.dll"
0034:trace:file:NtFsControlFile (0x10,(nil),(nil),(nil),0x67f270,0x0009009c,(nil),0x00000000,0x67f290,0x00000040)
003c:trace:file:RtlDosPathNameToNtPathName_U_WithStatus (L"C:\\windows\\system32\\rpcrt4.dll",0068F88C,00000000,00000000)
003c:trace:file:RtlGetFullPathName_U (L"C:\\windows\\system32\\rpcrt4.dll" 520 0068F538 00000000)
003c:trace:file:NtCreateFile handle=0x68f6c4 access=80100000 name=L"\\??\\C:\\windows\\system32\\rpcrt4.dll" objattr=00000040 root=(nil) sec=(nil) io=0x68f6d0 alloc_size=(nil) attr=00000000 sharing=00000005 disp=1 options=00000060 ea=(nil).0x00000000
003c:trace:file:nt_to_unix_file_name_no_root L"\\??\\C:\\windows\\system32\\rpcrt4.dll" -> "/work/stage2-copy/wineprefix/dosdevices/c:/windows/system32/rpcrt4.dll"
003c:trace:file:NtFsControlFile (0x18,(nil),(nil),(nil),0x68f6d0,0x0009009c,(nil),0x00000000,0x68f6f0,0x00000040)
0034:trace:file:RtlDosPathNameToNtPathName_U_WithStatus (L"C:\\windows\\system32\\propsys.dll",0067F42C,00000000,00000000)
0034:trace:file:RtlGetFullPathName_U (L"C:\\windows\\system32\\propsys.dll" 520 0067F0D8 00000000)
0034:trace:file:NtCreateFile handle=0x67f264 access=80100000 name=L"\\??\\C:\\windows\\system32\\propsys.dll" objattr=00000040 root=(nil) sec=(nil) io=0x67f270 alloc_size=(nil) attr=00000000 sharing=00000005 disp=1 options=00000060 ea=(nil).0x00000000
0034:trace:file:nt_to_unix_file_name_no_root L"\\??\\C:\\windows\\system32\\propsys.dll" -> "/work/stage2-copy/wineprefix/dosdevices/c:/windows/system32/propsys.dll"
0034:trace:file:NtFsControlFile (0x10,(nil),(nil),(nil),0x67f270,0x0009009c,(nil),0x00000000,0x67f290,0x00000040)
003c:trace:file:RtlDosPathNameToNtPathName_U_WithStatus (L"C:\\windows\\system32\\setupapi.dll",0068F88C,00000000,00000000)
003c:trace:file:RtlGetFullPathName_U (L"C:\\windows\\system32\\setupapi.dll" 520 0068F538 00000000)
003c:trace:file:NtCreateFile handle=0x68f6c4 access=80100000 name=L"\\??\\C:\\windows\\system32\\setupapi.dll" objattr=00000040 root=(nil) sec=(nil) io=0x68f6d0 alloc_size=(nil) attr=00000000 sharing=00000005 disp=1 options=00000060 ea=(nil).0x00000000
003c:trace:file:nt_to_unix_file_name_no_root L"\\??\\C:\\windows\\system32\\setupapi.dll" -> "/work/stage2-copy/wineprefix/dosdevices/c:/windows/system32/setupapi.dll"
003c:trace:file:NtFsControlFile (0x18,(nil),(nil),(nil),0x68f6d0,0x0009009c,(nil),0x00000000,0x68f6f0,0x00000040)
003c:trace:file:RtlDosPathNameToNtPathName_U_WithStatus (L"C:\\windows\\system32\\userenv.dll",0068F88C,00000000,00000000)
003c:trace:file:RtlGetFullPathName_U (L"C:\\windows\\system32\\userenv.dll" 520 0068F538 00000000)
003c:trace:file:NtCreateFile handle=0x68f6c4 access=80100000 name=L"\\??\\C:\\windows\\system32\\userenv.dll" objattr=00000040 root=(nil) sec=(nil) io=0x68f6d0 alloc_size=(nil) attr=00000000 sharing=00000005 disp=1 options=00000060 ea=(nil).0x00000000
003c:trace:file:nt_to_unix_file_name_no_root L"\\??\\C:\\windows\\system32\\userenv.dll" -> "/work/stage2-copy/wineprefix/dosdevices/c:/windows/system32/userenv.dll"
003c:trace:file:NtFsControlFile (0x18,(nil),(nil),(nil),0x68f6d0,0x0009009c,(nil),0x00000000,0x68f6f0,0x00000040)
0034:trace:file:GetFileAttributesW L"C:\\windows\\system32\\tzres.dll"
003c:trace:file:GetFileAttributesW L"C:\\windows\\system32\\tzres.dll"
0034:trace:file:RtlDosPathNameToNtPathName_U_WithStatus (L"C:\\windows\\system32\\tzres.dll",0067F5E8,00000000,00000000)
003c:trace:file:RtlDosPathNameToNtPathName_U_WithStatus (L"C:\\windows\\system32\\tzres.dll",0068F5E8,00000000,00000000)
0034:trace:file:RtlGetFullPathName_U (L"C:\\windows\\system32\\tzres.dll" 520 0067F3A0 00000000)
003c:trace:file:RtlGetFullPathName_U (L"C:\\windows\\system32\\tzres.dll" 520 0068F3A0 00000000)
003c:trace:file:nt_to_unix_file_name_no_root L"\\??\\C:\\windows\\system32\\tzres.dll" -> "/work/stage2-copy/wineprefix/dosdevices/c:/windows/system32/tzres.dll"
0034:trace:file:nt_to_unix_file_name_no_root L"\\??\\C:\\windows\\system32\\tzres.dll" -> "/work/stage2-copy/wineprefix/dosdevices/c:/windows/system32/tzres.dll"
003c:trace:file:RtlGetFullPathName_U (L"C:\\windows\\system32\\tzres.dll" 0 00000000 00000000)
0034:trace:file:RtlGetFullPathName_U (L"C:\\windows\\system32\\tzres.dll" 0 00000000 00000000)
003c:trace:file:RtlGetFullPathName_U (L"C:\\windows\\system32\\tzres.dll" 60 00243AE0 00000000)
0034:trace:file:RtlGetFullPathName_U (L"C:\\windows\\system32\\tzres.dll" 60 00246B18 00000000)
003c:trace:file:RtlDosPathNameToNtPathName_U_WithStatus (L"C:\\windows\\system32\\tzres.dll",0068F5A0,00000000,00000000)
0034:trace:file:RtlDosPathNameToNtPathName_U_WithStatus (L"C:\\windows\\system32\\tzres.dll",0067F5A0,00000000,00000000)
003c:trace:file:RtlGetFullPathName_U (L"C:\\windows\\system32\\tzres.dll" 520 0068F2BC 00000000)
0034:trace:file:RtlGetFullPathName_U (L"C:\\windows\\system32\\tzres.dll" 520 0067F2BC 00000000)
003c:trace:file:NtCreateFile handle=0x68f44c access=80100000 name=L"\\??\\C:\\windows\\system32\\tzres.dll" objattr=00000040 root=(nil) sec=(nil) io=0x68f458 alloc_size=(nil) attr=00000000 sharing=00000005 disp=1 options=00000060 ea=(nil).0x00000000
0034:trace:file:NtCreateFile handle=0x67f44c access=80100000 name=L"\\??\\C:\\windows\\system32\\tzres.dll" objattr=00000040 root=(nil) sec=(nil) io=0x67f458 alloc_size=(nil) attr=00000000 sharing=00000005 disp=1 options=00000060 ea=(nil).0x00000000
003c:trace:file:nt_to_unix_file_name_no_root L"\\??\\C:\\windows\\system32\\tzres.dll" -> "/work/stage2-copy/wineprefix/dosdevices/c:/windows/system32/tzres.dll"
0034:trace:file:nt_to_unix_file_name_no_root L"\\??\\C:\\windows\\system32\\tzres.dll" -> "/work/stage2-copy/wineprefix/dosdevices/c:/windows/system32/tzres.dll"
003c:trace:file:NtFsControlFile (0x30,(nil),(nil),(nil),0x68f458,0x0009009c,(nil),0x00000000,0x68f478,0x00000040)
0034:trace:file:NtFsControlFile (0x28,(nil),(nil),(nil),0x67f458,0x0009009c,(nil),0x00000000,0x67f478,0x00000040)
003c:trace:file:RtlDosPathNameToNtPathName_U_WithStatus (L"C:\\windows\\system32\\tzres.dll",0068F2C0,00000000,00000000)
0034:trace:file:RtlDosPathNameToNtPathName_U_WithStatus (L"C:\\windows\\system32\\tzres.dll",0067F2C0,00000000,00000000)
003c:trace:file:RtlGetFullPathName_U (L"C:\\windows\\system32\\tzres.dll" 520 0068F094 00000000)
0034:trace:file:RtlGetFullPathName_U (L"C:\\windows\\system32\\tzres.dll" 520 0067F094 00000000)
003c:trace:file:nt_to_unix_file_name_no_root L"\\??\\C:\\windows\\system32\\tzres.dll" -> "/work/stage2-copy/wineprefix/dosdevices/c:/windows/system32/tzres.dll"
0034:trace:file:nt_to_unix_file_name_no_root L"\\??\\C:\\windows\\system32\\tzres.dll" -> "/work/stage2-copy/wineprefix/dosdevices/c:/windows/system32/tzres.dll"
003c:trace:file:RtlGetFullPathName_U (L"C:\\windows\\system32\\tzres.dll" 520 0068F3E0 00000000)
0034:trace:file:RtlGetFullPathName_U (L"C:\\windows\\system32\\tzres.dll" 520 0067F3E0 00000000)
003c:trace:file:CreateFileW L"C:\\windows\\system32\\tzres.dll" GENERIC_READ FILE_SHARE_READ FILE_SHARE_DELETE  creation 3 attributes 0x0
0034:trace:file:CreateFileW L"C:\\windows\\system32\\tzres.dll" GENERIC_READ FILE_SHARE_READ FILE_SHARE_DELETE  creation 3 attributes 0x0
003c:trace:file:RtlDosPathNameToNtPathName_U_WithStatus (L"C:\\windows\\system32\\tzres.dll",0068F36C,00000000,00000000)
0034:trace:file:RtlDosPathNameToNtPathName_U_WithStatus (L"C:\\windows\\system32\\tzres.dll",0067F36C,00000000,00000000)
0034:trace:file:RtlGetFullPathName_U (L"C:\\windows\\system32\\tzres.dll" 520 0067F0E8 00000000)
0034:trace:file:NtCreateFile handle=0x67f368 access=80100080 name=L"\\??\\C:\\windows\\system32\\tzres.dll" objattr=00000040 root=(nil) sec=(nil) io=0x67f374 alloc_size=(nil) attr=00000000 sharing=00000005 disp=1 options=00000060 ea=(nil).0x00000000
0034:trace:file:nt_to_unix_file_name_no_root L"\\??\\C:\\windows\\system32\\tzres.dll" -> "/work/stage2-copy/wineprefix/dosdevices/c:/windows/system32/tzres.dll"
003c:trace:file:RtlGetFullPathName_U (L"C:\\windows\\system32\\tzres.dll" 520 0068F0E8 00000000)
0034:trace:file:CreateFileW returning 00000028
003c:trace:file:NtCreateFile handle=0x68f368 access=80100080 name=L"\\??\\C:\\windows\\system32\\tzres.dll" objattr=00000040 root=(nil) sec=(nil) io=0x68f374 alloc_size=(nil) attr=00000000 sharing=00000005 disp=1 options=00000060 ea=(nil).0x00000000
003c:trace:file:nt_to_unix_file_name_no_root L"\\??\\C:\\windows\\system32\\tzres.dll" -> "/work/stage2-copy/wineprefix/dosdevices/c:/windows/system32/tzres.dll"
003c:trace:file:CreateFileW returning 00000030
0034:trace:file:GetFileAttributesW L"C:\\windows\\system32\\tzres.dll"
0034:trace:file:RtlDosPathNameToNtPathName_U_WithStatus (L"C:\\windows\\system32\\tzres.dll",0067F5E8,00000000,00000000)
0034:trace:file:RtlGetFullPathName_U (L"C:\\windows\\system32\\tzres.dll" 520 0067F3A0 00000000)
0034:trace:file:nt_to_unix_file_name_no_root L"\\??\\C:\\windows\\system32\\tzres.dll" -> "/work/stage2-copy/wineprefix/dosdevices/c:/windows/system32/tzres.dll"
0034:trace:file:RtlGetFullPathName_U (L"C:\\windows\\system32\\tzres.dll" 0 00000000 00000000)
0034:trace:file:RtlGetFullPathName_U (L"C:\\windows\\system32\\tzres.dll" 60 00246B18 00000000)
0034:trace:file:RtlDosPathNameToNtPathName_U_WithStatus (L"C:\\windows\\system32\\tzres.dll",0067F5A0,00000000,00000000)
0034:trace:file:RtlGetFullPathName_U (L"C:\\windows\\system32\\tzres.dll" 520 0067F2BC 00000000)
0034:trace:file:NtCreateFile handle=0x67f44c access=80100000 name=L"\\??\\C:\\windows\\system32\\tzres.dll" objattr=00000040 root=(nil) sec=(nil) io=0x67f458 alloc_size=(nil) attr=00000000 sharing=00000005 disp=1 options=00000060 ea=(nil).0x00000000
0034:trace:file:nt_to_unix_file_name_no_root L"\\??\\C:\\windows\\system32\\tzres.dll" -> "/work/stage2-copy/wineprefix/dosdevices/c:/windows/system32/tzres.dll"
0034:trace:file:NtFsControlFile (0x28,(nil),(nil),(nil),0x67f458,0x0009009c,(nil),0x00000000,0x67f478,0x00000040)
0034:trace:file:RtlDosPathNameToNtPathName_U_WithStatus (L"C:\\windows\\system32\\tzres.dll",0067F2C0,00000000,00000000)
0034:trace:file:RtlGetFullPathName_U (L"C:\\windows\\system32\\tzres.dll" 520 0067F094 00000000)
0034:trace:file:nt_to_unix_file_name_no_root L"\\??\\C:\\windows\\system32\\tzres.dll" -> "/work/stage2-copy/wineprefix/dosdevices/c:/windows/system32/tzres.dll"
0034:trace:file:RtlGetFullPathName_U (L"C:\\windows\\system32\\tzres.dll" 520 0067F3E0 00000000)
0034:trace:file:CreateFileW L"C:\\windows\\system32\\tzres.dll" GENERIC_READ FILE_SHARE_READ FILE_SHARE_DELETE  creation 3 attributes 0x0
0034:trace:file:RtlDosPathNameToNtPathName_U_WithStatus (L"C:\\windows\\system32\\tzres.dll",0067F36C,00000000,00000000)
0034:trace:file:RtlGetFullPathName_U (L"C:\\windows\\system32\\tzres.dll" 520 0067F0E8 00000000)
0034:trace:file:NtCreateFile handle=0x67f368 access=80100080 name=L"\\??\\C:\\windows\\system32\\tzres.dll" objattr=00000040 root=(nil) sec=(nil) io=0x67f374 alloc_size=(nil) attr=00000000 sharing=00000005 disp=1 options=00000060 ea=(nil).0x00000000
0034:trace:file:nt_to_unix_file_name_no_root L"\\??\\C:\\windows\\system32\\tzres.dll" -> "/work/stage2-copy/wineprefix/dosdevices/c:/windows/system32/tzres.dll"
0034:trace:file:CreateFileW returning 00000028
0034:trace:file:RtlDosPathNameToNtPathName_U_WithStatus (L"C:\\windows\\system32\\libgcc_s_dw2-1.dll",0067F898,00000000,00000000)
0034:trace:file:RtlGetFullPathName_U (L"C:\\windows\\system32\\libgcc_s_dw2-1.dll" 520 0067F57C 00000000)
0034:trace:file:NtCreateFile handle=0x67f70c access=80100000 name=L"\\??\\C:\\windows\\system32\\libgcc_s_dw2-1.dll" objattr=00000040 root=(nil) sec=(nil) io=0x67f718 alloc_size=(nil) attr=00000000 sharing=00000005 disp=1 options=00000060 ea=(nil).0x00000000
0034:trace:file:nt_to_unix_file_name_no_root L"windows\\system32\\libgcc_s_dw2-1.dll" not found in "/work/stage2-copy/wineprefix/dosdevices/c:"
0034:warn:file:NtCreateFile L"\\??\\C:\\windows\\system32\\libgcc_s_dw2-1.dll" not found (c0000034)
0034:trace:file:RtlDosPathNameToNtPathName_U_WithStatus (L"C:\\windows\\system32\\libgcc_s_dw2-1.dll",0067F898,00000000,00000000)
0034:trace:file:RtlGetFullPathName_U (L"C:\\windows\\system32\\libgcc_s_dw2-1.dll" 520 0067F57C 00000000)
0034:trace:file:NtCreateFile handle=0x67f70c access=80100000 name=L"\\??\\C:\\windows\\system32\\libgcc_s_dw2-1.dll" objattr=00000040 root=(nil) sec=(nil) io=0x67f718 alloc_size=(nil) attr=00000000 sharing=00000005 disp=1 options=00000060 ea=(nil).0x00000000
0034:trace:file:nt_to_unix_file_name_no_root L"windows\\system32\\libgcc_s_dw2-1.dll" not found in "/work/stage2-copy/wineprefix/dosdevices/c:"
0034:warn:file:NtCreateFile L"\\??\\C:\\windows\\system32\\libgcc_s_dw2-1.dll" not found (c0000034)
0034:trace:file:RtlDosPathNameToNtPathName_U_WithStatus (L"C:\\windows\\system\\libgcc_s_dw2-1.dll",0067F898,00000000,00000000)
0034:trace:file:RtlGetFullPathName_U (L"C:\\windows\\system\\libgcc_s_dw2-1.dll" 520 0067F57C 00000000)
0034:trace:file:NtCreateFile handle=0x67f70c access=80100000 name=L"\\??\\C:\\windows\\system\\libgcc_s_dw2-1.dll" objattr=00000040 root=(nil) sec=(nil) io=0x67f718 alloc_size=(nil) attr=00000000 sharing=00000005 disp=1 options=00000060 ea=(nil).0x00000000
0034:trace:file:nt_to_unix_file_name_no_root L"windows\\system\\libgcc_s_dw2-1.dll" not found in "/work/stage2-copy/wineprefix/dosdevices/c:"
0034:warn:file:NtCreateFile L"\\??\\C:\\windows\\system\\libgcc_s_dw2-1.dll" not found (c0000034)
0034:trace:file:RtlDosPathNameToNtPathName_U_WithStatus (L"C:\\windows\\libgcc_s_dw2-1.dll",0067F898,00000000,00000000)
0034:trace:file:RtlGetFullPathName_U (L"C:\\windows\\libgcc_s_dw2-1.dll" 520 0067F57C 00000000)
0034:trace:file:NtCreateFile handle=0x67f70c access=80100000 name=L"\\??\\C:\\windows\\libgcc_s_dw2-1.dll" objattr=00000040 root=(nil) sec=(nil) io=0x67f718 alloc_size=(nil) attr=00000000 sharing=00000005 disp=1 options=00000060 ea=(nil).0x00000000
0034:trace:file:nt_to_unix_file_name_no_root L"windows\\libgcc_s_dw2-1.dll" not found in "/work/stage2-copy/wineprefix/dosdevices/c:"
0034:warn:file:NtCreateFile L"\\??\\C:\\windows\\libgcc_s_dw2-1.dll" not found (c0000034)
0034:trace:file:RtlDosPathNameToNtPathName_U_WithStatus (L".\\libgcc_s_dw2-1.dll",0067F898,00000000,00000000)
0034:trace:file:RtlGetFullPathName_U (L".\\libgcc_s_dw2-1.dll" 520 0067F57C 00000000)
0034:trace:file:NtCreateFile handle=0x67f70c access=80100000 name=L"\\??\\C:\\windows\\libgcc_s_dw2-1.dll" objattr=00000040 root=(nil) sec=(nil) io=0x67f718 alloc_size=(nil) attr=00000000 sharing=00000005 disp=1 options=00000060 ea=(nil).0x00000000
0034:trace:file:nt_to_unix_file_name_no_root L"windows\\libgcc_s_dw2-1.dll" not found in "/work/stage2-copy/wineprefix/dosdevices/c:"
0034:warn:file:NtCreateFile L"\\??\\C:\\windows\\libgcc_s_dw2-1.dll" not found (c0000034)
0034:trace:file:RtlDosPathNameToNtPathName_U_WithStatus (L"C:\\windows\\system32\\libgcc_s_dw2-1.dll",0067F898,00000000,00000000)
0034:trace:file:RtlGetFullPathName_U (L"C:\\windows\\system32\\libgcc_s_dw2-1.dll" 520 0067F57C 00000000)
0034:trace:file:NtCreateFile handle=0x67f70c access=80100000 name=L"\\??\\C:\\windows\\system32\\libgcc_s_dw2-1.dll" objattr=00000040 root=(nil) sec=(nil) io=0x67f718 alloc_size=(nil) attr=00000000 sharing=00000005 disp=1 options=00000060 ea=(nil).0x00000000
0034:trace:file:nt_to_unix_file_name_no_root L"windows\\system32\\libgcc_s_dw2-1.dll" not found in "/work/stage2-copy/wineprefix/dosdevices/c:"
0034:warn:file:NtCreateFile L"\\??\\C:\\windows\\system32\\libgcc_s_dw2-1.dll" not found (c0000034)
0034:trace:file:RtlDosPathNameToNtPathName_U_WithStatus (L"C:\\windows\\libgcc_s_dw2-1.dll",0067F898,00000000,00000000)
0034:trace:file:RtlGetFullPathName_U (L"C:\\windows\\libgcc_s_dw2-1.dll" 520 0067F57C 00000000)
0034:trace:file:NtCreateFile handle=0x67f70c access=80100000 name=L"\\??\\C:\\windows\\libgcc_s_dw2-1.dll" objattr=00000040 root=(nil) sec=(nil) io=0x67f718 alloc_size=(nil) attr=00000000 sharing=00000005 disp=1 options=00000060 ea=(nil).0x00000000
0034:trace:file:nt_to_unix_file_name_no_root L"windows\\libgcc_s_dw2-1.dll" not found in "/work/stage2-copy/wineprefix/dosdevices/c:"
0034:warn:file:NtCreateFile L"\\??\\C:\\windows\\libgcc_s_dw2-1.dll" not found (c0000034)
0034:trace:file:RtlDosPathNameToNtPathName_U_WithStatus (L"C:\\windows\\system32\\wbem\\libgcc_s_dw2-1.dll",0067F898,00000000,00000000)
0034:trace:file:RtlGetFullPathName_U (L"C:\\windows\\system32\\wbem\\libgcc_s_dw2-1.dll" 520 0067F57C 00000000)
0034:trace:file:NtCreateFile handle=0x67f70c access=80100000 name=L"\\??\\C:\\windows\\system32\\wbem\\libgcc_s_dw2-1.dll" objattr=00000040 root=(nil) sec=(nil) io=0x67f718 alloc_size=(nil) attr=00000000 sharing=00000005 disp=1 options=00000060 ea=(nil).0x00000000
0034:trace:file:nt_to_unix_file_name_no_root L"windows\\system32\\wbem\\libgcc_s_dw2-1.dll" not found in "/work/stage2-copy/wineprefix/dosdevices/c:"
0034:warn:file:NtCreateFile L"\\??\\C:\\windows\\system32\\wbem\\libgcc_s_dw2-1.dll" not found (c0000034)
0034:trace:file:RtlDosPathNameToNtPathName_U_WithStatus (L"C:\\windows\\system32\\WindowsPowershell\\v1.0\\libgcc_s_dw2-1.dll",0067F898,00000000,00000000)
0034:trace:file:RtlGetFullPathName_U (L"C:\\windows\\system32\\WindowsPowershell\\v1.0\\libgcc_s_dw2-1.dll" 520 0067F57C 00000000)
0034:trace:file:NtCreateFile handle=0x67f70c access=80100000 name=L"\\??\\C:\\windows\\system32\\WindowsPowershell\\v1.0\\libgcc_s_dw2-1.dll" objattr=00000040 root=(nil) sec=(nil) io=0x67f718 alloc_size=(nil) attr=00000000 sharing=00000005 disp=1 options=00000060 ea=(nil).0x00000000
0034:trace:file:nt_to_unix_file_name_no_root L"windows\\system32\\WindowsPowershell\\v1.0\\libgcc_s_dw2-1.dll" not found in "/work/stage2-copy/wineprefix/dosdevices/c:"
0034:warn:file:NtCreateFile L"\\??\\C:\\windows\\system32\\WindowsPowershell\\v1.0\\libgcc_s_dw2-1.dll" not found (c0000034)
0034:trace:file:NtCreateFile handle=0x67f744 access=80100000 name=L"\\??\\Z:\\usr\\lib\\i386-linux-gnu\\wine\\i386-windows\\libgcc_s_dw2-1.dll" objattr=00000040 root=(nil) sec=(nil) io=0x67f750 alloc_size=(nil) attr=00000000 sharing=00000005 disp=1 options=00000060 ea=(nil).0x00000000
0034:trace:file:nt_to_unix_file_name_no_root L"usr\\lib\\i386-linux-gnu\\wine\\i386-windows\\libgcc_s_dw2-1.dll" not found in "/work/stage2-copy/wineprefix/dosdevices/z:"
0034:warn:file:NtCreateFile L"\\??\\Z:\\usr\\lib\\i386-linux-gnu\\wine\\i386-windows\\libgcc_s_dw2-1.dll" not found (c0000034)
0034:trace:file:NtCreateFile handle=0x67f744 access=80100000 name=L"\\??\\Z:\\usr\\lib\\i386-linux-gnu\\wine\\libgcc_s_dw2-1.dll" objattr=00000040 root=(nil) sec=(nil) io=0x67f750 alloc_size=(nil) attr=00000000 sharing=00000005 disp=1 options=00000060 ea=(nil).0x00000000
0034:trace:file:nt_to_unix_file_name_no_root L"usr\\lib\\i386-linux-gnu\\wine\\libgcc_s_dw2-1.dll" not found in "/work/stage2-copy/wineprefix/dosdevices/z:"
0034:warn:file:NtCreateFile L"\\??\\Z:\\usr\\lib\\i386-linux-gnu\\wine\\libgcc_s_dw2-1.dll" not found (c0000034)
003c:trace:file:GetFileAttributesW L"C:\\windows\\system32\\tzres.dll"
003c:trace:file:RtlDosPathNameToNtPathName_U_WithStatus (L"C:\\windows\\system32\\tzres.dll",0068F5E8,00000000,00000000)
003c:trace:file:RtlGetFullPathName_U (L"C:\\windows\\system32\\tzres.dll" 520 0068F3A0 00000000)
003c:trace:file:nt_to_unix_file_name_no_root L"\\??\\C:\\windows\\system32\\tzres.dll" -> "/work/stage2-copy/wineprefix/dosdevices/c:/windows/system32/tzres.dll"
003c:trace:file:RtlGetFullPathName_U (L"C:\\windows\\system32\\tzres.dll" 0 00000000 00000000)
003c:trace:file:RtlGetFullPathName_U (L"C:\\windows\\system32\\tzres.dll" 60 00243AE0 00000000)
003c:trace:file:RtlDosPathNameToNtPathName_U_WithStatus (L"C:\\windows\\system32\\tzres.dll",0068F5A0,00000000,00000000)
003c:trace:file:RtlGetFullPathName_U (L"C:\\windows\\system32\\tzres.dll" 520 0068F2BC 00000000)
003c:trace:file:NtCreateFile handle=0x68f44c access=80100000 name=L"\\??\\C:\\windows\\system32\\tzres.dll" objattr=00000040 root=(nil) sec=(nil) io=0x68f458 alloc_size=(nil) attr=00000000 sharing=00000005 disp=1 options=00000060 ea=(nil).0x00000000
003c:trace:file:nt_to_unix_file_name_no_root L"\\??\\C:\\windows\\system32\\tzres.dll" -> "/work/stage2-copy/wineprefix/dosdevices/c:/windows/system32/tzres.dll"
003c:trace:file:NtFsControlFile (0x30,(nil),(nil),(nil),0x68f458,0x0009009c,(nil),0x00000000,0x68f478,0x00000040)
003c:trace:file:RtlDosPathNameToNtPathName_U_WithStatus (L"C:\\windows\\system32\\tzres.dll",0068F2C0,00000000,00000000)
003c:trace:file:RtlGetFullPathName_U (L"C:\\windows\\system32\\tzres.dll" 520 0068F094 00000000)
003c:trace:file:nt_to_unix_file_name_no_root L"\\??\\C:\\windows\\system32\\tzres.dll" -> "/work/stage2-copy/wineprefix/dosdevices/c:/windows/system32/tzres.dll"
003c:trace:file:RtlGetFullPathName_U (L"C:\\windows\\system32\\tzres.dll" 520 0068F3E0 00000000)
003c:trace:file:CreateFileW L"C:\\windows\\system32\\tzres.dll" GENERIC_READ FILE_SHARE_READ FILE_SHARE_DELETE  creation 3 attributes 0x0
003c:trace:file:RtlDosPathNameToNtPathName_U_WithStatus (L"C:\\windows\\system32\\tzres.dll",0068F36C,00000000,00000000)
003c:trace:file:RtlGetFullPathName_U (L"C:\\windows\\system32\\tzres.dll" 520 0068F0E8 00000000)
003c:trace:file:NtCreateFile handle=0x68f368 access=80100080 name=L"\\??\\C:\\windows\\system32\\tzres.dll" objattr=00000040 root=(nil) sec=(nil) io=0x68f374 alloc_size=(nil) attr=00000000 sharing=00000005 disp=1 options=00000060 ea=(nil).0x00000000
003c:trace:file:nt_to_unix_file_name_no_root L"\\??\\C:\\windows\\system32\\tzres.dll" -> "/work/stage2-copy/wineprefix/dosdevices/c:/windows/system32/tzres.dll"
003c:trace:file:CreateFileW returning 00000030
0034:trace:file:nt_to_unix_file_name_no_root L"\\??\\C:\\windows\\fonts\\vgasys.fon" -> "/work/stage2-copy/wineprefix/dosdevices/c:/windows/Fonts/vgasys.fon"
0034:trace:file:find_drive_rootA "/usr/lib/wine/../../share/wine" -> drive Z:, root="/", name="/usr/lib/wine/../../share/wine"
0034:trace:file:nt_to_unix_file_name_no_root L"\\??\\Z:\\usr\\share\\wine\\fonts\\vgasys.fon" -> "/work/stage2-copy/wineprefix/dosdevices/z:/usr/share/wine/fonts/vgasys.fon"
0034:trace:file:nt_to_unix_file_name_no_root L"\\??\\C:\\windows\\fonts\\vgaoem.fon" -> "/work/stage2-copy/wineprefix/dosdevices/c:/windows/Fonts/vgaoem.fon"
0034:trace:file:find_drive_rootA "/usr/lib/wine/../../share/wine" -> drive Z:, root="/", name="/usr/lib/wine/../../share/wine"
0034:trace:file:nt_to_unix_file_name_no_root L"\\??\\Z:\\usr\\share\\wine\\fonts\\vgaoem.fon" -> "/work/stage2-copy/wineprefix/dosdevices/z:/usr/share/wine/fonts/vgaoem.fon"
0034:trace:file:nt_to_unix_file_name_no_root L"\\??\\C:\\windows\\fonts\\vgafix.fon" -> "/work/stage2-copy/wineprefix/dosdevices/c:/windows/Fonts/vgafix.fon"
0034:trace:file:find_drive_rootA "/usr/lib/wine/../../share/wine" -> drive Z:, root="/", name="/usr/lib/wine/../../share/wine"
0034:trace:file:nt_to_unix_file_name_no_root L"\\??\\Z:\\usr\\share\\wine\\fonts\\vgafix.fon" -> "/work/stage2-copy/wineprefix/dosdevices/z:/usr/share/wine/fonts/vgafix.fon"
0034:trace:file:NtCreateFile handle=0x21ce94 access=80100000 name=L"\\??\\C:\\windows\\fonts" objattr=00000040 root=(nil) sec=(nil) io=0x21ce98 alloc_size=(nil) attr=00000000 sharing=00000003 disp=1 options=00004021 ea=(nil).0x00000000
0034:trace:file:nt_to_unix_file_name_no_root L"\\??\\C:\\windows\\fonts" -> "/work/stage2-copy/wineprefix/dosdevices/c:/windows/Fonts"
0034:trace:file:NtQueryDirectoryFile (0x2c (nil) (nil) (nil) 0x21ce98 0x21cec0 0x00002000 0x00000003 0x00000000 <null> 0x00000000
0034:trace:file:append_entry long L"." short L"" mask <null>
0034:trace:file:append_entry long L".." short L"" mask <null>
0034:trace:file:init_cached_dir_data mask <null> found 2 files
0034:trace:file:init_cached_dir_data L"." L""
0034:trace:file:init_cached_dir_data L".." L""
0034:trace:file:NtQueryDirectoryFile => 0 (194)
0034:trace:file:NtQueryDirectoryFile (0x2c (nil) (nil) (nil) 0x21ce98 0x21cec0 0x00002000 0x00000003 0x00000000 <null> 0x00000000
0034:trace:file:NtQueryDirectoryFile => 80000006 (0)
0034:trace:file:find_drive_rootA "/usr/lib/wine/../../share/wine" -> drive Z:, root="/", name="/usr/lib/wine/../../share/wine"
0034:trace:file:NtCreateFile handle=0x21ce94 access=80100000 name=L"\\??\\Z:\\usr\\share\\wine\\fonts" objattr=00000040 root=(nil) sec=(nil) io=0x21ce98 alloc_size=(nil) attr=00000000 sharing=00000003 disp=1 options=00004021 ea=(nil).0x00000000
0034:trace:file:nt_to_unix_file_name_no_root L"\\??\\Z:\\usr\\share\\wine\\fonts" -> "/work/stage2-copy/wineprefix/dosdevices/z:/usr/share/wine/fonts"
0034:trace:file:NtQueryDirectoryFile (0x2c (nil) (nil) (nil) 0x21ce98 0x21cec0 0x00002000 0x00000003 0x00000000 <null> 0x00000000
0034:trace:file:append_entry long L"." short L"" mask <null>
0034:trace:file:append_entry long L".." short L"" mask <null>
0034:trace:file:init_cached_dir_data mask <null> found 2 files
0034:trace:file:init_cached_dir_data L"." L""
0034:trace:file:init_cached_dir_data L".." L""
0034:trace:file:NtQueryDirectoryFile => 0 (194)
0034:trace:file:NtQueryDirectoryFile (0x2c (nil) (nil) (nil) 0x21ce98 0x21cec0 0x00002000 0x00000003 0x00000000 <null> 0x00000000
0034:trace:file:NtQueryDirectoryFile => 80000006 (0)
0034:trace:file:find_drive_rootA "/usr/share/fonts/truetype/dejavu/DejaVuSans-Bold.ttf" -> drive Z:, root="/", name="/usr/share/fonts/truetype/dejavu/DejaVuSans-Bold.ttf"
0034:trace:file:find_drive_rootA "/usr/share/fonts/truetype/dejavu/DejaVuSans.ttf" -> drive Z:, root="/", name="/usr/share/fonts/truetype/dejavu/DejaVuSans.ttf"
0034:trace:file:find_drive_rootA "/usr/share/fonts/truetype/dejavu/DejaVuSansMono-Bold.ttf" -> drive Z:, root="/", name="/usr/share/fonts/truetype/dejavu/DejaVuSansMono-Bold.ttf"
0034:trace:file:find_drive_rootA "/usr/share/fonts/truetype/dejavu/DejaVuSansMono-BoldOblique.ttf" -> drive Z:, root="/", name="/usr/share/fonts/truetype/dejavu/DejaVuSansMono-BoldOblique.ttf"
0034:trace:file:find_drive_rootA "/usr/share/fonts/truetype/dejavu/DejaVuSansMono-Oblique.ttf" -> drive Z:, root="/", name="/usr/share/fonts/truetype/dejavu/DejaVuSansMono-Oblique.ttf"
0034:trace:file:find_drive_rootA "/usr/share/fonts/truetype/dejavu/DejaVuSansMono.ttf" -> drive Z:, root="/", name="/usr/share/fonts/truetype/dejavu/DejaVuSansMono.ttf"
0034:trace:file:find_drive_rootA "/usr/share/fonts/truetype/dejavu/DejaVuSerif-Bold.ttf" -> drive Z:, root="/", name="/usr/share/fonts/truetype/dejavu/DejaVuSerif-Bold.ttf"
0034:trace:file:find_drive_rootA "/usr/share/fonts/truetype/dejavu/DejaVuSerif.ttf" -> drive Z:, root="/", name="/usr/share/fonts/truetype/dejavu/DejaVuSerif.ttf"
0034:trace:file:nt_to_unix_file_name_no_root L"\\??\\C:\\windows\\fonts\\coure.fon" -> "/work/stage2-copy/wineprefix/dosdevices/c:/windows/Fonts/coure.fon"
0034:trace:file:find_drive_rootA "/usr/lib/wine/../../share/wine" -> drive Z:, root="/", name="/usr/lib/wine/../../share/wine"
0034:trace:file:nt_to_unix_file_name_no_root L"\\??\\Z:\\usr\\share\\wine\\fonts\\coure.fon" -> "/work/stage2-copy/wineprefix/dosdevices/z:/usr/share/wine/fonts/coure.fon"
0034:trace:file:nt_to_unix_file_name_no_root L"\\??\\C:\\windows\\fonts\\sserife.fon" -> "/work/stage2-copy/wineprefix/dosdevices/c:/windows/Fonts/sserife.fon"
0034:trace:file:find_drive_rootA "/usr/lib/wine/../../share/wine" -> drive Z:, root="/", name="/usr/lib/wine/../../share/wine"
0034:trace:file:nt_to_unix_file_name_no_root L"\\??\\Z:\\usr\\share\\wine\\fonts\\sserife.fon" -> "/work/stage2-copy/wineprefix/dosdevices/z:/usr/share/wine/fonts/sserife.fon"
0034:trace:file:nt_to_unix_file_name_no_root L"\\??\\C:\\windows\\fonts\\serife.fon" -> "/work/stage2-copy/wineprefix/dosdevices/c:/windows/Fonts/serife.fon"
0034:trace:file:find_drive_rootA "/usr/lib/wine/../../share/wine" -> drive Z:, root="/", name="/usr/lib/wine/../../share/wine"
0034:trace:file:nt_to_unix_file_name_no_root L"\\??\\Z:\\usr\\share\\wine\\fonts\\serife.fon" -> "/work/stage2-copy/wineprefix/dosdevices/z:/usr/share/wine/fonts/serife.fon"
0034:trace:file:nt_to_unix_file_name_no_root L"\\??\\C:\\windows\\fonts\\smalle.fon" -> "/work/stage2-copy/wineprefix/dosdevices/c:/windows/Fonts/smalle.fon"
0034:trace:file:find_drive_rootA "/usr/lib/wine/../../share/wine" -> drive Z:, root="/", name="/usr/lib/wine/../../share/wine"
0034:trace:file:nt_to_unix_file_name_no_root L"\\??\\Z:\\usr\\share\\wine\\fonts\\smalle.fon" -> "/work/stage2-copy/wineprefix/dosdevices/z:/usr/share/wine/fonts/smalle.fon"
003c:trace:file:RtlDosPathNameToNtPathName_U_WithStatus (L"\\\\.\\pipe\\svcctl",0068F7F8,00000000,00000000)
003c:trace:file:RtlGetFullPathName_U (L"\\\\.\\pipe\\svcctl" 520 0068F564 00000000)
003c:trace:file:NtCreateNamedPipeFile (0x68f7ec c0100000 L"\\??\\pipe\\svcctl" 0x68f800 3 3 0 1 1 0 -1 5840 5840 0x68f7f0)
0040:trace:file:NtFsControlFile (0xa0,0xb4,(nil),(nil),0x9f5d5c,0x00110008,(nil),0x00000000,(nil),0x00000000)
003c:trace:file:RtlDosPathNameToNtPathName_U_WithStatus (L"\\\\.\\pipe\\net\\NtControlPipe0",0068F5C0,00000000,00000000)
003c:trace:file:RtlGetFullPathName_U (L"\\\\.\\pipe\\net\\NtControlPipe0" 520 0068F32C 00000000)
003c:trace:file:NtCreateNamedPipeFile (0x68f5b4 c0100000 L"\\??\\pipe\\net\\NtControlPipe0" 0x68f5c8 3 3 0 0 0 0 1 256 256 0x68f5b8)
0034:trace:file:RtlDosPathNameToNtPathName_U_WithStatus (L"C:\\windows\\system32\\imm32.dll",0067F8BC,00000000,00000000)
0034:trace:file:RtlGetFullPathName_U (L"C:\\windows\\system32\\imm32.dll" 520 0067F568 00000000)
0034:trace:file:NtCreateFile handle=0x67f6f4 access=80100000 name=L"\\??\\C:\\windows\\system32\\imm32.dll" objattr=00000040 root=(nil) sec=(nil) io=0x67f700 alloc_size=(nil) attr=00000000 sharing=00000005 disp=1 options=00000060 ea=(nil).0x00000000
0034:trace:file:nt_to_unix_file_name_no_root L"\\??\\C:\\windows\\system32\\imm32.dll" -> "/work/stage2-copy/wineprefix/dosdevices/c:/windows/system32/imm32.dll"
0034:trace:file:NtFsControlFile (0x64,(nil),(nil),(nil),0x67f700,0x0009009c,(nil),0x00000000,0x67f720,0x00000040)
0034:trace:file:GetFileAttributesW L"C:\\users\\ubuntu\\Desktop"
0034:trace:file:RtlDosPathNameToNtPathName_U_WithStatus (L"C:\\users\\ubuntu\\Desktop",0067F930,00000000,00000000)
0034:trace:file:RtlGetFullPathName_U (L"C:\\users\\ubuntu\\Desktop" 520 0067F6E8 00000000)
0034:trace:file:nt_to_unix_file_name_no_root L"\\??\\C:\\users\\ubuntu\\Desktop" -> "/work/stage2-copy/wineprefix/dosdevices/c:/users/ubuntu/Desktop"
0034:trace:file:CreateDirectoryW L"\\\\?\\Z:\\work"
0034:trace:file:RtlDosPathNameToNtPathName_U_WithStatus (L"\\\\?\\Z:\\work",0067FDE4,00000000,00000000)
0034:trace:file:NtCreateFile handle=0x67fde0 access=80100000 name=L"\\??\\Z:\\work" objattr=00000040 root=(nil) sec=(nil) io=0x67fdec alloc_size=(nil) attr=00000080 sharing=00000001 disp=2 options=00000021 ea=(nil).0x00000000
0034:trace:file:nt_to_unix_file_name_no_root L"work" not found in "/work/stage2-copy/wineprefix/dosdevices/z:"
0034:warn:file:NtCreateFile L"\\??\\Z:\\work" not found (c0000035)
0034:trace:file:CreateDirectoryW L"\\\\?\\Z:\\work\\home"
0034:trace:file:RtlDosPathNameToNtPathName_U_WithStatus (L"\\\\?\\Z:\\work\\home",0067FDE4,00000000,00000000)
0034:trace:file:NtCreateFile handle=0x67fde0 access=80100000 name=L"\\??\\Z:\\work\\home" objattr=00000040 root=(nil) sec=(nil) io=0x67fdec alloc_size=(nil) attr=00000080 sharing=00000001 disp=2 options=00000021 ea=(nil).0x00000000
0034:trace:file:nt_to_unix_file_name_no_root L"work\\home" not found in "/work/stage2-copy/wineprefix/dosdevices/z:"
0034:warn:file:NtCreateFile L"\\??\\Z:\\work\\home" not found (c0000035)
0034:trace:file:CreateDirectoryW L"\\\\?\\Z:\\work\\home\\.config"
0034:trace:file:RtlDosPathNameToNtPathName_U_WithStatus (L"\\\\?\\Z:\\work\\home\\.config",0067FDE4,00000000,00000000)
0034:trace:file:NtCreateFile handle=0x67fde0 access=80100000 name=L"\\??\\Z:\\work\\home\\.config" objattr=00000040 root=(nil) sec=(nil) io=0x67fdec alloc_size=(nil) attr=00000080 sharing=00000001 disp=2 options=00000021 ea=(nil).0x00000000
0034:trace:file:nt_to_unix_file_name_no_root L"work\\home\\.config" not found in "/work/stage2-copy/wineprefix/dosdevices/z:"
0034:warn:file:NtCreateFile L"\\??\\Z:\\work\\home\\.config" not found (c0000035)
0034:trace:file:CreateDirectoryW L"\\\\?\\Z:\\work\\home\\.config\\menus"
0034:trace:file:RtlDosPathNameToNtPathName_U_WithStatus (L"\\\\?\\Z:\\work\\home\\.config\\menus",0067FDE4,00000000,00000000)
0034:trace:file:NtCreateFile handle=0x67fde0 access=80100000 name=L"\\??\\Z:\\work\\home\\.config\\menus" objattr=00000040 root=(nil) sec=(nil) io=0x67fdec alloc_size=(nil) attr=00000080 sharing=00000001 disp=2 options=00000021 ea=(nil).0x00000000
0034:trace:file:nt_to_unix_file_name_no_root L"work\\home\\.config\\menus" not found in "/work/stage2-copy/wineprefix/dosdevices/z:"
0034:warn:file:NtCreateFile L"\\??\\Z:\\work\\home\\.config\\menus" not found (c0000035)
0034:trace:file:CreateDirectoryW L"\\\\?\\Z:\\work\\home\\.config\\menus\\applications-merged"
0034:trace:file:RtlDosPathNameToNtPathName_U_WithStatus (L"\\\\?\\Z:\\work\\home\\.config\\menus\\applications-merged",0067FDE4,00000000,00000000)
0034:trace:file:NtCreateFile handle=0x67fde0 access=80100000 name=L"\\??\\Z:\\work\\home\\.config\\menus\\applications-merged" objattr=00000040 root=(nil) sec=(nil) io=0x67fdec alloc_size=(nil) attr=00000080 sharing=00000001 disp=2 options=00000021 ea=(nil).0x00000000
0034:trace:file:nt_to_unix_file_name_no_root L"work\\home\\.config\\menus\\applications-merged" not found in "/work/stage2-copy/wineprefix/dosdevices/z:"
0034:warn:file:NtCreateFile L"\\??\\Z:\\work\\home\\.config\\menus\\applications-merged" not found (c0000035)
0034:trace:file:CreateDirectoryW L"\\\\?\\Z:\\work"
0034:trace:file:RtlDosPathNameToNtPathName_U_WithStatus (L"\\\\?\\Z:\\work",0067FDE4,00000000,00000000)
0034:trace:file:NtCreateFile handle=0x67fde0 access=80100000 name=L"\\??\\Z:\\work" objattr=00000040 root=(nil) sec=(nil) io=0x67fdec alloc_size=(nil) attr=00000080 sharing=00000001 disp=2 options=00000021 ea=(nil).0x00000000
0034:trace:file:nt_to_unix_file_name_no_root L"work" not found in "/work/stage2-copy/wineprefix/dosdevices/z:"
0034:warn:file:NtCreateFile L"\\??\\Z:\\work" not found (c0000035)
0034:trace:file:CreateDirectoryW L"\\\\?\\Z:\\work\\home"
0034:trace:file:RtlDosPathNameToNtPathName_U_WithStatus (L"\\\\?\\Z:\\work\\home",0067FDE4,00000000,00000000)
0034:trace:file:NtCreateFile handle=0x67fde0 access=80100000 name=L"\\??\\Z:\\work\\home" objattr=00000040 root=(nil) sec=(nil) io=0x67fdec alloc_size=(nil) attr=00000080 sharing=00000001 disp=2 options=00000021 ea=(nil).0x00000000
0034:trace:file:nt_to_unix_file_name_no_root L"work\\home" not found in "/work/stage2-copy/wineprefix/dosdevices/z:"
0034:warn:file:NtCreateFile L"\\??\\Z:\\work\\home" not found (c0000035)
0034:trace:file:CreateDirectoryW L"\\\\?\\Z:\\work\\home\\.local"
0034:trace:file:RtlDosPathNameToNtPathName_U_WithStatus (L"\\\\?\\Z:\\work\\home\\.local",0067FDE4,00000000,00000000)
0034:trace:file:NtCreateFile handle=0x67fde0 access=80100000 name=L"\\??\\Z:\\work\\home\\.local" objattr=00000040 root=(nil) sec=(nil) io=0x67fdec alloc_size=(nil) attr=00000080 sharing=00000001 disp=2 options=00000021 ea=(nil).0x00000000
0034:trace:file:nt_to_unix_file_name_no_root L"work\\home\\.local" not found in "/work/stage2-copy/wineprefix/dosdevices/z:"
0034:warn:file:NtCreateFile L"\\??\\Z:\\work\\home\\.local" not found (c0000035)
0034:trace:file:CreateDirectoryW L"\\\\?\\Z:\\work\\home\\.local\\share"
0034:trace:file:RtlDosPathNameToNtPathName_U_WithStatus (L"\\\\?\\Z:\\work\\home\\.local\\share",0067FDE4,00000000,00000000)
0034:trace:file:NtCreateFile handle=0x67fde0 access=80100000 name=L"\\??\\Z:\\work\\home\\.local\\share" objattr=00000040 root=(nil) sec=(nil) io=0x67fdec alloc_size=(nil) attr=00000080 sharing=00000001 disp=2 options=00000021 ea=(nil).0x00000000
0034:trace:file:nt_to_unix_file_name_no_root L"work\\home\\.local\\share" not found in "/work/stage2-copy/wineprefix/dosdevices/z:"
0034:warn:file:NtCreateFile L"\\??\\Z:\\work\\home\\.local\\share" not found (c0000035)
0034:trace:file:CreateDirectoryW L"\\\\?\\Z:\\work\\home\\.local\\share\\desktop-directories"
0034:trace:file:RtlDosPathNameToNtPathName_U_WithStatus (L"\\\\?\\Z:\\work\\home\\.local\\share\\desktop-directories",0067FDE4,00000000,00000000)
0034:trace:file:NtCreateFile handle=0x67fde0 access=80100000 name=L"\\??\\Z:\\work\\home\\.local\\share\\desktop-directories" objattr=00000040 root=(nil) sec=(nil) io=0x67fdec alloc_size=(nil) attr=00000080 sharing=00000001 disp=2 options=00000021 ea=(nil).0x00000000
0034:trace:file:nt_to_unix_file_name_no_root L"work\\home\\.local\\share\\desktop-directories" not found in "/work/stage2-copy/wineprefix/dosdevices/z:"
0034:warn:file:NtCreateFile L"\\??\\Z:\\work\\home\\.local\\share\\desktop-directories" not found (c0000035)
0034:trace:file:nt_to_unix_file_name_no_root L"\\??\\C:\\windows\\system32\\" -> "/work/stage2-copy/wineprefix/dosdevices/c:/windows/system32/"
0034:trace:file:nt_to_unix_file_name_no_root L"\\??\\C:\\windows\\system32\\explorer.exe" -> "/work/stage2-copy/wineprefix/dosdevices/c:/windows/system32/explorer.exe"
003c:trace:file:RtlDosPathNameToNtPathName_U_WithStatus (L"C:\\windows\\system32\\winedevice.exe",0068EFB0,00000000,00000000)
003c:trace:file:RtlGetFullPathName_U (L"C:\\windows\\system32\\winedevice.exe" 520 0068ED84 00000000)
003c:trace:file:nt_to_unix_file_name_no_root L"\\??\\C:\\windows\\system32\\winedevice.exe" -> "/work/stage2-copy/wineprefix/dosdevices/c:/windows/system32/winedevice.exe"
003c:trace:file:RtlGetFullPathName_U (L"C:\\windows\\system32\\winedevice.exe" 520 0068F1A8 00000000)
003c:trace:file:CreateFileW L"C:\\windows\\system32\\winedevice.exe" GENERIC_READ FILE_SHARE_READ FILE_SHARE_DELETE  creation 3 attributes 0x0
003c:trace:file:RtlDosPathNameToNtPathName_U_WithStatus (L"C:\\windows\\system32\\winedevice.exe",0068F05C,00000000,00000000)
003c:trace:file:RtlGetFullPathName_U (L"C:\\windows\\system32\\winedevice.exe" 520 0068EDD8 00000000)
003c:trace:file:NtCreateFile handle=0x68f058 access=80100080 name=L"\\??\\C:\\windows\\system32\\winedevice.exe" objattr=00000040 root=(nil) sec=(nil) io=0x68f064 alloc_size=(nil) attr=00000000 sharing=00000005 disp=1 options=00000060 ea=(nil).0x00000000
003c:trace:file:nt_to_unix_file_name_no_root L"\\??\\C:\\windows\\system32\\winedevice.exe" -> "/work/stage2-copy/wineprefix/dosdevices/c:/windows/system32/winedevice.exe"
003c:trace:file:CreateFileW returning 000000CC
003c:trace:file:GetLongPathNameW L"C:\\windows\\system32\\winedevice.exe",0068F3B0,260
003c:trace:file:FindFirstFileExW L"C:\\windows" 0 0068E678 0 00000000 0
003c:trace:file:RtlDosPathNameToNtPathName_U_WithStatus (L"C:\\windows",0068E600,0068E5FC,00000000)
003c:trace:file:RtlGetFullPathName_U (L"C:\\windows" 520 0068E390 0068E5FC)
003c:trace:file:NtCreateFile handle=0x246464 access=00100001 name=L"\\??\\C:\\" objattr=00000040 root=(nil) sec=(nil) io=0x68e608 alloc_size=(nil) attr=00000000 sharing=00000003 disp=1 options=00004021 ea=(nil).0x00000000
003c:trace:file:nt_to_unix_file_name_no_root L"\\??\\C:\\" -> "/work/stage2-copy/wineprefix/dosdevices/c:/"
003c:trace:file:NtQueryDirectoryFile (0xcc (nil) (nil) (nil) 0x68e608 0x2464a8 0x0000025e 0x00000003 0x00000000 L"windows" 0x00000001
003c:trace:file:read_directory_data_stat found windows
003c:trace:file:append_entry long L"windows" short L"" mask <null>
003c:trace:file:init_cached_dir_data mask L"windows" found 1 files
003c:trace:file:init_cached_dir_data L"windows" L""
003c:trace:file:NtQueryDirectoryFile => 0 (108)
003c:trace:file:FindNextFileW 00246460 0068E678
003c:trace:file:FindNextFileW returning L"windows" (L"")
003c:trace:file:FindFirstFileExW L"C:\\windows\\system32" 0 0068E678 0 00000000 0
003c:trace:file:RtlDosPathNameToNtPathName_U_WithStatus (L"C:\\windows\\system32",0068E600,0068E5FC,00000000)
003c:trace:file:RtlGetFullPathName_U (L"C:\\windows\\system32" 520 0068E390 0068E5FC)
003c:trace:file:NtCreateFile handle=0x2464a4 access=00100001 name=L"\\??\\C:\\windows\\" objattr=00000040 root=(nil) sec=(nil) io=0x68e608 alloc_size=(nil) attr=00000000 sharing=00000003 disp=1 options=00004021 ea=(nil).0x00000000
003c:trace:file:nt_to_unix_file_name_no_root L"\\??\\C:\\windows\\" -> "/work/stage2-copy/wineprefix/dosdevices/c:/windows/"
003c:trace:file:NtQueryDirectoryFile (0xcc (nil) (nil) (nil) 0x68e608 0x2464e8 0x0000025e 0x00000003 0x00000000 L"system32" 0x00000001
003c:trace:file:read_directory_data_stat found system32
003c:trace:file:append_entry long L"system32" short L"" mask <null>
003c:trace:file:init_cached_dir_data mask L"system32" found 1 files
003c:trace:file:init_cached_dir_data L"system32" L""
003c:trace:file:NtQueryDirectoryFile => 0 (110)
003c:trace:file:FindNextFileW 002464A0 0068E678
003c:trace:file:FindNextFileW returning L"system32" (L"")
003c:trace:file:FindFirstFileExW L"C:\\windows\\system32\\winedevice.exe" 0 0068E678 0 00000000 0
003c:trace:file:RtlDosPathNameToNtPathName_U_WithStatus (L"C:\\windows\\system32\\winedevice.exe",0068E600,0068E5FC,00000000)
003c:trace:file:RtlGetFullPathName_U (L"C:\\windows\\system32\\winedevice.exe" 520 0068E390 0068E5FC)
003c:trace:file:NtCreateFile handle=0x2464c4 access=00100001 name=L"\\??\\C:\\windows\\system32\\" objattr=00000040 root=(nil) sec=(nil) io=0x68e608 alloc_size=(nil) attr=00000000 sharing=00000003 disp=1 options=00004021 ea=(nil).0x00000000
003c:trace:file:nt_to_unix_file_name_no_root L"\\??\\C:\\windows\\system32\\" -> "/work/stage2-copy/wineprefix/dosdevices/c:/windows/system32/"
003c:trace:file:NtQueryDirectoryFile (0xcc (nil) (nil) (nil) 0x68e608 0x246508 0x0000025e 0x00000003 0x00000000 L"winedevice.exe" 0x00000001
003c:trace:file:read_directory_data_stat found winedevice.exe
003c:trace:file:append_entry long L"winedevice.exe" short L"WINE~X4P.EXE" mask <null>
003c:trace:file:init_cached_dir_data mask L"winedevice.exe" found 1 files
003c:trace:file:init_cached_dir_data L"winedevice.exe" L"WINE~X4P.EXE"
003c:trace:file:NtQueryDirectoryFile => 0 (122)
003c:trace:file:FindNextFileW 002464C0 0068E678
003c:trace:file:FindNextFileW returning L"winedevice.exe" (L"WINE~X4P.EXE")
003c:trace:file:GetLongPathNameW returning L"C:\\windows\\system32\\winedevice.exe"
003c:trace:file:RtlGetFullPathName_U (L"C:\\windows\\system32\\winedevice.exe" 520 0068F3B0 00000000)
003c:trace:file:RtlDosPathNameToNtPathName_U_WithStatus (L"C:\\windows\\system32\\winedevice.exe",0068EFA0,00000000,00000000)
003c:trace:file:RtlGetFullPathName_U (L"C:\\windows\\system32\\winedevice.exe" 520 0068ED30 00000000)
003c:trace:file:nt_to_unix_file_name_no_root L"\\??\\C:\\windows\\" -> "/work/stage2-copy/wineprefix/dosdevices/c:/windows/"
003c:trace:file:nt_to_unix_file_name_no_root L"\\??\\C:\\windows\\system32\\winedevice.exe" -> "/work/stage2-copy/wineprefix/dosdevices/c:/windows/system32/winedevice.exe"
0048:trace:file:find_drive_rootA "/usr/lib/wine/../../share/wine" -> drive Z:, root="/", name="/usr/lib/wine/../../share/wine"
0048:trace:file:find_drive_rootA "/work/home" -> drive Z:, root="/", name="/work/home"
0048:trace:file:find_drive_rootA "/work/stage2-copy/wineprefix" -> drive Z:, root="/", name="/work/stage2-copy/wineprefix"
0048:trace:file:find_drive_rootA "/usr/lib/i386-linux-gnu/wine" -> drive Z:, root="/", name="/usr/lib/i386-linux-gnu/wine"
0048:trace:file:nt_to_unix_file_name_no_root L"\\??\\C:\\windows\\system32\\explorer.exe" -> "/work/stage2-copy/wineprefix/dosdevices/c:/windows/system32/explorer.exe"
0048:trace:file:errno_to_status errno = 9
0048:trace:file:RtlDosPathNameToNtPathName_U_WithStatus (L"C:\\windows\\system32\\",0069FBC0,00000000,00000000)
0048:trace:file:RtlGetFullPathName_U (L"C:\\windows\\system32\\" 520 0069F974 00000000)
0048:trace:file:NtCreateFile handle=0x69fbb4 access=00100020 name=L"\\??\\C:\\windows\\system32\\" objattr=00000040 root=(nil) sec=(nil) io=0x69fbc8 alloc_size=(nil) attr=00000000 sharing=00000003 disp=1 options=00000021 ea=(nil).0x00000000
0048:trace:file:nt_to_unix_file_name_no_root L"\\??\\C:\\windows\\system32\\" -> "/work/stage2-copy/wineprefix/dosdevices/c:/windows/system32/"
0048:trace:file:RtlSetCurrentDirectory_U curdir now L"C:\\windows\\system32\\" 00000014
0048:trace:file:RtlDosPathNameToNtPathName_U_WithStatus (L"C:\\windows\\system32\\explorer.exe",0069FC88,00000000,00000000)
0048:trace:file:RtlGetFullPathName_U (L"C:\\windows\\system32\\explorer.exe" 520 0069FA20 00000000)
0048:trace:file:RtlDosPathNameToNtPathName_U_WithStatus (L"C:\\windows\\system32\\kernel32.dll",0069FB94,00000000,00000000)
0048:trace:file:RtlGetFullPathName_U (L"C:\\windows\\system32\\kernel32.dll" 520 0069F840 00000000)
0048:trace:file:NtCreateFile handle=0x69f9cc access=80100000 name=L"\\??\\C:\\windows\\system32\\kernel32.dll" objattr=00000040 root=(nil) sec=(nil) io=0x69f9d8 alloc_size=(nil) attr=00000000 sharing=00000005 disp=1 options=00000060 ea=(nil).0x00000000
0048:trace:file:nt_to_unix_file_name_no_root L"\\??\\C:\\windows\\system32\\kernel32.dll" -> "/work/stage2-copy/wineprefix/dosdevices/c:/windows/system32/kernel32.dll"
0048:trace:file:NtFsControlFile (0x18,(nil),(nil),(nil),0x69f9d8,0x0009009c,(nil),0x00000000,0x69f9f8,0x00000040)
0050:trace:file:find_drive_rootA "/usr/lib/wine/../../share/wine" -> drive Z:, root="/", name="/usr/lib/wine/../../share/wine"
0050:trace:file:find_drive_rootA "/work/home" -> drive Z:, root="/", name="/work/home"
0050:trace:file:find_drive_rootA "/work/stage2-copy/wineprefix" -> drive Z:, root="/", name="/work/stage2-copy/wineprefix"
0050:trace:file:find_drive_rootA "/usr/lib/i386-linux-gnu/wine" -> drive Z:, root="/", name="/usr/lib/i386-linux-gnu/wine"
0048:trace:file:RtlDosPathNameToNtPathName_U_WithStatus (L"C:\\windows\\system32\\kernelbase.dll",0069F734,00000000,00000000)
0050:trace:file:nt_to_unix_file_name_no_root L"\\??\\C:\\windows\\system32\\winedevice.exe" -> "/work/stage2-copy/wineprefix/dosdevices/c:/windows/system32/winedevice.exe"
0048:trace:file:RtlGetFullPathName_U (L"C:\\windows\\system32\\kernelbase.dll" 520 0069F3E0 00000000)
0048:trace:file:NtCreateFile handle=0x69f56c access=80100000 name=L"\\??\\C:\\windows\\system32\\kernelbase.dll" objattr=00000040 root=(nil) sec=(nil) io=0x69f578 alloc_size=(nil) attr=00000000 sharing=00000005 disp=1 options=00000060 ea=(nil).0x00000000
0048:trace:file:nt_to_unix_file_name_no_root L"\\??\\C:\\windows\\system32\\kernelbase.dll" -> "/work/stage2-copy/wineprefix/dosdevices/c:/windows/system32/kernelbase.dll"
0048:trace:file:NtFsControlFile (0x18,(nil),(nil),(nil),0x69f578,0x0009009c,(nil),0x00000000,0x69f598,0x00000040)
0048:trace:file:RtlDosPathNameToNtPathName_U_WithStatus (L"C:\\windows\\winsxs\\manifests",0069FB78,00000000,00000000)
0048:trace:file:RtlGetFullPathName_U (L"C:\\windows\\winsxs\\manifests" 520 0069F8E0 00000000)
0048:trace:file:NtCreateFile handle=0x69fb6c access=80100000 name=L"\\??\\C:\\windows\\winsxs\\manifests" objattr=00000040 root=(nil) sec=(nil) io=0x69fb80 alloc_size=(nil) attr=00000000 sharing=00000003 disp=1 options=00000021 ea=(nil).0x00000000
0048:trace:file:nt_to_unix_file_name_no_root L"\\??\\C:\\windows\\winsxs\\manifests" -> "/work/stage2-copy/wineprefix/dosdevices/c:/windows/winsxs/manifests"
0048:trace:file:NtQueryDirectoryFile (0x18 (nil) (nil) (nil) 0x69daf8 0x69db00 0x00002000 0x00000003 0x00000000 L"x86_Microsoft.Windows.Common-Controls_6595b64144ccf1df_6.0.*.*_*_*.manifest" 0x00000001
0050:trace:file:errno_to_status errno = 9
0048:trace:file:append_entry long L"." short L"" mask L"x86_Microsoft.Windows.Common-Controls_6595b64144ccf1df_6.0.*.*_*_*.manifest"
0048:trace:file:append_entry long L".." short L"" mask L"x86_Microsoft.Windows.Common-Controls_6595b64144ccf1df_6.0.*.*_*_*.manifest"
0048:trace:file:append_entry long L"x86_microsoft.windows.gdiplus_6595b64144ccf1df_1.1.7601.23038_none_deadbeef.manifest" short L"X86_~XYY.MAN" mask L"x86_Microsoft.Windows.Common-Controls_6595b64144ccf1df_6.0.*.*_*_*.manifest"
0048:trace:file:append_entry long L"x86_microsoft.windows.gdiplus_6595b64144ccf1df_1.0.6000.16386_none_deadbeef.manifest" short L"X86_~ONA.MAN" mask L"x86_Microsoft.Windows.Common-Controls_6595b64144ccf1df_6.0.*.*_*_*.manifest"
0048:trace:file:append_entry long L"x86_microsoft.vc90.atl_1fc8b3b9a1e18e3b_9.0.30729.6161_none_deadbeef.manifest" short L"X86_~NC2.MAN" mask L"x86_Microsoft.Windows.Common-Controls_6595b64144ccf1df_6.0.*.*_*_*.manifest"
0048:trace:file:append_entry long L"x86_microsoft.vc80.crt_1fc8b3b9a1e18e3b_8.0.50727.9672_none_deadbeef.manifest" short L"X86_~Z2Z.MAN" mask L"x86_Microsoft.Windows.Common-Controls_6595b64144ccf1df_6.0.*.*_*_*.manifest"
0048:trace:file:append_entry long L"x86_microsoft-windows-msxml60_31bf3856ad364e35_6.0.6000.16386_none_deadbeef.manifest" short L"X86_~1FP.MAN" mask L"x86_Microsoft.Windows.Common-Controls_6595b64144ccf1df_6.0.*.*_*_*.manifest"
0048:trace:file:append_entry long L"x86_microsoft.msxml2_6bd6b9abf345378f_4.1.0.0_none_deadbeef.manifest" short L"X86_~VOG.MAN" mask L"x86_Microsoft.Windows.Common-Controls_6595b64144ccf1df_6.0.*.*_*_*.manifest"
0048:trace:file:append_entry long L"x86_microsoft-windows-msxml30_31bf3856ad364e35_6.0.6000.16386_none_deadbeef.manifest" short L"X86_~0MC.MAN" mask L"x86_Microsoft.Windows.Common-Controls_6595b64144ccf1df_6.0.*.*_*_*.manifest"
0048:trace:file:append_entry long L"x86_microsoft.vc90.crt_1fc8b3b9a1e18e3b_9.0.30729.6161_none_deadbeef.manifest" short L"X86_~OPR.MAN" mask L"x86_Microsoft.Windows.Common-Controls_6595b64144ccf1df_6.0.*.*_*_*.manifest"
0048:trace:file:append_entry long L"x86_microsoft.vc80.atl_1fc8b3b9a1e18e3b_8.0.50727.4053_none_deadbeef.manifest" short L"X86_~WTM.MAN" mask L"x86_Microsoft.Windows.Common-Controls_6595b64144ccf1df_6.0.*.*_*_*.manifest"
0048:trace:file:append_entry long L"x86_microsoft.windows.common-controls_6595b64144ccf1df_6.0.2600.2982_none_deadbeef.manifest" short L"X86_~KQS.MAN" mask L"x86_Microsoft.Windows.Common-Controls_6595b64144ccf1df_6.0.*.*_*_*.manifest"
0048:trace:file:init_cached_dir_data mask L"x86_Microsoft.Windows.Common-Controls_6595b64144ccf1df_6.0.*.*_*_*.manifest" found 1 files
0048:trace:file:init_cached_dir_data L"x86_microsoft.windows.common-controls_6595b64144ccf1df_6.0.2600.2982_none_deadbeef.manifest" L"X86_~KQS.MAN"
0048:trace:file:NtQueryDirectoryFile => 0 (276)
003c:trace:file:NtFsControlFile (0xc8,0xc4,(nil),0x68f8e4,0x68f8e4,0x00110008,(nil),0x00000000,(nil),0x00000000)
0048:trace:file:NtQueryDirectoryFile (0x18 (nil) (nil) (nil) 0x69daf8 0x69db00 0x00002000 0x00000003 0x00000000 L"x86_Microsoft.Windows.Common-Controls_6595b64144ccf1df_6.0.*.*_*_*.manifest" 0x00000000
0050:trace:file:RtlDosPathNameToNtPathName_U_WithStatus (L"C:\\windows\\",0061FBC0,00000000,00000000)
0050:trace:file:RtlGetFullPathName_U (L"C:\\windows\\" 520 0061F974 00000000)
0050:trace:file:NtCreateFile handle=0x61fbb4 access=00100020 name=L"\\??\\C:\\windows\\" objattr=00000040 root=(nil) sec=(nil) io=0x61fbc8 alloc_size=(nil) attr=00000000 sharing=00000003 disp=1 options=00000021 ea=(nil).0x00000000
0050:trace:file:nt_to_unix_file_name_no_root L"\\??\\C:\\windows\\" -> "/work/stage2-copy/wineprefix/dosdevices/c:/windows/"
0048:trace:file:NtQueryDirectoryFile => 80000006 (0)
0050:trace:file:RtlSetCurrentDirectory_U curdir now L"C:\\windows\\" 0000000C
0048:trace:file:NtCreateFile handle=0x69fb6c access=80100000 name=L"\\??\\C:\\windows\\winsxs\\manifests\\x86_microsoft.windows.common-controls_6595b64144ccf1df_6.0.2600.2982_none_deadbeef.manifest" objattr=00000040 root=(nil) sec=(nil) io=0x69fb88 alloc_size=(nil) attr=00000000 sharing=00000005 disp=1 options=00000010 ea=(nil).0x00000000
0048:trace:file:nt_to_unix_file_name_no_root L"\\??\\C:\\windows\\winsxs\\manifests\\x86_microsoft.windows.common-controls_6595b64144ccf1df_6.0.2600.2982_none_deadbeef.manifest" -> "/work/stage2-copy/wineprefix/dosdevices/c:/windows/winsxs/manifests/x86_microsoft.windows.common-controls_6595b64144ccf1df_6.0.2600.2982_none_deadbeef.manifest"
0048:trace:file:NtQueryInformationFile (0x18,0x69fad0,0x69fab8,0x00000008,0x00000014)
0050:trace:file:RtlDosPathNameToNtPathName_U_WithStatus (L"C:\\windows\\system32\\winedevice.exe",0061FC88,00000000,00000000)
0050:trace:file:RtlGetFullPathName_U (L"C:\\windows\\system32\\winedevice.exe" 520 0061FA20 00000000)
0050:trace:file:RtlDosPathNameToNtPathName_U_WithStatus (L"C:\\windows\\system32\\kernel32.dll",0061FB94,00000000,00000000)
0050:trace:file:RtlGetFullPathName_U (L"C:\\windows\\system32\\kernel32.dll" 520 0061F840 00000000)
0050:trace:file:NtCreateFile handle=0x61f9cc access=80100000 name=L"\\??\\C:\\windows\\system32\\kernel32.dll" objattr=00000040 root=(nil) sec=(nil) io=0x61f9d8 alloc_size=(nil) attr=00000000 sharing=00000005 disp=1 options=00000060 ea=(nil).0x00000000
0050:trace:file:nt_to_unix_file_name_no_root L"\\??\\C:\\windows\\system32\\kernel32.dll" -> "/work/stage2-copy/wineprefix/dosdevices/c:/windows/system32/kernel32.dll"
0050:trace:file:NtFsControlFile (0x10,(nil),(nil),(nil),0x61f9d8,0x0009009c,(nil),0x00000000,0x61f9f8,0x00000040)
0048:trace:file:RtlDosPathNameToNtPathName_U_WithStatus (L"C:\\windows\\system32\\advapi32.dll",0069F88C,00000000,00000000)
0048:trace:file:RtlGetFullPathName_U (L"C:\\windows\\system32\\advapi32.dll" 520 0069F538 00000000)
0048:trace:file:NtCreateFile handle=0x69f6c4 access=80100000 name=L"\\??\\C:\\windows\\system32\\advapi32.dll" objattr=00000040 root=(nil) sec=(nil) io=0x69f6d0 alloc_size=(nil) attr=00000000 sharing=00000005 disp=1 options=00000060 ea=(nil).0x00000000
0048:trace:file:nt_to_unix_file_name_no_root L"\\??\\C:\\windows\\system32\\advapi32.dll" -> "/work/stage2-copy/wineprefix/dosdevices/c:/windows/system32/advapi32.dll"
0048:trace:file:NtFsControlFile (0x18,(nil),(nil),(nil),0x69f6d0,0x0009009c,(nil),0x00000000,0x69f6f0,0x00000040)
0050:trace:file:RtlDosPathNameToNtPathName_U_WithStatus (L"C:\\windows\\system32\\kernelbase.dll",0061F734,00000000,00000000)
0050:trace:file:RtlGetFullPathName_U (L"C:\\windows\\system32\\kernelbase.dll" 520 0061F3E0 00000000)
0050:trace:file:NtCreateFile handle=0x61f56c access=80100000 name=L"\\??\\C:\\windows\\system32\\kernelbase.dll" objattr=00000040 root=(nil) sec=(nil) io=0x61f578 alloc_size=(nil) attr=00000000 sharing=00000005 disp=1 options=00000060 ea=(nil).0x00000000
0050:trace:file:nt_to_unix_file_name_no_root L"\\??\\C:\\windows\\system32\\kernelbase.dll" -> "/work/stage2-copy/wineprefix/dosdevices/c:/windows/system32/kernelbase.dll"
0050:trace:file:NtFsControlFile (0x10,(nil),(nil),(nil),0x61f578,0x0009009c,(nil),0x00000000,0x61f598,0x00000040)
0048:trace:file:RtlDosPathNameToNtPathName_U_WithStatus (L"C:\\windows\\system32\\msvcrt.dll",0069F42C,00000000,00000000)
0048:trace:file:RtlGetFullPathName_U (L"C:\\windows\\system32\\msvcrt.dll" 520 0069F0D8 00000000)
0048:trace:file:NtCreateFile handle=0x69f264 access=80100000 name=L"\\??\\C:\\windows\\system32\\msvcrt.dll" objattr=00000040 root=(nil) sec=(nil) io=0x69f270 alloc_size=(nil) attr=00000000 sharing=00000005 disp=1 options=00000060 ea=(nil).0x00000000
0048:trace:file:nt_to_unix_file_name_no_root L"\\??\\C:\\windows\\system32\\msvcrt.dll" -> "/work/stage2-copy/wineprefix/dosdevices/c:/windows/system32/msvcrt.dll"
0048:trace:file:NtFsControlFile (0x18,(nil),(nil),(nil),0x69f270,0x0009009c,(nil),0x00000000,0x69f290,0x00000040)
0050:trace:file:RtlDosPathNameToNtPathName_U_WithStatus (L"C:\\windows\\system32\\winedevice.exe.manifest",0061FAD8,00000000,00000000)
0048:trace:file:RtlDosPathNameToNtPathName_U_WithStatus (L"C:\\windows\\system32\\sechost.dll",0069F42C,00000000,00000000)
0050:trace:file:RtlGetFullPathName_U (L"C:\\windows\\system32\\winedevice.exe.manifest" 520 0061F880 00000000)
0048:trace:file:RtlGetFullPathName_U (L"C:\\windows\\system32\\sechost.dll" 520 0069F0D8 00000000)
0048:trace:file:NtCreateFile handle=0x69f264 access=80100000 name=L"\\??\\C:\\windows\\system32\\sechost.dll" objattr=00000040 root=(nil) sec=(nil) io=0x69f270 alloc_size=(nil) attr=00000000 sharing=00000005 disp=1 options=00000060 ea=(nil).0x00000000
0050:trace:file:NtCreateFile handle=0x61fad4 access=80100000 name=L"\\??\\C:\\windows\\system32\\winedevice.exe.manifest" objattr=00000040 root=(nil) sec=(nil) io=0x61fae0 alloc_size=(nil) attr=00000000 sharing=00000005 disp=1 options=00000010 ea=(nil).0x00000000
0048:trace:file:nt_to_unix_file_name_no_root L"\\??\\C:\\windows\\system32\\sechost.dll" -> "/work/stage2-copy/wineprefix/dosdevices/c:/windows/system32/sechost.dll"
0048:trace:file:NtFsControlFile (0x18,(nil),(nil),(nil),0x69f270,0x0009009c,(nil),0x00000000,0x69f290,0x00000040)
0050:trace:file:nt_to_unix_file_name_no_root L"windows\\system32\\winedevice.exe.manifest" not found in "/work/stage2-copy/wineprefix/dosdevices/c:"
0050:warn:file:NtCreateFile L"\\??\\C:\\windows\\system32\\winedevice.exe.manifest" not found (c0000034)
0048:trace:file:RtlDosPathNameToNtPathName_U_WithStatus (L"C:\\windows\\system32\\ucrtbase.dll",0069EFCC,00000000,00000000)
0048:trace:file:RtlGetFullPathName_U (L"C:\\windows\\system32\\ucrtbase.dll" 520 0069EC78 00000000)
0048:trace:file:NtCreateFile handle=0x69ee04 access=80100000 name=L"\\??\\C:\\windows\\system32\\ucrtbase.dll" objattr=00000040 root=(nil) sec=(nil) io=0x69ee10 alloc_size=(nil) attr=00000000 sharing=00000005 disp=1 options=00000060 ea=(nil).0x00000000
0048:trace:file:nt_to_unix_file_name_no_root L"\\??\\C:\\windows\\system32\\ucrtbase.dll" -> "/work/stage2-copy/wineprefix/dosdevices/c:/windows/system32/ucrtbase.dll"
0048:trace:file:NtFsControlFile (0x18,(nil),(nil),(nil),0x69ee10,0x0009009c,(nil),0x00000000,0x69ee30,0x00000040)
0050:trace:file:RtlDosPathNameToNtPathName_U_WithStatus (L"C:\\windows\\system32\\advapi32.dll",0061F88C,00000000,00000000)
0050:trace:file:RtlGetFullPathName_U (L"C:\\windows\\system32\\advapi32.dll" 520 0061F538 00000000)
0050:trace:file:NtCreateFile handle=0x61f6c4 access=80100000 name=L"\\??\\C:\\windows\\system32\\advapi32.dll" objattr=00000040 root=(nil) sec=(nil) io=0x61f6d0 alloc_size=(nil) attr=00000000 sharing=00000005 disp=1 options=00000060 ea=(nil).0x00000000
0050:trace:file:nt_to_unix_file_name_no_root L"\\??\\C:\\windows\\system32\\advapi32.dll" -> "/work/stage2-copy/wineprefix/dosdevices/c:/windows/system32/advapi32.dll"
0050:trace:file:NtFsControlFile (0x10,(nil),(nil),(nil),0x61f6d0,0x0009009c,(nil),0x00000000,0x61f6f0,0x00000040)
0050:trace:file:RtlDosPathNameToNtPathName_U_WithStatus (L"C:\\windows\\system32\\msvcrt.dll",0061F42C,00000000,00000000)
0050:trace:file:RtlGetFullPathName_U (L"C:\\windows\\system32\\msvcrt.dll" 520 0061F0D8 00000000)
0048:trace:file:RtlDosPathNameToNtPathName_U_WithStatus (L"C:\\windows\\system32\\gdi32.dll",0069F88C,00000000,00000000)
0048:trace:file:RtlGetFullPathName_U (L"C:\\windows\\system32\\gdi32.dll" 520 0069F538 00000000)
0050:trace:file:NtCreateFile handle=0x61f264 access=80100000 name=L"\\??\\C:\\windows\\system32\\msvcrt.dll" objattr=00000040 root=(nil) sec=(nil) io=0x61f270 alloc_size=(nil) attr=00000000 sharing=00000005 disp=1 options=00000060 ea=(nil).0x00000000
0048:trace:file:NtCreateFile handle=0x69f6c4 access=80100000 name=L"\\??\\C:\\windows\\system32\\gdi32.dll" objattr=00000040 root=(nil) sec=(nil) io=0x69f6d0 alloc_size=(nil) attr=00000000 sharing=00000005 disp=1 options=00000060 ea=(nil).0x00000000
0048:trace:file:nt_to_unix_file_name_no_root L"\\??\\C:\\windows\\system32\\gdi32.dll" -> "/work/stage2-copy/wineprefix/dosdevices/c:/windows/system32/gdi32.dll"
0050:trace:file:nt_to_unix_file_name_no_root L"\\??\\C:\\windows\\system32\\msvcrt.dll" -> "/work/stage2-copy/wineprefix/dosdevices/c:/windows/system32/msvcrt.dll"
0048:trace:file:NtFsControlFile (0x18,(nil),(nil),(nil),0x69f6d0,0x0009009c,(nil),0x00000000,0x69f6f0,0x00000040)
0050:trace:file:NtFsControlFile (0x10,(nil),(nil),(nil),0x61f270,0x0009009c,(nil),0x00000000,0x61f290,0x00000040)
0048:trace:file:RtlDosPathNameToNtPathName_U_WithStatus (L"C:\\windows\\system32\\user32.dll",0069F42C,00000000,00000000)
0048:trace:file:RtlGetFullPathName_U (L"C:\\windows\\system32\\user32.dll" 520 0069F0D8 00000000)
0048:trace:file:NtCreateFile handle=0x69f264 access=80100000 name=L"\\??\\C:\\windows\\system32\\user32.dll" objattr=00000040 root=(nil) sec=(nil) io=0x69f270 alloc_size=(nil) attr=00000000 sharing=00000005 disp=1 options=00000060 ea=(nil).0x00000000
0048:trace:file:nt_to_unix_file_name_no_root L"\\??\\C:\\windows\\system32\\user32.dll" -> "/work/stage2-copy/wineprefix/dosdevices/c:/windows/system32/user32.dll"
0048:trace:file:NtFsControlFile (0x18,(nil),(nil),(nil),0x69f270,0x0009009c,(nil),0x00000000,0x69f290,0x00000040)
0050:trace:file:RtlDosPathNameToNtPathName_U_WithStatus (L"C:\\windows\\system32\\sechost.dll",0061F42C,00000000,00000000)
0050:trace:file:RtlGetFullPathName_U (L"C:\\windows\\system32\\sechost.dll" 520 0061F0D8 00000000)
0050:trace:file:NtCreateFile handle=0x61f264 access=80100000 name=L"\\??\\C:\\windows\\system32\\sechost.dll" objattr=00000040 root=(nil) sec=(nil) io=0x61f270 alloc_size=(nil) attr=00000000 sharing=00000005 disp=1 options=00000060 ea=(nil).0x00000000
0050:trace:file:nt_to_unix_file_name_no_root L"\\??\\C:\\windows\\system32\\sechost.dll" -> "/work/stage2-copy/wineprefix/dosdevices/c:/windows/system32/sechost.dll"
0050:trace:file:NtFsControlFile (0x10,(nil),(nil),(nil),0x61f270,0x0009009c,(nil),0x00000000,0x61f290,0x00000040)
0048:trace:file:RtlDosPathNameToNtPathName_U_WithStatus (L"C:\\windows\\system32\\zlib1.dll",0069EFCC,00000000,00000000)
0048:trace:file:RtlGetFullPathName_U (L"C:\\windows\\system32\\zlib1.dll" 520 0069EC78 00000000)
0048:trace:file:NtCreateFile handle=0x69ee04 access=80100000 name=L"\\??\\C:\\windows\\system32\\zlib1.dll" objattr=00000040 root=(nil) sec=(nil) io=0x69ee10 alloc_size=(nil) attr=00000000 sharing=00000005 disp=1 options=00000060 ea=(nil).0x00000000
0048:trace:file:nt_to_unix_file_name_no_root L"\\??\\C:\\windows\\system32\\zlib1.dll" -> "/work/stage2-copy/wineprefix/dosdevices/c:/windows/system32/zlib1.dll"
0048:trace:file:NtFsControlFile (0x18,(nil),(nil),(nil),0x69ee10,0x0009009c,(nil),0x00000000,0x69ee30,0x00000040)
0050:trace:file:RtlDosPathNameToNtPathName_U_WithStatus (L"C:\\windows\\system32\\ucrtbase.dll",0061EFCC,00000000,00000000)
0050:trace:file:RtlGetFullPathName_U (L"C:\\windows\\system32\\ucrtbase.dll" 520 0061EC78 00000000)
0050:trace:file:NtCreateFile handle=0x61ee04 access=80100000 name=L"\\??\\C:\\windows\\system32\\ucrtbase.dll" objattr=00000040 root=(nil) sec=(nil) io=0x61ee10 alloc_size=(nil) attr=00000000 sharing=00000005 disp=1 options=00000060 ea=(nil).0x00000000
0050:trace:file:nt_to_unix_file_name_no_root L"\\??\\C:\\windows\\system32\\ucrtbase.dll" -> "/work/stage2-copy/wineprefix/dosdevices/c:/windows/system32/ucrtbase.dll"
0050:trace:file:NtFsControlFile (0x10,(nil),(nil),(nil),0x61ee10,0x0009009c,(nil),0x00000000,0x61ee30,0x00000040)
0048:trace:file:RtlDosPathNameToNtPathName_U_WithStatus (L"C:\\windows\\system32\\win32u.dll",0069EFCC,00000000,00000000)
0048:trace:file:RtlGetFullPathName_U (L"C:\\windows\\system32\\win32u.dll" 520 0069EC78 00000000)
0048:trace:file:NtCreateFile handle=0x69ee04 access=80100000 name=L"\\??\\C:\\windows\\system32\\win32u.dll" objattr=00000040 root=(nil) sec=(nil) io=0x69ee10 alloc_size=(nil) attr=00000000 sharing=00000005 disp=1 options=00000060 ea=(nil).0x00000000
0048:trace:file:nt_to_unix_file_name_no_root L"\\??\\C:\\windows\\system32\\win32u.dll" -> "/work/stage2-copy/wineprefix/dosdevices/c:/windows/system32/win32u.dll"
0048:trace:file:NtFsControlFile (0x18,(nil),(nil),(nil),0x69ee10,0x0009009c,(nil),0x00000000,0x69ee30,0x00000040)
0050:trace:file:RtlDosPathNameToNtPathName_U_WithStatus (L"C:\\windows\\system32\\ntoskrnl.exe",0061F88C,00000000,00000000)
0050:trace:file:RtlGetFullPathName_U (L"C:\\windows\\system32\\ntoskrnl.exe" 520 0061F538 00000000)
0050:trace:file:NtCreateFile handle=0x61f6c4 access=80100000 name=L"\\??\\C:\\windows\\system32\\ntoskrnl.exe" objattr=00000040 root=(nil) sec=(nil) io=0x61f6d0 alloc_size=(nil) attr=00000000 sharing=00000005 disp=1 options=00000060 ea=(nil).0x00000000
0050:trace:file:nt_to_unix_file_name_no_root L"\\??\\C:\\windows\\system32\\ntoskrnl.exe" -> "/work/stage2-copy/wineprefix/dosdevices/c:/windows/system32/ntoskrnl.exe"
0050:trace:file:NtFsControlFile (0x10,(nil),(nil),(nil),0x61f6d0,0x0009009c,(nil),0x00000000,0x61f6f0,0x00000040)
0048:trace:file:RtlDosPathNameToNtPathName_U_WithStatus (L"C:\\windows\\system32\\rpcrt4.dll",0069F88C,00000000,00000000)
0048:trace:file:RtlGetFullPathName_U (L"C:\\windows\\system32\\rpcrt4.dll" 520 0069F538 00000000)
0048:trace:file:NtCreateFile handle=0x69f6c4 access=80100000 name=L"\\??\\C:\\windows\\system32\\rpcrt4.dll" objattr=00000040 root=(nil) sec=(nil) io=0x69f6d0 alloc_size=(nil) attr=00000000 sharing=00000005 disp=1 options=00000060 ea=(nil).0x00000000
0048:trace:file:nt_to_unix_file_name_no_root L"\\??\\C:\\windows\\system32\\rpcrt4.dll" -> "/work/stage2-copy/wineprefix/dosdevices/c:/windows/system32/rpcrt4.dll"
0048:trace:file:NtFsControlFile (0x18,(nil),(nil),(nil),0x69f6d0,0x0009009c,(nil),0x00000000,0x69f6f0,0x00000040)
0050:trace:file:RtlDosPathNameToNtPathName_U_WithStatus (L"C:\\windows\\system32\\hal.dll",0061F42C,00000000,00000000)
0050:trace:file:RtlGetFullPathName_U (L"C:\\windows\\system32\\hal.dll" 520 0061F0D8 00000000)
0050:trace:file:NtCreateFile handle=0x61f264 access=80100000 name=L"\\??\\C:\\windows\\system32\\hal.dll" objattr=00000040 root=(nil) sec=(nil) io=0x61f270 alloc_size=(nil) attr=00000000 sharing=00000005 disp=1 options=00000060 ea=(nil).0x00000000
0050:trace:file:nt_to_unix_file_name_no_root L"\\??\\C:\\windows\\system32\\hal.dll" -> "/work/stage2-copy/wineprefix/dosdevices/c:/windows/system32/hal.dll"
0050:trace:file:NtFsControlFile (0x10,(nil),(nil),(nil),0x61f270,0x0009009c,(nil),0x00000000,0x61f290,0x00000040)
0048:trace:file:GetFileAttributesW L"C:\\windows\\system32\\tzres.dll"
0048:trace:file:RtlDosPathNameToNtPathName_U_WithStatus (L"C:\\windows\\system32\\tzres.dll",0069F5E8,00000000,00000000)
0048:trace:file:RtlGetFullPathName_U (L"C:\\windows\\system32\\tzres.dll" 520 0069F3A0 00000000)
0048:trace:file:nt_to_unix_file_name_no_root L"\\??\\C:\\windows\\system32\\tzres.dll" -> "/work/stage2-copy/wineprefix/dosdevices/c:/windows/system32/tzres.dll"
0048:trace:file:RtlGetFullPathName_U (L"C:\\windows\\system32\\tzres.dll" 0 00000000 00000000)
0048:trace:file:RtlGetFullPathName_U (L"C:\\windows\\system32\\tzres.dll" 60 00243150 00000000)
0048:trace:file:RtlDosPathNameToNtPathName_U_WithStatus (L"C:\\windows\\system32\\tzres.dll",0069F5A0,00000000,00000000)
0048:trace:file:RtlGetFullPathName_U (L"C:\\windows\\system32\\tzres.dll" 520 0069F2BC 00000000)
0048:trace:file:NtCreateFile handle=0x69f44c access=80100000 name=L"\\??\\C:\\windows\\system32\\tzres.dll" objattr=00000040 root=(nil) sec=(nil) io=0x69f458 alloc_size=(nil) attr=00000000 sharing=00000005 disp=1 options=00000060 ea=(nil).0x00000000
0048:trace:file:nt_to_unix_file_name_no_root L"\\??\\C:\\windows\\system32\\tzres.dll" -> "/work/stage2-copy/wineprefix/dosdevices/c:/windows/system32/tzres.dll"
0048:trace:file:NtFsControlFile (0x30,(nil),(nil),(nil),0x69f458,0x0009009c,(nil),0x00000000,0x69f478,0x00000040)
0050:trace:file:GetFileAttributesW L"C:\\windows\\system32\\tzres.dll"
0050:trace:file:RtlDosPathNameToNtPathName_U_WithStatus (L"C:\\windows\\system32\\tzres.dll",0061F5E8,00000000,00000000)
0050:trace:file:RtlGetFullPathName_U (L"C:\\windows\\system32\\tzres.dll" 520 0061F3A0 00000000)
0050:trace:file:nt_to_unix_file_name_no_root L"\\??\\C:\\windows\\system32\\tzres.dll" -> "/work/stage2-copy/wineprefix/dosdevices/c:/windows/system32/tzres.dll"
0050:trace:file:RtlGetFullPathName_U (L"C:\\windows\\system32\\tzres.dll" 0 00000000 00000000)
0050:trace:file:RtlGetFullPathName_U (L"C:\\windows\\system32\\tzres.dll" 60 002434A0 00000000)
0050:trace:file:RtlDosPathNameToNtPathName_U_WithStatus (L"C:\\windows\\system32\\tzres.dll",0061F5A0,00000000,00000000)
0048:trace:file:RtlDosPathNameToNtPathName_U_WithStatus (L"C:\\windows\\system32\\tzres.dll",0069F2C0,00000000,00000000)
0050:trace:file:RtlGetFullPathName_U (L"C:\\windows\\system32\\tzres.dll" 520 0061F2BC 00000000)
0048:trace:file:RtlGetFullPathName_U (L"C:\\windows\\system32\\tzres.dll" 520 0069F094 00000000)
0050:trace:file:NtCreateFile handle=0x61f44c access=80100000 name=L"\\??\\C:\\windows\\system32\\tzres.dll" objattr=00000040 root=(nil) sec=(nil) io=0x61f458 alloc_size=(nil) attr=00000000 sharing=00000005 disp=1 options=00000060 ea=(nil).0x00000000
0050:trace:file:nt_to_unix_file_name_no_root L"\\??\\C:\\windows\\system32\\tzres.dll" -> "/work/stage2-copy/wineprefix/dosdevices/c:/windows/system32/tzres.dll"
0048:trace:file:nt_to_unix_file_name_no_root L"\\??\\C:\\windows\\system32\\tzres.dll" -> "/work/stage2-copy/wineprefix/dosdevices/c:/windows/system32/tzres.dll"
0048:trace:file:RtlGetFullPathName_U (L"C:\\windows\\system32\\tzres.dll" 520 0069F3E0 00000000)
0048:trace:file:CreateFileW L"C:\\windows\\system32\\tzres.dll" GENERIC_READ FILE_SHARE_READ FILE_SHARE_DELETE  creation 3 attributes 0x0
0048:trace:file:RtlDosPathNameToNtPathName_U_WithStatus (L"C:\\windows\\system32\\tzres.dll",0069F36C,00000000,00000000)
0048:trace:file:RtlGetFullPathName_U (L"C:\\windows\\system32\\tzres.dll" 520 0069F0E8 00000000)
0048:trace:file:NtCreateFile handle=0x69f368 access=80100080 name=L"\\??\\C:\\windows\\system32\\tzres.dll" objattr=00000040 root=(nil) sec=(nil) io=0x69f374 alloc_size=(nil) attr=00000000 sharing=00000005 disp=1 options=00000060 ea=(nil).0x00000000
0048:trace:file:nt_to_unix_file_name_no_root L"\\??\\C:\\windows\\system32\\tzres.dll" -> "/work/stage2-copy/wineprefix/dosdevices/c:/windows/system32/tzres.dll"
0050:trace:file:NtFsControlFile (0x28,(nil),(nil),(nil),0x61f458,0x0009009c,(nil),0x00000000,0x61f478,0x00000040)
0048:trace:file:CreateFileW returning 00000030
0050:trace:file:RtlDosPathNameToNtPathName_U_WithStatus (L"C:\\windows\\system32\\tzres.dll",0061F2C0,00000000,00000000)
0050:trace:file:RtlGetFullPathName_U (L"C:\\windows\\system32\\tzres.dll" 520 0061F094 00000000)
0050:trace:file:nt_to_unix_file_name_no_root L"\\??\\C:\\windows\\system32\\tzres.dll" -> "/work/stage2-copy/wineprefix/dosdevices/c:/windows/system32/tzres.dll"
0050:trace:file:RtlGetFullPathName_U (L"C:\\windows\\system32\\tzres.dll" 520 0061F3E0 00000000)
0050:trace:file:CreateFileW L"C:\\windows\\system32\\tzres.dll" GENERIC_READ FILE_SHARE_READ FILE_SHARE_DELETE  creation 3 attributes 0x0
0050:trace:file:RtlDosPathNameToNtPathName_U_WithStatus (L"C:\\windows\\system32\\tzres.dll",0061F36C,00000000,00000000)
0050:trace:file:RtlGetFullPathName_U (L"C:\\windows\\system32\\tzres.dll" 520 0061F0E8 00000000)
0050:trace:file:NtCreateFile handle=0x61f368 access=80100080 name=L"\\??\\C:\\windows\\system32\\tzres.dll" objattr=00000040 root=(nil) sec=(nil) io=0x61f374 alloc_size=(nil) attr=00000000 sharing=00000005 disp=1 options=00000060 ea=(nil).0x00000000
0050:trace:file:nt_to_unix_file_name_no_root L"\\??\\C:\\windows\\system32\\tzres.dll" -> "/work/stage2-copy/wineprefix/dosdevices/c:/windows/system32/tzres.dll"
0050:trace:file:CreateFileW returning 00000028
0048:trace:file:GetFileAttributesW L"C:\\windows\\system32\\tzres.dll"
0048:trace:file:RtlDosPathNameToNtPathName_U_WithStatus (L"C:\\windows\\system32\\tzres.dll",0069F5E8,00000000,00000000)
0048:trace:file:RtlGetFullPathName_U (L"C:\\windows\\system32\\tzres.dll" 520 0069F3A0 00000000)
0048:trace:file:nt_to_unix_file_name_no_root L"\\??\\C:\\windows\\system32\\tzres.dll" -> "/work/stage2-copy/wineprefix/dosdevices/c:/windows/system32/tzres.dll"
0050:trace:file:GetFileAttributesW L"C:\\windows\\system32\\tzres.dll"
0050:trace:file:RtlDosPathNameToNtPathName_U_WithStatus (L"C:\\windows\\system32\\tzres.dll",0061F5E8,00000000,00000000)
0048:trace:file:RtlGetFullPathName_U (L"C:\\windows\\system32\\tzres.dll" 0 00000000 00000000)
0050:trace:file:RtlGetFullPathName_U (L"C:\\windows\\system32\\tzres.dll" 520 0061F3A0 00000000)
0048:trace:file:RtlGetFullPathName_U (L"C:\\windows\\system32\\tzres.dll" 60 00245A00 00000000)
0050:trace:file:nt_to_unix_file_name_no_root L"\\??\\C:\\windows\\system32\\tzres.dll" -> "/work/stage2-copy/wineprefix/dosdevices/c:/windows/system32/tzres.dll"
0048:trace:file:RtlDosPathNameToNtPathName_U_WithStatus (L"C:\\windows\\system32\\tzres.dll",0069F5A0,00000000,00000000)
0048:trace:file:RtlGetFullPathName_U (L"C:\\windows\\system32\\tzres.dll" 520 0069F2BC 00000000)
0050:trace:file:RtlGetFullPathName_U (L"C:\\windows\\system32\\tzres.dll" 0 00000000 00000000)
0050:trace:file:RtlGetFullPathName_U (L"C:\\windows\\system32\\tzres.dll" 60 00243568 00000000)
0048:trace:file:NtCreateFile handle=0x69f44c access=80100000 name=L"\\??\\C:\\windows\\system32\\tzres.dll" objattr=00000040 root=(nil) sec=(nil) io=0x69f458 alloc_size=(nil) attr=00000000 sharing=00000005 disp=1 options=00000060 ea=(nil).0x00000000
0050:trace:file:RtlDosPathNameToNtPathName_U_WithStatus (L"C:\\windows\\system32\\tzres.dll",0061F5A0,00000000,00000000)
0050:trace:file:RtlGetFullPathName_U (L"C:\\windows\\system32\\tzres.dll" 520 0061F2BC 00000000)
0048:trace:file:nt_to_unix_file_name_no_root L"\\??\\C:\\windows\\system32\\tzres.dll" -> "/work/stage2-copy/wineprefix/dosdevices/c:/windows/system32/tzres.dll"
0050:trace:file:NtCreateFile handle=0x61f44c access=80100000 name=L"\\??\\C:\\windows\\system32\\tzres.dll" objattr=00000040 root=(nil) sec=(nil) io=0x61f458 alloc_size=(nil) attr=00000000 sharing=00000005 disp=1 options=00000060 ea=(nil).0x00000000
0050:trace:file:nt_to_unix_file_name_no_root L"\\??\\C:\\windows\\system32\\tzres.dll" -> "/work/stage2-copy/wineprefix/dosdevices/c:/windows/system32/tzres.dll"
0048:trace:file:NtFsControlFile (0x30,(nil),(nil),(nil),0x69f458,0x0009009c,(nil),0x00000000,0x69f478,0x00000040)
0050:trace:file:NtFsControlFile (0x28,(nil),(nil),(nil),0x61f458,0x0009009c,(nil),0x00000000,0x61f478,0x00000040)
0050:trace:file:RtlDosPathNameToNtPathName_U_WithStatus (L"C:\\windows\\system32\\tzres.dll",0061F2C0,00000000,00000000)
0050:trace:file:RtlGetFullPathName_U (L"C:\\windows\\system32\\tzres.dll" 520 0061F094 00000000)
0050:trace:file:nt_to_unix_file_name_no_root L"\\??\\C:\\windows\\system32\\tzres.dll" -> "/work/stage2-copy/wineprefix/dosdevices/c:/windows/system32/tzres.dll"
0048:trace:file:RtlDosPathNameToNtPathName_U_WithStatus (L"C:\\windows\\system32\\tzres.dll",0069F2C0,00000000,00000000)
0050:trace:file:RtlGetFullPathName_U (L"C:\\windows\\system32\\tzres.dll" 520 0061F3E0 00000000)
0048:trace:file:RtlGetFullPathName_U (L"C:\\windows\\system32\\tzres.dll" 520 0069F094 00000000)
0050:trace:file:CreateFileW L"C:\\windows\\system32\\tzres.dll" GENERIC_READ FILE_SHARE_READ FILE_SHARE_DELETE  creation 3 attributes 0x0
0050:trace:file:RtlDosPathNameToNtPathName_U_WithStatus (L"C:\\windows\\system32\\tzres.dll",0061F36C,00000000,00000000)
0050:trace:file:RtlGetFullPathName_U (L"C:\\windows\\system32\\tzres.dll" 520 0061F0E8 00000000)
0048:trace:file:nt_to_unix_file_name_no_root L"\\??\\C:\\windows\\system32\\tzres.dll" -> "/work/stage2-copy/wineprefix/dosdevices/c:/windows/system32/tzres.dll"
0050:trace:file:NtCreateFile handle=0x61f368 access=80100080 name=L"\\??\\C:\\windows\\system32\\tzres.dll" objattr=00000040 root=(nil) sec=(nil) io=0x61f374 alloc_size=(nil) attr=00000000 sharing=00000005 disp=1 options=00000060 ea=(nil).0x00000000
0050:trace:file:nt_to_unix_file_name_no_root L"\\??\\C:\\windows\\system32\\tzres.dll" -> "/work/stage2-copy/wineprefix/dosdevices/c:/windows/system32/tzres.dll"
0048:trace:file:RtlGetFullPathName_U (L"C:\\windows\\system32\\tzres.dll" 520 0069F3E0 00000000)
0048:trace:file:CreateFileW L"C:\\windows\\system32\\tzres.dll" GENERIC_READ FILE_SHARE_READ FILE_SHARE_DELETE  creation 3 attributes 0x0
0048:trace:file:RtlDosPathNameToNtPathName_U_WithStatus (L"C:\\windows\\system32\\tzres.dll",0069F36C,00000000,00000000)
0048:trace:file:RtlGetFullPathName_U (L"C:\\windows\\system32\\tzres.dll" 520 0069F0E8 00000000)
0050:trace:file:CreateFileW returning 00000028
0048:trace:file:NtCreateFile handle=0x69f368 access=80100080 name=L"\\??\\C:\\windows\\system32\\tzres.dll" objattr=00000040 root=(nil) sec=(nil) io=0x69f374 alloc_size=(nil) attr=00000000 sharing=00000005 disp=1 options=00000060 ea=(nil).0x00000000
0048:trace:file:nt_to_unix_file_name_no_root L"\\??\\C:\\windows\\system32\\tzres.dll" -> "/work/stage2-copy/wineprefix/dosdevices/c:/windows/system32/tzres.dll"
0048:trace:file:CreateFileW returning 00000030
0048:trace:file:RtlDosPathNameToNtPathName_U_WithStatus (L"C:\\windows\\system32\\libgcc_s_dw2-1.dll",0069F908,00000000,00000000)
0048:trace:file:RtlGetFullPathName_U (L"C:\\windows\\system32\\libgcc_s_dw2-1.dll" 520 0069F5EC 00000000)
0048:trace:file:NtCreateFile handle=0x69f77c access=80100000 name=L"\\??\\C:\\windows\\system32\\libgcc_s_dw2-1.dll" objattr=00000040 root=(nil) sec=(nil) io=0x69f788 alloc_size=(nil) attr=00000000 sharing=00000005 disp=1 options=00000060 ea=(nil).0x00000000
0048:trace:file:nt_to_unix_file_name_no_root L"windows\\system32\\libgcc_s_dw2-1.dll" not found in "/work/stage2-copy/wineprefix/dosdevices/c:"
0048:warn:file:NtCreateFile L"\\??\\C:\\windows\\system32\\libgcc_s_dw2-1.dll" not found (c0000034)
0048:trace:file:RtlDosPathNameToNtPathName_U_WithStatus (L"C:\\windows\\system32\\libgcc_s_dw2-1.dll",0069F908,00000000,00000000)
0048:trace:file:RtlGetFullPathName_U (L"C:\\windows\\system32\\libgcc_s_dw2-1.dll" 520 0069F5EC 00000000)
0048:trace:file:NtCreateFile handle=0x69f77c access=80100000 name=L"\\??\\C:\\windows\\system32\\libgcc_s_dw2-1.dll" objattr=00000040 root=(nil) sec=(nil) io=0x69f788 alloc_size=(nil) attr=00000000 sharing=00000005 disp=1 options=00000060 ea=(nil).0x00000000
0050:trace:file:RtlDosPathNameToNtPathName_U_WithStatus (L"C:\\windows\\system32\\rpcrt4.dll",0061F924,00000000,00000000)
0050:trace:file:RtlGetFullPathName_U (L"C:\\windows\\system32\\rpcrt4.dll" 520 0061F5D0 00000000)
0050:trace:file:NtCreateFile handle=0x61f75c access=80100000 name=L"\\??\\C:\\windows\\system32\\rpcrt4.dll" objattr=00000040 root=(nil) sec=(nil) io=0x61f768 alloc_size=(nil) attr=00000000 sharing=00000005 disp=1 options=00000060 ea=(nil).0x00000000
0050:trace:file:nt_to_unix_file_name_no_root L"\\??\\C:\\windows\\system32\\rpcrt4.dll" -> "/work/stage2-copy/wineprefix/dosdevices/c:/windows/system32/rpcrt4.dll"
0048:trace:file:nt_to_unix_file_name_no_root L"windows\\system32\\libgcc_s_dw2-1.dll" not found in "/work/stage2-copy/wineprefix/dosdevices/c:"
0048:warn:file:NtCreateFile L"\\??\\C:\\windows\\system32\\libgcc_s_dw2-1.dll" not found (c0000034)
0048:trace:file:RtlDosPathNameToNtPathName_U_WithStatus (L"C:\\windows\\system\\libgcc_s_dw2-1.dll",0069F908,00000000,00000000)
0048:trace:file:RtlGetFullPathName_U (L"C:\\windows\\system\\libgcc_s_dw2-1.dll" 520 0069F5EC 00000000)
0048:trace:file:NtCreateFile handle=0x69f77c access=80100000 name=L"\\??\\C:\\windows\\system\\libgcc_s_dw2-1.dll" objattr=00000040 root=(nil) sec=(nil) io=0x69f788 alloc_size=(nil) attr=00000000 sharing=00000005 disp=1 options=00000060 ea=(nil).0x00000000
0050:trace:file:NtFsControlFile (0x24,(nil),(nil),(nil),0x61f768,0x0009009c,(nil),0x00000000,0x61f788,0x00000040)
0048:trace:file:nt_to_unix_file_name_no_root L"windows\\system\\libgcc_s_dw2-1.dll" not found in "/work/stage2-copy/wineprefix/dosdevices/c:"
0048:warn:file:NtCreateFile L"\\??\\C:\\windows\\system\\libgcc_s_dw2-1.dll" not found (c0000034)
0048:trace:file:RtlDosPathNameToNtPathName_U_WithStatus (L"C:\\windows\\libgcc_s_dw2-1.dll",0069F908,00000000,00000000)
0048:trace:file:RtlGetFullPathName_U (L"C:\\windows\\libgcc_s_dw2-1.dll" 520 0069F5EC 00000000)
0048:trace:file:NtCreateFile handle=0x69f77c access=80100000 name=L"\\??\\C:\\windows\\libgcc_s_dw2-1.dll" objattr=00000040 root=(nil) sec=(nil) io=0x69f788 alloc_size=(nil) attr=00000000 sharing=00000005 disp=1 options=00000060 ea=(nil).0x00000000
0048:trace:file:nt_to_unix_file_name_no_root L"windows\\libgcc_s_dw2-1.dll" not found in "/work/stage2-copy/wineprefix/dosdevices/c:"
0048:warn:file:NtCreateFile L"\\??\\C:\\windows\\libgcc_s_dw2-1.dll" not found (c0000034)
0048:trace:file:RtlDosPathNameToNtPathName_U_WithStatus (L".\\libgcc_s_dw2-1.dll",0069F908,00000000,00000000)
0048:trace:file:RtlGetFullPathName_U (L".\\libgcc_s_dw2-1.dll" 520 0069F5EC 00000000)
0048:trace:file:NtCreateFile handle=0x69f77c access=80100000 name=L"\\??\\C:\\windows\\system32\\libgcc_s_dw2-1.dll" objattr=00000040 root=(nil) sec=(nil) io=0x69f788 alloc_size=(nil) attr=00000000 sharing=00000005 disp=1 options=00000060 ea=(nil).0x00000000
0048:trace:file:nt_to_unix_file_name_no_root L"windows\\system32\\libgcc_s_dw2-1.dll" not found in "/work/stage2-copy/wineprefix/dosdevices/c:"
0048:warn:file:NtCreateFile L"\\??\\C:\\windows\\system32\\libgcc_s_dw2-1.dll" not found (c0000034)
0048:trace:file:RtlDosPathNameToNtPathName_U_WithStatus (L"C:\\windows\\system32\\libgcc_s_dw2-1.dll",0069F908,00000000,00000000)
0048:trace:file:RtlGetFullPathName_U (L"C:\\windows\\system32\\libgcc_s_dw2-1.dll" 520 0069F5EC 00000000)
0048:trace:file:NtCreateFile handle=0x69f77c access=80100000 name=L"\\??\\C:\\windows\\system32\\libgcc_s_dw2-1.dll" objattr=00000040 root=(nil) sec=(nil) io=0x69f788 alloc_size=(nil) attr=00000000 sharing=00000005 disp=1 options=00000060 ea=(nil).0x00000000
0048:trace:file:nt_to_unix_file_name_no_root L"windows\\system32\\libgcc_s_dw2-1.dll" not found in "/work/stage2-copy/wineprefix/dosdevices/c:"
0048:warn:file:NtCreateFile L"\\??\\C:\\windows\\system32\\libgcc_s_dw2-1.dll" not found (c0000034)
0048:trace:file:RtlDosPathNameToNtPathName_U_WithStatus (L"C:\\windows\\libgcc_s_dw2-1.dll",0069F908,00000000,00000000)
0048:trace:file:RtlGetFullPathName_U (L"C:\\windows\\libgcc_s_dw2-1.dll" 520 0069F5EC 00000000)
0048:trace:file:NtCreateFile handle=0x69f77c access=80100000 name=L"\\??\\C:\\windows\\libgcc_s_dw2-1.dll" objattr=00000040 root=(nil) sec=(nil) io=0x69f788 alloc_size=(nil) attr=00000000 sharing=00000005 disp=1 options=00000060 ea=(nil).0x00000000
0048:trace:file:nt_to_unix_file_name_no_root L"windows\\libgcc_s_dw2-1.dll" not found in "/work/stage2-copy/wineprefix/dosdevices/c:"
0048:warn:file:NtCreateFile L"\\??\\C:\\windows\\libgcc_s_dw2-1.dll" not found (c0000034)
0048:trace:file:RtlDosPathNameToNtPathName_U_WithStatus (L"C:\\windows\\system32\\wbem\\libgcc_s_dw2-1.dll",0069F908,00000000,00000000)
0050:trace:file:CreateFileW L"\\\\.\\pipe\\svcctl" GENERIC_READ GENERIC_WRITE  creation 3 attributes 0x40000000
0048:trace:file:RtlGetFullPathName_U (L"C:\\windows\\system32\\wbem\\libgcc_s_dw2-1.dll" 520 0069F5EC 00000000)
0050:trace:file:RtlDosPathNameToNtPathName_U_WithStatus (L"\\\\.\\pipe\\svcctl",0061F8BC,00000000,00000000)
0050:trace:file:RtlGetFullPathName_U (L"\\\\.\\pipe\\svcctl" 520 0061F638 00000000)
0048:trace:file:NtCreateFile handle=0x69f77c access=80100000 name=L"\\??\\C:\\windows\\system32\\wbem\\libgcc_s_dw2-1.dll" objattr=00000040 root=(nil) sec=(nil) io=0x69f788 alloc_size=(nil) attr=00000000 sharing=00000005 disp=1 options=00000060 ea=(nil).0x00000000
0050:trace:file:NtCreateFile handle=0x61f8b8 access=c0100080 name=L"\\??\\pipe\\svcctl" objattr=00000040 root=(nil) sec=(nil) io=0x61f8c4 alloc_size=(nil) attr=00000000 sharing=00000000 disp=1 options=00000040 ea=(nil).0x00000000
0048:trace:file:nt_to_unix_file_name_no_root L"windows\\system32\\wbem\\libgcc_s_dw2-1.dll" not found in "/work/stage2-copy/wineprefix/dosdevices/c:"
0048:warn:file:NtCreateFile L"\\??\\C:\\windows\\system32\\wbem\\libgcc_s_dw2-1.dll" not found (c0000034)
0048:trace:file:RtlDosPathNameToNtPathName_U_WithStatus (L"C:\\windows\\system32\\WindowsPowershell\\v1.0\\libgcc_s_dw2-1.dll",0069F908,00000000,00000000)
0048:trace:file:RtlGetFullPathName_U (L"C:\\windows\\system32\\WindowsPowershell\\v1.0\\libgcc_s_dw2-1.dll" 520 0069F5EC 00000000)
0050:trace:file:CreateFileW returning 00000024
0048:trace:file:NtCreateFile handle=0x69f77c access=80100000 name=L"\\??\\C:\\windows\\system32\\WindowsPowershell\\v1.0\\libgcc_s_dw2-1.dll" objattr=00000040 root=(nil) sec=(nil) io=0x69f788 alloc_size=(nil) attr=00000000 sharing=00000005 disp=1 options=00000060 ea=(nil).0x00000000
0050:trace:file:NtSetInformationFile (0x24,0x61f8e8,0x61f8e0,0x00000008,0x00000017)
0050:trace:file:NtWriteFile (0x24,0x28,(nil),(nil),0x61f8a8,0x983138,0x00000048,(nil),(nil))
0050:trace:file:NtReadFile (0x24,0x28,(nil),(nil),0x982ba4,0x61f8d4,0x00000010,(nil),(nil))
0040:trace:file:RtlDosPathNameToNtPathName_U_WithStatus (L"\\\\.\\pipe\\svcctl",00D0FBD0,00000000,00000000)
0040:trace:file:RtlGetFullPathName_U (L"\\\\.\\pipe\\svcctl" 520 00D0F93C 00000000)
0040:trace:file:NtCreateNamedPipeFile (0xd0fbc4 c0100000 L"\\??\\pipe\\svcctl" 0xd0fbd8 3 3 0 1 1 0 -1 5840 5840 0xd0fbc8)
0048:trace:file:nt_to_unix_file_name_no_root L"windows\\system32\\WindowsPowershell\\v1.0\\libgcc_s_dw2-1.dll" not found in "/work/stage2-copy/wineprefix/dosdevices/c:"
0048:warn:file:NtCreateFile L"\\??\\C:\\windows\\system32\\WindowsPowershell\\v1.0\\libgcc_s_dw2-1.dll" not found (c0000034)
0048:trace:file:NtCreateFile handle=0x69f7b4 access=80100000 name=L"\\??\\Z:\\usr\\lib\\i386-linux-gnu\\wine\\i386-windows\\libgcc_s_dw2-1.dll" objattr=00000040 root=(nil) sec=(nil) io=0x69f7c0 alloc_size=(nil) attr=00000000 sharing=00000005 disp=1 options=00000060 ea=(nil).0x00000000
0048:trace:file:nt_to_unix_file_name_no_root L"usr\\lib\\i386-linux-gnu\\wine\\i386-windows\\libgcc_s_dw2-1.dll" not found in "/work/stage2-copy/wineprefix/dosdevices/z:"
0048:warn:file:NtCreateFile L"\\??\\Z:\\usr\\lib\\i386-linux-gnu\\wine\\i386-windows\\libgcc_s_dw2-1.dll" not found (c0000034)
0048:trace:file:NtCreateFile handle=0x69f7b4 access=80100000 name=L"\\??\\Z:\\usr\\lib\\i386-linux-gnu\\wine\\libgcc_s_dw2-1.dll" objattr=00000040 root=(nil) sec=(nil) io=0x69f7c0 alloc_size=(nil) attr=00000000 sharing=00000005 disp=1 options=00000060 ea=(nil).0x00000000
0048:trace:file:nt_to_unix_file_name_no_root L"usr\\lib\\i386-linux-gnu\\wine\\libgcc_s_dw2-1.dll" not found in "/work/stage2-copy/wineprefix/dosdevices/z:"
0048:warn:file:NtCreateFile L"\\??\\Z:\\usr\\lib\\i386-linux-gnu\\wine\\libgcc_s_dw2-1.dll" not found (c0000034)
0040:trace:file:NtFsControlFile (0xcc,0xb4,(nil),(nil),0x9f5d5c,0x00110008,(nil),0x00000000,(nil),0x00000000)
0054:trace:file:NtReadFile (0xa0,0xdc,(nil),(nil),0x9f7d84,0x100fe8c,0x00000010,(nil),(nil))
0054:trace:file:NtReadFile (0xa0,0xdc,(nil),(nil),0x9f7d84,0x9f7e00,0x0000000c,(nil),(nil))
0054:trace:file:NtReadFile (0xa0,0xdc,(nil),(nil),0x9f7d84,0x9f83c0,0x0000002c,(nil),(nil))
0054:trace:file:NtWriteFile (0xa0,0xdc,(nil),(nil),0x100fe24,0x9f8930,0x00000044,(nil),(nil))
0054:trace:file:NtReadFile (0xa0,0xdc,(nil),(nil),0x9f7d84,0x100fe8c,0x00000010,(nil),(nil))
0050:trace:file:NtReadFile (0x24,0x28,(nil),(nil),0x982ba4,0x982d58,0x00000008,(nil),(nil))
0050:trace:file:NtReadFile (0x24,0x28,(nil),(nil),0x982ba4,0x9830b0,0x0000002c,(nil),(nil))
0050:trace:file:NtWriteFile (0x24,0x28,(nil),(nil),0x61f95c,0x9830b0,0x00000024,(nil),(nil))
0050:trace:file:NtReadFile (0x24,0x28,(nil),(nil),0x982ba4,0x61f9a0,0x00000010,(nil),(nil))
0054:trace:file:NtReadFile (0xa0,0xdc,(nil),(nil),0x9f7d84,0x9f8458,0x00000008,(nil),(nil))
0054:trace:file:NtReadFile (0xa0,0xdc,(nil),(nil),0x9f7d84,0x9f8528,0x0000000c,(nil),(nil))
0054:trace:file:NtReadFile (0xa0,0xdc,(nil),(nil),0x9f7d84,0x100fe8c,0x00000010,(nil),(nil))
0058:trace:file:NtWriteFile (0xa0,0xe4,(nil),(nil),0x130fcc0,0x9f9110,0x00000030,(nil),(nil))
0050:trace:file:NtReadFile (0x24,0x28,(nil),(nil),0x982ba4,0x982d58,0x00000008,(nil),(nil))
0050:trace:file:NtReadFile (0x24,0x28,(nil),(nil),0x982ba4,0x982d68,0x00000018,(nil),(nil))
0050:trace:file:CreateFileW L"\\\\.\\pipe\\net\\NtControlPipe0" GENERIC_READ GENERIC_WRITE  creation 4 attributes 0x0
0050:trace:file:RtlDosPathNameToNtPathName_U_WithStatus (L"\\\\.\\pipe\\net\\NtControlPipe0",0061FC6C,00000000,00000000)
0050:trace:file:RtlGetFullPathName_U (L"\\\\.\\pipe\\net\\NtControlPipe0" 520 0061F9E8 00000000)
0050:trace:file:NtCreateFile handle=0x61fc68 access=c0100080 name=L"\\??\\pipe\\net\\NtControlPipe0" objattr=00000040 root=(nil) sec=(nil) io=0x61fc74 alloc_size=(nil) attr=00000000 sharing=00000000 disp=3 options=00000060 ea=(nil).0x00000000
0050:trace:file:CreateFileW returning 0000002C
003c:trace:file:GetOverlappedResultEx (000000C8 0068F8E4 0068F8D8 0 0)
003c:trace:file:WriteFile 000000C8 009FA270 106 0068F870 0068F874
003c:trace:file:NtWriteFile (0xc8,0xc4,(nil),0x68f874,0x68f874,0x9fa270,0x0000006a,0x68f828,(nil))
003c:trace:file:ReadFile 000000C8 0068F8DC 4 0068F870 0068F874
003c:trace:file:NtReadFile (0xc8,0xc4,(nil),0x68f874,0x68f874,0x68f8dc,0x00000004,0x68f828,(nil))
005c:trace:file:ReadFile 0000002C 00CBFF30 16 00CBFF28 00000000
005c:trace:file:NtReadFile (0x2c,(nil),(nil),(nil),0xcbfee8,0xcbff30,0x00000010,(nil),(nil))
005c:trace:file:ReadFile 0000002C 00982BD0 90 00CBFF28 00000000
005c:trace:file:NtReadFile (0x2c,(nil),(nil),(nil),0xcbfee8,0x982bd0,0x0000005a,(nil),(nil))
005c:trace:file:NtWriteFile (0x24,0x28,(nil),(nil),0xcbfbc0,0x983608,0x00000054,(nil),(nil))
005c:trace:file:NtReadFile (0x24,0x28,(nil),(nil),0x982ba4,0xcbfc04,0x00000010,(nil),(nil))
0054:trace:file:NtReadFile (0xa0,0xdc,(nil),(nil),0x9f7d84,0x9f8458,0x00000008,(nil),(nil))
0054:trace:file:NtReadFile (0xa0,0xdc,(nil),(nil),0x9f7d84,0x9fa2e8,0x0000003c,(nil),(nil))
0054:trace:file:NtReadFile (0xa0,0xdc,(nil),(nil),0x9f7d84,0x100fe8c,0x00000010,(nil),(nil))
0058:trace:file:NtWriteFile (0xa0,0xe4,(nil),(nil),0x130fcc0,0x9f9110,0x00000030,(nil),(nil))
005c:trace:file:NtReadFile (0x24,0x28,(nil),(nil),0x982ba4,0x983200,0x00000008,(nil),(nil))
005c:trace:file:NtReadFile (0x24,0x28,(nil),(nil),0x982ba4,0x983210,0x00000018,(nil),(nil))
005c:trace:file:NtWriteFile (0x24,0x28,(nil),(nil),0xcbfbc0,0x9836a8,0x00000054,(nil),(nil))
005c:trace:file:NtReadFile (0x24,0x28,(nil),(nil),0x982ba4,0xcbfc04,0x00000010,(nil),(nil))
0054:trace:file:NtReadFile (0xa0,0xdc,(nil),(nil),0x9f7d84,0x9f8458,0x00000008,(nil),(nil))
0054:trace:file:NtReadFile (0xa0,0xdc,(nil),(nil),0x9f7d84,0x9fa330,0x0000003c,(nil),(nil))
0054:trace:file:NtReadFile (0xa0,0xdc,(nil),(nil),0x9f7d84,0x100fe8c,0x00000010,(nil),(nil))
0058:trace:file:NtWriteFile (0xa0,0xe4,(nil),(nil),0x130fcc0,0x9f9110,0x00000030,(nil),(nil))
005c:trace:file:NtReadFile (0x24,0x28,(nil),(nil),0x982ba4,0x983240,0x00000008,(nil),(nil))
005c:trace:file:NtReadFile (0x24,0x28,(nil),(nil),0x982ba4,0x983270,0x00000018,(nil),(nil))
005c:trace:file:WriteFile 0000002C 00CBFF2C 4 00CBFF28 00000000
005c:trace:file:NtWriteFile (0x2c,(nil),(nil),(nil),0xcbfee8,0xcbff2c,0x00000004,(nil),(nil))
005c:trace:file:ReadFile 0000002C 00CBFF30 16 00CBFF28 00000000
005c:trace:file:NtReadFile (0x2c,(nil),(nil),(nil),0xcbfee8,0xcbff30,0x00000010,(nil),(nil))
003c:trace:file:GetOverlappedResultEx (000000C8 0068F874 0068F870 0 0)
0060:trace:file:NtWriteFile (0x24,0x28,(nil),(nil),0xfbf974,0x982c08,0x00000024,(nil),(nil))
0060:trace:file:NtReadFile (0x24,0x28,(nil),(nil),0x982ba4,0xfbf9b8,0x00000010,(nil),(nil))
0054:trace:file:NtReadFile (0xa0,0xdc,(nil),(nil),0x9f7d84,0x9f8458,0x00000008,(nil),(nil))
0054:trace:file:NtReadFile (0xa0,0xdc,(nil),(nil),0x9f7d84,0x9f8528,0x0000000c,(nil),(nil))
0054:trace:file:NtReadFile (0xa0,0xdc,(nil),(nil),0x9f7d84,0x100fe8c,0x00000010,(nil),(nil))
0058:trace:file:NtWriteFile (0xa0,0xe4,(nil),(nil),0x130fcc0,0x9f9110,0x00000030,(nil),(nil))
0060:trace:file:NtReadFile (0x24,0x28,(nil),(nil),0x982ba4,0x983790,0x00000008,(nil),(nil))
0060:trace:file:NtReadFile (0x24,0x28,(nil),(nil),0x982ba4,0x983800,0x00000018,(nil),(nil))
0060:trace:file:RtlDosPathNameToNtPathName_U_WithStatus (L"C:\\windows\\system32\\drivers",00FBFC48,00000000,00000000)
0060:trace:file:RtlGetFullPathName_U (L"C:\\windows\\system32\\drivers" 520 00FBFA08 00000000)
0060:trace:file:nt_to_unix_file_name_no_root L"\\??\\C:\\windows\\system32\\drivers" -> "/work/stage2-copy/wineprefix/dosdevices/c:/windows/system32/drivers"
0060:trace:file:NtWriteFile (0x24,0x28,(nil),(nil),0xfbf968,0x983be8,0x00000048,(nil),(nil))
0060:trace:file:NtReadFile (0x24,0x28,(nil),(nil),0x982ba4,0xfbf9ac,0x00000010,(nil),(nil))
0054:trace:file:NtReadFile (0xa0,0xdc,(nil),(nil),0x9f7d84,0x9f8458,0x00000008,(nil),(nil))
0054:trace:file:NtReadFile (0xa0,0xdc,(nil),(nil),0x9f7d84,0x9f8938,0x00000030,(nil),(nil))
0054:trace:file:NtReadFile (0xa0,0xdc,(nil),(nil),0x9f7d84,0x100fe8c,0x00000010,(nil),(nil))
0058:trace:file:NtWriteFile (0xa0,0xe4,(nil),(nil),0x130fcc0,0x9f9d00,0x0000001c,(nil),(nil))
003c:trace:file:NtFsControlFile (0xc8,0xc4,(nil),0x68fbec,0x68fbec,0x00110008,(nil),0x00000000,(nil),0x00000000)
003c:trace:file:WriteFile 000000C8 009F6290 36 0068FB78 0068FB7C
003c:trace:file:NtWriteFile (0xc8,0xc4,(nil),0x68fb7c,0x68fb7c,0x9f6290,0x00000024,0x68fb30,(nil))
0060:trace:file:NtReadFile (0x24,0x28,(nil),(nil),0x982ba4,0x9837b0,0x00000008,(nil),(nil))
003c:trace:file:ReadFile 000000C8 0068FBE4 4 0068FB78 0068FB7C
003c:trace:file:NtReadFile (0xc8,0xc4,(nil),0x68fb7c,0x68fb7c,0x68fbe4,0x00000004,0x68fb30,(nil))
0060:trace:file:NtReadFile (0x24,0x28,(nil),(nil),0x982ba4,0x9837c0,0x00000004,(nil),(nil))
005c:trace:file:ReadFile 0000002C 00983290 20 00CBFF28 00000000
005c:trace:file:NtReadFile (0x2c,(nil),(nil),(nil),0xcbfee8,0x983290,0x00000014,(nil),(nil))
0060:trace:file:NtQueryObject (0xfffffffe,0x00000002,0xfbfab0,0x00000100,0xfbfaac)
005c:trace:file:NtWriteFile (0x24,0x28,(nil),(nil),0xcbfac8,0x983b20,0x00000024,(nil),(nil))
005c:trace:file:NtReadFile (0x24,0x28,(nil),(nil),0x982ba4,0xcbfb0c,0x00000010,(nil),(nil))
0060:trace:file:NtQueryObject (0x48,0x00000002,0xfbf930,0x00000100,0xfbf92c)
0054:trace:file:NtReadFile (0xa0,0xdc,(nil),(nil),0x9f7d84,0x9f8458,0x00000008,(nil),(nil))
0054:trace:file:NtReadFile (0xa0,0xdc,(nil),(nil),0x9f7d84,0x9f8528,0x0000000c,(nil),(nil))
0054:trace:file:NtReadFile (0xa0,0xdc,(nil),(nil),0x9f7d84,0x100fe8c,0x00000010,(nil),(nil))
0058:trace:file:NtWriteFile (0xa0,0xe4,(nil),(nil),0x130fcc0,0x9f9110,0x00000030,(nil),(nil))
005c:trace:file:NtReadFile (0x24,0x28,(nil),(nil),0x982ba4,0x983300,0x00000008,(nil),(nil))
005c:trace:file:NtReadFile (0x24,0x28,(nil),(nil),0x982ba4,0x983370,0x00000018,(nil),(nil))
005c:trace:file:NtWriteFile (0x24,0x28,(nil),(nil),0xcbfad4,0x983be8,0x00000050,(nil),(nil))
005c:trace:file:NtReadFile (0x24,0x28,(nil),(nil),0x982ba4,0xcbfb18,0x00000010,(nil),(nil))
0054:trace:file:NtReadFile (0xa0,0xdc,(nil),(nil),0x9f7d84,0x9f8458,0x00000008,(nil),(nil))
0054:trace:file:NtReadFile (0xa0,0xdc,(nil),(nil),0x9f7d84,0x9f8938,0x00000038,(nil),(nil))
0054:trace:file:NtReadFile (0xa0,0xdc,(nil),(nil),0x9f7d84,0x100fe8c,0x00000010,(nil),(nil))
0058:trace:file:NtWriteFile (0xa0,0xe4,(nil),(nil),0x130fcc0,0x9f9110,0x00000030,(nil),(nil))
005c:trace:file:NtReadFile (0x24,0x28,(nil),(nil),0x982ba4,0x983320,0x00000008,(nil),(nil))
0048:trace:file:nt_to_unix_file_name_no_root L"\\??\\C:\\windows\\fonts\\vgasys.fon" -> "/work/stage2-copy/wineprefix/dosdevices/c:/windows/Fonts/vgasys.fon"
005c:trace:file:NtReadFile (0x24,0x28,(nil),(nil),0x982ba4,0x983330,0x00000018,(nil),(nil))
0048:trace:file:find_drive_rootA "/usr/lib/wine/../../share/wine" -> drive Z:, root="/", name="/usr/lib/wine/../../share/wine"
005c:trace:file:NtWriteFile (0x24,0x28,(nil),(nil),0xcbfae4,0x983b50,0x0000002c,(nil),(nil))
0048:trace:file:nt_to_unix_file_name_no_root L"\\??\\Z:\\usr\\share\\wine\\fonts\\vgasys.fon" -> "/work/stage2-copy/wineprefix/dosdevices/z:/usr/share/wine/fonts/vgasys.fon"
005c:trace:file:NtReadFile (0x24,0x28,(nil),(nil),0x982ba4,0xcbfb28,0x00000010,(nil),(nil))
0048:trace:file:nt_to_unix_file_name_no_root L"\\??\\C:\\windows\\fonts\\vgaoem.fon" -> "/work/stage2-copy/wineprefix/dosdevices/c:/windows/Fonts/vgaoem.fon"
0048:trace:file:find_drive_rootA "/usr/lib/wine/../../share/wine" -> drive Z:, root="/", name="/usr/lib/wine/../../share/wine"
0048:trace:file:nt_to_unix_file_name_no_root L"\\??\\Z:\\usr\\share\\wine\\fonts\\vgaoem.fon" -> "/work/stage2-copy/wineprefix/dosdevices/z:/usr/share/wine/fonts/vgaoem.fon"
0054:trace:file:NtReadFile (0xa0,0xdc,(nil),(nil),0x9f7d84,0x9f8458,0x00000008,(nil),(nil))
0048:trace:file:nt_to_unix_file_name_no_root L"\\??\\C:\\windows\\fonts\\vgafix.fon" -> "/work/stage2-copy/wineprefix/dosdevices/c:/windows/Fonts/vgafix.fon"
0054:trace:file:NtReadFile (0xa0,0xdc,(nil),(nil),0x9f7d84,0x9f8528,0x00000014,(nil),(nil))
0048:trace:file:find_drive_rootA "/usr/lib/wine/../../share/wine" -> drive Z:, root="/", name="/usr/lib/wine/../../share/wine"
0054:trace:file:NtReadFile (0xa0,0xdc,(nil),(nil),0x9f7d84,0x100fe8c,0x00000010,(nil),(nil))
0048:trace:file:nt_to_unix_file_name_no_root L"\\??\\Z:\\usr\\share\\wine\\fonts\\vgafix.fon" -> "/work/stage2-copy/wineprefix/dosdevices/z:/usr/share/wine/fonts/vgafix.fon"
0058:trace:file:NtWriteFile (0xa0,0xe4,(nil),(nil),0x130fcc0,0x9f9110,0x00000030,(nil),(nil))
0048:trace:file:NtCreateFile handle=0x21ce94 access=80100000 name=L"\\??\\C:\\windows\\fonts" objattr=00000040 root=(nil) sec=(nil) io=0x21ce98 alloc_size=(nil) attr=00000000 sharing=00000003 disp=1 options=00004021 ea=(nil).0x00000000
0048:trace:file:nt_to_unix_file_name_no_root L"\\??\\C:\\windows\\fonts" -> "/work/stage2-copy/wineprefix/dosdevices/c:/windows/Fonts"
0048:trace:file:NtQueryDirectoryFile (0x34 (nil) (nil) (nil) 0x21ce98 0x21cec0 0x00002000 0x00000003 0x00000000 <null> 0x00000000
005c:trace:file:NtReadFile (0x24,0x28,(nil),(nil),0x982ba4,0x9833c0,0x00000008,(nil),(nil))
0048:trace:file:append_entry long L"." short L"" mask <null>
0048:trace:file:append_entry long L".." short L"" mask <null>
005c:trace:file:NtReadFile (0x24,0x28,(nil),(nil),0x982ba4,0x9833d0,0x00000018,(nil),(nil))
0048:trace:file:init_cached_dir_data mask <null> found 2 files
0048:trace:file:init_cached_dir_data L"." L""
0048:trace:file:init_cached_dir_data L".." L""
0048:trace:file:NtQueryDirectoryFile => 0 (194)
0048:trace:file:NtQueryDirectoryFile (0x34 (nil) (nil) (nil) 0x21ce98 0x21cec0 0x00002000 0x00000003 0x00000000 <null> 0x00000000
005c:trace:file:NtWriteFile (0x24,0x28,(nil),(nil),0xcbfaa4,0x983c60,0x00000030,(nil),(nil))
0048:trace:file:NtQueryDirectoryFile => 80000006 (0)
005c:trace:file:NtReadFile (0x24,0x28,(nil),(nil),0x982ba4,0xcbfae8,0x00000010,(nil),(nil))
0048:trace:file:find_drive_rootA "/usr/lib/wine/../../share/wine" -> drive Z:, root="/", name="/usr/lib/wine/../../share/wine"
0048:trace:file:NtCreateFile handle=0x21ce94 access=80100000 name=L"\\??\\Z:\\usr\\share\\wine\\fonts" objattr=00000040 root=(nil) sec=(nil) io=0x21ce98 alloc_size=(nil) attr=00000000 sharing=00000003 disp=1 options=00004021 ea=(nil).0x00000000
0048:trace:file:nt_to_unix_file_name_no_root L"\\??\\Z:\\usr\\share\\wine\\fonts" -> "/work/stage2-copy/wineprefix/dosdevices/z:/usr/share/wine/fonts"
0048:trace:file:NtQueryDirectoryFile (0x34 (nil) (nil) (nil) 0x21ce98 0x21cec0 0x00002000 0x00000003 0x00000000 <null> 0x00000000
0054:trace:file:NtReadFile (0xa0,0xdc,(nil),(nil),0x9f7d84,0x9f8458,0x00000008,(nil),(nil))
0054:trace:file:NtReadFile (0xa0,0xdc,(nil),(nil),0x9f7d84,0x9f8528,0x00000018,(nil),(nil))
0048:trace:file:append_entry long L"." short L"" mask <null>
0048:trace:file:append_entry long L".." short L"" mask <null>
0048:trace:file:init_cached_dir_data mask <null> found 2 files
0048:trace:file:init_cached_dir_data L"." L""
0048:trace:file:init_cached_dir_data L".." L""
0054:trace:file:NtReadFile (0xa0,0xdc,(nil),(nil),0x9f7d84,0x100fe8c,0x00000010,(nil),(nil))
0048:trace:file:NtQueryDirectoryFile => 0 (194)
0048:trace:file:NtQueryDirectoryFile (0x34 (nil) (nil) (nil) 0x21ce98 0x21cec0 0x00002000 0x00000003 0x00000000 <null> 0x00000000
0048:trace:file:NtQueryDirectoryFile => 80000006 (0)
0058:trace:file:NtWriteFile (0xa0,0xe4,(nil),(nil),0x130fcc0,0x9fba60,0x00000124,(nil),(nil))
005c:trace:file:NtReadFile (0x24,0x28,(nil),(nil),0x982ba4,0x9832e0,0x00000008,(nil),(nil))
005c:trace:file:NtReadFile (0x24,0x28,(nil),(nil),0x982ba4,0x983d98,0x0000010c,(nil),(nil))
005c:trace:file:NtWriteFile (0x24,0x28,(nil),(nil),0xcbfaa4,0x983b48,0x00000030,(nil),(nil))
0048:trace:file:find_drive_rootA "/usr/share/fonts/truetype/dejavu/DejaVuSans-Bold.ttf" -> drive Z:, root="/", name="/usr/share/fonts/truetype/dejavu/DejaVuSans-Bold.ttf"
005c:trace:file:NtReadFile (0x24,0x28,(nil),(nil),0x982ba4,0xcbfae8,0x00000010,(nil),(nil))
0054:trace:file:NtReadFile (0xa0,0xdc,(nil),(nil),0x9f7d84,0x9f8458,0x00000008,(nil),(nil))
0054:trace:file:NtReadFile (0xa0,0xdc,(nil),(nil),0x9f7d84,0x9f8528,0x00000018,(nil),(nil))
0048:trace:file:find_drive_rootA "/usr/share/fonts/truetype/dejavu/DejaVuSans.ttf" -> drive Z:, root="/", name="/usr/share/fonts/truetype/dejavu/DejaVuSans.ttf"
0054:trace:file:NtReadFile (0xa0,0xdc,(nil),(nil),0x9f7d84,0x100fe8c,0x00000010,(nil),(nil))
0058:trace:file:NtWriteFile (0xa0,0xe4,(nil),(nil),0x130fcc0,0x9fba60,0x00000124,(nil),(nil))
0048:trace:file:find_drive_rootA "/usr/share/fonts/truetype/dejavu/DejaVuSansMono-Bold.ttf" -> drive Z:, root="/", name="/usr/share/fonts/truetype/dejavu/DejaVuSansMono-Bold.ttf"
005c:trace:file:NtReadFile (0x24,0x28,(nil),(nil),0x982ba4,0x9832e0,0x00000008,(nil),(nil))
0048:trace:file:find_drive_rootA "/usr/share/fonts/truetype/dejavu/DejaVuSansMono-BoldOblique.ttf" -> drive Z:, root="/", name="/usr/share/fonts/truetype/dejavu/DejaVuSansMono-BoldOblique.ttf"
005c:trace:file:NtReadFile (0x24,0x28,(nil),(nil),0x982ba4,0x983d98,0x0000010c,(nil),(nil))
0048:trace:file:find_drive_rootA "/usr/share/fonts/truetype/dejavu/DejaVuSansMono-Oblique.ttf" -> drive Z:, root="/", name="/usr/share/fonts/truetype/dejavu/DejaVuSansMono-Oblique.ttf"
005c:trace:file:NtWriteFile (0x24,0x28,(nil),(nil),0xcbfabc,0x983b20,0x00000048,(nil),(nil))
0048:trace:file:find_drive_rootA "/usr/share/fonts/truetype/dejavu/DejaVuSansMono.ttf" -> drive Z:, root="/", name="/usr/share/fonts/truetype/dejavu/DejaVuSansMono.ttf"
005c:trace:file:NtReadFile (0x24,0x28,(nil),(nil),0x982ba4,0xcbfb00,0x00000010,(nil),(nil))
0048:trace:file:find_drive_rootA "/usr/share/fonts/truetype/dejavu/DejaVuSerif-Bold.ttf" -> drive Z:, root="/", name="/usr/share/fonts/truetype/dejavu/DejaVuSerif-Bold.ttf"
0054:trace:file:NtReadFile (0xa0,0xdc,(nil),(nil),0x9f7d84,0x9f8458,0x00000008,(nil),(nil))
0054:trace:file:NtReadFile (0xa0,0xdc,(nil),(nil),0x9f7d84,0x9f8938,0x00000030,(nil),(nil))
0054:trace:file:NtReadFile (0xa0,0xdc,(nil),(nil),0x9f7d84,0x100fe8c,0x00000010,(nil),(nil))
0048:trace:file:find_drive_rootA "/usr/share/fonts/truetype/dejavu/DejaVuSerif.ttf" -> drive Z:, root="/", name="/usr/share/fonts/truetype/dejavu/DejaVuSerif.ttf"
0058:trace:file:NtWriteFile (0xa0,0xe4,(nil),(nil),0x130fcc0,0x9f9d30,0x0000001c,(nil),(nil))
005c:trace:file:NtReadFile (0x24,0x28,(nil),(nil),0x982ba4,0x9832e0,0x00000008,(nil),(nil))
0048:trace:file:nt_to_unix_file_name_no_root L"\\??\\C:\\windows\\fonts\\coure.fon" -> "/work/stage2-copy/wineprefix/dosdevices/c:/windows/Fonts/coure.fon"
0048:trace:file:find_drive_rootA "/usr/lib/wine/../../share/wine" -> drive Z:, root="/", name="/usr/lib/wine/../../share/wine"
005c:trace:file:NtReadFile (0x24,0x28,(nil),(nil),0x982ba4,0x9832f0,0x00000004,(nil),(nil))
0048:trace:file:nt_to_unix_file_name_no_root L"\\??\\Z:\\usr\\share\\wine\\fonts\\coure.fon" -> "/work/stage2-copy/wineprefix/dosdevices/z:/usr/share/wine/fonts/coure.fon"
005c:trace:file:RtlDosPathNameToNtPathName_U_WithStatus (L"C:\\windows\\system32\\drivers\\mountmgr.sys",00CBFA2C,00000000,00000000)
005c:trace:file:RtlGetFullPathName_U (L"C:\\windows\\system32\\drivers\\mountmgr.sys" 520 00CBF710 00000000)
005c:trace:file:NtCreateFile handle=0xcbf89c access=80100000 name=L"\\??\\C:\\windows\\system32\\drivers\\mountmgr.sys" objattr=00000040 root=(nil) sec=(nil) io=0xcbf8a8 alloc_size=(nil) attr=00000000 sharing=00000005 disp=1 options=00000060 ea=(nil).0x00000000
005c:trace:file:nt_to_unix_file_name_no_root L"\\??\\C:\\windows\\system32\\drivers\\mountmgr.sys" -> "/work/stage2-copy/wineprefix/dosdevices/c:/windows/system32/drivers/mountmgr.sys"
0048:trace:file:nt_to_unix_file_name_no_root L"\\??\\C:\\windows\\fonts\\sserife.fon" -> "/work/stage2-copy/wineprefix/dosdevices/c:/windows/Fonts/sserife.fon"
0048:trace:file:find_drive_rootA "/usr/lib/wine/../../share/wine" -> drive Z:, root="/", name="/usr/lib/wine/../../share/wine"
005c:trace:file:NtFsControlFile (0x4c,(nil),(nil),(nil),0xcbf8a8,0x0009009c,(nil),0x00000000,0xcbf8c8,0x00000040)
0048:trace:file:nt_to_unix_file_name_no_root L"\\??\\Z:\\usr\\share\\wine\\fonts\\sserife.fon" -> "/work/stage2-copy/wineprefix/dosdevices/z:/usr/share/wine/fonts/sserife.fon"
0048:trace:file:nt_to_unix_file_name_no_root L"\\??\\C:\\windows\\fonts\\serife.fon" -> "/work/stage2-copy/wineprefix/dosdevices/c:/windows/Fonts/serife.fon"
0048:trace:file:find_drive_rootA "/usr/lib/wine/../../share/wine" -> drive Z:, root="/", name="/usr/lib/wine/../../share/wine"
0048:trace:file:nt_to_unix_file_name_no_root L"\\??\\Z:\\usr\\share\\wine\\fonts\\serife.fon" -> "/work/stage2-copy/wineprefix/dosdevices/z:/usr/share/wine/fonts/serife.fon"
0048:trace:file:nt_to_unix_file_name_no_root L"\\??\\C:\\windows\\fonts\\smalle.fon" -> "/work/stage2-copy/wineprefix/dosdevices/c:/windows/Fonts/smalle.fon"
0048:trace:file:find_drive_rootA "/usr/lib/wine/../../share/wine" -> drive Z:, root="/", name="/usr/lib/wine/../../share/wine"
0048:trace:file:nt_to_unix_file_name_no_root L"\\??\\Z:\\usr\\share\\wine\\fonts\\smalle.fon" -> "/work/stage2-copy/wineprefix/dosdevices/z:/usr/share/wine/fonts/smalle.fon"
005c:trace:file:RtlDosPathNameToNtPathName_U_WithStatus (L"C:\\windows\\system32\\setupapi.dll",00CBF894,00000000,00000000)
005c:trace:file:RtlGetFullPathName_U (L"C:\\windows\\system32\\setupapi.dll" 520 00CBF540 00000000)
005c:trace:file:NtCreateFile handle=0xcbf6cc access=80100000 name=L"\\??\\C:\\windows\\system32\\setupapi.dll" objattr=00000040 root=(nil) sec=(nil) io=0xcbf6d8 alloc_size=(nil) attr=00000000 sharing=00000005 disp=1 options=00000060 ea=(nil).0x00000000
005c:trace:file:nt_to_unix_file_name_no_root L"\\??\\C:\\windows\\system32\\setupapi.dll" -> "/work/stage2-copy/wineprefix/dosdevices/c:/windows/system32/setupapi.dll"
005c:trace:file:NtFsControlFile (0x54,(nil),(nil),(nil),0xcbf6d8,0x0009009c,(nil),0x00000000,0xcbf6f8,0x00000040)
0048:trace:file:RtlDosPathNameToNtPathName_U_WithStatus (L"C:\\windows\\system32\\imm32.dll",0069F92C,00000000,00000000)
0048:trace:file:RtlGetFullPathName_U (L"C:\\windows\\system32\\imm32.dll" 520 0069F5D8 00000000)
0048:trace:file:NtCreateFile handle=0x69f764 access=80100000 name=L"\\??\\C:\\windows\\system32\\imm32.dll" objattr=00000040 root=(nil) sec=(nil) io=0x69f770 alloc_size=(nil) attr=00000000 sharing=00000005 disp=1 options=00000060 ea=(nil).0x00000000
0048:trace:file:nt_to_unix_file_name_no_root L"\\??\\C:\\windows\\system32\\imm32.dll" -> "/work/stage2-copy/wineprefix/dosdevices/c:/windows/system32/imm32.dll"
0048:trace:file:NtFsControlFile (0x4c,(nil),(nil),(nil),0x69f770,0x0009009c,(nil),0x00000000,0x69f790,0x00000040)
005c:trace:file:NtWriteFile (0x24,0x28,(nil),(nil),0xcbfabc,0x983b20,0x00000048,(nil),(nil))
005c:trace:file:NtReadFile (0x24,0x28,(nil),(nil),0x982ba4,0xcbfb00,0x00000010,(nil),(nil))
0054:trace:file:NtReadFile (0xa0,0xdc,(nil),(nil),0x9f7d84,0x9f8458,0x00000008,(nil),(nil))
0054:trace:file:NtReadFile (0xa0,0xdc,(nil),(nil),0x9f7d84,0x9f88f8,0x00000030,(nil),(nil))
0054:trace:file:NtReadFile (0xa0,0xdc,(nil),(nil),0x9f7d84,0x100fe8c,0x00000010,(nil),(nil))
0058:trace:file:NtWriteFile (0xa0,0xe4,(nil),(nil),0x130fcc0,0x9f9d30,0x0000001c,(nil),(nil))
005c:trace:file:NtReadFile (0x24,0x28,(nil),(nil),0x982ba4,0x983440,0x00000008,(nil),(nil))
005c:trace:file:NtReadFile (0x24,0x28,(nil),(nil),0x982ba4,0x983450,0x00000004,(nil),(nil))
0048:trace:file:RtlDosPathNameToNtPathName_U_WithStatus (L"C:\\windows\\system32\\winemac.drv",0069F14C,00000000,00000000)
005c:trace:file:WriteFile 0000002C 00CBFF2C 4 00CBFF28 00000000
0048:trace:file:RtlGetFullPathName_U (L"C:\\windows\\system32\\winemac.drv" 520 0069EDF8 00000000)
005c:trace:file:NtWriteFile (0x2c,(nil),(nil),(nil),0xcbfee8,0xcbff2c,0x00000004,(nil),(nil))
0048:trace:file:NtCreateFile handle=0x69ef84 access=80100000 name=L"\\??\\C:\\windows\\system32\\winemac.drv" objattr=00000040 root=(nil) sec=(nil) io=0x69ef90 alloc_size=(nil) attr=00000000 sharing=00000005 disp=1 options=00000060 ea=(nil).0x00000000
003c:trace:file:GetOverlappedResultEx (000000C8 0068FB7C 0068FB78 0 0)
005c:trace:file:ReadFile 0000002C 00CBFF30 16 00CBFF28 00000000
005c:trace:file:NtReadFile (0x2c,(nil),(nil),(nil),0xcbfee8,0xcbff30,0x00000010,(nil),(nil))
003c:trace:file:RtlDosPathNameToNtPathName_U_WithStatus (L"\\\\.\\pipe\\net\\NtControlPipe1",0068F5C0,00000000,00000000)
003c:trace:file:RtlGetFullPathName_U (L"\\\\.\\pipe\\net\\NtControlPipe1" 520 0068F32C 00000000)
003c:trace:file:NtCreateNamedPipeFile (0x68f5b4 c0100000 L"\\??\\pipe\\net\\NtControlPipe1" 0x68f5c8 3 3 0 0 0 0 1 256 256 0x68f5b8)
003c:trace:file:RtlDosPathNameToNtPathName_U_WithStatus (L"C:\\windows\\system32\\winedevice.exe",0068EFB0,00000000,00000000)
003c:trace:file:RtlGetFullPathName_U (L"C:\\windows\\system32\\winedevice.exe" 520 0068ED84 00000000)
003c:trace:file:nt_to_unix_file_name_no_root L"\\??\\C:\\windows\\system32\\winedevice.exe" -> "/work/stage2-copy/wineprefix/dosdevices/c:/windows/system32/winedevice.exe"
003c:trace:file:RtlGetFullPathName_U (L"C:\\windows\\system32\\winedevice.exe" 520 0068F1A8 00000000)
003c:trace:file:CreateFileW L"C:\\windows\\system32\\winedevice.exe" GENERIC_READ FILE_SHARE_READ FILE_SHARE_DELETE  creation 3 attributes 0x0
003c:trace:file:RtlDosPathNameToNtPathName_U_WithStatus (L"C:\\windows\\system32\\winedevice.exe",0068F05C,00000000,00000000)
003c:trace:file:RtlGetFullPathName_U (L"C:\\windows\\system32\\winedevice.exe" 520 0068EDD8 00000000)
003c:trace:file:NtCreateFile handle=0x68f058 access=80100080 name=L"\\??\\C:\\windows\\system32\\winedevice.exe" objattr=00000040 root=(nil) sec=(nil) io=0x68f064 alloc_size=(nil) attr=00000000 sharing=00000005 disp=1 options=00000060 ea=(nil).0x00000000
003c:trace:file:nt_to_unix_file_name_no_root L"\\??\\C:\\windows\\system32\\winedevice.exe" -> "/work/stage2-copy/wineprefix/dosdevices/c:/windows/system32/winedevice.exe"
003c:trace:file:CreateFileW returning 000000F8
003c:trace:file:GetLongPathNameW L"C:\\windows\\system32\\winedevice.exe",0068F3B0,260
003c:trace:file:FindFirstFileExW L"C:\\windows" 0 0068E678 0 00000000 0
003c:trace:file:RtlDosPathNameToNtPathName_U_WithStatus (L"C:\\windows",0068E600,0068E5FC,00000000)
003c:trace:file:RtlGetFullPathName_U (L"C:\\windows" 520 0068E390 0068E5FC)
0048:trace:file:nt_to_unix_file_name_no_root L"windows\\system32\\winemac.drv" not found in "/work/stage2-copy/wineprefix/dosdevices/c:"
003c:trace:file:NtCreateFile handle=0x24808c access=00100001 name=L"\\??\\C:\\" objattr=00000040 root=(nil) sec=(nil) io=0x68e608 alloc_size=(nil) attr=00000000 sharing=00000003 disp=1 options=00004021 ea=(nil).0x00000000
0048:warn:file:NtCreateFile L"\\??\\C:\\windows\\system32\\winemac.drv" not found (c0000034)
003c:trace:file:nt_to_unix_file_name_no_root L"\\??\\C:\\" -> "/work/stage2-copy/wineprefix/dosdevices/c:/"
0048:trace:file:RtlDosPathNameToNtPathName_U_WithStatus (L"C:\\windows\\system32\\winemac.drv",0069F14C,00000000,00000000)
0048:trace:file:RtlGetFullPathName_U (L"C:\\windows\\system32\\winemac.drv" 520 0069EDF8 00000000)
0048:trace:file:NtCreateFile handle=0x69ef84 access=80100000 name=L"\\??\\C:\\windows\\system32\\winemac.drv" objattr=00000040 root=(nil) sec=(nil) io=0x69ef90 alloc_size=(nil) attr=00000000 sharing=00000005 disp=1 options=00000060 ea=(nil).0x00000000
003c:trace:file:NtQueryDirectoryFile (0xf8 (nil) (nil) (nil) 0x68e608 0x2480d0 0x0000025e 0x00000003 0x00000000 L"windows" 0x00000001
003c:trace:file:read_directory_data_stat found windows
003c:trace:file:append_entry long L"windows" short L"" mask <null>
003c:trace:file:init_cached_dir_data mask L"windows" found 1 files
003c:trace:file:init_cached_dir_data L"windows" L""
003c:trace:file:NtQueryDirectoryFile => 0 (108)
003c:trace:file:FindNextFileW 00248088 0068E678
003c:trace:file:FindNextFileW returning L"windows" (L"")
003c:trace:file:FindFirstFileExW L"C:\\windows\\system32" 0 0068E678 0 00000000 0
003c:trace:file:RtlDosPathNameToNtPathName_U_WithStatus (L"C:\\windows\\system32",0068E600,0068E5FC,00000000)
003c:trace:file:RtlGetFullPathName_U (L"C:\\windows\\system32" 520 0068E390 0068E5FC)
003c:trace:file:NtCreateFile handle=0x24808c access=00100001 name=L"\\??\\C:\\windows\\" objattr=00000040 root=(nil) sec=(nil) io=0x68e608 alloc_size=(nil) attr=00000000 sharing=00000003 disp=1 options=00004021 ea=(nil).0x00000000
003c:trace:file:nt_to_unix_file_name_no_root L"\\??\\C:\\windows\\" -> "/work/stage2-copy/wineprefix/dosdevices/c:/windows/"
003c:trace:file:NtQueryDirectoryFile (0xf8 (nil) (nil) (nil) 0x68e608 0x2480d0 0x0000025e 0x00000003 0x00000000 L"system32" 0x00000001
003c:trace:file:read_directory_data_stat found system32
003c:trace:file:append_entry long L"system32" short L"" mask <null>
003c:trace:file:init_cached_dir_data mask L"system32" found 1 files
003c:trace:file:init_cached_dir_data L"system32" L""
003c:trace:file:NtQueryDirectoryFile => 0 (110)
003c:trace:file:FindNextFileW 00248088 0068E678
003c:trace:file:FindNextFileW returning L"system32" (L"")
003c:trace:file:FindFirstFileExW L"C:\\windows\\system32\\winedevice.exe" 0 0068E678 0 00000000 0
003c:trace:file:RtlDosPathNameToNtPathName_U_WithStatus (L"C:\\windows\\system32\\winedevice.exe",0068E600,0068E5FC,00000000)
003c:trace:file:RtlGetFullPathName_U (L"C:\\windows\\system32\\winedevice.exe" 520 0068E390 0068E5FC)
003c:trace:file:NtCreateFile handle=0x24808c access=00100001 name=L"\\??\\C:\\windows\\system32\\" objattr=00000040 root=(nil) sec=(nil) io=0x68e608 alloc_size=(nil) attr=00000000 sharing=00000003 disp=1 options=00004021 ea=(nil).0x00000000
003c:trace:file:nt_to_unix_file_name_no_root L"\\??\\C:\\windows\\system32\\" -> "/work/stage2-copy/wineprefix/dosdevices/c:/windows/system32/"
003c:trace:file:NtQueryDirectoryFile (0xf8 (nil) (nil) (nil) 0x68e608 0x2480d0 0x0000025e 0x00000003 0x00000000 L"winedevice.exe" 0x00000001
003c:trace:file:read_directory_data_stat found winedevice.exe
003c:trace:file:append_entry long L"winedevice.exe" short L"WINE~X4P.EXE" mask <null>
003c:trace:file:init_cached_dir_data mask L"winedevice.exe" found 1 files
003c:trace:file:init_cached_dir_data L"winedevice.exe" L"WINE~X4P.EXE"
003c:trace:file:NtQueryDirectoryFile => 0 (122)
003c:trace:file:FindNextFileW 00248088 0068E678
003c:trace:file:FindNextFileW returning L"winedevice.exe" (L"WINE~X4P.EXE")
003c:trace:file:GetLongPathNameW returning L"C:\\windows\\system32\\winedevice.exe"
003c:trace:file:RtlGetFullPathName_U (L"C:\\windows\\system32\\winedevice.exe" 520 0068F3B0 00000000)
003c:trace:file:RtlDosPathNameToNtPathName_U_WithStatus (L"C:\\windows\\system32\\winedevice.exe",0068EFA0,00000000,00000000)
003c:trace:file:RtlGetFullPathName_U (L"C:\\windows\\system32\\winedevice.exe" 520 0068ED30 00000000)
003c:trace:file:nt_to_unix_file_name_no_root L"\\??\\C:\\windows\\" -> "/work/stage2-copy/wineprefix/dosdevices/c:/windows/"
003c:trace:file:nt_to_unix_file_name_no_root L"\\??\\C:\\windows\\system32\\winedevice.exe" -> "/work/stage2-copy/wineprefix/dosdevices/c:/windows/system32/winedevice.exe"
0048:trace:file:nt_to_unix_file_name_no_root L"windows\\system32\\winemac.drv" not found in "/work/stage2-copy/wineprefix/dosdevices/c:"
0048:warn:file:NtCreateFile L"\\??\\C:\\windows\\system32\\winemac.drv" not found (c0000034)
0048:trace:file:RtlDosPathNameToNtPathName_U_WithStatus (L"C:\\windows\\system\\winemac.drv",0069F14C,00000000,00000000)
0048:trace:file:RtlGetFullPathName_U (L"C:\\windows\\system\\winemac.drv" 520 0069EDF8 00000000)
0048:trace:file:NtCreateFile handle=0x69ef84 access=80100000 name=L"\\??\\C:\\windows\\system\\winemac.drv" objattr=00000040 root=(nil) sec=(nil) io=0x69ef90 alloc_size=(nil) attr=00000000 sharing=00000005 disp=1 options=00000060 ea=(nil).0x00000000
0048:trace:file:nt_to_unix_file_name_no_root L"windows\\system\\winemac.drv" not found in "/work/stage2-copy/wineprefix/dosdevices/c:"
0048:warn:file:NtCreateFile L"\\??\\C:\\windows\\system\\winemac.drv" not found (c0000034)
0048:trace:file:RtlDosPathNameToNtPathName_U_WithStatus (L"C:\\windows\\winemac.drv",0069F14C,00000000,00000000)
0048:trace:file:RtlGetFullPathName_U (L"C:\\windows\\winemac.drv" 520 0069EDF8 00000000)
0048:trace:file:NtCreateFile handle=0x69ef84 access=80100000 name=L"\\??\\C:\\windows\\winemac.drv" objattr=00000040 root=(nil) sec=(nil) io=0x69ef90 alloc_size=(nil) attr=00000000 sharing=00000005 disp=1 options=00000060 ea=(nil).0x00000000
0048:trace:file:nt_to_unix_file_name_no_root L"windows\\winemac.drv" not found in "/work/stage2-copy/wineprefix/dosdevices/c:"
0048:warn:file:NtCreateFile L"\\??\\C:\\windows\\winemac.drv" not found (c0000034)
0048:trace:file:RtlDosPathNameToNtPathName_U_WithStatus (L".\\winemac.drv",0069F14C,00000000,00000000)
0048:trace:file:RtlGetFullPathName_U (L".\\winemac.drv" 520 0069EDF8 00000000)
0048:trace:file:NtCreateFile handle=0x69ef84 access=80100000 name=L"\\??\\C:\\windows\\system32\\winemac.drv" objattr=00000040 root=(nil) sec=(nil) io=0x69ef90 alloc_size=(nil) attr=00000000 sharing=00000005 disp=1 options=00000060 ea=(nil).0x00000000
0048:trace:file:nt_to_unix_file_name_no_root L"windows\\system32\\winemac.drv" not found in "/work/stage2-copy/wineprefix/dosdevices/c:"
0048:warn:file:NtCreateFile L"\\??\\C:\\windows\\system32\\winemac.drv" not found (c0000034)
0048:trace:file:RtlDosPathNameToNtPathName_U_WithStatus (L"C:\\windows\\system32\\winemac.drv",0069F14C,00000000,00000000)
0048:trace:file:RtlGetFullPathName_U (L"C:\\windows\\system32\\winemac.drv" 520 0069EDF8 00000000)
0048:trace:file:NtCreateFile handle=0x69ef84 access=80100000 name=L"\\??\\C:\\windows\\system32\\winemac.drv" objattr=00000040 root=(nil) sec=(nil) io=0x69ef90 alloc_size=(nil) attr=00000000 sharing=00000005 disp=1 options=00000060 ea=(nil).0x00000000
0048:trace:file:nt_to_unix_file_name_no_root L"windows\\system32\\winemac.drv" not found in "/work/stage2-copy/wineprefix/dosdevices/c:"
0048:warn:file:NtCreateFile L"\\??\\C:\\windows\\system32\\winemac.drv" not found (c0000034)
0048:trace:file:RtlDosPathNameToNtPathName_U_WithStatus (L"C:\\windows\\winemac.drv",0069F14C,00000000,00000000)
0048:trace:file:RtlGetFullPathName_U (L"C:\\windows\\winemac.drv" 520 0069EDF8 00000000)
0048:trace:file:NtCreateFile handle=0x69ef84 access=80100000 name=L"\\??\\C:\\windows\\winemac.drv" objattr=00000040 root=(nil) sec=(nil) io=0x69ef90 alloc_size=(nil) attr=00000000 sharing=00000005 disp=1 options=00000060 ea=(nil).0x00000000
0048:trace:file:nt_to_unix_file_name_no_root L"windows\\winemac.drv" not found in "/work/stage2-copy/wineprefix/dosdevices/c:"
0048:warn:file:NtCreateFile L"\\??\\C:\\windows\\winemac.drv" not found (c0000034)
0048:trace:file:RtlDosPathNameToNtPathName_U_WithStatus (L"C:\\windows\\system32\\wbem\\winemac.drv",0069F14C,00000000,00000000)
0048:trace:file:RtlGetFullPathName_U (L"C:\\windows\\system32\\wbem\\winemac.drv" 520 0069EDF8 00000000)
0048:trace:file:NtCreateFile handle=0x69ef84 access=80100000 name=L"\\??\\C:\\windows\\system32\\wbem\\winemac.drv" objattr=00000040 root=(nil) sec=(nil) io=0x69ef90 alloc_size=(nil) attr=00000000 sharing=00000005 disp=1 options=00000060 ea=(nil).0x00000000
0048:trace:file:nt_to_unix_file_name_no_root L"windows\\system32\\wbem\\winemac.drv" not found in "/work/stage2-copy/wineprefix/dosdevices/c:"
0048:warn:file:NtCreateFile L"\\??\\C:\\windows\\system32\\wbem\\winemac.drv" not found (c0000034)
0048:trace:file:RtlDosPathNameToNtPathName_U_WithStatus (L"C:\\windows\\system32\\WindowsPowershell\\v1.0\\winemac.drv",0069F14C,00000000,00000000)
0048:trace:file:RtlGetFullPathName_U (L"C:\\windows\\system32\\WindowsPowershell\\v1.0\\winemac.drv" 520 0069EDF8 00000000)
0048:trace:file:NtCreateFile handle=0x69ef84 access=80100000 name=L"\\??\\C:\\windows\\system32\\WindowsPowershell\\v1.0\\winemac.drv" objattr=00000040 root=(nil) sec=(nil) io=0x69ef90 alloc_size=(nil) attr=00000000 sharing=00000005 disp=1 options=00000060 ea=(nil).0x00000000
0048:trace:file:nt_to_unix_file_name_no_root L"windows\\system32\\WindowsPowershell\\v1.0\\winemac.drv" not found in "/work/stage2-copy/wineprefix/dosdevices/c:"
0048:warn:file:NtCreateFile L"\\??\\C:\\windows\\system32\\WindowsPowershell\\v1.0\\winemac.drv" not found (c0000034)
0048:trace:file:NtCreateFile handle=0x69efbc access=80100000 name=L"\\??\\Z:\\usr\\lib\\i386-linux-gnu\\wine\\i386-windows\\winemac.drv" objattr=00000040 root=(nil) sec=(nil) io=0x69efc8 alloc_size=(nil) attr=00000000 sharing=00000005 disp=1 options=00000060 ea=(nil).0x00000000
0048:trace:file:nt_to_unix_file_name_no_root L"usr\\lib\\i386-linux-gnu\\wine\\i386-windows\\winemac.drv" not found in "/work/stage2-copy/wineprefix/dosdevices/z:"
0048:warn:file:NtCreateFile L"\\??\\Z:\\usr\\lib\\i386-linux-gnu\\wine\\i386-windows\\winemac.drv" not found (c0000034)
0048:trace:file:NtCreateFile handle=0x69efbc access=80100000 name=L"\\??\\Z:\\usr\\lib\\i386-linux-gnu\\wine\\winemac.drv" objattr=00000040 root=(nil) sec=(nil) io=0x69efc8 alloc_size=(nil) attr=00000000 sharing=00000005 disp=1 options=00000060 ea=(nil).0x00000000
0048:trace:file:nt_to_unix_file_name_no_root L"usr\\lib\\i386-linux-gnu\\wine\\winemac.drv" not found in "/work/stage2-copy/wineprefix/dosdevices/z:"
0048:warn:file:NtCreateFile L"\\??\\Z:\\usr\\lib\\i386-linux-gnu\\wine\\winemac.drv" not found (c0000034)
0048:trace:file:RtlDosPathNameToNtPathName_U_WithStatus (L"C:\\windows\\system32\\winex11.drv",0069F14C,00000000,00000000)
0048:trace:file:RtlGetFullPathName_U (L"C:\\windows\\system32\\winex11.drv" 520 0069EDF8 00000000)
0048:trace:file:NtCreateFile handle=0x69ef84 access=80100000 name=L"\\??\\C:\\windows\\system32\\winex11.drv" objattr=00000040 root=(nil) sec=(nil) io=0x69ef90 alloc_size=(nil) attr=00000000 sharing=00000005 disp=1 options=00000060 ea=(nil).0x00000000
0048:trace:file:nt_to_unix_file_name_no_root L"\\??\\C:\\windows\\system32\\winex11.drv" -> "/work/stage2-copy/wineprefix/dosdevices/c:/windows/system32/winex11.drv"
0048:trace:file:NtFsControlFile (0x4c,(nil),(nil),(nil),0x69ef90,0x0009009c,(nil),0x00000000,0x69efb0,0x00000040)
0074:trace:file:find_drive_rootA "/usr/lib/wine/../../share/wine" -> drive Z:, root="/", name="/usr/lib/wine/../../share/wine"
0074:trace:file:find_drive_rootA "/work/home" -> drive Z:, root="/", name="/work/home"
0074:trace:file:find_drive_rootA "/work/stage2-copy/wineprefix" -> drive Z:, root="/", name="/work/stage2-copy/wineprefix"
0074:trace:file:find_drive_rootA "/usr/lib/i386-linux-gnu/wine" -> drive Z:, root="/", name="/usr/lib/i386-linux-gnu/wine"
0074:trace:file:nt_to_unix_file_name_no_root L"\\??\\C:\\windows\\system32\\winedevice.exe" -> "/work/stage2-copy/wineprefix/dosdevices/c:/windows/system32/winedevice.exe"
0074:trace:file:errno_to_status errno = 9
003c:trace:file:NtFsControlFile (0xf4,0xf0,(nil),0x68f8e4,0x68f8e4,0x00110008,(nil),0x00000000,(nil),0x00000000)
0074:trace:file:RtlDosPathNameToNtPathName_U_WithStatus (L"C:\\windows\\",0061FBC0,00000000,00000000)
0074:trace:file:RtlGetFullPathName_U (L"C:\\windows\\" 520 0061F974 00000000)
0048:trace:file:nt_to_unix_file_name_no_root L"\\??\\Z:\\usr\\share\\fonts\\truetype\\dejavu\\DejaVuSans-Bold.ttf" -> "/work/stage2-copy/wineprefix/dosdevices/z:/usr/share/fonts/truetype/dejavu/DejaVuSans-Bold.ttf"
0074:trace:file:NtCreateFile handle=0x61fbb4 access=00100020 name=L"\\??\\C:\\windows\\" objattr=00000040 root=(nil) sec=(nil) io=0x61fbc8 alloc_size=(nil) attr=00000000 sharing=00000003 disp=1 options=00000021 ea=(nil).0x00000000
0074:trace:file:nt_to_unix_file_name_no_root L"\\??\\C:\\windows\\" -> "/work/stage2-copy/wineprefix/dosdevices/c:/windows/"
0048:trace:file:nt_to_unix_file_name_no_root L"\\??\\Z:\\usr\\share\\fonts\\truetype\\dejavu\\DejaVuSans-Bold.ttf" -> "/work/stage2-copy/wineprefix/dosdevices/z:/usr/share/fonts/truetype/dejavu/DejaVuSans-Bold.ttf"
0074:trace:file:RtlSetCurrentDirectory_U curdir now L"C:\\windows\\" 0000000C
0074:trace:file:RtlDosPathNameToNtPathName_U_WithStatus (L"C:\\windows\\system32\\winedevice.exe",0061FC88,00000000,00000000)
0074:trace:file:RtlGetFullPathName_U (L"C:\\windows\\system32\\winedevice.exe" 520 0061FA20 00000000)
0074:trace:file:RtlDosPathNameToNtPathName_U_WithStatus (L"C:\\windows\\system32\\kernel32.dll",0061FB94,00000000,00000000)
0074:trace:file:RtlGetFullPathName_U (L"C:\\windows\\system32\\kernel32.dll" 520 0061F840 00000000)
0074:trace:file:NtCreateFile handle=0x61f9cc access=80100000 name=L"\\??\\C:\\windows\\system32\\kernel32.dll" objattr=00000040 root=(nil) sec=(nil) io=0x61f9d8 alloc_size=(nil) attr=00000000 sharing=00000005 disp=1 options=00000060 ea=(nil).0x00000000
0074:trace:file:nt_to_unix_file_name_no_root L"\\??\\C:\\windows\\system32\\kernel32.dll" -> "/work/stage2-copy/wineprefix/dosdevices/c:/windows/system32/kernel32.dll"
0074:trace:file:NtFsControlFile (0x10,(nil),(nil),(nil),0x61f9d8,0x0009009c,(nil),0x00000000,0x61f9f8,0x00000040)
0074:trace:file:RtlDosPathNameToNtPathName_U_WithStatus (L"C:\\windows\\system32\\kernelbase.dll",0061F734,00000000,00000000)
0074:trace:file:RtlGetFullPathName_U (L"C:\\windows\\system32\\kernelbase.dll" 520 0061F3E0 00000000)
0074:trace:file:NtCreateFile handle=0x61f56c access=80100000 name=L"\\??\\C:\\windows\\system32\\kernelbase.dll" objattr=00000040 root=(nil) sec=(nil) io=0x61f578 alloc_size=(nil) attr=00000000 sharing=00000005 disp=1 options=00000060 ea=(nil).0x00000000
0074:trace:file:nt_to_unix_file_name_no_root L"\\??\\C:\\windows\\system32\\kernelbase.dll" -> "/work/stage2-copy/wineprefix/dosdevices/c:/windows/system32/kernelbase.dll"
0074:trace:file:NtFsControlFile (0x10,(nil),(nil),(nil),0x61f578,0x0009009c,(nil),0x00000000,0x61f598,0x00000040)
0074:trace:file:RtlDosPathNameToNtPathName_U_WithStatus (L"C:\\windows\\system32\\winedevice.exe.manifest",0061FAD8,00000000,00000000)
0074:trace:file:RtlGetFullPathName_U (L"C:\\windows\\system32\\winedevice.exe.manifest" 520 0061F880 00000000)
0074:trace:file:NtCreateFile handle=0x61fad4 access=80100000 name=L"\\??\\C:\\windows\\system32\\winedevice.exe.manifest" objattr=00000040 root=(nil) sec=(nil) io=0x61fae0 alloc_size=(nil) attr=00000000 sharing=00000005 disp=1 options=00000010 ea=(nil).0x00000000
0074:trace:file:nt_to_unix_file_name_no_root L"windows\\system32\\winedevice.exe.manifest" not found in "/work/stage2-copy/wineprefix/dosdevices/c:"
0074:warn:file:NtCreateFile L"\\??\\C:\\windows\\system32\\winedevice.exe.manifest" not found (c0000034)
0074:trace:file:RtlDosPathNameToNtPathName_U_WithStatus (L"C:\\windows\\system32\\advapi32.dll",0061F88C,00000000,00000000)
0074:trace:file:RtlGetFullPathName_U (L"C:\\windows\\system32\\advapi32.dll" 520 0061F538 00000000)
0074:trace:file:NtCreateFile handle=0x61f6c4 access=80100000 name=L"\\??\\C:\\windows\\system32\\advapi32.dll" objattr=00000040 root=(nil) sec=(nil) io=0x61f6d0 alloc_size=(nil) attr=00000000 sharing=00000005 disp=1 options=00000060 ea=(nil).0x00000000
0074:trace:file:nt_to_unix_file_name_no_root L"\\??\\C:\\windows\\system32\\advapi32.dll" -> "/work/stage2-copy/wineprefix/dosdevices/c:/windows/system32/advapi32.dll"
0074:trace:file:NtFsControlFile (0x10,(nil),(nil),(nil),0x61f6d0,0x0009009c,(nil),0x00000000,0x61f6f0,0x00000040)
0074:trace:file:RtlDosPathNameToNtPathName_U_WithStatus (L"C:\\windows\\system32\\msvcrt.dll",0061F42C,00000000,00000000)
0074:trace:file:RtlGetFullPathName_U (L"C:\\windows\\system32\\msvcrt.dll" 520 0061F0D8 00000000)
0074:trace:file:NtCreateFile handle=0x61f264 access=80100000 name=L"\\??\\C:\\windows\\system32\\msvcrt.dll" objattr=00000040 root=(nil) sec=(nil) io=0x61f270 alloc_size=(nil) attr=00000000 sharing=00000005 disp=1 options=00000060 ea=(nil).0x00000000
0074:trace:file:nt_to_unix_file_name_no_root L"\\??\\C:\\windows\\system32\\msvcrt.dll" -> "/work/stage2-copy/wineprefix/dosdevices/c:/windows/system32/msvcrt.dll"
0074:trace:file:NtFsControlFile (0x10,(nil),(nil),(nil),0x61f270,0x0009009c,(nil),0x00000000,0x61f290,0x00000040)
0074:trace:file:RtlDosPathNameToNtPathName_U_WithStatus (L"C:\\windows\\system32\\sechost.dll",0061F42C,00000000,00000000)
0074:trace:file:RtlGetFullPathName_U (L"C:\\windows\\system32\\sechost.dll" 520 0061F0D8 00000000)
0074:trace:file:NtCreateFile handle=0x61f264 access=80100000 name=L"\\??\\C:\\windows\\system32\\sechost.dll" objattr=00000040 root=(nil) sec=(nil) io=0x61f270 alloc_size=(nil) attr=00000000 sharing=00000005 disp=1 options=00000060 ea=(nil).0x00000000
0074:trace:file:nt_to_unix_file_name_no_root L"\\??\\C:\\windows\\system32\\sechost.dll" -> "/work/stage2-copy/wineprefix/dosdevices/c:/windows/system32/sechost.dll"
0074:trace:file:NtFsControlFile (0x10,(nil),(nil),(nil),0x61f270,0x0009009c,(nil),0x00000000,0x61f290,0x00000040)
0048:trace:file:RtlDosPathNameToNtPathName_U_WithStatus (L"C:\\windows\\system32\\explorer.exe",0069ED48,00000000,00000000)
0048:trace:file:RtlGetFullPathName_U (L"C:\\windows\\system32\\explorer.exe" 520 0069EA64 00000000)
0048:trace:file:RtlDosPathNameToNtPathName_U_WithStatus (L"C:\\windows\\system32\\explorer.exe",0069ED30,00000000,00000000)
0048:trace:file:RtlGetFullPathName_U (L"C:\\windows\\system32\\explorer.exe" 520 0069EA4C 00000000)
0048:trace:file:RtlDosPathNameToNtPathName_U_WithStatus (L"C:\\windows\\system32\\uxtheme.dll",0069EF5C,00000000,00000000)
0048:trace:file:RtlGetFullPathName_U (L"C:\\windows\\system32\\uxtheme.dll" 520 0069EC08 00000000)
0048:trace:file:NtCreateFile handle=0x69ed94 access=80100000 name=L"\\??\\C:\\windows\\system32\\uxtheme.dll" objattr=00000040 root=(nil) sec=(nil) io=0x69eda0 alloc_size=(nil) attr=00000000 sharing=00000005 disp=1 options=00000060 ea=(nil).0x00000000
0048:trace:file:nt_to_unix_file_name_no_root L"\\??\\C:\\windows\\system32\\uxtheme.dll" -> "/work/stage2-copy/wineprefix/dosdevices/c:/windows/system32/uxtheme.dll"
0048:trace:file:NtFsControlFile (0x5c,(nil),(nil),(nil),0x69eda0,0x0009009c,(nil),0x00000000,0x69edc0,0x00000040)
0074:trace:file:RtlDosPathNameToNtPathName_U_WithStatus (L"C:\\windows\\system32\\ucrtbase.dll",0061EFCC,00000000,00000000)
0074:trace:file:RtlGetFullPathName_U (L"C:\\windows\\system32\\ucrtbase.dll" 520 0061EC78 00000000)
0074:trace:file:NtCreateFile handle=0x61ee04 access=80100000 name=L"\\??\\C:\\windows\\system32\\ucrtbase.dll" objattr=00000040 root=(nil) sec=(nil) io=0x61ee10 alloc_size=(nil) attr=00000000 sharing=00000005 disp=1 options=00000060 ea=(nil).0x00000000
0074:trace:file:nt_to_unix_file_name_no_root L"\\??\\C:\\windows\\system32\\ucrtbase.dll" -> "/work/stage2-copy/wineprefix/dosdevices/c:/windows/system32/ucrtbase.dll"
0074:trace:file:NtFsControlFile (0x10,(nil),(nil),(nil),0x61ee10,0x0009009c,(nil),0x00000000,0x61ee30,0x00000040)
0048:trace:file:RtlDosPathNameToNtPathName_U_WithStatus (L"C:\\windows\\resources\\themes\\light\\light.msstyles",0069ED10,00000000,00000000)
0048:trace:file:RtlGetFullPathName_U (L"C:\\windows\\resources\\themes\\light\\light.msstyles" 520 0069EA2C 00000000)
0048:trace:file:NtCreateFile handle=0x69ebbc access=80100000 name=L"\\??\\C:\\windows\\resources\\themes\\light\\light.msstyles" objattr=00000040 root=(nil) sec=(nil) io=0x69ebc8 alloc_size=(nil) attr=00000000 sharing=00000005 disp=1 options=00000060 ea=(nil).0x00000000
0048:trace:file:nt_to_unix_file_name_no_root L"\\??\\C:\\windows\\resources\\themes\\light\\light.msstyles" -> "/work/stage2-copy/wineprefix/dosdevices/c:/windows/resources/themes/light/light.msstyles"
0048:trace:file:NtFsControlFile (0x5c,(nil),(nil),(nil),0x69ebc8,0x0009009c,(nil),0x00000000,0x69ebe8,0x00000040)
0048:trace:file:RtlDosPathNameToNtPathName_U_WithStatus (L"C:\\windows\\resources\\themes\\light\\light.msstyles",0069EA30,00000000,00000000)
0048:trace:file:RtlGetFullPathName_U (L"C:\\windows\\resources\\themes\\light\\light.msstyles" 520 0069E804 00000000)
0048:trace:file:nt_to_unix_file_name_no_root L"\\??\\C:\\windows\\resources\\themes\\light\\light.msstyles" -> "/work/stage2-copy/wineprefix/dosdevices/c:/windows/resources/themes/light/light.msstyles"
0048:trace:file:RtlGetFullPathName_U (L"C:\\windows\\resources\\themes\\light\\light.msstyles" 520 0069EB50 00000000)
0048:trace:file:CreateFileW L"C:\\windows\\resources\\themes\\light\\light.msstyles" GENERIC_READ FILE_SHARE_READ FILE_SHARE_DELETE  creation 3 attributes 0x0
0048:trace:file:RtlDosPathNameToNtPathName_U_WithStatus (L"C:\\windows\\resources\\themes\\light\\light.msstyles",0069EADC,00000000,00000000)
0048:trace:file:RtlGetFullPathName_U (L"C:\\windows\\resources\\themes\\light\\light.msstyles" 520 0069E858 00000000)
0048:trace:file:NtCreateFile handle=0x69ead8 access=80100080 name=L"\\??\\C:\\windows\\resources\\themes\\light\\light.msstyles" objattr=00000040 root=(nil) sec=(nil) io=0x69eae4 alloc_size=(nil) attr=00000000 sharing=00000005 disp=1 options=00000060 ea=(nil).0x00000000
0048:trace:file:nt_to_unix_file_name_no_root L"\\??\\C:\\windows\\resources\\themes\\light\\light.msstyles" -> "/work/stage2-copy/wineprefix/dosdevices/c:/windows/resources/themes/light/light.msstyles"
0048:trace:file:CreateFileW returning 0000005C
0048:trace:file:RtlGetFullPathName_U (L"C:\\windows\\resources\\themes\\light\\light.msstyles" 520 00A02C18 00000000)
0074:trace:file:RtlDosPathNameToNtPathName_U_WithStatus (L"C:\\windows\\system32\\ntoskrnl.exe",0061F88C,00000000,00000000)
0074:trace:file:RtlGetFullPathName_U (L"C:\\windows\\system32\\ntoskrnl.exe" 520 0061F538 00000000)
0074:trace:file:NtCreateFile handle=0x61f6c4 access=80100000 name=L"\\??\\C:\\windows\\system32\\ntoskrnl.exe" objattr=00000040 root=(nil) sec=(nil) io=0x61f6d0 alloc_size=(nil) attr=00000000 sharing=00000005 disp=1 options=00000060 ea=(nil).0x00000000
0074:trace:file:nt_to_unix_file_name_no_root L"\\??\\C:\\windows\\system32\\ntoskrnl.exe" -> "/work/stage2-copy/wineprefix/dosdevices/c:/windows/system32/ntoskrnl.exe"
0074:trace:file:NtFsControlFile (0x10,(nil),(nil),(nil),0x61f6d0,0x0009009c,(nil),0x00000000,0x61f6f0,0x00000040)
0074:trace:file:RtlDosPathNameToNtPathName_U_WithStatus (L"C:\\windows\\system32\\hal.dll",0061F42C,00000000,00000000)
0074:trace:file:RtlGetFullPathName_U (L"C:\\windows\\system32\\hal.dll" 520 0061F0D8 00000000)
0074:trace:file:NtCreateFile handle=0x61f264 access=80100000 name=L"\\??\\C:\\windows\\system32\\hal.dll" objattr=00000040 root=(nil) sec=(nil) io=0x61f270 alloc_size=(nil) attr=00000000 sharing=00000005 disp=1 options=00000060 ea=(nil).0x00000000
0074:trace:file:nt_to_unix_file_name_no_root L"\\??\\C:\\windows\\system32\\hal.dll" -> "/work/stage2-copy/wineprefix/dosdevices/c:/windows/system32/hal.dll"
0074:trace:file:NtFsControlFile (0x10,(nil),(nil),(nil),0x61f270,0x0009009c,(nil),0x00000000,0x61f290,0x00000040)
0048:trace:file:nt_to_unix_file_name_no_root L"\\??\\Z:\\usr\\share\\fonts\\truetype\\dejavu\\DejaVuSans.ttf" -> "/work/stage2-copy/wineprefix/dosdevices/z:/usr/share/fonts/truetype/dejavu/DejaVuSans.ttf"
0048:trace:file:nt_to_unix_file_name_no_root L"\\??\\Z:\\usr\\share\\fonts\\truetype\\dejavu\\DejaVuSans.ttf" -> "/work/stage2-copy/wineprefix/dosdevices/z:/usr/share/fonts/truetype/dejavu/DejaVuSans.ttf"
0048:trace:file:nt_to_unix_file_name_no_root L"\\??\\Z:\\usr\\share\\fonts\\truetype\\dejavu\\DejaVuSans.ttf" -> "/work/stage2-copy/wineprefix/dosdevices/z:/usr/share/fonts/truetype/dejavu/DejaVuSans.ttf"
0048:trace:file:nt_to_unix_file_name_no_root L"\\??\\Z:\\usr\\share\\fonts\\truetype\\dejavu\\DejaVuSans.ttf" -> "/work/stage2-copy/wineprefix/dosdevices/z:/usr/share/fonts/truetype/dejavu/DejaVuSans.ttf"
0074:trace:file:GetFileAttributesW L"C:\\windows\\system32\\tzres.dll"
0074:trace:file:RtlDosPathNameToNtPathName_U_WithStatus (L"C:\\windows\\system32\\tzres.dll",0061F5E8,00000000,00000000)
0074:trace:file:RtlGetFullPathName_U (L"C:\\windows\\system32\\tzres.dll" 520 0061F3A0 00000000)
0074:trace:file:nt_to_unix_file_name_no_root L"\\??\\C:\\windows\\system32\\tzres.dll" -> "/work/stage2-copy/wineprefix/dosdevices/c:/windows/system32/tzres.dll"
0074:trace:file:RtlGetFullPathName_U (L"C:\\windows\\system32\\tzres.dll" 0 00000000 00000000)
0074:trace:file:RtlGetFullPathName_U (L"C:\\windows\\system32\\tzres.dll" 60 002434A0 00000000)
0074:trace:file:RtlDosPathNameToNtPathName_U_WithStatus (L"C:\\windows\\system32\\tzres.dll",0061F5A0,00000000,00000000)
0074:trace:file:RtlGetFullPathName_U (L"C:\\windows\\system32\\tzres.dll" 520 0061F2BC 00000000)
0074:trace:file:NtCreateFile handle=0x61f44c access=80100000 name=L"\\??\\C:\\windows\\system32\\tzres.dll" objattr=00000040 root=(nil) sec=(nil) io=0x61f458 alloc_size=(nil) attr=00000000 sharing=00000005 disp=1 options=00000060 ea=(nil).0x00000000
0074:trace:file:nt_to_unix_file_name_no_root L"\\??\\C:\\windows\\system32\\tzres.dll" -> "/work/stage2-copy/wineprefix/dosdevices/c:/windows/system32/tzres.dll"
0074:trace:file:NtFsControlFile (0x28,(nil),(nil),(nil),0x61f458,0x0009009c,(nil),0x00000000,0x61f478,0x00000040)
0074:trace:file:RtlDosPathNameToNtPathName_U_WithStatus (L"C:\\windows\\system32\\tzres.dll",0061F2C0,00000000,00000000)
0074:trace:file:RtlGetFullPathName_U (L"C:\\windows\\system32\\tzres.dll" 520 0061F094 00000000)
0074:trace:file:nt_to_unix_file_name_no_root L"\\??\\C:\\windows\\system32\\tzres.dll" -> "/work/stage2-copy/wineprefix/dosdevices/c:/windows/system32/tzres.dll"
0074:trace:file:RtlGetFullPathName_U (L"C:\\windows\\system32\\tzres.dll" 520 0061F3E0 00000000)
0074:trace:file:CreateFileW L"C:\\windows\\system32\\tzres.dll" GENERIC_READ FILE_SHARE_READ FILE_SHARE_DELETE  creation 3 attributes 0x0
0074:trace:file:RtlDosPathNameToNtPathName_U_WithStatus (L"C:\\windows\\system32\\tzres.dll",0061F36C,00000000,00000000)
0074:trace:file:RtlGetFullPathName_U (L"C:\\windows\\system32\\tzres.dll" 520 0061F0E8 00000000)
0074:trace:file:NtCreateFile handle=0x61f368 access=80100080 name=L"\\??\\C:\\windows\\system32\\tzres.dll" objattr=00000040 root=(nil) sec=(nil) io=0x61f374 alloc_size=(nil) attr=00000000 sharing=00000005 disp=1 options=00000060 ea=(nil).0x00000000
0074:trace:file:nt_to_unix_file_name_no_root L"\\??\\C:\\windows\\system32\\tzres.dll" -> "/work/stage2-copy/wineprefix/dosdevices/c:/windows/system32/tzres.dll"
0074:trace:file:CreateFileW returning 00000028
0074:trace:file:GetFileAttributesW L"C:\\windows\\system32\\tzres.dll"
0074:trace:file:RtlDosPathNameToNtPathName_U_WithStatus (L"C:\\windows\\system32\\tzres.dll",0061F5E8,00000000,00000000)
0074:trace:file:RtlGetFullPathName_U (L"C:\\windows\\system32\\tzres.dll" 520 0061F3A0 00000000)
0074:trace:file:nt_to_unix_file_name_no_root L"\\??\\C:\\windows\\system32\\tzres.dll" -> "/work/stage2-copy/wineprefix/dosdevices/c:/windows/system32/tzres.dll"
0074:trace:file:RtlGetFullPathName_U (L"C:\\windows\\system32\\tzres.dll" 0 00000000 00000000)
0074:trace:file:RtlGetFullPathName_U (L"C:\\windows\\system32\\tzres.dll" 60 00243568 00000000)
0074:trace:file:RtlDosPathNameToNtPathName_U_WithStatus (L"C:\\windows\\system32\\tzres.dll",0061F5A0,00000000,00000000)
0074:trace:file:RtlGetFullPathName_U (L"C:\\windows\\system32\\tzres.dll" 520 0061F2BC 00000000)
0074:trace:file:NtCreateFile handle=0x61f44c access=80100000 name=L"\\??\\C:\\windows\\system32\\tzres.dll" objattr=00000040 root=(nil) sec=(nil) io=0x61f458 alloc_size=(nil) attr=00000000 sharing=00000005 disp=1 options=00000060 ea=(nil).0x00000000
0074:trace:file:nt_to_unix_file_name_no_root L"\\??\\C:\\windows\\system32\\tzres.dll" -> "/work/stage2-copy/wineprefix/dosdevices/c:/windows/system32/tzres.dll"
0074:trace:file:NtFsControlFile (0x28,(nil),(nil),(nil),0x61f458,0x0009009c,(nil),0x00000000,0x61f478,0x00000040)
0074:trace:file:RtlDosPathNameToNtPathName_U_WithStatus (L"C:\\windows\\system32\\tzres.dll",0061F2C0,00000000,00000000)
0074:trace:file:RtlGetFullPathName_U (L"C:\\windows\\system32\\tzres.dll" 520 0061F094 00000000)
0074:trace:file:nt_to_unix_file_name_no_root L"\\??\\C:\\windows\\system32\\tzres.dll" -> "/work/stage2-copy/wineprefix/dosdevices/c:/windows/system32/tzres.dll"
0074:trace:file:RtlGetFullPathName_U (L"C:\\windows\\system32\\tzres.dll" 520 0061F3E0 00000000)
0074:trace:file:CreateFileW L"C:\\windows\\system32\\tzres.dll" GENERIC_READ FILE_SHARE_READ FILE_SHARE_DELETE  creation 3 attributes 0x0
0074:trace:file:RtlDosPathNameToNtPathName_U_WithStatus (L"C:\\windows\\system32\\tzres.dll",0061F36C,00000000,00000000)
0074:trace:file:RtlGetFullPathName_U (L"C:\\windows\\system32\\tzres.dll" 520 0061F0E8 00000000)
0074:trace:file:NtCreateFile handle=0x61f368 access=80100080 name=L"\\??\\C:\\windows\\system32\\tzres.dll" objattr=00000040 root=(nil) sec=(nil) io=0x61f374 alloc_size=(nil) attr=00000000 sharing=00000005 disp=1 options=00000060 ea=(nil).0x00000000
0074:trace:file:nt_to_unix_file_name_no_root L"\\??\\C:\\windows\\system32\\tzres.dll" -> "/work/stage2-copy/wineprefix/dosdevices/c:/windows/system32/tzres.dll"
0074:trace:file:CreateFileW returning 00000028
0074:trace:file:RtlDosPathNameToNtPathName_U_WithStatus (L"C:\\windows\\system32\\rpcrt4.dll",0061F924,00000000,00000000)
0074:trace:file:RtlGetFullPathName_U (L"C:\\windows\\system32\\rpcrt4.dll" 520 0061F5D0 00000000)
0074:trace:file:NtCreateFile handle=0x61f75c access=80100000 name=L"\\??\\C:\\windows\\system32\\rpcrt4.dll" objattr=00000040 root=(nil) sec=(nil) io=0x61f768 alloc_size=(nil) attr=00000000 sharing=00000005 disp=1 options=00000060 ea=(nil).0x00000000
0074:trace:file:nt_to_unix_file_name_no_root L"\\??\\C:\\windows\\system32\\rpcrt4.dll" -> "/work/stage2-copy/wineprefix/dosdevices/c:/windows/system32/rpcrt4.dll"
0074:trace:file:NtFsControlFile (0x24,(nil),(nil),(nil),0x61f768,0x0009009c,(nil),0x00000000,0x61f788,0x00000040)
0074:trace:file:CreateFileW L"\\\\.\\pipe\\svcctl" GENERIC_READ GENERIC_WRITE  creation 3 attributes 0x40000000
0074:trace:file:RtlDosPathNameToNtPathName_U_WithStatus (L"\\\\.\\pipe\\svcctl",0061F8BC,00000000,00000000)
0074:trace:file:RtlGetFullPathName_U (L"\\\\.\\pipe\\svcctl" 520 0061F638 00000000)
0074:trace:file:NtCreateFile handle=0x61f8b8 access=c0100080 name=L"\\??\\pipe\\svcctl" objattr=00000040 root=(nil) sec=(nil) io=0x61f8c4 alloc_size=(nil) attr=00000000 sharing=00000000 disp=1 options=00000040 ea=(nil).0x00000000
0074:trace:file:CreateFileW returning 00000024
0074:trace:file:NtSetInformationFile (0x24,0x61f8e8,0x61f8e0,0x00000008,0x00000017)
0074:trace:file:NtWriteFile (0x24,0x28,(nil),(nil),0x61f8a8,0x983138,0x00000048,(nil),(nil))
0074:trace:file:NtReadFile (0x24,0x28,(nil),(nil),0x982ba4,0x61f8d4,0x00000010,(nil),(nil))
0040:trace:file:RtlDosPathNameToNtPathName_U_WithStatus (L"\\\\.\\pipe\\svcctl",00D0FBD0,00000000,00000000)
0040:trace:file:RtlGetFullPathName_U (L"\\\\.\\pipe\\svcctl" 520 00D0F93C 00000000)
0040:trace:file:NtCreateNamedPipeFile (0xd0fbc4 c0100000 L"\\??\\pipe\\svcctl" 0xd0fbd8 3 3 0 1 1 0 -1 5840 5840 0xd0fbc8)
0040:trace:file:NtFsControlFile (0xf8,0xb4,(nil),(nil),0x9f5d5c,0x00110008,(nil),0x00000000,(nil),0x00000000)
0078:trace:file:NtReadFile (0xcc,0xfc,(nil),(nil),0x9fc39c,0x160fe8c,0x00000010,(nil),(nil))
0078:trace:file:NtReadFile (0xcc,0xfc,(nil),(nil),0x9fc39c,0x9fcbb8,0x0000000c,(nil),(nil))
0078:trace:file:NtReadFile (0xcc,0xfc,(nil),(nil),0x9fc39c,0x9fc450,0x0000002c,(nil),(nil))
0078:trace:file:NtWriteFile (0xcc,0xfc,(nil),(nil),0x160fe24,0x9fd628,0x00000044,(nil),(nil))
0078:trace:file:NtReadFile (0xcc,0xfc,(nil),(nil),0x9fc39c,0x160fe8c,0x00000010,(nil),(nil))
0074:trace:file:NtReadFile (0x24,0x28,(nil),(nil),0x982ba4,0x982d58,0x00000008,(nil),(nil))
0074:trace:file:NtReadFile (0x24,0x28,(nil),(nil),0x982ba4,0x9830b0,0x0000002c,(nil),(nil))
0074:trace:file:NtWriteFile (0x24,0x28,(nil),(nil),0x61f95c,0x9830b0,0x00000024,(nil),(nil))
0074:trace:file:NtReadFile (0x24,0x28,(nil),(nil),0x982ba4,0x61f9a0,0x00000010,(nil),(nil))
0078:trace:file:NtReadFile (0xcc,0xfc,(nil),(nil),0x9fc39c,0x9fd1a0,0x00000008,(nil),(nil))
0078:trace:file:NtReadFile (0xcc,0xfc,(nil),(nil),0x9fc39c,0x9fd270,0x0000000c,(nil),(nil))
0078:trace:file:NtReadFile (0xcc,0xfc,(nil),(nil),0x9fc39c,0x160fe8c,0x00000010,(nil),(nil))
0058:trace:file:NtWriteFile (0xcc,0x104,(nil),(nil),0x130fcc0,0x9f9110,0x00000030,(nil),(nil))
0074:trace:file:NtReadFile (0x24,0x28,(nil),(nil),0x982ba4,0x982d58,0x00000008,(nil),(nil))
0074:trace:file:NtReadFile (0x24,0x28,(nil),(nil),0x982ba4,0x982d68,0x00000018,(nil),(nil))
0074:trace:file:CreateFileW L"\\\\.\\pipe\\net\\NtControlPipe1" GENERIC_READ GENERIC_WRITE  creation 4 attributes 0x0
0074:trace:file:RtlDosPathNameToNtPathName_U_WithStatus (L"\\\\.\\pipe\\net\\NtControlPipe1",0061FC6C,00000000,00000000)
0074:trace:file:RtlGetFullPathName_U (L"\\\\.\\pipe\\net\\NtControlPipe1" 520 0061F9E8 00000000)
0074:trace:file:NtCreateFile handle=0x61fc68 access=c0100080 name=L"\\??\\pipe\\net\\NtControlPipe1" objattr=00000040 root=(nil) sec=(nil) io=0x61fc74 alloc_size=(nil) attr=00000000 sharing=00000000 disp=3 options=00000060 ea=(nil).0x00000000
0074:trace:file:CreateFileW returning 0000002C
003c:trace:file:GetOverlappedResultEx (000000F4 0068F8E4 0068F8D8 0 0)
003c:trace:file:WriteFile 000000F4 009FA270 92 0068F870 0068F874
003c:trace:file:NtWriteFile (0xf4,0xf0,(nil),0x68f874,0x68f874,0x9fa270,0x0000005c,0x68f828,(nil))
003c:trace:file:ReadFile 000000F4 0068F8DC 4 0068F870 0068F874
003c:trace:file:NtReadFile (0xf4,0xf0,(nil),0x68f874,0x68f874,0x68f8dc,0x00000004,0x68f828,(nil))
0080:trace:file:ReadFile 0000002C 00CBFF30 16 00CBFF28 00000000
0080:trace:file:NtReadFile (0x2c,(nil),(nil),(nil),0xcbfee8,0xcbff30,0x00000010,(nil),(nil))
0080:trace:file:ReadFile 0000002C 00982BD0 76 00CBFF28 00000000
0080:trace:file:NtReadFile (0x2c,(nil),(nil),(nil),0xcbfee8,0x982bd0,0x0000004c,(nil),(nil))
0080:trace:file:NtWriteFile (0x24,0x28,(nil),(nil),0xcbfbc0,0x983608,0x00000054,(nil),(nil))
0080:trace:file:NtReadFile (0x24,0x28,(nil),(nil),0x982ba4,0xcbfc04,0x00000010,(nil),(nil))
0078:trace:file:NtReadFile (0xcc,0xfc,(nil),(nil),0x9fc39c,0x9fd1a0,0x00000008,(nil),(nil))
0078:trace:file:NtReadFile (0xcc,0xfc,(nil),(nil),0x9fc39c,0x9fd5d8,0x0000003c,(nil),(nil))
0078:trace:file:NtReadFile (0xcc,0xfc,(nil),(nil),0x9fc39c,0x160fe8c,0x00000010,(nil),(nil))
0058:trace:file:NtWriteFile (0xcc,0x104,(nil),(nil),0x130fcc0,0x9f9110,0x00000030,(nil),(nil))
0080:trace:file:NtReadFile (0x24,0x28,(nil),(nil),0x982ba4,0x983200,0x00000008,(nil),(nil))
0080:trace:file:NtReadFile (0x24,0x28,(nil),(nil),0x982ba4,0x983210,0x00000018,(nil),(nil))
0080:trace:file:NtWriteFile (0x24,0x28,(nil),(nil),0xcbfbc0,0x9836a8,0x00000054,(nil),(nil))
0080:trace:file:NtReadFile (0x24,0x28,(nil),(nil),0x982ba4,0xcbfc04,0x00000010,(nil),(nil))
0048:trace:file:RtlDosPathNameToNtPathName_U_WithStatus (L"C:\\windows\\system32\\user32.dll",0069E9E8,00000000,00000000)
0048:trace:file:RtlGetFullPathName_U (L"C:\\windows\\system32\\user32.dll" 520 0069E704 00000000)
0078:trace:file:NtReadFile (0xcc,0xfc,(nil),(nil),0x9fc39c,0x9fd1a0,0x00000008,(nil),(nil))
0078:trace:file:NtReadFile (0xcc,0xfc,(nil),(nil),0x9fc39c,0x9fd5d8,0x0000003c,(nil),(nil))
0078:trace:file:NtReadFile (0xcc,0xfc,(nil),(nil),0x9fc39c,0x160fe8c,0x00000010,(nil),(nil))
0058:trace:file:NtWriteFile (0xcc,0x104,(nil),(nil),0x130fcc0,0x9f9110,0x00000030,(nil),(nil))
0080:trace:file:NtReadFile (0x24,0x28,(nil),(nil),0x982ba4,0x983240,0x00000008,(nil),(nil))
0080:trace:file:NtReadFile (0x24,0x28,(nil),(nil),0x982ba4,0x983270,0x00000018,(nil),(nil))
0080:trace:file:WriteFile 0000002C 00CBFF2C 4 00CBFF28 00000000
0080:trace:file:NtWriteFile (0x2c,(nil),(nil),(nil),0xcbfee8,0xcbff2c,0x00000004,(nil),(nil))
0080:trace:file:ReadFile 0000002C 00CBFF30 16 00CBFF28 00000000
0080:trace:file:NtReadFile (0x2c,(nil),(nil),(nil),0xcbfee8,0xcbff30,0x00000010,(nil),(nil))
003c:trace:file:GetOverlappedResultEx (000000F4 0068F874 0068F870 0 0)
0084:trace:file:NtWriteFile (0x24,0x28,(nil),(nil),0xfbf974,0x982c08,0x00000024,(nil),(nil))
0084:trace:file:NtReadFile (0x24,0x28,(nil),(nil),0x982ba4,0xfbf9b8,0x00000010,(nil),(nil))
0078:trace:file:NtReadFile (0xcc,0xfc,(nil),(nil),0x9fc39c,0x9fd1a0,0x00000008,(nil),(nil))
0078:trace:file:NtReadFile (0xcc,0xfc,(nil),(nil),0x9fc39c,0x9fd270,0x0000000c,(nil),(nil))
0078:trace:file:NtReadFile (0xcc,0xfc,(nil),(nil),0x9fc39c,0x160fe8c,0x00000010,(nil),(nil))
0058:trace:file:NtWriteFile (0xcc,0x104,(nil),(nil),0x130fcc0,0x9f9110,0x00000030,(nil),(nil))
0084:trace:file:NtReadFile (0x24,0x28,(nil),(nil),0x982ba4,0x983780,0x00000008,(nil),(nil))
0084:trace:file:NtReadFile (0x24,0x28,(nil),(nil),0x982ba4,0x9837f0,0x00000018,(nil),(nil))
0084:trace:file:RtlDosPathNameToNtPathName_U_WithStatus (L"C:\\windows\\system32\\drivers",00FBFC48,00000000,00000000)
0084:trace:file:RtlGetFullPathName_U (L"C:\\windows\\system32\\drivers" 520 00FBFA08 00000000)
0084:trace:file:nt_to_unix_file_name_no_root L"\\??\\C:\\windows\\system32\\drivers" -> "/work/stage2-copy/wineprefix/dosdevices/c:/windows/system32/drivers"
0084:trace:file:NtWriteFile (0x24,0x28,(nil),(nil),0xfbf968,0x983bd8,0x00000048,(nil),(nil))
0084:trace:file:NtReadFile (0x24,0x28,(nil),(nil),0x982ba4,0xfbf9ac,0x00000010,(nil),(nil))
0078:trace:file:NtReadFile (0xcc,0xfc,(nil),(nil),0x9fc39c,0x9fd1a0,0x00000008,(nil),(nil))
0078:trace:file:NtReadFile (0xcc,0xfc,(nil),(nil),0x9fc39c,0x9fc450,0x00000030,(nil),(nil))
0078:trace:file:NtReadFile (0xcc,0xfc,(nil),(nil),0x9fc39c,0x160fe8c,0x00000010,(nil),(nil))
0058:trace:file:NtWriteFile (0xcc,0x104,(nil),(nil),0x130fcc0,0x9f9d90,0x0000001c,(nil),(nil))
003c:trace:file:NtFsControlFile (0xf4,0xf0,(nil),0x68fbec,0x68fbec,0x00110008,(nil),0x00000000,(nil),0x00000000)
003c:trace:file:WriteFile 000000F4 009F62F0 34 0068FB78 0068FB7C
003c:trace:file:NtWriteFile (0xf4,0xf0,(nil),0x68fb7c,0x68fb7c,0x9f62f0,0x00000022,0x68fb30,(nil))
003c:trace:file:ReadFile 000000F4 0068FBE4 4 0068FB78 0068FB7C
0084:trace:file:NtReadFile (0x24,0x28,(nil),(nil),0x982ba4,0x9837a0,0x00000008,(nil),(nil))
003c:trace:file:NtReadFile (0xf4,0xf0,(nil),0x68fb7c,0x68fb7c,0x68fbe4,0x00000004,0x68fb30,(nil))
0080:trace:file:ReadFile 0000002C 00983290 18 00CBFF28 00000000
0080:trace:file:NtReadFile (0x2c,(nil),(nil),(nil),0xcbfee8,0x983290,0x00000012,(nil),(nil))
0084:trace:file:NtReadFile (0x24,0x28,(nil),(nil),0x982ba4,0x9837b0,0x00000004,(nil),(nil))
0080:trace:file:CreateFileW L"\\\\.\\pipe\\svcctl" GENERIC_READ GENERIC_WRITE  creation 3 attributes 0x40000000
0080:trace:file:RtlDosPathNameToNtPathName_U_WithStatus (L"\\\\.\\pipe\\svcctl",00CBFA28,00000000,00000000)
0080:trace:file:RtlGetFullPathName_U (L"\\\\.\\pipe\\svcctl" 520 00CBF7A4 00000000)
0080:trace:file:NtCreateFile handle=0xcbfa24 access=c0100080 name=L"\\??\\pipe\\svcctl" objattr=00000040 root=(nil) sec=(nil) io=0xcbfa30 alloc_size=(nil) attr=00000000 sharing=00000000 disp=1 options=00000040 ea=(nil).0x00000000
0084:trace:file:NtQueryObject (0xfffffffe,0x00000002,0xfbfab0,0x00000100,0xfbfaac)
0080:trace:file:CreateFileW returning 00000048
0080:trace:file:NtSetInformationFile (0x48,0xcbfa54,0xcbfa4c,0x00000008,0x00000017)
0040:trace:file:RtlDosPathNameToNtPathName_U_WithStatus (L"\\\\.\\pipe\\svcctl",00D0FBD0,00000000,00000000)
0080:trace:file:NtWriteFile (0x48,0x4c,(nil),(nil),0xcbfa14,0x983b10,0x00000048,(nil),(nil))
0040:trace:file:RtlGetFullPathName_U (L"\\\\.\\pipe\\svcctl" 520 00D0F93C 00000000)
0040:trace:file:NtCreateNamedPipeFile (0xd0fbc4 c0100000 L"\\??\\pipe\\svcctl" 0xd0fbd8 3 3 0 1 1 0 -1 5840 5840 0xd0fbc8)
0084:trace:file:NtQueryObject (0x50,0x00000002,0xfbf930,0x00000100,0xfbf92c)
0080:trace:file:NtReadFile (0x48,0x4c,(nil),(nil),0x983d1c,0xcbfa40,0x00000010,(nil),(nil))
0040:trace:file:NtFsControlFile (0x108,0xb4,(nil),(nil),0x9f5d5c,0x00110008,(nil),0x00000000,(nil),0x00000000)
0048:trace:file:RtlDosPathNameToNtPathName_U_WithStatus (L"C:\\windows\\system32\\user32.dll",0069E9E8,00000000,00000000)
0048:trace:file:RtlGetFullPathName_U (L"C:\\windows\\system32\\user32.dll" 520 0069E704 00000000)
0088:trace:file:NtReadFile (0xf8,0x10c,(nil),(nil),0x9fe7a4,0x190fe8c,0x00000010,(nil),(nil))
0088:trace:file:NtReadFile (0xf8,0x10c,(nil),(nil),0x9fe7a4,0x9fefc0,0x0000000c,(nil),(nil))
0088:trace:file:NtReadFile (0xf8,0x10c,(nil),(nil),0x9fe7a4,0x9fe858,0x0000002c,(nil),(nil))
0088:trace:file:NtWriteFile (0xf8,0x10c,(nil),(nil),0x190fe24,0x19100d8,0x00000044,(nil),(nil))
0088:trace:file:NtReadFile (0xf8,0x10c,(nil),(nil),0x9fe7a4,0x190fe8c,0x00000010,(nil),(nil))
0080:trace:file:NtReadFile (0x48,0x4c,(nil),(nil),0x983d1c,0x9833a0,0x00000008,(nil),(nil))
0080:trace:file:NtReadFile (0x48,0x4c,(nil),(nil),0x983d1c,0x983bd8,0x0000002c,(nil),(nil))
0080:trace:file:NtWriteFile (0x48,0x4c,(nil),(nil),0xcbfac8,0x983bd8,0x00000024,(nil),(nil))
0080:trace:file:NtReadFile (0x48,0x4c,(nil),(nil),0x983d1c,0xcbfb0c,0x00000010,(nil),(nil))
0088:trace:file:NtReadFile (0xf8,0x10c,(nil),(nil),0x9fe7a4,0x9ff5a8,0x00000008,(nil),(nil))
0088:trace:file:NtReadFile (0xf8,0x10c,(nil),(nil),0x9fe7a4,0x9ff618,0x0000000c,(nil),(nil))
0088:trace:file:NtReadFile (0xf8,0x10c,(nil),(nil),0x9fe7a4,0x190fe8c,0x00000010,(nil),(nil))
0058:trace:file:NtWriteFile (0xf8,0x110,(nil),(nil),0x130fcc0,0x9f9110,0x00000030,(nil),(nil))
0080:trace:file:NtReadFile (0x48,0x4c,(nil),(nil),0x983d1c,0x9833a0,0x00000008,(nil),(nil))
0080:trace:file:NtReadFile (0x48,0x4c,(nil),(nil),0x983d1c,0x9833b0,0x00000018,(nil),(nil))
0080:trace:file:NtWriteFile (0x48,0x4c,(nil),(nil),0xcbfad4,0x983e20,0x0000004c,(nil),(nil))
0080:trace:file:NtReadFile (0x48,0x4c,(nil),(nil),0x983d1c,0xcbfb18,0x00000010,(nil),(nil))
0088:trace:file:NtReadFile (0xf8,0x10c,(nil),(nil),0x9fe7a4,0x9ff5a8,0x00000008,(nil),(nil))
0088:trace:file:NtReadFile (0xf8,0x10c,(nil),(nil),0x9fe7a4,0x9fe7d8,0x00000034,(nil),(nil))
0088:trace:file:NtReadFile (0xf8,0x10c,(nil),(nil),0x9fe7a4,0x190fe8c,0x00000010,(nil),(nil))
0058:trace:file:NtWriteFile (0xf8,0x110,(nil),(nil),0x130fcc0,0x9f9110,0x00000030,(nil),(nil))
0080:trace:file:NtReadFile (0x48,0x4c,(nil),(nil),0x983d1c,0x983320,0x00000008,(nil),(nil))
0080:trace:file:NtReadFile (0x48,0x4c,(nil),(nil),0x983d1c,0x983330,0x00000018,(nil),(nil))
0080:trace:file:NtWriteFile (0x48,0x4c,(nil),(nil),0xcbfae4,0x983e20,0x0000002c,(nil),(nil))
0080:trace:file:NtReadFile (0x48,0x4c,(nil),(nil),0x983d1c,0xcbfb28,0x00000010,(nil),(nil))
0088:trace:file:NtReadFile (0xf8,0x10c,(nil),(nil),0x9fe7a4,0x9ff5a8,0x00000008,(nil),(nil))
0088:trace:file:NtReadFile (0xf8,0x10c,(nil),(nil),0x9fe7a4,0x9ff618,0x00000014,(nil),(nil))
0088:trace:file:NtReadFile (0xf8,0x10c,(nil),(nil),0x9fe7a4,0x190fe8c,0x00000010,(nil),(nil))
0058:trace:file:NtWriteFile (0xf8,0x110,(nil),(nil),0x130fcc0,0x9f9110,0x00000030,(nil),(nil))
0080:trace:file:NtReadFile (0x48,0x4c,(nil),(nil),0x983d1c,0x983400,0x00000008,(nil),(nil))
0048:err:winediag:nodrv_CreateWindow Application tried to create a window, but no driver could be loaded.
0048:err:winediag:nodrv_CreateWindow L"The explorer process failed to start."
0080:trace:file:NtReadFile (0x48,0x4c,(nil),(nil),0x983d1c,0x983410,0x00000018,(nil),(nil))
0080:trace:file:NtWriteFile (0x48,0x4c,(nil),(nil),0xcbfaa4,0x983d38,0x00000030,(nil),(nil))
0080:trace:file:NtReadFile (0x48,0x4c,(nil),(nil),0x983d1c,0xcbfae8,0x00000010,(nil),(nil))
0088:trace:file:NtReadFile (0xf8,0x10c,(nil),(nil),0x9fe7a4,0x9ff5a8,0x00000008,(nil),(nil))
0088:trace:file:NtReadFile (0xf8,0x10c,(nil),(nil),0x9fe7a4,0x9ff618,0x00000018,(nil),(nil))
0088:trace:file:NtReadFile (0xf8,0x10c,(nil),(nil),0x9fe7a4,0x190fe8c,0x00000010,(nil),(nil))
0058:trace:file:NtWriteFile (0xf8,0x110,(nil),(nil),0x130fcc0,0x9ffa88,0x00000114,(nil),(nil))
0048:err:systray:initialize_systray Could not create tray window
0048:trace:file:RtlDosPathNameToNtPathName_U_WithStatus (L"C:\\windows\\system32\\shell32.dll",0069F14C,00000000,00000000)
0048:trace:file:RtlGetFullPathName_U (L"C:\\windows\\system32\\shell32.dll" 520 0069EDF8 00000000)
0048:trace:file:NtCreateFile handle=0x69ef84 access=80100000 name=L"\\??\\C:\\windows\\system32\\shell32.dll" objattr=00000040 root=(nil) sec=(nil) io=0x69ef90 alloc_size=(nil) attr=00000000 sharing=00000005 disp=1 options=00000060 ea=(nil).0x00000000
0048:trace:file:nt_to_unix_file_name_no_root L"\\??\\C:\\windows\\system32\\shell32.dll" -> "/work/stage2-copy/wineprefix/dosdevices/c:/windows/system32/shell32.dll"
0048:trace:file:NtFsControlFile (0x88,(nil),(nil),(nil),0x69ef90,0x0009009c,(nil),0x00000000,0x69efb0,0x00000040)
0048:trace:file:RtlDosPathNameToNtPathName_U_WithStatus (L"C:\\windows\\system32\\shlwapi.dll",0069ECEC,00000000,00000000)
0048:trace:file:RtlGetFullPathName_U (L"C:\\windows\\system32\\shlwapi.dll" 520 0069E998 00000000)
0048:trace:file:NtCreateFile handle=0x69eb24 access=80100000 name=L"\\??\\C:\\windows\\system32\\shlwapi.dll" objattr=00000040 root=(nil) sec=(nil) io=0x69eb30 alloc_size=(nil) attr=00000000 sharing=00000005 disp=1 options=00000060 ea=(nil).0x00000000
0048:trace:file:nt_to_unix_file_name_no_root L"\\??\\C:\\windows\\system32\\shlwapi.dll" -> "/work/stage2-copy/wineprefix/dosdevices/c:/windows/system32/shlwapi.dll"
0048:trace:file:NtFsControlFile (0x88,(nil),(nil),(nil),0x69eb30,0x0009009c,(nil),0x00000000,0x69eb50,0x00000040)
0080:trace:file:NtReadFile (0x48,0x4c,(nil),(nil),0x983d1c,0x9832e0,0x00000008,(nil),(nil))
0080:trace:file:NtReadFile (0x48,0x4c,(nil),(nil),0x983d1c,0x983e20,0x000000fc,(nil),(nil))
0080:trace:file:NtWriteFile (0x48,0x4c,(nil),(nil),0xcbfaa4,0x983d38,0x00000030,(nil),(nil))
0080:trace:file:NtReadFile (0x48,0x4c,(nil),(nil),0x983d1c,0xcbfae8,0x00000010,(nil),(nil))
0088:trace:file:NtReadFile (0xf8,0x10c,(nil),(nil),0x9fe7a4,0x9ff5a8,0x00000008,(nil),(nil))
0088:trace:file:NtReadFile (0xf8,0x10c,(nil),(nil),0x9fe7a4,0x9ff618,0x00000018,(nil),(nil))
0088:trace:file:NtReadFile (0xf8,0x10c,(nil),(nil),0x9fe7a4,0x190fe8c,0x00000010,(nil),(nil))
0048:trace:file:RtlDosPathNameToNtPathName_U_WithStatus (L"C:\\windows\\system32\\shcore.dll",0069E88C,00000000,00000000)
0048:trace:file:RtlGetFullPathName_U (L"C:\\windows\\system32\\shcore.dll" 520 0069E538 00000000)
0048:trace:file:NtCreateFile handle=0x69e6c4 access=80100000 name=L"\\??\\C:\\windows\\system32\\shcore.dll" objattr=00000040 root=(nil) sec=(nil) io=0x69e6d0 alloc_size=(nil) attr=00000000 sharing=00000005 disp=1 options=00000060 ea=(nil).0x00000000
0048:trace:file:nt_to_unix_file_name_no_root L"\\??\\C:\\windows\\system32\\shcore.dll" -> "/work/stage2-copy/wineprefix/dosdevices/c:/windows/system32/shcore.dll"
0058:trace:file:NtWriteFile (0xf8,0x110,(nil),(nil),0x130fcc0,0x9ffa88,0x00000114,(nil),(nil))
0048:trace:file:NtFsControlFile (0x88,(nil),(nil),(nil),0x69e6d0,0x0009009c,(nil),0x00000000,0x69e6f0,0x00000040)
0080:trace:file:NtReadFile (0x48,0x4c,(nil),(nil),0x983d1c,0x9832e0,0x00000008,(nil),(nil))
0080:trace:file:NtReadFile (0x48,0x4c,(nil),(nil),0x983d1c,0x983e20,0x000000fc,(nil),(nil))
0080:trace:file:NtWriteFile (0x48,0x4c,(nil),(nil),0xcbfabc,0x983e20,0x00000048,(nil),(nil))
0080:trace:file:NtReadFile (0x48,0x4c,(nil),(nil),0x983d1c,0xcbfb00,0x00000010,(nil),(nil))
0088:trace:file:NtReadFile (0xf8,0x10c,(nil),(nil),0x9fe7a4,0x9ff5a8,0x00000008,(nil),(nil))
0088:trace:file:NtReadFile (0xf8,0x10c,(nil),(nil),0x9fe7a4,0x9fe7d8,0x00000030,(nil),(nil))
0088:trace:file:NtReadFile (0xf8,0x10c,(nil),(nil),0x9fe7a4,0x190fe8c,0x00000010,(nil),(nil))
0058:trace:file:NtWriteFile (0xf8,0x110,(nil),(nil),0x130fcc0,0x9f9dc0,0x0000001c,(nil),(nil))
0080:trace:file:NtReadFile (0x48,0x4c,(nil),(nil),0x983d1c,0x9832e0,0x00000008,(nil),(nil))
0080:trace:file:NtReadFile (0x48,0x4c,(nil),(nil),0x983d1c,0x983350,0x00000004,(nil),(nil))
0080:trace:file:RtlDosPathNameToNtPathName_U_WithStatus (L"C:\\windows\\system32\\drivers\\wineusb.sys",00CBFA2C,00000000,00000000)
0080:trace:file:RtlGetFullPathName_U (L"C:\\windows\\system32\\drivers\\wineusb.sys" 520 00CBF710 00000000)
0080:trace:file:NtCreateFile handle=0xcbf89c access=80100000 name=L"\\??\\C:\\windows\\system32\\drivers\\wineusb.sys" objattr=00000040 root=(nil) sec=(nil) io=0xcbf8a8 alloc_size=(nil) attr=00000000 sharing=00000005 disp=1 options=00000060 ea=(nil).0x00000000
0080:trace:file:nt_to_unix_file_name_no_root L"\\??\\C:\\windows\\system32\\drivers\\wineusb.sys" -> "/work/stage2-copy/wineprefix/dosdevices/c:/windows/system32/drivers/wineusb.sys"
0080:trace:file:NtFsControlFile (0x54,(nil),(nil),(nil),0xcbf8a8,0x0009009c,(nil),0x00000000,0xcbf8c8,0x00000040)
0080:trace:file:RtlDosPathNameToNtPathName_U_WithStatus (L"C:\\windows\\system32\\setupapi.dll",00CBF894,00000000,00000000)
0080:trace:file:RtlGetFullPathName_U (L"C:\\windows\\system32\\setupapi.dll" 520 00CBF540 00000000)
0080:trace:file:NtCreateFile handle=0xcbf6cc access=80100000 name=L"\\??\\C:\\windows\\system32\\setupapi.dll" objattr=00000040 root=(nil) sec=(nil) io=0xcbf6d8 alloc_size=(nil) attr=00000000 sharing=00000005 disp=1 options=00000060 ea=(nil).0x00000000
0080:trace:file:nt_to_unix_file_name_no_root L"\\??\\C:\\windows\\system32\\setupapi.dll" -> "/work/stage2-copy/wineprefix/dosdevices/c:/windows/system32/setupapi.dll"
0080:trace:file:NtFsControlFile (0x54,(nil),(nil),(nil),0xcbf6d8,0x0009009c,(nil),0x00000000,0xcbf6f8,0x00000040)
0080:trace:file:NtWriteFile (0x48,0x4c,(nil),(nil),0xcbf18c,0x983d38,0x00000024,(nil),(nil))
0080:trace:file:NtReadFile (0x48,0x4c,(nil),(nil),0x983d1c,0xcbf1d0,0x00000010,(nil),(nil))
0088:trace:file:NtReadFile (0xf8,0x10c,(nil),(nil),0x9fe7a4,0x9ff5a8,0x00000008,(nil),(nil))
0088:trace:file:NtReadFile (0xf8,0x10c,(nil),(nil),0x9fe7a4,0x9ff618,0x0000000c,(nil),(nil))
0048:trace:file:GetFileAttributesW L"C:\\users\\ubuntu\\Desktop"
0048:trace:file:RtlDosPathNameToNtPathName_U_WithStatus (L"C:\\users\\ubuntu\\Desktop",0069EB18,00000000,00000000)
0048:trace:file:RtlGetFullPathName_U (L"C:\\users\\ubuntu\\Desktop" 520 0069E8D0 00000000)
0088:trace:file:NtReadFile (0xf8,0x10c,(nil),(nil),0x9fe7a4,0x190fe8c,0x00000010,(nil),(nil))
0048:trace:file:nt_to_unix_file_name_no_root L"\\??\\C:\\users\\ubuntu\\Desktop" -> "/work/stage2-copy/wineprefix/dosdevices/c:/users/ubuntu/Desktop"
0048:trace:file:RtlDosPathNameToNtPathName_U_WithStatus (L"C:\\windows\\system32\\ole32.dll",0069EE6C,00000000,00000000)
0058:trace:file:NtWriteFile (0xf8,0x110,(nil),(nil),0x130fcc0,0x9f9110,0x00000030,(nil),(nil))
0048:trace:file:RtlGetFullPathName_U (L"C:\\windows\\system32\\ole32.dll" 520 0069EB18 00000000)
0048:trace:file:NtCreateFile handle=0x69eca4 access=80100000 name=L"\\??\\C:\\windows\\system32\\ole32.dll" objattr=00000040 root=(nil) sec=(nil) io=0x69ecb0 alloc_size=(nil) attr=00000000 sharing=00000005 disp=1 options=00000060 ea=(nil).0x00000000
0048:trace:file:nt_to_unix_file_name_no_root L"\\??\\C:\\windows\\system32\\ole32.dll" -> "/work/stage2-copy/wineprefix/dosdevices/c:/windows/system32/ole32.dll"
0048:trace:file:NtFsControlFile (0x88,(nil),(nil),(nil),0x69ecb0,0x0009009c,(nil),0x00000000,0x69ecd0,0x00000040)
0080:trace:file:NtReadFile (0x48,0x4c,(nil),(nil),0x983d1c,0x983360,0x00000008,(nil),(nil))
0080:trace:file:NtReadFile (0x48,0x4c,(nil),(nil),0x983d1c,0x983410,0x00000018,(nil),(nil))
0080:trace:file:NtWriteFile (0x48,0x4c,(nil),(nil),0xcbf198,0x9847c0,0x0000004c,(nil),(nil))
0080:trace:file:NtReadFile (0x48,0x4c,(nil),(nil),0x983d1c,0xcbf1dc,0x00000010,(nil),(nil))
0088:trace:file:NtReadFile (0xf8,0x10c,(nil),(nil),0x9fe7a4,0x9ff5a8,0x00000008,(nil),(nil))
0088:trace:file:NtReadFile (0xf8,0x10c,(nil),(nil),0x9fe7a4,0x9fe7d8,0x00000034,(nil),(nil))
0088:trace:file:NtReadFile (0xf8,0x10c,(nil),(nil),0x9fe7a4,0x190fe8c,0x00000010,(nil),(nil))
0058:trace:file:NtWriteFile (0xf8,0x110,(nil),(nil),0x130fcc0,0x9f9110,0x00000030,(nil),(nil))
0080:trace:file:NtReadFile (0x48,0x4c,(nil),(nil),0x983d1c,0x9833a0,0x00000008,(nil),(nil))
0080:trace:file:NtReadFile (0x48,0x4c,(nil),(nil),0x983d1c,0x9833b0,0x00000018,(nil),(nil))
0080:trace:file:NtWriteFile (0x48,0x4c,(nil),(nil),0xcbf1a8,0x9847f8,0x0000002c,(nil),(nil))
0080:trace:file:NtReadFile (0x48,0x4c,(nil),(nil),0x983d1c,0xcbf1ec,0x00000010,(nil),(nil))
0088:trace:file:NtReadFile (0xf8,0x10c,(nil),(nil),0x9fe7a4,0x9ff5a8,0x00000008,(nil),(nil))
0088:trace:file:NtReadFile (0xf8,0x10c,(nil),(nil),0x9fe7a4,0x9ff618,0x00000014,(nil),(nil))
0088:trace:file:NtReadFile (0xf8,0x10c,(nil),(nil),0x9fe7a4,0x190fe8c,0x00000010,(nil),(nil))
0058:trace:file:NtWriteFile (0xf8,0x110,(nil),(nil),0x130fcc0,0x9f9110,0x00000030,(nil),(nil))
0080:trace:file:NtReadFile (0x48,0x4c,(nil),(nil),0x983d1c,0x983460,0x00000008,(nil),(nil))
0080:trace:file:NtReadFile (0x48,0x4c,(nil),(nil),0x983d1c,0x983470,0x00000018,(nil),(nil))
0080:trace:file:NtWriteFile (0x48,0x4c,(nil),(nil),0xcbf168,0x984718,0x00000030,(nil),(nil))
0080:trace:file:NtReadFile (0x48,0x4c,(nil),(nil),0x983d1c,0xcbf1ac,0x00000010,(nil),(nil))
0088:trace:file:NtReadFile (0xf8,0x10c,(nil),(nil),0x9fe7a4,0x9ff5a8,0x00000008,(nil),(nil))
0088:trace:file:NtReadFile (0xf8,0x10c,(nil),(nil),0x9fe7a4,0x9ff618,0x00000018,(nil),(nil))
0088:trace:file:NtReadFile (0xf8,0x10c,(nil),(nil),0x9fe7a4,0x190fe8c,0x00000010,(nil),(nil))
0058:trace:file:NtWriteFile (0xf8,0x110,(nil),(nil),0x130fcc0,0x9ffa88,0x00000114,(nil),(nil))
0080:trace:file:NtReadFile (0x48,0x4c,(nil),(nil),0x983d1c,0x9832e0,0x00000008,(nil),(nil))
0080:trace:file:NtReadFile (0x48,0x4c,(nil),(nil),0x983d1c,0x9847f8,0x000000fc,(nil),(nil))
0080:trace:file:NtWriteFile (0x48,0x4c,(nil),(nil),0xcbf168,0x984718,0x00000030,(nil),(nil))
0048:trace:file:RtlDosPathNameToNtPathName_U_WithStatus (L"C:\\windows\\system32\\combase.dll",0069EA0C,00000000,00000000)
0048:trace:file:RtlGetFullPathName_U (L"C:\\windows\\system32\\combase.dll" 520 0069E6B8 00000000)
0048:trace:file:NtCreateFile handle=0x69e844 access=80100000 name=L"\\??\\C:\\windows\\system32\\combase.dll" objattr=00000040 root=(nil) sec=(nil) io=0x69e850 alloc_size=(nil) attr=00000000 sharing=00000005 disp=1 options=00000060 ea=(nil).0x00000000
0080:trace:file:NtReadFile (0x48,0x4c,(nil),(nil),0x983d1c,0xcbf1ac,0x00000010,(nil),(nil))
0048:trace:file:nt_to_unix_file_name_no_root L"\\??\\C:\\windows\\system32\\combase.dll" -> "/work/stage2-copy/wineprefix/dosdevices/c:/windows/system32/combase.dll"
0088:trace:file:NtReadFile (0xf8,0x10c,(nil),(nil),0x9fe7a4,0x9ff5a8,0x00000008,(nil),(nil))
0048:trace:file:NtFsControlFile (0x88,(nil),(nil),(nil),0x69e850,0x0009009c,(nil),0x00000000,0x69e870,0x00000040)
0088:trace:file:NtReadFile (0xf8,0x10c,(nil),(nil),0x9fe7a4,0x9ff618,0x00000018,(nil),(nil))
0088:trace:file:NtReadFile (0xf8,0x10c,(nil),(nil),0x9fe7a4,0x190fe8c,0x00000010,(nil),(nil))
0058:trace:file:NtWriteFile (0xf8,0x110,(nil),(nil),0x130fcc0,0x9ffa88,0x00000114,(nil),(nil))
0080:trace:file:NtReadFile (0x48,0x4c,(nil),(nil),0x983d1c,0x9832e0,0x00000008,(nil),(nil))
0080:trace:file:NtReadFile (0x48,0x4c,(nil),(nil),0x983d1c,0x9847f8,0x000000fc,(nil),(nil))
0080:trace:file:NtWriteFile (0x48,0x4c,(nil),(nil),0xcbf1a8,0x983d38,0x0000002c,(nil),(nil))
0080:trace:file:NtReadFile (0x48,0x4c,(nil),(nil),0x983d1c,0xcbf1ec,0x00000010,(nil),(nil))
0088:trace:file:NtReadFile (0xf8,0x10c,(nil),(nil),0x9fe7a4,0x9ff5a8,0x00000008,(nil),(nil))
0088:trace:file:NtReadFile (0xf8,0x10c,(nil),(nil),0x9fe7a4,0x9ff618,0x00000014,(nil),(nil))
0088:trace:file:NtReadFile (0xf8,0x10c,(nil),(nil),0x9fe7a4,0x190fe8c,0x00000010,(nil),(nil))
0058:trace:file:NtWriteFile (0xf8,0x110,(nil),(nil),0x130fcc0,0x9f9110,0x00000030,(nil),(nil))
0080:trace:file:NtReadFile (0x48,0x4c,(nil),(nil),0x983d1c,0x983360,0x00000008,(nil),(nil))
0080:trace:file:NtReadFile (0x48,0x4c,(nil),(nil),0x983d1c,0x9833f0,0x00000018,(nil),(nil))
0080:trace:file:NtQueryObject (0xfffffffe,0x00000002,0xcbf7f0,0x00000100,0xcbf7ec)
0048:trace:file:RtlDosPathNameToNtPathName_U_WithStatus (L"C:\\windows\\system32\\coml2.dll",0069EA0C,00000000,00000000)
0048:trace:file:RtlGetFullPathName_U (L"C:\\windows\\system32\\coml2.dll" 520 0069E6B8 00000000)
0048:trace:file:NtCreateFile handle=0x69e844 access=80100000 name=L"\\??\\C:\\windows\\system32\\coml2.dll" objattr=00000040 root=(nil) sec=(nil) io=0x69e850 alloc_size=(nil) attr=00000000 sharing=00000005 disp=1 options=00000060 ea=(nil).0x00000000
0048:trace:file:nt_to_unix_file_name_no_root L"\\??\\C:\\windows\\system32\\coml2.dll" -> "/work/stage2-copy/wineprefix/dosdevices/c:/windows/system32/coml2.dll"
0048:trace:file:NtFsControlFile (0x88,(nil),(nil),(nil),0x69e850,0x0009009c,(nil),0x00000000,0x69e870,0x00000040)
0080:trace:file:NtWriteFile (0x48,0x4c,(nil),(nil),0xcbfabc,0x983e20,0x00000048,(nil),(nil))
0080:trace:file:NtReadFile (0x48,0x4c,(nil),(nil),0x983d1c,0xcbfb00,0x00000010,(nil),(nil))
0088:trace:file:NtReadFile (0xf8,0x10c,(nil),(nil),0x9fe7a4,0x9ff5a8,0x00000008,(nil),(nil))
0088:trace:file:NtReadFile (0xf8,0x10c,(nil),(nil),0x9fe7a4,0x9fe858,0x00000030,(nil),(nil))
0088:trace:file:NtReadFile (0xf8,0x10c,(nil),(nil),0x9fe7a4,0x190fe8c,0x00000010,(nil),(nil))
0058:trace:file:NtWriteFile (0xf8,0x110,(nil),(nil),0x130fcc0,0x9f9dc0,0x0000001c,(nil),(nil))
0080:trace:file:NtReadFile (0x48,0x4c,(nil),(nil),0x983d1c,0x9832e0,0x00000008,(nil),(nil))
0080:trace:file:NtReadFile (0x48,0x4c,(nil),(nil),0x983d1c,0x983350,0x00000004,(nil),(nil))
0080:trace:file:WriteFile 0000002C 00CBFF2C 4 00CBFF28 00000000
0080:trace:file:NtWriteFile (0x2c,(nil),(nil),(nil),0xcbfee8,0xcbff2c,0x00000004,(nil),(nil))
0080:trace:file:ReadFile 0000002C 00CBFF30 16 00CBFF28 00000000
003c:trace:file:GetOverlappedResultEx (000000F4 0068FB7C 0068FB78 0 0)
0080:trace:file:NtReadFile (0x2c,(nil),(nil),(nil),0xcbfee8,0xcbff30,0x00000010,(nil),(nil))
003c:trace:file:NtFsControlFile (0xf4,0xf0,(nil),0x68fbec,0x68fbec,0x00110008,(nil),0x00000000,(nil),0x00000000)
003c:trace:file:WriteFile 000000F4 009F62F0 34 0068FB78 0068FB7C
003c:trace:file:NtWriteFile (0xf4,0xf0,(nil),0x68fb7c,0x68fb7c,0x9f62f0,0x00000022,0x68fb30,(nil))
003c:trace:file:ReadFile 000000F4 0068FBE4 4 0068FB78 0068FB7C
003c:trace:file:NtReadFile (0xf4,0xf0,(nil),0x68fb7c,0x68fb7c,0x68fbe4,0x00000004,0x68fb30,(nil))
0080:trace:file:ReadFile 0000002C 00983290 18 00CBFF28 00000000
0080:trace:file:NtReadFile (0x2c,(nil),(nil),(nil),0xcbfee8,0x983290,0x00000012,(nil),(nil))
0080:trace:file:NtWriteFile (0x48,0x4c,(nil),(nil),0xcbfac8,0x983c58,0x00000024,(nil),(nil))
0080:trace:file:NtReadFile (0x48,0x4c,(nil),(nil),0x983d1c,0xcbfb0c,0x00000010,(nil),(nil))
0088:trace:file:NtReadFile (0xf8,0x10c,(nil),(nil),0x9fe7a4,0x9ff5a8,0x00000008,(nil),(nil))
0088:trace:file:NtReadFile (0xf8,0x10c,(nil),(nil),0x9fe7a4,0x9ff618,0x0000000c,(nil),(nil))
0088:trace:file:NtReadFile (0xf8,0x10c,(nil),(nil),0x9fe7a4,0x190fe8c,0x00000010,(nil),(nil))
0058:trace:file:NtWriteFile (0xf8,0x110,(nil),(nil),0x130fcc0,0x9f9110,0x00000030,(nil),(nil))
0080:trace:file:NtReadFile (0x48,0x4c,(nil),(nil),0x983d1c,0x983360,0x00000008,(nil),(nil))
0080:trace:file:NtReadFile (0x48,0x4c,(nil),(nil),0x983d1c,0x983410,0x00000018,(nil),(nil))
0048:trace:file:RtlDosPathNameToNtPathName_U_WithStatus (L"\\\\.\\pipe\\lrpc\\\\pipe\\OLE_0000004400000048",0069EB00,00000000,00000000)
0048:trace:file:RtlGetFullPathName_U (L"\\\\.\\pipe\\lrpc\\\\pipe\\OLE_0000004400000048" 520 0069E86C 00000000)
0048:trace:file:NtCreateNamedPipeFile (0x69eaf4 c0100000 L"\\??\\pipe\\lrpc\\pipe\\OLE_0000004400000048" 0x69eb08 3 3 0 1 1 0 -1 5840 5840 0x69eaf8)
0080:trace:file:NtWriteFile (0x48,0x4c,(nil),(nil),0xcbfad4,0x983e70,0x0000004c,(nil),(nil))
0080:trace:file:NtReadFile (0x48,0x4c,(nil),(nil),0x983d1c,0xcbfb18,0x00000010,(nil),(nil))
0088:trace:file:NtReadFile (0xf8,0x10c,(nil),(nil),0x9fe7a4,0x9ff5a8,0x00000008,(nil),(nil))
0088:trace:file:NtReadFile (0xf8,0x10c,(nil),(nil),0x9fe7a4,0x9fe858,0x00000034,(nil),(nil))
0088:trace:file:NtReadFile (0xf8,0x10c,(nil),(nil),0x9fe7a4,0x190fe8c,0x00000010,(nil),(nil))
0048:trace:file:RtlDosPathNameToNtPathName_U_WithStatus (L"C:\\windows\\system32\\ole32.dll",0069EAEC,00000000,00000000)
0048:trace:file:RtlGetFullPathName_U (L"C:\\windows\\system32\\ole32.dll" 520 0069E7D0 00000000)
0058:trace:file:NtWriteFile (0xf8,0x110,(nil),(nil),0x130fcc0,0x9f9110,0x00000030,(nil),(nil))
0080:trace:file:NtReadFile (0x48,0x4c,(nil),(nil),0x983d1c,0x9833a0,0x00000008,(nil),(nil))
0080:trace:file:NtReadFile (0x48,0x4c,(nil),(nil),0x983d1c,0x9833b0,0x00000018,(nil),(nil))
0080:trace:file:NtWriteFile (0x48,0x4c,(nil),(nil),0xcbfae4,0x983e70,0x0000002c,(nil),(nil))
0080:trace:file:NtReadFile (0x48,0x4c,(nil),(nil),0x983d1c,0xcbfb28,0x00000010,(nil),(nil))
0088:trace:file:NtReadFile (0xf8,0x10c,(nil),(nil),0x9fe7a4,0x9ff5a8,0x00000008,(nil),(nil))
0088:trace:file:NtReadFile (0xf8,0x10c,(nil),(nil),0x9fe7a4,0x9ff618,0x00000014,(nil),(nil))
0088:trace:file:NtReadFile (0xf8,0x10c,(nil),(nil),0x9fe7a4,0x190fe8c,0x00000010,(nil),(nil))
0058:trace:file:NtWriteFile (0xf8,0x110,(nil),(nil),0x130fcc0,0x9f9110,0x00000030,(nil),(nil))
0080:trace:file:NtReadFile (0x48,0x4c,(nil),(nil),0x983d1c,0x983460,0x00000008,(nil),(nil))
0080:trace:file:NtReadFile (0x48,0x4c,(nil),(nil),0x983d1c,0x983470,0x00000018,(nil),(nil))
0080:trace:file:NtWriteFile (0x48,0x4c,(nil),(nil),0xcbfaa4,0x983e20,0x00000030,(nil),(nil))
0080:trace:file:NtReadFile (0x48,0x4c,(nil),(nil),0x983d1c,0xcbfae8,0x00000010,(nil),(nil))
0088:trace:file:NtReadFile (0xf8,0x10c,(nil),(nil),0x9fe7a4,0x9ff5a8,0x00000008,(nil),(nil))
0088:trace:file:NtReadFile (0xf8,0x10c,(nil),(nil),0x9fe7a4,0x9ff618,0x00000018,(nil),(nil))
0088:trace:file:NtReadFile (0xf8,0x10c,(nil),(nil),0x9fe7a4,0x190fe8c,0x00000010,(nil),(nil))
0058:trace:file:NtWriteFile (0xf8,0x110,(nil),(nil),0x130fcc0,0x9ffa88,0x00000114,(nil),(nil))
0080:trace:file:NtReadFile (0x48,0x4c,(nil),(nil),0x983d1c,0x9832e0,0x00000008,(nil),(nil))
0080:trace:file:NtReadFile (0x48,0x4c,(nil),(nil),0x983d1c,0x983e20,0x000000fc,(nil),(nil))
0080:trace:file:NtWriteFile (0x48,0x4c,(nil),(nil),0xcbfaa4,0x983e20,0x00000030,(nil),(nil))
0080:trace:file:NtReadFile (0x48,0x4c,(nil),(nil),0x983d1c,0xcbfae8,0x00000010,(nil),(nil))
0088:trace:file:NtReadFile (0xf8,0x10c,(nil),(nil),0x9fe7a4,0x9ff5a8,0x00000008,(nil),(nil))
0088:trace:file:NtReadFile (0xf8,0x10c,(nil),(nil),0x9fe7a4,0x9ff618,0x00000018,(nil),(nil))
0088:trace:file:NtReadFile (0xf8,0x10c,(nil),(nil),0x9fe7a4,0x190fe8c,0x00000010,(nil),(nil))
0058:trace:file:NtWriteFile (0xf8,0x110,(nil),(nil),0x130fcc0,0x9ffa88,0x00000114,(nil),(nil))
0080:trace:file:NtReadFile (0x48,0x4c,(nil),(nil),0x983d1c,0x9832e0,0x00000008,(nil),(nil))
0080:trace:file:NtReadFile (0x48,0x4c,(nil),(nil),0x983d1c,0x983e20,0x000000fc,(nil),(nil))
0080:trace:file:NtWriteFile (0x48,0x4c,(nil),(nil),0xcbfabc,0x983e60,0x00000048,(nil),(nil))
0080:trace:file:NtReadFile (0x48,0x4c,(nil),(nil),0x983d1c,0xcbfb00,0x00000010,(nil),(nil))
0088:trace:file:NtReadFile (0xf8,0x10c,(nil),(nil),0x9fe7a4,0x9ff5a8,0x00000008,(nil),(nil))
0088:trace:file:NtReadFile (0xf8,0x10c,(nil),(nil),0x9fe7a4,0x9fe858,0x00000030,(nil),(nil))
0088:trace:file:NtReadFile (0xf8,0x10c,(nil),(nil),0x9fe7a4,0x190fe8c,0x00000010,(nil),(nil))
0058:trace:file:NtWriteFile (0xf8,0x110,(nil),(nil),0x130fcc0,0x9f9df0,0x0000001c,(nil),(nil))
0080:trace:file:NtReadFile (0x48,0x4c,(nil),(nil),0x983d1c,0x9832e0,0x00000008,(nil),(nil))
0094:trace:file:NtFsControlFile (0x8c,0xa0,(nil),(nil),0x13392cc,0x00110008,(nil),0x00000000,(nil),0x00000000)
0080:trace:file:NtReadFile (0x48,0x4c,(nil),(nil),0x983d1c,0x983350,0x00000004,(nil),(nil))
0080:trace:file:RtlDosPathNameToNtPathName_U_WithStatus (L"C:\\windows\\system32\\drivers\\winebus.sys",00CBFA2C,00000000,00000000)
0080:trace:file:RtlGetFullPathName_U (L"C:\\windows\\system32\\drivers\\winebus.sys" 520 00CBF710 00000000)
0080:trace:file:NtCreateFile handle=0xcbf89c access=80100000 name=L"\\??\\C:\\windows\\system32\\drivers\\winebus.sys" objattr=00000040 root=(nil) sec=(nil) io=0xcbf8a8 alloc_size=(nil) attr=00000000 sharing=00000005 disp=1 options=00000060 ea=(nil).0x00000000
0080:trace:file:nt_to_unix_file_name_no_root L"\\??\\C:\\windows\\system32\\drivers\\winebus.sys" -> "/work/stage2-copy/wineprefix/dosdevices/c:/windows/system32/drivers/winebus.sys"
0080:trace:file:NtFsControlFile (0x58,(nil),(nil),(nil),0xcbf8a8,0x0009009c,(nil),0x00000000,0xcbf8c8,0x00000040)
0048:trace:file:RtlDosPathNameToNtPathName_U_WithStatus (L"C:\\windows\\system32\\actxprxy.dll",0069EB5C,00000000,00000000)
0048:trace:file:RtlGetFullPathName_U (L"C:\\windows\\system32\\actxprxy.dll" 520 0069E840 00000000)
0048:trace:file:NtCreateFile handle=0x69e9cc access=80100000 name=L"\\??\\C:\\windows\\system32\\actxprxy.dll" objattr=00000040 root=(nil) sec=(nil) io=0x69e9d8 alloc_size=(nil) attr=00000000 sharing=00000005 disp=1 options=00000060 ea=(nil).0x00000000
0048:trace:file:nt_to_unix_file_name_no_root L"\\??\\C:\\windows\\system32\\actxprxy.dll" -> "/work/stage2-copy/wineprefix/dosdevices/c:/windows/system32/actxprxy.dll"
0048:trace:file:NtFsControlFile (0xa4,(nil),(nil),(nil),0x69e9d8,0x0009009c,(nil),0x00000000,0x69e9f8,0x00000040)
0080:trace:file:RtlDosPathNameToNtPathName_U_WithStatus (L"C:\\windows\\system32\\drivers\\hidparse.sys",00CBF5CC,00000000,00000000)
0080:trace:file:RtlGetFullPathName_U (L"C:\\windows\\system32\\drivers\\hidparse.sys" 520 00CBF278 00000000)
0080:trace:file:NtCreateFile handle=0xcbf404 access=80100000 name=L"\\??\\C:\\windows\\system32\\drivers\\hidparse.sys" objattr=00000040 root=(nil) sec=(nil) io=0xcbf410 alloc_size=(nil) attr=00000000 sharing=00000005 disp=1 options=00000060 ea=(nil).0x00000000
0080:trace:file:nt_to_unix_file_name_no_root L"\\??\\C:\\windows\\system32\\drivers\\hidparse.sys" -> "/work/stage2-copy/wineprefix/dosdevices/c:/windows/system32/drivers/hidparse.sys"
0080:trace:file:NtFsControlFile (0x58,(nil),(nil),(nil),0xcbf410,0x0009009c,(nil),0x00000000,0xcbf430,0x00000040)
0048:trace:file:RtlDosPathNameToNtPathName_U_WithStatus (L"C:\\windows\\system32\\oleaut32.dll",0069E6FC,00000000,00000000)
0048:trace:file:RtlGetFullPathName_U (L"C:\\windows\\system32\\oleaut32.dll" 520 0069E3A8 00000000)
0048:trace:file:NtCreateFile handle=0x69e534 access=80100000 name=L"\\??\\C:\\windows\\system32\\oleaut32.dll" objattr=00000040 root=(nil) sec=(nil) io=0x69e540 alloc_size=(nil) attr=00000000 sharing=00000005 disp=1 options=00000060 ea=(nil).0x00000000
0048:trace:file:nt_to_unix_file_name_no_root L"\\??\\C:\\windows\\system32\\oleaut32.dll" -> "/work/stage2-copy/wineprefix/dosdevices/c:/windows/system32/oleaut32.dll"
0048:trace:file:NtFsControlFile (0xa4,(nil),(nil),(nil),0x69e540,0x0009009c,(nil),0x00000000,0x69e560,0x00000040)
0080:trace:file:NtWriteFile (0x48,0x4c,(nil),(nil),0xcbf18c,0x984748,0x00000024,(nil),(nil))
0080:trace:file:NtReadFile (0x48,0x4c,(nil),(nil),0x983d1c,0xcbf1d0,0x00000010,(nil),(nil))
0088:trace:file:NtReadFile (0xf8,0x10c,(nil),(nil),0x9fe7a4,0x9ff5a8,0x00000008,(nil),(nil))
0088:trace:file:NtReadFile (0xf8,0x10c,(nil),(nil),0x9fe7a4,0x9ff618,0x0000000c,(nil),(nil))
0088:trace:file:NtReadFile (0xf8,0x10c,(nil),(nil),0x9fe7a4,0x190fe8c,0x00000010,(nil),(nil))
0058:trace:file:NtWriteFile (0xf8,0x110,(nil),(nil),0x130fcc0,0x9f9110,0x00000030,(nil),(nil))
0080:trace:file:NtReadFile (0x48,0x4c,(nil),(nil),0x983d1c,0x983360,0x00000008,(nil),(nil))
0080:trace:file:NtReadFile (0x48,0x4c,(nil),(nil),0x983d1c,0x983470,0x00000018,(nil),(nil))
0080:trace:file:NtWriteFile (0x48,0x4c,(nil),(nil),0xcbf198,0x984818,0x0000004c,(nil),(nil))
0080:trace:file:NtReadFile (0x48,0x4c,(nil),(nil),0x983d1c,0xcbf1dc,0x00000010,(nil),(nil))
0088:trace:file:NtReadFile (0xf8,0x10c,(nil),(nil),0x9fe7a4,0x9ff5a8,0x00000008,(nil),(nil))
0088:trace:file:NtReadFile (0xf8,0x10c,(nil),(nil),0x9fe7a4,0x9fe858,0x00000034,(nil),(nil))
0088:trace:file:NtReadFile (0xf8,0x10c,(nil),(nil),0x9fe7a4,0x190fe8c,0x00000010,(nil),(nil))
0058:trace:file:NtWriteFile (0xf8,0x110,(nil),(nil),0x130fcc0,0x9f9110,0x00000030,(nil),(nil))
0048:trace:file:CreateFileW L"\\\\.\\pipe\\lrpc\\irpcss" GENERIC_READ GENERIC_WRITE  creation 3 attributes 0x40000000
0048:trace:file:RtlDosPathNameToNtPathName_U_WithStatus (L"\\\\.\\pipe\\lrpc\\irpcss",0069EE04,00000000,00000000)
0048:trace:file:RtlGetFullPathName_U (L"\\\\.\\pipe\\lrpc\\irpcss" 520 0069EB80 00000000)
0048:trace:file:NtCreateFile handle=0x69ee00 access=c0100080 name=L"\\??\\pipe\\lrpc\\irpcss" objattr=00000040 root=(nil) sec=(nil) io=0x69ee0c alloc_size=(nil) attr=00000000 sharing=00000000 disp=1 options=00000040 ea=(nil).0x00000000
0048:warn:file:CreateFileW Unable to create file L"\\\\.\\pipe\\lrpc\\irpcss" (status c0000034)
0048:trace:file:CreateFileW returning FFFFFFFF
0048:trace:file:RtlDosPathNameToNtPathName_U_WithStatus (L"\\\\.\\pipe\\lrpc\\irpcss",0069EBD8,00000000,00000000)
0080:trace:file:NtReadFile (0x48,0x4c,(nil),(nil),0x983d1c,0x983400,0x00000008,(nil),(nil))
0048:trace:file:RtlGetFullPathName_U (L"\\\\.\\pipe\\lrpc\\irpcss" 520 0069E974 00000000)
0048:trace:file:NtCreateFile handle=0x69ebd4 access=00100080 name=L"\\??\\pipe\\" objattr=00000040 root=(nil) sec=(nil) io=0x69ebe8 alloc_size=(nil) attr=00000000 sharing=00000003 disp=1 options=00000020 ea=(nil).0x00000000
0048:trace:file:NtFsControlFile (0xa4,(nil),(nil),(nil),0x69ebe8,0x00110018,0x24ca20,0x00000024,(nil),0x00000000)
0080:trace:file:NtReadFile (0x48,0x4c,(nil),(nil),0x983d1c,0x983410,0x00000018,(nil),(nil))
0080:trace:file:NtWriteFile (0x48,0x4c,(nil),(nil),0xcbf1a8,0x984850,0x0000002c,(nil),(nil))
0048:trace:file:CreateFileW L"\\\\.\\pipe\\svcctl" GENERIC_READ GENERIC_WRITE  creation 3 attributes 0x40000000
0048:trace:file:RtlDosPathNameToNtPathName_U_WithStatus (L"\\\\.\\pipe\\svcctl",0069ED0C,00000000,00000000)
0048:trace:file:RtlGetFullPathName_U (L"\\\\.\\pipe\\svcctl" 520 0069EA88 00000000)
0048:trace:file:NtCreateFile handle=0x69ed08 access=c0100080 name=L"\\??\\pipe\\svcctl" objattr=00000040 root=(nil) sec=(nil) io=0x69ed14 alloc_size=(nil) attr=00000000 sharing=00000000 disp=1 options=00000040 ea=(nil).0x00000000
0080:trace:file:NtReadFile (0x48,0x4c,(nil),(nil),0x983d1c,0xcbf1ec,0x00000010,(nil),(nil))
0048:trace:file:CreateFileW returning 000000A4
0088:trace:file:NtReadFile (0xf8,0x10c,(nil),(nil),0x9fe7a4,0x9ff5a8,0x00000008,(nil),(nil))
0048:trace:file:NtSetInformationFile (0xa4,0x69ed38,0x69ed30,0x00000008,0x00000017)
0088:trace:file:NtReadFile (0xf8,0x10c,(nil),(nil),0x9fe7a4,0x9ff618,0x00000014,(nil),(nil))
0048:trace:file:NtWriteFile (0xa4,0xa8,(nil),(nil),0x69ecf8,0x1339dd8,0x00000048,(nil),(nil))
0040:trace:file:RtlDosPathNameToNtPathName_U_WithStatus (L"\\\\.\\pipe\\svcctl",00D0FBD0,00000000,00000000)
0088:trace:file:NtReadFile (0xf8,0x10c,(nil),(nil),0x9fe7a4,0x190fe8c,0x00000010,(nil),(nil))
0040:trace:file:RtlGetFullPathName_U (L"\\\\.\\pipe\\svcctl" 520 00D0F93C 00000000)
0048:trace:file:NtReadFile (0xa4,0xa8,(nil),(nil),0x1339dbc,0x69ed24,0x00000010,(nil),(nil))
0040:trace:file:NtCreateNamedPipeFile (0xd0fbc4 c0100000 L"\\??\\pipe\\svcctl" 0xd0fbd8 3 3 0 1 1 0 -1 5840 5840 0xd0fbc8)
0058:trace:file:NtWriteFile (0xf8,0x110,(nil),(nil),0x130fcc0,0x9f9110,0x00000030,(nil),(nil))
0080:trace:file:NtReadFile (0x48,0x4c,(nil),(nil),0x983d1c,0x9834c0,0x00000008,(nil),(nil))
0080:trace:file:NtReadFile (0x48,0x4c,(nil),(nil),0x983d1c,0x9834d0,0x00000018,(nil),(nil))
0080:trace:file:NtWriteFile (0x48,0x4c,(nil),(nil),0xcbf168,0x984770,0x00000030,(nil),(nil))
0080:trace:file:NtReadFile (0x48,0x4c,(nil),(nil),0x983d1c,0xcbf1ac,0x00000010,(nil),(nil))
0088:trace:file:NtReadFile (0xf8,0x10c,(nil),(nil),0x9fe7a4,0x9ff5a8,0x00000008,(nil),(nil))
0088:trace:file:NtReadFile (0xf8,0x10c,(nil),(nil),0x9fe7a4,0x9ff618,0x00000018,(nil),(nil))
0040:trace:file:NtFsControlFile (0x114,0xb4,(nil),(nil),0x9f5d5c,0x00110008,(nil),0x00000000,(nil),0x00000000)
0088:trace:file:NtReadFile (0xf8,0x10c,(nil),(nil),0x9fe7a4,0x190fe8c,0x00000010,(nil),(nil))
0058:trace:file:NtWriteFile (0xf8,0x110,(nil),(nil),0x130fcc0,0x9ffb38,0x00000114,(nil),(nil))
0080:trace:file:NtReadFile (0x48,0x4c,(nil),(nil),0x983d1c,0x9832e0,0x00000008,(nil),(nil))
0080:trace:file:NtReadFile (0x48,0x4c,(nil),(nil),0x983d1c,0x984850,0x000000fc,(nil),(nil))
0080:trace:file:NtWriteFile (0x48,0x4c,(nil),(nil),0xcbf168,0x984770,0x00000030,(nil),(nil))
0080:trace:file:NtReadFile (0x48,0x4c,(nil),(nil),0x983d1c,0xcbf1ac,0x00000010,(nil),(nil))
0088:trace:file:NtReadFile (0xf8,0x10c,(nil),(nil),0x9fe7a4,0x9ff5a8,0x00000008,(nil),(nil))
0088:trace:file:NtReadFile (0xf8,0x10c,(nil),(nil),0x9fe7a4,0x9ff618,0x00000018,(nil),(nil))
0088:trace:file:NtReadFile (0xf8,0x10c,(nil),(nil),0x9fe7a4,0x190fe8c,0x00000010,(nil),(nil))
0058:trace:file:NtWriteFile (0xf8,0x110,(nil),(nil),0x130fcc0,0x9ffb38,0x00000114,(nil),(nil))
0080:trace:file:NtReadFile (0x48,0x4c,(nil),(nil),0x983d1c,0x9832e0,0x00000008,(nil),(nil))
0080:trace:file:NtReadFile (0x48,0x4c,(nil),(nil),0x983d1c,0x984850,0x000000fc,(nil),(nil))
0080:trace:file:NtWriteFile (0x48,0x4c,(nil),(nil),0xcbf1a8,0x984748,0x0000002c,(nil),(nil))
0080:trace:file:NtReadFile (0x48,0x4c,(nil),(nil),0x983d1c,0xcbf1ec,0x00000010,(nil),(nil))
0088:trace:file:NtReadFile (0xf8,0x10c,(nil),(nil),0x9fe7a4,0x9ff5a8,0x00000008,(nil),(nil))
0088:trace:file:NtReadFile (0xf8,0x10c,(nil),(nil),0x9fe7a4,0x9ff618,0x00000014,(nil),(nil))
0088:trace:file:NtReadFile (0xf8,0x10c,(nil),(nil),0x9fe7a4,0x190fe8c,0x00000010,(nil),(nil))
0058:trace:file:NtWriteFile (0xf8,0x110,(nil),(nil),0x130fcc0,0x9f9110,0x00000030,(nil),(nil))
0080:trace:file:NtReadFile (0x48,0x4c,(nil),(nil),0x983d1c,0x983360,0x00000008,(nil),(nil))
0080:trace:file:NtReadFile (0x48,0x4c,(nil),(nil),0x983d1c,0x983450,0x00000018,(nil),(nil))
0098:trace:file:NtReadFile (0x108,0x118,(nil),(nil),0x9ffa0c,0x1d0fe8c,0x00000010,(nil),(nil))
0098:trace:file:NtReadFile (0x108,0x118,(nil),(nil),0x9ffa0c,0x19111e8,0x0000000c,(nil),(nil))
008c:trace:file:NtQueryObject (0xfffffffe,0x00000002,0x12bfd38,0x00000100,0x12bfd34)
0098:trace:file:NtReadFile (0x108,0x118,(nil),(nil),0x9ffa0c,0x1910a80,0x0000002c,(nil),(nil))
0098:trace:file:NtWriteFile (0x108,0x118,(nil),(nil),0x1d0fe24,0x1911860,0x00000044,(nil),(nil))
0098:trace:file:NtReadFile (0x108,0x118,(nil),(nil),0x9ffa0c,0x1d0fe8c,0x00000010,(nil),(nil))
0048:trace:file:NtReadFile (0xa4,0xa8,(nil),(nil),0x1339dbc,0x1339e00,0x00000008,(nil),(nil))
0048:trace:file:NtReadFile (0xa4,0xa8,(nil),(nil),0x1339dbc,0x1339c10,0x0000002c,(nil),(nil))
0048:trace:file:NtWriteFile (0xa4,0xa8,(nil),(nil),0x69edac,0x1339c10,0x00000024,(nil),(nil))
0048:trace:file:NtReadFile (0xa4,0xa8,(nil),(nil),0x1339dbc,0x69edf0,0x00000010,(nil),(nil))
0098:trace:file:NtReadFile (0x108,0x118,(nil),(nil),0x9ffa0c,0x9ffa50,0x00000008,(nil),(nil))
0098:trace:file:NtReadFile (0x108,0x118,(nil),(nil),0x9ffa0c,0x9ffb20,0x0000000c,(nil),(nil))
0098:trace:file:NtReadFile (0x108,0x118,(nil),(nil),0x9ffa0c,0x1d0fe8c,0x00000010,(nil),(nil))
0058:trace:file:NtWriteFile (0x108,0x11c,(nil),(nil),0x130fcc0,0x9f9110,0x00000030,(nil),(nil))
0048:trace:file:NtReadFile (0xa4,0xa8,(nil),(nil),0x1339dbc,0x1339e00,0x00000008,(nil),(nil))
008c:fixme:hid:handle_IRP_MN_QUERY_ID Unhandled type 00000005
0048:trace:file:NtReadFile (0xa4,0xa8,(nil),(nil),0x1339dbc,0x1339e10,0x00000018,(nil),(nil))
008c:trace:file:NtWriteFile (0x48,0x4c,(nil),(nil),0x12bf44c,0x984f10,0x00000024,(nil),(nil))
008c:trace:file:NtReadFile (0x48,0x4c,(nil),(nil),0x983d1c,0x12bf490,0x00000010,(nil),(nil))
0048:trace:file:NtWriteFile (0xa4,0xa8,(nil),(nil),0x69edb8,0x133a220,0x00000048,(nil),(nil))
0088:trace:file:NtReadFile (0xf8,0x10c,(nil),(nil),0x9fe7a4,0x9ff5a8,0x00000008,(nil),(nil))
0048:trace:file:NtReadFile (0xa4,0xa8,(nil),(nil),0x1339dbc,0x69edfc,0x00000010,(nil),(nil))
0088:trace:file:NtReadFile (0xf8,0x10c,(nil),(nil),0x9fe7a4,0x9ff618,0x0000000c,(nil),(nil))
0098:trace:file:NtReadFile (0x108,0x118,(nil),(nil),0x9ffa0c,0x9ffa50,0x00000008,(nil),(nil))
0088:trace:file:NtReadFile (0xf8,0x10c,(nil),(nil),0x9fe7a4,0x190fe8c,0x00000010,(nil),(nil))
0098:trace:file:NtReadFile (0x108,0x118,(nil),(nil),0x9ffa0c,0x1910a00,0x00000030,(nil),(nil))
0058:trace:file:NtWriteFile (0xf8,0x110,(nil),(nil),0x130fcc0,0x9f9110,0x00000030,(nil),(nil))
008c:trace:file:NtReadFile (0x48,0x4c,(nil),(nil),0x983d1c,0x984ae8,0x00000008,(nil),(nil))
008c:trace:file:NtReadFile (0x48,0x4c,(nil),(nil),0x983d1c,0x984b58,0x00000018,(nil),(nil))
0098:trace:file:NtReadFile (0x108,0x118,(nil),(nil),0x9ffa0c,0x1d0fe8c,0x00000010,(nil),(nil))
008c:trace:file:NtWriteFile (0x48,0x4c,(nil),(nil),0x12bf458,0x984f90,0x0000004c,(nil),(nil))
0058:trace:file:NtWriteFile (0x108,0x11c,(nil),(nil),0x130fcc0,0x9f9110,0x00000030,(nil),(nil))
008c:trace:file:NtReadFile (0x48,0x4c,(nil),(nil),0x983d1c,0x12bf49c,0x00000010,(nil),(nil))
0048:trace:file:NtReadFile (0xa4,0xa8,(nil),(nil),0x1339dbc,0x1339e40,0x00000008,(nil),(nil))
0088:trace:file:NtReadFile (0xf8,0x10c,(nil),(nil),0x9fe7a4,0x9ff5a8,0x00000008,(nil),(nil))
0048:trace:file:NtReadFile (0xa4,0xa8,(nil),(nil),0x1339dbc,0x1339e70,0x00000018,(nil),(nil))
0088:trace:file:NtReadFile (0xf8,0x10c,(nil),(nil),0x9fe7a4,0x9fe858,0x00000034,(nil),(nil))
0048:trace:file:NtWriteFile (0xa4,0xa8,(nil),(nil),0x69edbc,0x133a250,0x00000034,(nil),(nil))
0088:trace:file:NtReadFile (0xf8,0x10c,(nil),(nil),0x9fe7a4,0x190fe8c,0x00000010,(nil),(nil))
0048:trace:file:NtReadFile (0xa4,0xa8,(nil),(nil),0x1339dbc,0x69ee00,0x00000010,(nil),(nil))
0058:trace:file:NtWriteFile (0xf8,0x110,(nil),(nil),0x130fcc0,0x9f9110,0x00000030,(nil),(nil))
0098:trace:file:NtReadFile (0x108,0x118,(nil),(nil),0x9ffa0c,0x9ffa50,0x00000008,(nil),(nil))
0098:trace:file:NtReadFile (0x108,0x118,(nil),(nil),0x9ffa0c,0x19111d8,0x0000001c,(nil),(nil))
008c:trace:file:NtReadFile (0x48,0x4c,(nil),(nil),0x983d1c,0x984b08,0x00000008,(nil),(nil))
0098:trace:file:NtReadFile (0x108,0x118,(nil),(nil),0x9ffa0c,0x1d0fe8c,0x00000010,(nil),(nil))
008c:trace:file:NtReadFile (0x48,0x4c,(nil),(nil),0x983d1c,0x984b18,0x00000018,(nil),(nil))
008c:trace:file:NtWriteFile (0x48,0x4c,(nil),(nil),0x12bf468,0x984ec8,0x0000002c,(nil),(nil))
008c:trace:file:NtReadFile (0x48,0x4c,(nil),(nil),0x983d1c,0x12bf4ac,0x00000010,(nil),(nil))
0088:trace:file:NtReadFile (0xf8,0x10c,(nil),(nil),0x9fe7a4,0x9ff5a8,0x00000008,(nil),(nil))
0088:trace:file:NtReadFile (0xf8,0x10c,(nil),(nil),0x9fe7a4,0x9ff618,0x00000014,(nil),(nil))
0088:trace:file:NtReadFile (0xf8,0x10c,(nil),(nil),0x9fe7a4,0x190fe8c,0x00000010,(nil),(nil))
00a0:trace:file:NtWriteFile (0xf8,0x110,(nil),(nil),0x200fcc0,0x19121c8,0x00000030,(nil),(nil))
008c:trace:file:NtReadFile (0x48,0x4c,(nil),(nil),0x983d1c,0x984ba8,0x00000008,(nil),(nil))
008c:trace:file:NtReadFile (0x48,0x4c,(nil),(nil),0x983d1c,0x984bb8,0x00000018,(nil),(nil))
008c:trace:file:NtWriteFile (0x48,0x4c,(nil),(nil),0x12bf428,0x984ec8,0x00000030,(nil),(nil))
008c:trace:file:NtReadFile (0x48,0x4c,(nil),(nil),0x983d1c,0x12bf46c,0x00000010,(nil),(nil))
0088:trace:file:NtReadFile (0xf8,0x10c,(nil),(nil),0x9fe7a4,0x9ff5a8,0x00000008,(nil),(nil))
0088:trace:file:NtReadFile (0xf8,0x10c,(nil),(nil),0x9fe7a4,0x9ff618,0x00000018,(nil),(nil))
0088:trace:file:NtReadFile (0xf8,0x10c,(nil),(nil),0x9fe7a4,0x190fe8c,0x00000010,(nil),(nil))
00a0:trace:file:NtWriteFile (0xf8,0x110,(nil),(nil),0x200fcc0,0x1913ee0,0x0000010c,(nil),(nil))
008c:trace:file:NtReadFile (0x48,0x4c,(nil),(nil),0x983d1c,0x984ac8,0x00000008,(nil),(nil))
008c:trace:file:NtReadFile (0x48,0x4c,(nil),(nil),0x983d1c,0x984fe0,0x000000f4,(nil),(nil))
008c:trace:file:NtWriteFile (0x48,0x4c,(nil),(nil),0x12bf428,0x984ec8,0x00000030,(nil),(nil))
008c:trace:file:NtReadFile (0x48,0x4c,(nil),(nil),0x983d1c,0x12bf46c,0x00000010,(nil),(nil))
0088:trace:file:NtReadFile (0xf8,0x10c,(nil),(nil),0x9fe7a4,0x9ff5a8,0x00000008,(nil),(nil))
0088:trace:file:NtReadFile (0xf8,0x10c,(nil),(nil),0x9fe7a4,0x9ff618,0x00000018,(nil),(nil))
0088:trace:file:NtReadFile (0xf8,0x10c,(nil),(nil),0x9fe7a4,0x190fe8c,0x00000010,(nil),(nil))
00a0:trace:file:NtWriteFile (0xf8,0x110,(nil),(nil),0x200fcc0,0x1913ee0,0x0000010c,(nil),(nil))
008c:trace:file:NtReadFile (0x48,0x4c,(nil),(nil),0x983d1c,0x984ac8,0x00000008,(nil),(nil))
008c:trace:file:NtReadFile (0x48,0x4c,(nil),(nil),0x983d1c,0x984fe0,0x000000f4,(nil),(nil))
008c:trace:file:NtWriteFile (0x48,0x4c,(nil),(nil),0x12bf440,0x984f08,0x00000048,(nil),(nil))
008c:trace:file:NtReadFile (0x48,0x4c,(nil),(nil),0x983d1c,0x12bf484,0x00000010,(nil),(nil))
0088:trace:file:NtReadFile (0xf8,0x10c,(nil),(nil),0x9fe7a4,0x9ff5a8,0x00000008,(nil),(nil))
0088:trace:file:NtReadFile (0xf8,0x10c,(nil),(nil),0x9fe7a4,0x9fe858,0x00000030,(nil),(nil))
0088:trace:file:NtReadFile (0xf8,0x10c,(nil),(nil),0x9fe7a4,0x190fe8c,0x00000010,(nil),(nil))
00a0:trace:file:NtWriteFile (0xf8,0x110,(nil),(nil),0x200fcc0,0x1912d58,0x0000001c,(nil),(nil))
008c:trace:file:NtReadFile (0x48,0x4c,(nil),(nil),0x983d1c,0x984ac8,0x00000008,(nil),(nil))
008c:trace:file:NtReadFile (0x48,0x4c,(nil),(nil),0x983d1c,0x984ad8,0x00000004,(nil),(nil))
008c:trace:file:RtlDosPathNameToNtPathName_U_WithStatus (L"C:\\windows\\system32\\drivers\\winehid.sys",012BF3AC,00000000,00000000)
008c:trace:file:RtlGetFullPathName_U (L"C:\\windows\\system32\\drivers\\winehid.sys" 520 012BF090 00000000)
008c:trace:file:NtCreateFile handle=0x12bf21c access=80100000 name=L"\\??\\C:\\windows\\system32\\drivers\\winehid.sys" objattr=00000040 root=(nil) sec=(nil) io=0x12bf228 alloc_size=(nil) attr=00000000 sharing=00000005 disp=1 options=00000060 ea=(nil).0x00000000
008c:trace:file:nt_to_unix_file_name_no_root L"\\??\\C:\\windows\\system32\\drivers\\winehid.sys" -> "/work/stage2-copy/wineprefix/dosdevices/c:/windows/system32/drivers/winehid.sys"
008c:trace:file:NtFsControlFile (0x68,(nil),(nil),(nil),0x12bf228,0x0009009c,(nil),0x00000000,0x12bf248,0x00000040)
008c:trace:file:RtlDosPathNameToNtPathName_U_WithStatus (L"C:\\windows\\system32\\drivers\\hidclass.sys",012BEF4C,00000000,00000000)
008c:trace:file:RtlGetFullPathName_U (L"C:\\windows\\system32\\drivers\\hidclass.sys" 520 012BEBF8 00000000)
008c:trace:file:NtCreateFile handle=0x12bed84 access=80100000 name=L"\\??\\C:\\windows\\system32\\drivers\\hidclass.sys" objattr=00000040 root=(nil) sec=(nil) io=0x12bed90 alloc_size=(nil) attr=00000000 sharing=00000005 disp=1 options=00000060 ea=(nil).0x00000000
008c:trace:file:nt_to_unix_file_name_no_root L"\\??\\C:\\windows\\system32\\drivers\\hidclass.sys" -> "/work/stage2-copy/wineprefix/dosdevices/c:/windows/system32/drivers/hidclass.sys"
008c:trace:file:NtFsControlFile (0x68,(nil),(nil),(nil),0x12bed90,0x0009009c,(nil),0x00000000,0x12bedb0,0x00000040)
008c:trace:file:RtlDosPathNameToNtPathName_U_WithStatus (L"C:\\windows\\system32\\drivers\\user32.dll",012BEAEC,00000000,00000000)
008c:trace:file:RtlGetFullPathName_U (L"C:\\windows\\system32\\drivers\\user32.dll" 520 012BE798 00000000)
008c:trace:file:NtCreateFile handle=0x12be924 access=80100000 name=L"\\??\\C:\\windows\\system32\\drivers\\user32.dll" objattr=00000040 root=(nil) sec=(nil) io=0x12be930 alloc_size=(nil) attr=00000000 sharing=00000005 disp=1 options=00000060 ea=(nil).0x00000000
008c:trace:file:nt_to_unix_file_name_no_root L"windows\\system32\\drivers\\user32.dll" not found in "/work/stage2-copy/wineprefix/dosdevices/c:"
008c:warn:file:NtCreateFile L"\\??\\C:\\windows\\system32\\drivers\\user32.dll" not found (c0000034)
008c:trace:file:RtlDosPathNameToNtPathName_U_WithStatus (L"C:\\windows\\system32\\user32.dll",012BEAEC,00000000,00000000)
008c:trace:file:RtlGetFullPathName_U (L"C:\\windows\\system32\\user32.dll" 520 012BE798 00000000)
008c:trace:file:NtCreateFile handle=0x12be924 access=80100000 name=L"\\??\\C:\\windows\\system32\\user32.dll" objattr=00000040 root=(nil) sec=(nil) io=0x12be930 alloc_size=(nil) attr=00000000 sharing=00000005 disp=1 options=00000060 ea=(nil).0x00000000
008c:trace:file:nt_to_unix_file_name_no_root L"\\??\\C:\\windows\\system32\\user32.dll" -> "/work/stage2-copy/wineprefix/dosdevices/c:/windows/system32/user32.dll"
008c:trace:file:NtFsControlFile (0x68,(nil),(nil),(nil),0x12be930,0x0009009c,(nil),0x00000000,0x12be950,0x00000040)
008c:trace:file:RtlDosPathNameToNtPathName_U_WithStatus (L"C:\\windows\\system32\\drivers\\zlib1.dll",012BE68C,00000000,00000000)
008c:trace:file:RtlGetFullPathName_U (L"C:\\windows\\system32\\drivers\\zlib1.dll" 520 012BE338 00000000)
008c:trace:file:NtCreateFile handle=0x12be4c4 access=80100000 name=L"\\??\\C:\\windows\\system32\\drivers\\zlib1.dll" objattr=00000040 root=(nil) sec=(nil) io=0x12be4d0 alloc_size=(nil) attr=00000000 sharing=00000005 disp=1 options=00000060 ea=(nil).0x00000000
008c:trace:file:nt_to_unix_file_name_no_root L"windows\\system32\\drivers\\zlib1.dll" not found in "/work/stage2-copy/wineprefix/dosdevices/c:"
008c:warn:file:NtCreateFile L"\\??\\C:\\windows\\system32\\drivers\\zlib1.dll" not found (c0000034)
008c:trace:file:RtlDosPathNameToNtPathName_U_WithStatus (L"C:\\windows\\system32\\zlib1.dll",012BE68C,00000000,00000000)
008c:trace:file:RtlGetFullPathName_U (L"C:\\windows\\system32\\zlib1.dll" 520 012BE338 00000000)
008c:trace:file:NtCreateFile handle=0x12be4c4 access=80100000 name=L"\\??\\C:\\windows\\system32\\zlib1.dll" objattr=00000040 root=(nil) sec=(nil) io=0x12be4d0 alloc_size=(nil) attr=00000000 sharing=00000005 disp=1 options=00000060 ea=(nil).0x00000000
008c:trace:file:nt_to_unix_file_name_no_root L"\\??\\C:\\windows\\system32\\zlib1.dll" -> "/work/stage2-copy/wineprefix/dosdevices/c:/windows/system32/zlib1.dll"
008c:trace:file:NtFsControlFile (0x68,(nil),(nil),(nil),0x12be4d0,0x0009009c,(nil),0x00000000,0x12be4f0,0x00000040)
008c:trace:file:RtlDosPathNameToNtPathName_U_WithStatus (L"C:\\windows\\system32\\drivers\\gdi32.dll",012BE68C,00000000,00000000)
008c:trace:file:RtlGetFullPathName_U (L"C:\\windows\\system32\\drivers\\gdi32.dll" 520 012BE338 00000000)
008c:trace:file:NtCreateFile handle=0x12be4c4 access=80100000 name=L"\\??\\C:\\windows\\system32\\drivers\\gdi32.dll" objattr=00000040 root=(nil) sec=(nil) io=0x12be4d0 alloc_size=(nil) attr=00000000 sharing=00000005 disp=1 options=00000060 ea=(nil).0x00000000
008c:trace:file:nt_to_unix_file_name_no_root L"windows\\system32\\drivers\\gdi32.dll" not found in "/work/stage2-copy/wineprefix/dosdevices/c:"
008c:warn:file:NtCreateFile L"\\??\\C:\\windows\\system32\\drivers\\gdi32.dll" not found (c0000034)
008c:trace:file:RtlDosPathNameToNtPathName_U_WithStatus (L"C:\\windows\\system32\\gdi32.dll",012BE68C,00000000,00000000)
008c:trace:file:RtlGetFullPathName_U (L"C:\\windows\\system32\\gdi32.dll" 520 012BE338 00000000)
008c:trace:file:NtCreateFile handle=0x12be4c4 access=80100000 name=L"\\??\\C:\\windows\\system32\\gdi32.dll" objattr=00000040 root=(nil) sec=(nil) io=0x12be4d0 alloc_size=(nil) attr=00000000 sharing=00000005 disp=1 options=00000060 ea=(nil).0x00000000
008c:trace:file:nt_to_unix_file_name_no_root L"\\??\\C:\\windows\\system32\\gdi32.dll" -> "/work/stage2-copy/wineprefix/dosdevices/c:/windows/system32/gdi32.dll"
008c:trace:file:NtFsControlFile (0x68,(nil),(nil),(nil),0x12be4d0,0x0009009c,(nil),0x00000000,0x12be4f0,0x00000040)
008c:trace:file:RtlDosPathNameToNtPathName_U_WithStatus (L"C:\\windows\\system32\\drivers\\win32u.dll",012BE22C,00000000,00000000)
008c:trace:file:RtlGetFullPathName_U (L"C:\\windows\\system32\\drivers\\win32u.dll" 520 012BDED8 00000000)
008c:trace:file:NtCreateFile handle=0x12be064 access=80100000 name=L"\\??\\C:\\windows\\system32\\drivers\\win32u.dll" objattr=00000040 root=(nil) sec=(nil) io=0x12be070 alloc_size=(nil) attr=00000000 sharing=00000005 disp=1 options=00000060 ea=(nil).0x00000000
008c:trace:file:nt_to_unix_file_name_no_root L"windows\\system32\\drivers\\win32u.dll" not found in "/work/stage2-copy/wineprefix/dosdevices/c:"
008c:warn:file:NtCreateFile L"\\??\\C:\\windows\\system32\\drivers\\win32u.dll" not found (c0000034)
008c:trace:file:RtlDosPathNameToNtPathName_U_WithStatus (L"C:\\windows\\system32\\win32u.dll",012BE22C,00000000,00000000)
008c:trace:file:RtlGetFullPathName_U (L"C:\\windows\\system32\\win32u.dll" 520 012BDED8 00000000)
008c:trace:file:NtCreateFile handle=0x12be064 access=80100000 name=L"\\??\\C:\\windows\\system32\\win32u.dll" objattr=00000040 root=(nil) sec=(nil) io=0x12be070 alloc_size=(nil) attr=00000000 sharing=00000005 disp=1 options=00000060 ea=(nil).0x00000000
008c:trace:file:nt_to_unix_file_name_no_root L"\\??\\C:\\windows\\system32\\win32u.dll" -> "/work/stage2-copy/wineprefix/dosdevices/c:/windows/system32/win32u.dll"
008c:trace:file:NtFsControlFile (0x68,(nil),(nil),(nil),0x12be070,0x0009009c,(nil),0x00000000,0x12be090,0x00000040)
008c:trace:file:RtlDosPathNameToNtPathName_U_WithStatus (L"C:\\windows\\system32\\libgcc_s_dw2-1.dll",012BF0E8,00000000,00000000)
008c:trace:file:RtlGetFullPathName_U (L"C:\\windows\\system32\\libgcc_s_dw2-1.dll" 520 012BEDCC 00000000)
008c:trace:file:NtCreateFile handle=0x12bef5c access=80100000 name=L"\\??\\C:\\windows\\system32\\libgcc_s_dw2-1.dll" objattr=00000040 root=(nil) sec=(nil) io=0x12bef68 alloc_size=(nil) attr=00000000 sharing=00000005 disp=1 options=00000060 ea=(nil).0x00000000
008c:trace:file:nt_to_unix_file_name_no_root L"windows\\system32\\libgcc_s_dw2-1.dll" not found in "/work/stage2-copy/wineprefix/dosdevices/c:"
008c:warn:file:NtCreateFile L"\\??\\C:\\windows\\system32\\libgcc_s_dw2-1.dll" not found (c0000034)
008c:trace:file:RtlDosPathNameToNtPathName_U_WithStatus (L"C:\\windows\\system32\\libgcc_s_dw2-1.dll",012BF0E8,00000000,00000000)
008c:trace:file:RtlGetFullPathName_U (L"C:\\windows\\system32\\libgcc_s_dw2-1.dll" 520 012BEDCC 00000000)
008c:trace:file:NtCreateFile handle=0x12bef5c access=80100000 name=L"\\??\\C:\\windows\\system32\\libgcc_s_dw2-1.dll" objattr=00000040 root=(nil) sec=(nil) io=0x12bef68 alloc_size=(nil) attr=00000000 sharing=00000005 disp=1 options=00000060 ea=(nil).0x00000000
008c:trace:file:nt_to_unix_file_name_no_root L"windows\\system32\\libgcc_s_dw2-1.dll" not found in "/work/stage2-copy/wineprefix/dosdevices/c:"
008c:warn:file:NtCreateFile L"\\??\\C:\\windows\\system32\\libgcc_s_dw2-1.dll" not found (c0000034)
008c:trace:file:RtlDosPathNameToNtPathName_U_WithStatus (L"C:\\windows\\system\\libgcc_s_dw2-1.dll",012BF0E8,00000000,00000000)
008c:trace:file:RtlGetFullPathName_U (L"C:\\windows\\system\\libgcc_s_dw2-1.dll" 520 012BEDCC 00000000)
008c:trace:file:NtCreateFile handle=0x12bef5c access=80100000 name=L"\\??\\C:\\windows\\system\\libgcc_s_dw2-1.dll" objattr=00000040 root=(nil) sec=(nil) io=0x12bef68 alloc_size=(nil) attr=00000000 sharing=00000005 disp=1 options=00000060 ea=(nil).0x00000000
008c:trace:file:nt_to_unix_file_name_no_root L"windows\\system\\libgcc_s_dw2-1.dll" not found in "/work/stage2-copy/wineprefix/dosdevices/c:"
008c:warn:file:NtCreateFile L"\\??\\C:\\windows\\system\\libgcc_s_dw2-1.dll" not found (c0000034)
008c:trace:file:RtlDosPathNameToNtPathName_U_WithStatus (L"C:\\windows\\libgcc_s_dw2-1.dll",012BF0E8,00000000,00000000)
008c:trace:file:RtlGetFullPathName_U (L"C:\\windows\\libgcc_s_dw2-1.dll" 520 012BEDCC 00000000)
008c:trace:file:NtCreateFile handle=0x12bef5c access=80100000 name=L"\\??\\C:\\windows\\libgcc_s_dw2-1.dll" objattr=00000040 root=(nil) sec=(nil) io=0x12bef68 alloc_size=(nil) attr=00000000 sharing=00000005 disp=1 options=00000060 ea=(nil).0x00000000
008c:trace:file:nt_to_unix_file_name_no_root L"windows\\libgcc_s_dw2-1.dll" not found in "/work/stage2-copy/wineprefix/dosdevices/c:"
008c:warn:file:NtCreateFile L"\\??\\C:\\windows\\libgcc_s_dw2-1.dll" not found (c0000034)
008c:trace:file:RtlDosPathNameToNtPathName_U_WithStatus (L".\\libgcc_s_dw2-1.dll",012BF0E8,00000000,00000000)
008c:trace:file:RtlGetFullPathName_U (L".\\libgcc_s_dw2-1.dll" 520 012BEDCC 00000000)
008c:trace:file:NtCreateFile handle=0x12bef5c access=80100000 name=L"\\??\\C:\\windows\\libgcc_s_dw2-1.dll" objattr=00000040 root=(nil) sec=(nil) io=0x12bef68 alloc_size=(nil) attr=00000000 sharing=00000005 disp=1 options=00000060 ea=(nil).0x00000000
008c:trace:file:nt_to_unix_file_name_no_root L"windows\\libgcc_s_dw2-1.dll" not found in "/work/stage2-copy/wineprefix/dosdevices/c:"
008c:warn:file:NtCreateFile L"\\??\\C:\\windows\\libgcc_s_dw2-1.dll" not found (c0000034)
008c:trace:file:RtlDosPathNameToNtPathName_U_WithStatus (L"C:\\windows\\system32\\libgcc_s_dw2-1.dll",012BF0E8,00000000,00000000)
008c:trace:file:RtlGetFullPathName_U (L"C:\\windows\\system32\\libgcc_s_dw2-1.dll" 520 012BEDCC 00000000)
008c:trace:file:NtCreateFile handle=0x12bef5c access=80100000 name=L"\\??\\C:\\windows\\system32\\libgcc_s_dw2-1.dll" objattr=00000040 root=(nil) sec=(nil) io=0x12bef68 alloc_size=(nil) attr=00000000 sharing=00000005 disp=1 options=00000060 ea=(nil).0x00000000
008c:trace:file:nt_to_unix_file_name_no_root L"windows\\system32\\libgcc_s_dw2-1.dll" not found in "/work/stage2-copy/wineprefix/dosdevices/c:"
008c:warn:file:NtCreateFile L"\\??\\C:\\windows\\system32\\libgcc_s_dw2-1.dll" not found (c0000034)
008c:trace:file:RtlDosPathNameToNtPathName_U_WithStatus (L"C:\\windows\\libgcc_s_dw2-1.dll",012BF0E8,00000000,00000000)
008c:trace:file:RtlGetFullPathName_U (L"C:\\windows\\libgcc_s_dw2-1.dll" 520 012BEDCC 00000000)
008c:trace:file:NtCreateFile handle=0x12bef5c access=80100000 name=L"\\??\\C:\\windows\\libgcc_s_dw2-1.dll" objattr=00000040 root=(nil) sec=(nil) io=0x12bef68 alloc_size=(nil) attr=00000000 sharing=00000005 disp=1 options=00000060 ea=(nil).0x00000000
008c:trace:file:nt_to_unix_file_name_no_root L"windows\\libgcc_s_dw2-1.dll" not found in "/work/stage2-copy/wineprefix/dosdevices/c:"
008c:warn:file:NtCreateFile L"\\??\\C:\\windows\\libgcc_s_dw2-1.dll" not found (c0000034)
008c:trace:file:RtlDosPathNameToNtPathName_U_WithStatus (L"C:\\windows\\system32\\wbem\\libgcc_s_dw2-1.dll",012BF0E8,00000000,00000000)
008c:trace:file:RtlGetFullPathName_U (L"C:\\windows\\system32\\wbem\\libgcc_s_dw2-1.dll" 520 012BEDCC 00000000)
008c:trace:file:NtCreateFile handle=0x12bef5c access=80100000 name=L"\\??\\C:\\windows\\system32\\wbem\\libgcc_s_dw2-1.dll" objattr=00000040 root=(nil) sec=(nil) io=0x12bef68 alloc_size=(nil) attr=00000000 sharing=00000005 disp=1 options=00000060 ea=(nil).0x00000000
008c:trace:file:nt_to_unix_file_name_no_root L"windows\\system32\\wbem\\libgcc_s_dw2-1.dll" not found in "/work/stage2-copy/wineprefix/dosdevices/c:"
008c:warn:file:NtCreateFile L"\\??\\C:\\windows\\system32\\wbem\\libgcc_s_dw2-1.dll" not found (c0000034)
008c:trace:file:RtlDosPathNameToNtPathName_U_WithStatus (L"C:\\windows\\system32\\WindowsPowershell\\v1.0\\libgcc_s_dw2-1.dll",012BF0E8,00000000,00000000)
008c:trace:file:RtlGetFullPathName_U (L"C:\\windows\\system32\\WindowsPowershell\\v1.0\\libgcc_s_dw2-1.dll" 520 012BEDCC 00000000)
008c:trace:file:NtCreateFile handle=0x12bef5c access=80100000 name=L"\\??\\C:\\windows\\system32\\WindowsPowershell\\v1.0\\libgcc_s_dw2-1.dll" objattr=00000040 root=(nil) sec=(nil) io=0x12bef68 alloc_size=(nil) attr=00000000 sharing=00000005 disp=1 options=00000060 ea=(nil).0x00000000
008c:trace:file:nt_to_unix_file_name_no_root L"windows\\system32\\WindowsPowershell\\v1.0\\libgcc_s_dw2-1.dll" not found in "/work/stage2-copy/wineprefix/dosdevices/c:"
008c:warn:file:NtCreateFile L"\\??\\C:\\windows\\system32\\WindowsPowershell\\v1.0\\libgcc_s_dw2-1.dll" not found (c0000034)
008c:trace:file:NtCreateFile handle=0x12bef94 access=80100000 name=L"\\??\\Z:\\usr\\lib\\i386-linux-gnu\\wine\\i386-windows\\libgcc_s_dw2-1.dll" objattr=00000040 root=(nil) sec=(nil) io=0x12befa0 alloc_size=(nil) attr=00000000 sharing=00000005 disp=1 options=00000060 ea=(nil).0x00000000
008c:trace:file:nt_to_unix_file_name_no_root L"usr\\lib\\i386-linux-gnu\\wine\\i386-windows\\libgcc_s_dw2-1.dll" not found in "/work/stage2-copy/wineprefix/dosdevices/z:"
008c:warn:file:NtCreateFile L"\\??\\Z:\\usr\\lib\\i386-linux-gnu\\wine\\i386-windows\\libgcc_s_dw2-1.dll" not found (c0000034)
008c:trace:file:NtCreateFile handle=0x12bef94 access=80100000 name=L"\\??\\Z:\\usr\\lib\\i386-linux-gnu\\wine\\libgcc_s_dw2-1.dll" objattr=00000040 root=(nil) sec=(nil) io=0x12befa0 alloc_size=(nil) attr=00000000 sharing=00000005 disp=1 options=00000060 ea=(nil).0x00000000
008c:trace:file:nt_to_unix_file_name_no_root L"usr\\lib\\i386-linux-gnu\\wine\\libgcc_s_dw2-1.dll" not found in "/work/stage2-copy/wineprefix/dosdevices/z:"
008c:warn:file:NtCreateFile L"\\??\\Z:\\usr\\lib\\i386-linux-gnu\\wine\\libgcc_s_dw2-1.dll" not found (c0000034)
008c:trace:file:nt_to_unix_file_name_no_root L"\\??\\C:\\windows\\fonts\\vgasys.fon" -> "/work/stage2-copy/wineprefix/dosdevices/c:/windows/Fonts/vgasys.fon"
008c:trace:file:find_drive_rootA "/usr/lib/wine/../../share/wine" -> drive Z:, root="/", name="/usr/lib/wine/../../share/wine"
008c:trace:file:nt_to_unix_file_name_no_root L"\\??\\Z:\\usr\\share\\wine\\fonts\\vgasys.fon" -> "/work/stage2-copy/wineprefix/dosdevices/z:/usr/share/wine/fonts/vgasys.fon"
008c:trace:file:nt_to_unix_file_name_no_root L"\\??\\C:\\windows\\fonts\\vgaoem.fon" -> "/work/stage2-copy/wineprefix/dosdevices/c:/windows/Fonts/vgaoem.fon"
008c:trace:file:find_drive_rootA "/usr/lib/wine/../../share/wine" -> drive Z:, root="/", name="/usr/lib/wine/../../share/wine"
008c:trace:file:nt_to_unix_file_name_no_root L"\\??\\Z:\\usr\\share\\wine\\fonts\\vgaoem.fon" -> "/work/stage2-copy/wineprefix/dosdevices/z:/usr/share/wine/fonts/vgaoem.fon"
008c:trace:file:nt_to_unix_file_name_no_root L"\\??\\C:\\windows\\fonts\\vgafix.fon" -> "/work/stage2-copy/wineprefix/dosdevices/c:/windows/Fonts/vgafix.fon"
008c:trace:file:find_drive_rootA "/usr/lib/wine/../../share/wine" -> drive Z:, root="/", name="/usr/lib/wine/../../share/wine"
008c:trace:file:nt_to_unix_file_name_no_root L"\\??\\Z:\\usr\\share\\wine\\fonts\\vgafix.fon" -> "/work/stage2-copy/wineprefix/dosdevices/z:/usr/share/wine/fonts/vgafix.fon"
008c:trace:file:NtCreateFile handle=0x10bc1d4 access=80100000 name=L"\\??\\C:\\windows\\fonts" objattr=00000040 root=(nil) sec=(nil) io=0x10bc1d8 alloc_size=(nil) attr=00000000 sharing=00000003 disp=1 options=00004021 ea=(nil).0x00000000
008c:trace:file:nt_to_unix_file_name_no_root L"\\??\\C:\\windows\\fonts" -> "/work/stage2-copy/wineprefix/dosdevices/c:/windows/Fonts"
008c:trace:file:NtQueryDirectoryFile (0x7c (nil) (nil) (nil) 0x10bc1d8 0x10bc200 0x00002000 0x00000003 0x00000000 <null> 0x00000000
008c:trace:file:append_entry long L"." short L"" mask <null>
008c:trace:file:append_entry long L".." short L"" mask <null>
008c:trace:file:init_cached_dir_data mask <null> found 2 files
008c:trace:file:init_cached_dir_data L"." L""
008c:trace:file:init_cached_dir_data L".." L""
008c:trace:file:NtQueryDirectoryFile => 0 (194)
008c:trace:file:NtQueryDirectoryFile (0x7c (nil) (nil) (nil) 0x10bc1d8 0x10bc200 0x00002000 0x00000003 0x00000000 <null> 0x00000000
008c:trace:file:NtQueryDirectoryFile => 80000006 (0)
008c:trace:file:find_drive_rootA "/usr/lib/wine/../../share/wine" -> drive Z:, root="/", name="/usr/lib/wine/../../share/wine"
008c:trace:file:NtCreateFile handle=0x10bc1d4 access=80100000 name=L"\\??\\Z:\\usr\\share\\wine\\fonts" objattr=00000040 root=(nil) sec=(nil) io=0x10bc1d8 alloc_size=(nil) attr=00000000 sharing=00000003 disp=1 options=00004021 ea=(nil).0x00000000
008c:trace:file:nt_to_unix_file_name_no_root L"\\??\\Z:\\usr\\share\\wine\\fonts" -> "/work/stage2-copy/wineprefix/dosdevices/z:/usr/share/wine/fonts"
008c:trace:file:NtQueryDirectoryFile (0x7c (nil) (nil) (nil) 0x10bc1d8 0x10bc200 0x00002000 0x00000003 0x00000000 <null> 0x00000000
008c:trace:file:append_entry long L"." short L"" mask <null>
008c:trace:file:append_entry long L".." short L"" mask <null>
008c:trace:file:init_cached_dir_data mask <null> found 2 files
008c:trace:file:init_cached_dir_data L"." L""
008c:trace:file:init_cached_dir_data L".." L""
008c:trace:file:NtQueryDirectoryFile => 0 (194)
008c:trace:file:NtQueryDirectoryFile (0x7c (nil) (nil) (nil) 0x10bc1d8 0x10bc200 0x00002000 0x00000003 0x00000000 <null> 0x00000000
008c:trace:file:NtQueryDirectoryFile => 80000006 (0)
008c:trace:file:find_drive_rootA "/usr/share/fonts/truetype/dejavu/DejaVuSans-Bold.ttf" -> drive Z:, root="/", name="/usr/share/fonts/truetype/dejavu/DejaVuSans-Bold.ttf"
008c:trace:file:find_drive_rootA "/usr/share/fonts/truetype/dejavu/DejaVuSans.ttf" -> drive Z:, root="/", name="/usr/share/fonts/truetype/dejavu/DejaVuSans.ttf"
008c:trace:file:find_drive_rootA "/usr/share/fonts/truetype/dejavu/DejaVuSansMono-Bold.ttf" -> drive Z:, root="/", name="/usr/share/fonts/truetype/dejavu/DejaVuSansMono-Bold.ttf"
008c:trace:file:find_drive_rootA "/usr/share/fonts/truetype/dejavu/DejaVuSansMono-BoldOblique.ttf" -> drive Z:, root="/", name="/usr/share/fonts/truetype/dejavu/DejaVuSansMono-BoldOblique.ttf"
008c:trace:file:find_drive_rootA "/usr/share/fonts/truetype/dejavu/DejaVuSansMono-Oblique.ttf" -> drive Z:, root="/", name="/usr/share/fonts/truetype/dejavu/DejaVuSansMono-Oblique.ttf"
008c:trace:file:find_drive_rootA "/usr/share/fonts/truetype/dejavu/DejaVuSansMono.ttf" -> drive Z:, root="/", name="/usr/share/fonts/truetype/dejavu/DejaVuSansMono.ttf"
008c:trace:file:find_drive_rootA "/usr/share/fonts/truetype/dejavu/DejaVuSerif-Bold.ttf" -> drive Z:, root="/", name="/usr/share/fonts/truetype/dejavu/DejaVuSerif-Bold.ttf"
008c:trace:file:find_drive_rootA "/usr/share/fonts/truetype/dejavu/DejaVuSerif.ttf" -> drive Z:, root="/", name="/usr/share/fonts/truetype/dejavu/DejaVuSerif.ttf"
008c:trace:file:nt_to_unix_file_name_no_root L"\\??\\C:\\windows\\fonts\\coure.fon" -> "/work/stage2-copy/wineprefix/dosdevices/c:/windows/Fonts/coure.fon"
008c:trace:file:find_drive_rootA "/usr/lib/wine/../../share/wine" -> drive Z:, root="/", name="/usr/lib/wine/../../share/wine"
008c:trace:file:nt_to_unix_file_name_no_root L"\\??\\Z:\\usr\\share\\wine\\fonts\\coure.fon" -> "/work/stage2-copy/wineprefix/dosdevices/z:/usr/share/wine/fonts/coure.fon"
008c:trace:file:nt_to_unix_file_name_no_root L"\\??\\C:\\windows\\fonts\\sserife.fon" -> "/work/stage2-copy/wineprefix/dosdevices/c:/windows/Fonts/sserife.fon"
008c:trace:file:find_drive_rootA "/usr/lib/wine/../../share/wine" -> drive Z:, root="/", name="/usr/lib/wine/../../share/wine"
008c:trace:file:nt_to_unix_file_name_no_root L"\\??\\Z:\\usr\\share\\wine\\fonts\\sserife.fon" -> "/work/stage2-copy/wineprefix/dosdevices/z:/usr/share/wine/fonts/sserife.fon"
008c:trace:file:nt_to_unix_file_name_no_root L"\\??\\C:\\windows\\fonts\\serife.fon" -> "/work/stage2-copy/wineprefix/dosdevices/c:/windows/Fonts/serife.fon"
008c:trace:file:find_drive_rootA "/usr/lib/wine/../../share/wine" -> drive Z:, root="/", name="/usr/lib/wine/../../share/wine"
008c:trace:file:nt_to_unix_file_name_no_root L"\\??\\Z:\\usr\\share\\wine\\fonts\\serife.fon" -> "/work/stage2-copy/wineprefix/dosdevices/z:/usr/share/wine/fonts/serife.fon"
008c:trace:file:nt_to_unix_file_name_no_root L"\\??\\C:\\windows\\fonts\\smalle.fon" -> "/work/stage2-copy/wineprefix/dosdevices/c:/windows/Fonts/smalle.fon"
008c:trace:file:find_drive_rootA "/usr/lib/wine/../../share/wine" -> drive Z:, root="/", name="/usr/lib/wine/../../share/wine"
008c:trace:file:nt_to_unix_file_name_no_root L"\\??\\Z:\\usr\\share\\wine\\fonts\\smalle.fon" -> "/work/stage2-copy/wineprefix/dosdevices/z:/usr/share/wine/fonts/smalle.fon"
008c:trace:file:RtlDosPathNameToNtPathName_U_WithStatus (L"C:\\windows\\system32\\imm32.dll",012BF10C,00000000,00000000)
008c:trace:file:RtlGetFullPathName_U (L"C:\\windows\\system32\\imm32.dll" 520 012BEDB8 00000000)
008c:trace:file:NtCreateFile handle=0x12bef44 access=80100000 name=L"\\??\\C:\\windows\\system32\\imm32.dll" objattr=00000040 root=(nil) sec=(nil) io=0x12bef50 alloc_size=(nil) attr=00000000 sharing=00000005 disp=1 options=00000060 ea=(nil).0x00000000
008c:trace:file:nt_to_unix_file_name_no_root L"\\??\\C:\\windows\\system32\\imm32.dll" -> "/work/stage2-copy/wineprefix/dosdevices/c:/windows/system32/imm32.dll"
008c:trace:file:NtFsControlFile (0x94,(nil),(nil),(nil),0x12bef50,0x0009009c,(nil),0x00000000,0x12bef70,0x00000040)
008c:trace:file:NtWriteFile (0x48,0x4c,(nil),(nil),0x12bf440,0x984f38,0x00000048,(nil),(nil))
008c:trace:file:NtReadFile (0x48,0x4c,(nil),(nil),0x983d1c,0x12bf484,0x00000010,(nil),(nil))
0088:trace:file:NtReadFile (0xf8,0x10c,(nil),(nil),0x9fe7a4,0x9ff5a8,0x00000008,(nil),(nil))
0088:trace:file:NtReadFile (0xf8,0x10c,(nil),(nil),0x9fe7a4,0x9fe7d8,0x00000030,(nil),(nil))
0088:trace:file:NtReadFile (0xf8,0x10c,(nil),(nil),0x9fe7a4,0x190fe8c,0x00000010,(nil),(nil))
00a0:trace:file:NtWriteFile (0xf8,0x110,(nil),(nil),0x200fcc0,0x1912d58,0x0000001c,(nil),(nil))
008c:trace:file:NtReadFile (0x48,0x4c,(nil),(nil),0x983d1c,0x984ac8,0x00000008,(nil),(nil))
008c:trace:file:NtReadFile (0x48,0x4c,(nil),(nil),0x983d1c,0x984ad8,0x00000004,(nil),(nil))
008c:fixme:hid:handle_IRP_MN_QUERY_ID Unhandled type 00000005
008c:fixme:hid:handle_IRP_MN_QUERY_ID Unhandled type 00000005
008c:trace:file:NtWriteFile (0x48,0x4c,(nil),(nil),0x12bf44c,0x984f50,0x00000024,(nil),(nil))
008c:trace:file:NtReadFile (0x48,0x4c,(nil),(nil),0x983d1c,0x12bf490,0x00000010,(nil),(nil))
00a8:trace:file:NtQueryObject (0xfffffffe,0x00000002,0x223fcf8,0x00000100,0x223fcf4)
0088:trace:file:NtReadFile (0xf8,0x10c,(nil),(nil),0x9fe7a4,0x9ff5a8,0x00000008,(nil),(nil))
0088:trace:file:NtReadFile (0xf8,0x10c,(nil),(nil),0x9fe7a4,0x9ff618,0x0000000c,(nil),(nil))
0088:trace:file:NtReadFile (0xf8,0x10c,(nil),(nil),0x9fe7a4,0x190fe8c,0x00000010,(nil),(nil))
00a0:trace:file:NtWriteFile (0xf8,0x110,(nil),(nil),0x200fcc0,0x19121c8,0x00000030,(nil),(nil))
008c:trace:file:NtReadFile (0x48,0x4c,(nil),(nil),0x983d1c,0x984ae8,0x00000008,(nil),(nil))
008c:trace:file:NtReadFile (0x48,0x4c,(nil),(nil),0x983d1c,0x984bb8,0x00000018,(nil),(nil))
008c:trace:file:NtWriteFile (0x48,0x4c,(nil),(nil),0x12bf458,0x985700,0x0000004c,(nil),(nil))
008c:trace:file:NtReadFile (0x48,0x4c,(nil),(nil),0x983d1c,0x12bf49c,0x00000010,(nil),(nil))
0088:trace:file:NtReadFile (0xf8,0x10c,(nil),(nil),0x9fe7a4,0x9ff5a8,0x00000008,(nil),(nil))
0088:trace:file:NtReadFile (0xf8,0x10c,(nil),(nil),0x9fe7a4,0x9fe7d8,0x00000034,(nil),(nil))
0088:trace:file:NtReadFile (0xf8,0x10c,(nil),(nil),0x9fe7a4,0x190fe8c,0x00000010,(nil),(nil))
00a0:trace:file:NtWriteFile (0xf8,0x110,(nil),(nil),0x200fcc0,0x19121c8,0x00000030,(nil),(nil))
008c:trace:file:NtReadFile (0x48,0x4c,(nil),(nil),0x983d1c,0x984b48,0x00000008,(nil),(nil))
008c:trace:file:NtReadFile (0x48,0x4c,(nil),(nil),0x983d1c,0x984b58,0x00000018,(nil),(nil))
008c:trace:file:NtWriteFile (0x48,0x4c,(nil),(nil),0x12bf468,0x985750,0x0000002c,(nil),(nil))
008c:trace:file:NtReadFile (0x48,0x4c,(nil),(nil),0x983d1c,0x12bf4ac,0x00000010,(nil),(nil))
0088:trace:file:NtReadFile (0xf8,0x10c,(nil),(nil),0x9fe7a4,0x9ff5a8,0x00000008,(nil),(nil))
0088:trace:file:NtReadFile (0xf8,0x10c,(nil),(nil),0x9fe7a4,0x9ff618,0x00000014,(nil),(nil))
0088:trace:file:NtReadFile (0xf8,0x10c,(nil),(nil),0x9fe7a4,0x190fe8c,0x00000010,(nil),(nil))
00a0:trace:file:NtWriteFile (0xf8,0x110,(nil),(nil),0x200fcc0,0x19121c8,0x00000030,(nil),(nil))
008c:trace:file:NtReadFile (0x48,0x4c,(nil),(nil),0x983d1c,0x984c08,0x00000008,(nil),(nil))
008c:trace:file:NtReadFile (0x48,0x4c,(nil),(nil),0x983d1c,0x984c18,0x00000018,(nil),(nil))
008c:trace:file:NtWriteFile (0x48,0x4c,(nil),(nil),0x12bf428,0x984f50,0x00000030,(nil),(nil))
008c:trace:file:NtReadFile (0x48,0x4c,(nil),(nil),0x983d1c,0x12bf46c,0x00000010,(nil),(nil))
0088:trace:file:NtReadFile (0xf8,0x10c,(nil),(nil),0x9fe7a4,0x9ff5a8,0x00000008,(nil),(nil))
0088:trace:file:NtReadFile (0xf8,0x10c,(nil),(nil),0x9fe7a4,0x9ff618,0x00000018,(nil),(nil))
0088:trace:file:NtReadFile (0xf8,0x10c,(nil),(nil),0x9fe7a4,0x190fe8c,0x00000010,(nil),(nil))
00a0:trace:file:NtWriteFile (0xf8,0x110,(nil),(nil),0x200fcc0,0x19148a8,0x0000010c,(nil),(nil))
008c:trace:file:NtReadFile (0x48,0x4c,(nil),(nil),0x983d1c,0x984ac8,0x00000008,(nil),(nil))
008c:trace:file:NtReadFile (0x48,0x4c,(nil),(nil),0x983d1c,0x985750,0x000000f4,(nil),(nil))
008c:trace:file:NtWriteFile (0x48,0x4c,(nil),(nil),0x12bf428,0x984f50,0x00000030,(nil),(nil))
008c:trace:file:NtReadFile (0x48,0x4c,(nil),(nil),0x983d1c,0x12bf46c,0x00000010,(nil),(nil))
0088:trace:file:NtReadFile (0xf8,0x10c,(nil),(nil),0x9fe7a4,0x9ff5a8,0x00000008,(nil),(nil))
0088:trace:file:NtReadFile (0xf8,0x10c,(nil),(nil),0x9fe7a4,0x9ff618,0x00000018,(nil),(nil))
0088:trace:file:NtReadFile (0xf8,0x10c,(nil),(nil),0x9fe7a4,0x190fe8c,0x00000010,(nil),(nil))
00a0:trace:file:NtWriteFile (0xf8,0x110,(nil),(nil),0x200fcc0,0x19148a8,0x0000010c,(nil),(nil))
008c:trace:file:NtReadFile (0x48,0x4c,(nil),(nil),0x983d1c,0x984ac8,0x00000008,(nil),(nil))
008c:trace:file:NtReadFile (0x48,0x4c,(nil),(nil),0x983d1c,0x985750,0x000000f4,(nil),(nil))
008c:trace:file:NtWriteFile (0x48,0x4c,(nil),(nil),0x12bf468,0x984f50,0x0000002c,(nil),(nil))
008c:trace:file:NtReadFile (0x48,0x4c,(nil),(nil),0x983d1c,0x12bf4ac,0x00000010,(nil),(nil))
0088:trace:file:NtReadFile (0xf8,0x10c,(nil),(nil),0x9fe7a4,0x9ff5a8,0x00000008,(nil),(nil))
0088:trace:file:NtReadFile (0xf8,0x10c,(nil),(nil),0x9fe7a4,0x9ff618,0x00000014,(nil),(nil))
0088:trace:file:NtReadFile (0xf8,0x10c,(nil),(nil),0x9fe7a4,0x190fe8c,0x00000010,(nil),(nil))
00a0:trace:file:NtWriteFile (0xf8,0x110,(nil),(nil),0x200fcc0,0x19121c8,0x00000030,(nil),(nil))
008c:trace:file:NtReadFile (0x48,0x4c,(nil),(nil),0x983d1c,0x984ae8,0x00000008,(nil),(nil))
008c:trace:file:NtReadFile (0x48,0x4c,(nil),(nil),0x983d1c,0x984b98,0x00000018,(nil),(nil))
008c:fixme:hid:handle_IRP_MN_QUERY_ID Unhandled type 00000005
00ac:trace:file:NtQueryObject (0xfffffffe,0x00000002,0x253fcf8,0x00000100,0x253fcf4)
008c:trace:file:NtQueryObject (0xc4,0x00000001,0x19d1810,0x00000008,0x12bf9a0)
008c:trace:file:NtQueryObject (0xc4,0x00000001,0x24f428,0x00000044,0x12bf9a0)
008c:trace:file:CreateFileW L"\\\\.\\pipe\\wine_plugplay" GENERIC_READ GENERIC_WRITE  creation 3 attributes 0x40000000
008c:trace:file:RtlDosPathNameToNtPathName_U_WithStatus (L"\\\\.\\pipe\\wine_plugplay",012BF778,00000000,00000000)
008c:trace:file:RtlGetFullPathName_U (L"\\\\.\\pipe\\wine_plugplay" 520 012BF4F4 00000000)
008c:trace:file:NtCreateFile handle=0x12bf774 access=c0100080 name=L"\\??\\pipe\\wine_plugplay" objattr=00000040 root=(nil) sec=(nil) io=0x12bf780 alloc_size=(nil) attr=00000000 sharing=00000000 disp=1 options=00000040 ea=(nil).0x00000000
008c:warn:file:CreateFileW Unable to create file L"\\\\.\\pipe\\wine_plugplay" (status c0000034)
008c:trace:file:CreateFileW returning FFFFFFFF
008c:trace:file:NtQueryObject (0xc4,0x00000001,0x19d1810,0x00000008,0x12bf9a0)
008c:trace:file:NtQueryObject (0xc4,0x00000001,0x24f428,0x00000044,0x12bf9a0)
008c:trace:file:CreateFileW L"\\\\.\\pipe\\wine_plugplay" GENERIC_READ GENERIC_WRITE  creation 3 attributes 0x40000000
008c:trace:file:RtlDosPathNameToNtPathName_U_WithStatus (L"\\\\.\\pipe\\wine_plugplay",012BF778,00000000,00000000)
008c:trace:file:RtlGetFullPathName_U (L"\\\\.\\pipe\\wine_plugplay" 520 012BF4F4 00000000)
008c:trace:file:NtCreateFile handle=0x12bf774 access=c0100080 name=L"\\??\\pipe\\wine_plugplay" objattr=00000040 root=(nil) sec=(nil) io=0x12bf780 alloc_size=(nil) attr=00000000 sharing=00000000 disp=1 options=00000040 ea=(nil).0x00000000
008c:warn:file:CreateFileW Unable to create file L"\\\\.\\pipe\\wine_plugplay" (status c0000034)
008c:trace:file:CreateFileW returning FFFFFFFF
008c:trace:file:NtQueryObject (0x64,0x00000001,0x19d1810,0x00000008,0x12bf9a0)
008c:trace:file:NtQueryObject (0x64,0x00000001,0x24f428,0x00000044,0x12bf9a0)
008c:trace:file:CreateFileW L"\\\\.\\pipe\\wine_plugplay" GENERIC_READ GENERIC_WRITE  creation 3 attributes 0x40000000
008c:trace:file:RtlDosPathNameToNtPathName_U_WithStatus (L"\\\\.\\pipe\\wine_plugplay",012BF778,00000000,00000000)
008c:trace:file:RtlGetFullPathName_U (L"\\\\.\\pipe\\wine_plugplay" 520 012BF4F4 00000000)
008c:trace:file:NtCreateFile handle=0x12bf774 access=c0100080 name=L"\\??\\pipe\\wine_plugplay" objattr=00000040 root=(nil) sec=(nil) io=0x12bf780 alloc_size=(nil) attr=00000000 sharing=00000000 disp=1 options=00000040 ea=(nil).0x00000000
008c:warn:file:CreateFileW Unable to create file L"\\\\.\\pipe\\wine_plugplay" (status c0000034)
008c:trace:file:CreateFileW returning FFFFFFFF
008c:trace:file:NtQueryObject (0x70,0x00000001,0x19d1810,0x00000008,0x12bf9a0)
0080:trace:file:NtWriteFile (0x48,0x4c,(nil),(nil),0xcbfabc,0x983e60,0x00000048,(nil),(nil))
008c:trace:file:NtQueryObject (0x64,0x00000001,0x24f428,0x00000044,0x12bf9a0)
0080:trace:file:NtReadFile (0x48,0x4c,(nil),(nil),0x983d1c,0xcbfb00,0x00000010,(nil),(nil))
008c:trace:file:CreateFileW L"\\\\.\\pipe\\wine_plugplay" GENERIC_READ GENERIC_WRITE  creation 3 attributes 0x40000000
008c:trace:file:RtlDosPathNameToNtPathName_U_WithStatus (L"\\\\.\\pipe\\wine_plugplay",012BF778,00000000,00000000)
008c:trace:file:RtlGetFullPathName_U (L"\\\\.\\pipe\\wine_plugplay" 520 012BF4F4 00000000)
008c:trace:file:NtCreateFile handle=0x12bf774 access=c0100080 name=L"\\??\\pipe\\wine_plugplay" objattr=00000040 root=(nil) sec=(nil) io=0x12bf780 alloc_size=(nil) attr=00000000 sharing=00000000 disp=1 options=00000040 ea=(nil).0x00000000
0088:trace:file:NtReadFile (0xf8,0x10c,(nil),(nil),0x9fe7a4,0x9ff5a8,0x00000008,(nil),(nil))
008c:warn:file:CreateFileW Unable to create file L"\\\\.\\pipe\\wine_plugplay" (status c0000034)
008c:trace:file:CreateFileW returning FFFFFFFF
0088:trace:file:NtReadFile (0xf8,0x10c,(nil),(nil),0x9fe7a4,0x9fe858,0x00000030,(nil),(nil))
0088:trace:file:NtReadFile (0xf8,0x10c,(nil),(nil),0x9fe7a4,0x190fe8c,0x00000010,(nil),(nil))
00a0:trace:file:NtWriteFile (0xf8,0x110,(nil),(nil),0x200fcc0,0x1912d58,0x0000001c,(nil),(nil))
0080:trace:file:NtReadFile (0x48,0x4c,(nil),(nil),0x983d1c,0x9832e0,0x00000008,(nil),(nil))
0080:trace:file:NtReadFile (0x48,0x4c,(nil),(nil),0x983d1c,0x983350,0x00000004,(nil),(nil))
0080:trace:file:WriteFile 0000002C 00CBFF2C 4 00CBFF28 00000000
0080:trace:file:NtWriteFile (0x2c,(nil),(nil),(nil),0xcbfee8,0xcbff2c,0x00000004,(nil),(nil))
0080:trace:file:ReadFile 0000002C 00CBFF30 16 00CBFF28 00000000
0080:trace:file:NtReadFile (0x2c,(nil),(nil),(nil),0xcbfee8,0xcbff30,0x00000010,(nil),(nil))
003c:trace:file:GetOverlappedResultEx (000000F4 0068FB7C 0068FB78 0 0)
003c:trace:file:RtlDosPathNameToNtPathName_U_WithStatus (L"\\\\.\\pipe\\net\\NtControlPipe2",0068F8C8,00000000,00000000)
003c:trace:file:RtlGetFullPathName_U (L"\\\\.\\pipe\\net\\NtControlPipe2" 520 0068F634 00000000)
003c:trace:file:NtCreateNamedPipeFile (0x68f8bc c0100000 L"\\??\\pipe\\net\\NtControlPipe2" 0x68f8d0 3 3 0 0 0 0 1 256 256 0x68f8c0)
003c:trace:file:RtlDosPathNameToNtPathName_U_WithStatus (L"C:\\windows\\system32\\plugplay.exe",0068F2B8,00000000,00000000)
003c:trace:file:RtlGetFullPathName_U (L"C:\\windows\\system32\\plugplay.exe" 520 0068F08C 00000000)
003c:trace:file:nt_to_unix_file_name_no_root L"\\??\\C:\\windows\\system32\\plugplay.exe" -> "/work/stage2-copy/wineprefix/dosdevices/c:/windows/system32/plugplay.exe"
003c:trace:file:RtlGetFullPathName_U (L"C:\\windows\\system32\\plugplay.exe" 520 0068F4B0 00000000)
003c:trace:file:CreateFileW L"C:\\windows\\system32\\plugplay.exe" GENERIC_READ FILE_SHARE_READ FILE_SHARE_DELETE  creation 3 attributes 0x0
003c:trace:file:RtlDosPathNameToNtPathName_U_WithStatus (L"C:\\windows\\system32\\plugplay.exe",0068F364,00000000,00000000)
003c:trace:file:RtlGetFullPathName_U (L"C:\\windows\\system32\\plugplay.exe" 520 0068F0E0 00000000)
003c:trace:file:NtCreateFile handle=0x68f360 access=80100080 name=L"\\??\\C:\\windows\\system32\\plugplay.exe" objattr=00000040 root=(nil) sec=(nil) io=0x68f36c alloc_size=(nil) attr=00000000 sharing=00000005 disp=1 options=00000060 ea=(nil).0x00000000
003c:trace:file:nt_to_unix_file_name_no_root L"\\??\\C:\\windows\\system32\\plugplay.exe" -> "/work/stage2-copy/wineprefix/dosdevices/c:/windows/system32/plugplay.exe"
003c:trace:file:CreateFileW returning 00000128
003c:trace:file:GetLongPathNameW L"C:\\windows\\system32\\plugplay.exe",0068F6B8,260
003c:trace:file:FindFirstFileExW L"C:\\windows" 0 0068E980 0 00000000 0
003c:trace:file:RtlDosPathNameToNtPathName_U_WithStatus (L"C:\\windows",0068E908,0068E904,00000000)
003c:trace:file:RtlGetFullPathName_U (L"C:\\windows" 520 0068E698 0068E904)
003c:trace:file:NtCreateFile handle=0x24a83c access=00100001 name=L"\\??\\C:\\" objattr=00000040 root=(nil) sec=(nil) io=0x68e910 alloc_size=(nil) attr=00000000 sharing=00000003 disp=1 options=00004021 ea=(nil).0x00000000
003c:trace:file:nt_to_unix_file_name_no_root L"\\??\\C:\\" -> "/work/stage2-copy/wineprefix/dosdevices/c:/"
003c:trace:file:NtQueryDirectoryFile (0x128 (nil) (nil) (nil) 0x68e910 0x24a880 0x0000025e 0x00000003 0x00000000 L"windows" 0x00000001
003c:trace:file:read_directory_data_stat found windows
003c:trace:file:append_entry long L"windows" short L"" mask <null>
003c:trace:file:init_cached_dir_data mask L"windows" found 1 files
003c:trace:file:init_cached_dir_data L"windows" L""
003c:trace:file:NtQueryDirectoryFile => 0 (108)
003c:trace:file:FindNextFileW 0024A838 0068E980
003c:trace:file:FindNextFileW returning L"windows" (L"")
003c:trace:file:FindFirstFileExW L"C:\\windows\\system32" 0 0068E980 0 00000000 0
003c:trace:file:RtlDosPathNameToNtPathName_U_WithStatus (L"C:\\windows\\system32",0068E908,0068E904,00000000)
003c:trace:file:RtlGetFullPathName_U (L"C:\\windows\\system32" 520 0068E698 0068E904)
003c:trace:file:NtCreateFile handle=0x24a83c access=00100001 name=L"\\??\\C:\\windows\\" objattr=00000040 root=(nil) sec=(nil) io=0x68e910 alloc_size=(nil) attr=00000000 sharing=00000003 disp=1 options=00004021 ea=(nil).0x00000000
003c:trace:file:nt_to_unix_file_name_no_root L"\\??\\C:\\windows\\" -> "/work/stage2-copy/wineprefix/dosdevices/c:/windows/"
003c:trace:file:NtQueryDirectoryFile (0x128 (nil) (nil) (nil) 0x68e910 0x24a880 0x0000025e 0x00000003 0x00000000 L"system32" 0x00000001
003c:trace:file:read_directory_data_stat found system32
003c:trace:file:append_entry long L"system32" short L"" mask <null>
003c:trace:file:init_cached_dir_data mask L"system32" found 1 files
003c:trace:file:init_cached_dir_data L"system32" L""
003c:trace:file:NtQueryDirectoryFile => 0 (110)
003c:trace:file:FindNextFileW 0024A838 0068E980
003c:trace:file:FindNextFileW returning L"system32" (L"")
003c:trace:file:FindFirstFileExW L"C:\\windows\\system32\\plugplay.exe" 0 0068E980 0 00000000 0
003c:trace:file:RtlDosPathNameToNtPathName_U_WithStatus (L"C:\\windows\\system32\\plugplay.exe",0068E908,0068E904,00000000)
003c:trace:file:RtlGetFullPathName_U (L"C:\\windows\\system32\\plugplay.exe" 520 0068E698 0068E904)
003c:trace:file:NtCreateFile handle=0x24a83c access=00100001 name=L"\\??\\C:\\windows\\system32\\" objattr=00000040 root=(nil) sec=(nil) io=0x68e910 alloc_size=(nil) attr=00000000 sharing=00000003 disp=1 options=00004021 ea=(nil).0x00000000
003c:trace:file:nt_to_unix_file_name_no_root L"\\??\\C:\\windows\\system32\\" -> "/work/stage2-copy/wineprefix/dosdevices/c:/windows/system32/"
003c:trace:file:NtQueryDirectoryFile (0x128 (nil) (nil) (nil) 0x68e910 0x24a880 0x0000025e 0x00000003 0x00000000 L"plugplay.exe" 0x00000001
003c:trace:file:read_directory_data_stat found plugplay.exe
003c:trace:file:append_entry long L"plugplay.exe" short L"" mask <null>
003c:trace:file:init_cached_dir_data mask L"plugplay.exe" found 1 files
003c:trace:file:init_cached_dir_data L"plugplay.exe" L""
003c:trace:file:NtQueryDirectoryFile => 0 (118)
003c:trace:file:FindNextFileW 0024A838 0068E980
003c:trace:file:FindNextFileW returning L"plugplay.exe" (L"")
003c:trace:file:GetLongPathNameW returning L"C:\\windows\\system32\\plugplay.exe"
003c:trace:file:RtlGetFullPathName_U (L"C:\\windows\\system32\\plugplay.exe" 520 0068F6B8 00000000)
003c:trace:file:RtlDosPathNameToNtPathName_U_WithStatus (L"C:\\windows\\system32\\plugplay.exe",0068F2A8,00000000,00000000)
003c:trace:file:RtlGetFullPathName_U (L"C:\\windows\\system32\\plugplay.exe" 520 0068F038 00000000)
003c:trace:file:nt_to_unix_file_name_no_root L"\\??\\C:\\windows\\" -> "/work/stage2-copy/wineprefix/dosdevices/c:/windows/"
003c:trace:file:nt_to_unix_file_name_no_root L"\\??\\C:\\windows\\system32\\plugplay.exe" -> "/work/stage2-copy/wineprefix/dosdevices/c:/windows/system32/plugplay.exe"
00b8:trace:file:find_drive_rootA "/usr/lib/wine/../../share/wine" -> drive Z:, root="/", name="/usr/lib/wine/../../share/wine"
00b8:trace:file:find_drive_rootA "/work/home" -> drive Z:, root="/", name="/work/home"
00b8:trace:file:find_drive_rootA "/work/stage2-copy/wineprefix" -> drive Z:, root="/", name="/work/stage2-copy/wineprefix"
00b8:trace:file:find_drive_rootA "/usr/lib/i386-linux-gnu/wine" -> drive Z:, root="/", name="/usr/lib/i386-linux-gnu/wine"
00b8:trace:file:nt_to_unix_file_name_no_root L"\\??\\C:\\windows\\system32\\plugplay.exe" -> "/work/stage2-copy/wineprefix/dosdevices/c:/windows/system32/plugplay.exe"
00b8:trace:file:errno_to_status errno = 9
003c:trace:file:NtFsControlFile (0x124,0x120,(nil),0x68fbec,0x68fbec,0x00110008,(nil),0x00000000,(nil),0x00000000)
00b8:trace:file:RtlDosPathNameToNtPathName_U_WithStatus (L"C:\\windows\\",0062FBC0,00000000,00000000)
00b8:trace:file:RtlGetFullPathName_U (L"C:\\windows\\" 520 0062F974 00000000)
00b8:trace:file:NtCreateFile handle=0x62fbb4 access=00100020 name=L"\\??\\C:\\windows\\" objattr=00000040 root=(nil) sec=(nil) io=0x62fbc8 alloc_size=(nil) attr=00000000 sharing=00000003 disp=1 options=00000021 ea=(nil).0x00000000
00b8:trace:file:nt_to_unix_file_name_no_root L"\\??\\C:\\windows\\" -> "/work/stage2-copy/wineprefix/dosdevices/c:/windows/"
00b8:trace:file:RtlSetCurrentDirectory_U curdir now L"C:\\windows\\" 00000018
00b8:trace:file:RtlDosPathNameToNtPathName_U_WithStatus (L"C:\\windows\\system32\\plugplay.exe",0062FC88,00000000,00000000)
00b8:trace:file:RtlGetFullPathName_U (L"C:\\windows\\system32\\plugplay.exe" 520 0062FA20 00000000)
00b8:trace:file:RtlDosPathNameToNtPathName_U_WithStatus (L"C:\\windows\\system32\\kernel32.dll",0062FB94,00000000,00000000)
00b8:trace:file:RtlGetFullPathName_U (L"C:\\windows\\system32\\kernel32.dll" 520 0062F840 00000000)
00b8:trace:file:NtCreateFile handle=0x62f9cc access=80100000 name=L"\\??\\C:\\windows\\system32\\kernel32.dll" objattr=00000040 root=(nil) sec=(nil) io=0x62f9d8 alloc_size=(nil) attr=00000000 sharing=00000005 disp=1 options=00000060 ea=(nil).0x00000000
00b8:trace:file:nt_to_unix_file_name_no_root L"\\??\\C:\\windows\\system32\\kernel32.dll" -> "/work/stage2-copy/wineprefix/dosdevices/c:/windows/system32/kernel32.dll"
00b8:trace:file:NtFsControlFile (0x1c,(nil),(nil),(nil),0x62f9d8,0x0009009c,(nil),0x00000000,0x62f9f8,0x00000040)
00b8:trace:file:RtlDosPathNameToNtPathName_U_WithStatus (L"C:\\windows\\system32\\kernelbase.dll",0062F734,00000000,00000000)
00b8:trace:file:RtlGetFullPathName_U (L"C:\\windows\\system32\\kernelbase.dll" 520 0062F3E0 00000000)
00b8:trace:file:NtCreateFile handle=0x62f56c access=80100000 name=L"\\??\\C:\\windows\\system32\\kernelbase.dll" objattr=00000040 root=(nil) sec=(nil) io=0x62f578 alloc_size=(nil) attr=00000000 sharing=00000005 disp=1 options=00000060 ea=(nil).0x00000000
00b8:trace:file:nt_to_unix_file_name_no_root L"\\??\\C:\\windows\\system32\\kernelbase.dll" -> "/work/stage2-copy/wineprefix/dosdevices/c:/windows/system32/kernelbase.dll"
00b8:trace:file:NtFsControlFile (0x1c,(nil),(nil),(nil),0x62f578,0x0009009c,(nil),0x00000000,0x62f598,0x00000040)
00b8:trace:file:RtlDosPathNameToNtPathName_U_WithStatus (L"C:\\windows\\system32\\plugplay.exe.manifest",0062FAD8,00000000,00000000)
00b8:trace:file:RtlGetFullPathName_U (L"C:\\windows\\system32\\plugplay.exe.manifest" 520 0062F880 00000000)
00b8:trace:file:NtCreateFile handle=0x62fad4 access=80100000 name=L"\\??\\C:\\windows\\system32\\plugplay.exe.manifest" objattr=00000040 root=(nil) sec=(nil) io=0x62fae0 alloc_size=(nil) attr=00000000 sharing=00000005 disp=1 options=00000010 ea=(nil).0x00000000
00b8:trace:file:nt_to_unix_file_name_no_root L"windows\\system32\\plugplay.exe.manifest" not found in "/work/stage2-copy/wineprefix/dosdevices/c:"
00b8:warn:file:NtCreateFile L"\\??\\C:\\windows\\system32\\plugplay.exe.manifest" not found (c0000034)
00b8:trace:file:RtlDosPathNameToNtPathName_U_WithStatus (L"C:\\windows\\system32\\advapi32.dll",0062F88C,00000000,00000000)
00b8:trace:file:RtlGetFullPathName_U (L"C:\\windows\\system32\\advapi32.dll" 520 0062F538 00000000)
00b8:trace:file:NtCreateFile handle=0x62f6c4 access=80100000 name=L"\\??\\C:\\windows\\system32\\advapi32.dll" objattr=00000040 root=(nil) sec=(nil) io=0x62f6d0 alloc_size=(nil) attr=00000000 sharing=00000005 disp=1 options=00000060 ea=(nil).0x00000000
00b8:trace:file:nt_to_unix_file_name_no_root L"\\??\\C:\\windows\\system32\\advapi32.dll" -> "/work/stage2-copy/wineprefix/dosdevices/c:/windows/system32/advapi32.dll"
00b8:trace:file:NtFsControlFile (0x1c,(nil),(nil),(nil),0x62f6d0,0x0009009c,(nil),0x00000000,0x62f6f0,0x00000040)
00b8:trace:file:RtlDosPathNameToNtPathName_U_WithStatus (L"C:\\windows\\system32\\msvcrt.dll",0062F42C,00000000,00000000)
00b8:trace:file:RtlGetFullPathName_U (L"C:\\windows\\system32\\msvcrt.dll" 520 0062F0D8 00000000)
00b8:trace:file:NtCreateFile handle=0x62f264 access=80100000 name=L"\\??\\C:\\windows\\system32\\msvcrt.dll" objattr=00000040 root=(nil) sec=(nil) io=0x62f270 alloc_size=(nil) attr=00000000 sharing=00000005 disp=1 options=00000060 ea=(nil).0x00000000
00b8:trace:file:nt_to_unix_file_name_no_root L"\\??\\C:\\windows\\system32\\msvcrt.dll" -> "/work/stage2-copy/wineprefix/dosdevices/c:/windows/system32/msvcrt.dll"
00b8:trace:file:NtFsControlFile (0x1c,(nil),(nil),(nil),0x62f270,0x0009009c,(nil),0x00000000,0x62f290,0x00000040)
00b8:trace:file:RtlDosPathNameToNtPathName_U_WithStatus (L"C:\\windows\\system32\\sechost.dll",0062F42C,00000000,00000000)
00b8:trace:file:RtlGetFullPathName_U (L"C:\\windows\\system32\\sechost.dll" 520 0062F0D8 00000000)
00b8:trace:file:NtCreateFile handle=0x62f264 access=80100000 name=L"\\??\\C:\\windows\\system32\\sechost.dll" objattr=00000040 root=(nil) sec=(nil) io=0x62f270 alloc_size=(nil) attr=00000000 sharing=00000005 disp=1 options=00000060 ea=(nil).0x00000000
00b8:trace:file:nt_to_unix_file_name_no_root L"\\??\\C:\\windows\\system32\\sechost.dll" -> "/work/stage2-copy/wineprefix/dosdevices/c:/windows/system32/sechost.dll"
00b8:trace:file:NtFsControlFile (0x1c,(nil),(nil),(nil),0x62f270,0x0009009c,(nil),0x00000000,0x62f290,0x00000040)
00b8:trace:file:RtlDosPathNameToNtPathName_U_WithStatus (L"C:\\windows\\system32\\ucrtbase.dll",0062EFCC,00000000,00000000)
00b8:trace:file:RtlGetFullPathName_U (L"C:\\windows\\system32\\ucrtbase.dll" 520 0062EC78 00000000)
00b8:trace:file:NtCreateFile handle=0x62ee04 access=80100000 name=L"\\??\\C:\\windows\\system32\\ucrtbase.dll" objattr=00000040 root=(nil) sec=(nil) io=0x62ee10 alloc_size=(nil) attr=00000000 sharing=00000005 disp=1 options=00000060 ea=(nil).0x00000000
00b8:trace:file:nt_to_unix_file_name_no_root L"\\??\\C:\\windows\\system32\\ucrtbase.dll" -> "/work/stage2-copy/wineprefix/dosdevices/c:/windows/system32/ucrtbase.dll"
00b8:trace:file:NtFsControlFile (0x1c,(nil),(nil),(nil),0x62ee10,0x0009009c,(nil),0x00000000,0x62ee30,0x00000040)
00b8:trace:file:RtlDosPathNameToNtPathName_U_WithStatus (L"C:\\windows\\system32\\rpcrt4.dll",0062F88C,00000000,00000000)
00b8:trace:file:RtlGetFullPathName_U (L"C:\\windows\\system32\\rpcrt4.dll" 520 0062F538 00000000)
00b8:trace:file:NtCreateFile handle=0x62f6c4 access=80100000 name=L"\\??\\C:\\windows\\system32\\rpcrt4.dll" objattr=00000040 root=(nil) sec=(nil) io=0x62f6d0 alloc_size=(nil) attr=00000000 sharing=00000005 disp=1 options=00000060 ea=(nil).0x00000000
00b8:trace:file:nt_to_unix_file_name_no_root L"\\??\\C:\\windows\\system32\\rpcrt4.dll" -> "/work/stage2-copy/wineprefix/dosdevices/c:/windows/system32/rpcrt4.dll"
00b8:trace:file:NtFsControlFile (0x1c,(nil),(nil),(nil),0x62f6d0,0x0009009c,(nil),0x00000000,0x62f6f0,0x00000040)
00b8:trace:file:RtlDosPathNameToNtPathName_U_WithStatus (L"C:\\windows\\system32\\user32.dll",0062F88C,00000000,00000000)
00b8:trace:file:RtlGetFullPathName_U (L"C:\\windows\\system32\\user32.dll" 520 0062F538 00000000)
00b8:trace:file:NtCreateFile handle=0x62f6c4 access=80100000 name=L"\\??\\C:\\windows\\system32\\user32.dll" objattr=00000040 root=(nil) sec=(nil) io=0x62f6d0 alloc_size=(nil) attr=00000000 sharing=00000005 disp=1 options=00000060 ea=(nil).0x00000000
00b8:trace:file:nt_to_unix_file_name_no_root L"\\??\\C:\\windows\\system32\\user32.dll" -> "/work/stage2-copy/wineprefix/dosdevices/c:/windows/system32/user32.dll"
00b8:trace:file:NtFsControlFile (0x1c,(nil),(nil),(nil),0x62f6d0,0x0009009c,(nil),0x00000000,0x62f6f0,0x00000040)
00b8:trace:file:RtlDosPathNameToNtPathName_U_WithStatus (L"C:\\windows\\system32\\zlib1.dll",0062F42C,00000000,00000000)
00b8:trace:file:RtlGetFullPathName_U (L"C:\\windows\\system32\\zlib1.dll" 520 0062F0D8 00000000)
00b8:trace:file:NtCreateFile handle=0x62f264 access=80100000 name=L"\\??\\C:\\windows\\system32\\zlib1.dll" objattr=00000040 root=(nil) sec=(nil) io=0x62f270 alloc_size=(nil) attr=00000000 sharing=00000005 disp=1 options=00000060 ea=(nil).0x00000000
00b8:trace:file:nt_to_unix_file_name_no_root L"\\??\\C:\\windows\\system32\\zlib1.dll" -> "/work/stage2-copy/wineprefix/dosdevices/c:/windows/system32/zlib1.dll"
00b8:trace:file:NtFsControlFile (0x1c,(nil),(nil),(nil),0x62f270,0x0009009c,(nil),0x00000000,0x62f290,0x00000040)
00b8:trace:file:RtlDosPathNameToNtPathName_U_WithStatus (L"C:\\windows\\system32\\gdi32.dll",0062F42C,00000000,00000000)
00b8:trace:file:RtlGetFullPathName_U (L"C:\\windows\\system32\\gdi32.dll" 520 0062F0D8 00000000)
00b8:trace:file:NtCreateFile handle=0x62f264 access=80100000 name=L"\\??\\C:\\windows\\system32\\gdi32.dll" objattr=00000040 root=(nil) sec=(nil) io=0x62f270 alloc_size=(nil) attr=00000000 sharing=00000005 disp=1 options=00000060 ea=(nil).0x00000000
00b8:trace:file:nt_to_unix_file_name_no_root L"\\??\\C:\\windows\\system32\\gdi32.dll" -> "/work/stage2-copy/wineprefix/dosdevices/c:/windows/system32/gdi32.dll"
00b8:trace:file:NtFsControlFile (0x1c,(nil),(nil),(nil),0x62f270,0x0009009c,(nil),0x00000000,0x62f290,0x00000040)
00b8:trace:file:RtlDosPathNameToNtPathName_U_WithStatus (L"C:\\windows\\system32\\win32u.dll",0062EFCC,00000000,00000000)
00b8:trace:file:RtlGetFullPathName_U (L"C:\\windows\\system32\\win32u.dll" 520 0062EC78 00000000)
00b8:trace:file:NtCreateFile handle=0x62ee04 access=80100000 name=L"\\??\\C:\\windows\\system32\\win32u.dll" objattr=00000040 root=(nil) sec=(nil) io=0x62ee10 alloc_size=(nil) attr=00000000 sharing=00000005 disp=1 options=00000060 ea=(nil).0x00000000
00b8:trace:file:nt_to_unix_file_name_no_root L"\\??\\C:\\windows\\system32\\win32u.dll" -> "/work/stage2-copy/wineprefix/dosdevices/c:/windows/system32/win32u.dll"
00b8:trace:file:NtFsControlFile (0x1c,(nil),(nil),(nil),0x62ee10,0x0009009c,(nil),0x00000000,0x62ee30,0x00000040)
00b8:trace:file:GetFileAttributesW L"C:\\windows\\system32\\tzres.dll"
00b8:trace:file:RtlDosPathNameToNtPathName_U_WithStatus (L"C:\\windows\\system32\\tzres.dll",0062F5E8,00000000,00000000)
00b8:trace:file:RtlGetFullPathName_U (L"C:\\windows\\system32\\tzres.dll" 520 0062F3A0 00000000)
00b8:trace:file:nt_to_unix_file_name_no_root L"\\??\\C:\\windows\\system32\\tzres.dll" -> "/work/stage2-copy/wineprefix/dosdevices/c:/windows/system32/tzres.dll"
00b8:trace:file:RtlGetFullPathName_U (L"C:\\windows\\system32\\tzres.dll" 0 00000000 00000000)
00b8:trace:file:RtlGetFullPathName_U (L"C:\\windows\\system32\\tzres.dll" 60 00244040 00000000)
00b8:trace:file:RtlDosPathNameToNtPathName_U_WithStatus (L"C:\\windows\\system32\\tzres.dll",0062F5A0,00000000,00000000)
00b8:trace:file:RtlGetFullPathName_U (L"C:\\windows\\system32\\tzres.dll" 520 0062F2BC 00000000)
00b8:trace:file:NtCreateFile handle=0x62f44c access=80100000 name=L"\\??\\C:\\windows\\system32\\tzres.dll" objattr=00000040 root=(nil) sec=(nil) io=0x62f458 alloc_size=(nil) attr=00000000 sharing=00000005 disp=1 options=00000060 ea=(nil).0x00000000
00b8:trace:file:nt_to_unix_file_name_no_root L"\\??\\C:\\windows\\system32\\tzres.dll" -> "/work/stage2-copy/wineprefix/dosdevices/c:/windows/system32/tzres.dll"
00b8:trace:file:NtFsControlFile (0x34,(nil),(nil),(nil),0x62f458,0x0009009c,(nil),0x00000000,0x62f478,0x00000040)
00b8:trace:file:RtlDosPathNameToNtPathName_U_WithStatus (L"C:\\windows\\system32\\tzres.dll",0062F2C0,00000000,00000000)
00b8:trace:file:RtlGetFullPathName_U (L"C:\\windows\\system32\\tzres.dll" 520 0062F094 00000000)
00b8:trace:file:nt_to_unix_file_name_no_root L"\\??\\C:\\windows\\system32\\tzres.dll" -> "/work/stage2-copy/wineprefix/dosdevices/c:/windows/system32/tzres.dll"
00b8:trace:file:RtlGetFullPathName_U (L"C:\\windows\\system32\\tzres.dll" 520 0062F3E0 00000000)
00b8:trace:file:CreateFileW L"C:\\windows\\system32\\tzres.dll" GENERIC_READ FILE_SHARE_READ FILE_SHARE_DELETE  creation 3 attributes 0x0
00b8:trace:file:RtlDosPathNameToNtPathName_U_WithStatus (L"C:\\windows\\system32\\tzres.dll",0062F36C,00000000,00000000)
00b8:trace:file:RtlGetFullPathName_U (L"C:\\windows\\system32\\tzres.dll" 520 0062F0E8 00000000)
00b8:trace:file:NtCreateFile handle=0x62f368 access=80100080 name=L"\\??\\C:\\windows\\system32\\tzres.dll" objattr=00000040 root=(nil) sec=(nil) io=0x62f374 alloc_size=(nil) attr=00000000 sharing=00000005 disp=1 options=00000060 ea=(nil).0x00000000
00b8:trace:file:nt_to_unix_file_name_no_root L"\\??\\C:\\windows\\system32\\tzres.dll" -> "/work/stage2-copy/wineprefix/dosdevices/c:/windows/system32/tzres.dll"
00b8:trace:file:CreateFileW returning 00000034
00b8:trace:file:GetFileAttributesW L"C:\\windows\\system32\\tzres.dll"
00b8:trace:file:RtlDosPathNameToNtPathName_U_WithStatus (L"C:\\windows\\system32\\tzres.dll",0062F5E8,00000000,00000000)
00b8:trace:file:RtlGetFullPathName_U (L"C:\\windows\\system32\\tzres.dll" 520 0062F3A0 00000000)
00b8:trace:file:nt_to_unix_file_name_no_root L"\\??\\C:\\windows\\system32\\tzres.dll" -> "/work/stage2-copy/wineprefix/dosdevices/c:/windows/system32/tzres.dll"
00b8:trace:file:RtlGetFullPathName_U (L"C:\\windows\\system32\\tzres.dll" 0 00000000 00000000)
00b8:trace:file:RtlGetFullPathName_U (L"C:\\windows\\system32\\tzres.dll" 60 00244120 00000000)
00b8:trace:file:RtlDosPathNameToNtPathName_U_WithStatus (L"C:\\windows\\system32\\tzres.dll",0062F5A0,00000000,00000000)
00b8:trace:file:RtlGetFullPathName_U (L"C:\\windows\\system32\\tzres.dll" 520 0062F2BC 00000000)
00b8:trace:file:NtCreateFile handle=0x62f44c access=80100000 name=L"\\??\\C:\\windows\\system32\\tzres.dll" objattr=00000040 root=(nil) sec=(nil) io=0x62f458 alloc_size=(nil) attr=00000000 sharing=00000005 disp=1 options=00000060 ea=(nil).0x00000000
00b8:trace:file:nt_to_unix_file_name_no_root L"\\??\\C:\\windows\\system32\\tzres.dll" -> "/work/stage2-copy/wineprefix/dosdevices/c:/windows/system32/tzres.dll"
00b8:trace:file:NtFsControlFile (0x34,(nil),(nil),(nil),0x62f458,0x0009009c,(nil),0x00000000,0x62f478,0x00000040)
00b8:trace:file:RtlDosPathNameToNtPathName_U_WithStatus (L"C:\\windows\\system32\\tzres.dll",0062F2C0,00000000,00000000)
00b8:trace:file:RtlGetFullPathName_U (L"C:\\windows\\system32\\tzres.dll" 520 0062F094 00000000)
00b8:trace:file:nt_to_unix_file_name_no_root L"\\??\\C:\\windows\\system32\\tzres.dll" -> "/work/stage2-copy/wineprefix/dosdevices/c:/windows/system32/tzres.dll"
00b8:trace:file:RtlGetFullPathName_U (L"C:\\windows\\system32\\tzres.dll" 520 0062F3E0 00000000)
00b8:trace:file:CreateFileW L"C:\\windows\\system32\\tzres.dll" GENERIC_READ FILE_SHARE_READ FILE_SHARE_DELETE  creation 3 attributes 0x0
00b8:trace:file:RtlDosPathNameToNtPathName_U_WithStatus (L"C:\\windows\\system32\\tzres.dll",0062F36C,00000000,00000000)
00b8:trace:file:RtlGetFullPathName_U (L"C:\\windows\\system32\\tzres.dll" 520 0062F0E8 00000000)
00b8:trace:file:NtCreateFile handle=0x62f368 access=80100080 name=L"\\??\\C:\\windows\\system32\\tzres.dll" objattr=00000040 root=(nil) sec=(nil) io=0x62f374 alloc_size=(nil) attr=00000000 sharing=00000005 disp=1 options=00000060 ea=(nil).0x00000000
00b8:trace:file:nt_to_unix_file_name_no_root L"\\??\\C:\\windows\\system32\\tzres.dll" -> "/work/stage2-copy/wineprefix/dosdevices/c:/windows/system32/tzres.dll"
00b8:trace:file:CreateFileW returning 00000034
00b8:trace:file:RtlDosPathNameToNtPathName_U_WithStatus (L"C:\\windows\\system32\\libgcc_s_dw2-1.dll",0062F940,00000000,00000000)
00b8:trace:file:RtlGetFullPathName_U (L"C:\\windows\\system32\\libgcc_s_dw2-1.dll" 520 0062F624 00000000)
00b8:trace:file:NtCreateFile handle=0x62f7b4 access=80100000 name=L"\\??\\C:\\windows\\system32\\libgcc_s_dw2-1.dll" objattr=00000040 root=(nil) sec=(nil) io=0x62f7c0 alloc_size=(nil) attr=00000000 sharing=00000005 disp=1 options=00000060 ea=(nil).0x00000000
00b8:trace:file:nt_to_unix_file_name_no_root L"windows\\system32\\libgcc_s_dw2-1.dll" not found in "/work/stage2-copy/wineprefix/dosdevices/c:"
00b8:warn:file:NtCreateFile L"\\??\\C:\\windows\\system32\\libgcc_s_dw2-1.dll" not found (c0000034)
00b8:trace:file:RtlDosPathNameToNtPathName_U_WithStatus (L"C:\\windows\\system32\\libgcc_s_dw2-1.dll",0062F940,00000000,00000000)
00b8:trace:file:RtlGetFullPathName_U (L"C:\\windows\\system32\\libgcc_s_dw2-1.dll" 520 0062F624 00000000)
00b8:trace:file:NtCreateFile handle=0x62f7b4 access=80100000 name=L"\\??\\C:\\windows\\system32\\libgcc_s_dw2-1.dll" objattr=00000040 root=(nil) sec=(nil) io=0x62f7c0 alloc_size=(nil) attr=00000000 sharing=00000005 disp=1 options=00000060 ea=(nil).0x00000000
00b8:trace:file:nt_to_unix_file_name_no_root L"windows\\system32\\libgcc_s_dw2-1.dll" not found in "/work/stage2-copy/wineprefix/dosdevices/c:"
00b8:warn:file:NtCreateFile L"\\??\\C:\\windows\\system32\\libgcc_s_dw2-1.dll" not found (c0000034)
00b8:trace:file:RtlDosPathNameToNtPathName_U_WithStatus (L"C:\\windows\\system\\libgcc_s_dw2-1.dll",0062F940,00000000,00000000)
00b8:trace:file:RtlGetFullPathName_U (L"C:\\windows\\system\\libgcc_s_dw2-1.dll" 520 0062F624 00000000)
00b8:trace:file:NtCreateFile handle=0x62f7b4 access=80100000 name=L"\\??\\C:\\windows\\system\\libgcc_s_dw2-1.dll" objattr=00000040 root=(nil) sec=(nil) io=0x62f7c0 alloc_size=(nil) attr=00000000 sharing=00000005 disp=1 options=00000060 ea=(nil).0x00000000
00b8:trace:file:nt_to_unix_file_name_no_root L"windows\\system\\libgcc_s_dw2-1.dll" not found in "/work/stage2-copy/wineprefix/dosdevices/c:"
00b8:warn:file:NtCreateFile L"\\??\\C:\\windows\\system\\libgcc_s_dw2-1.dll" not found (c0000034)
00b8:trace:file:RtlDosPathNameToNtPathName_U_WithStatus (L"C:\\windows\\libgcc_s_dw2-1.dll",0062F940,00000000,00000000)
00b8:trace:file:RtlGetFullPathName_U (L"C:\\windows\\libgcc_s_dw2-1.dll" 520 0062F624 00000000)
00b8:trace:file:NtCreateFile handle=0x62f7b4 access=80100000 name=L"\\??\\C:\\windows\\libgcc_s_dw2-1.dll" objattr=00000040 root=(nil) sec=(nil) io=0x62f7c0 alloc_size=(nil) attr=00000000 sharing=00000005 disp=1 options=00000060 ea=(nil).0x00000000
00b8:trace:file:nt_to_unix_file_name_no_root L"windows\\libgcc_s_dw2-1.dll" not found in "/work/stage2-copy/wineprefix/dosdevices/c:"
00b8:warn:file:NtCreateFile L"\\??\\C:\\windows\\libgcc_s_dw2-1.dll" not found (c0000034)
00b8:trace:file:RtlDosPathNameToNtPathName_U_WithStatus (L".\\libgcc_s_dw2-1.dll",0062F940,00000000,00000000)
00b8:trace:file:RtlGetFullPathName_U (L".\\libgcc_s_dw2-1.dll" 520 0062F624 00000000)
00b8:trace:file:NtCreateFile handle=0x62f7b4 access=80100000 name=L"\\??\\C:\\windows\\libgcc_s_dw2-1.dll" objattr=00000040 root=(nil) sec=(nil) io=0x62f7c0 alloc_size=(nil) attr=00000000 sharing=00000005 disp=1 options=00000060 ea=(nil).0x00000000
00b8:trace:file:nt_to_unix_file_name_no_root L"windows\\libgcc_s_dw2-1.dll" not found in "/work/stage2-copy/wineprefix/dosdevices/c:"
00b8:warn:file:NtCreateFile L"\\??\\C:\\windows\\libgcc_s_dw2-1.dll" not found (c0000034)
00b8:trace:file:RtlDosPathNameToNtPathName_U_WithStatus (L"C:\\windows\\system32\\libgcc_s_dw2-1.dll",0062F940,00000000,00000000)
00b8:trace:file:RtlGetFullPathName_U (L"C:\\windows\\system32\\libgcc_s_dw2-1.dll" 520 0062F624 00000000)
00b8:trace:file:NtCreateFile handle=0x62f7b4 access=80100000 name=L"\\??\\C:\\windows\\system32\\libgcc_s_dw2-1.dll" objattr=00000040 root=(nil) sec=(nil) io=0x62f7c0 alloc_size=(nil) attr=00000000 sharing=00000005 disp=1 options=00000060 ea=(nil).0x00000000
00b8:trace:file:nt_to_unix_file_name_no_root L"windows\\system32\\libgcc_s_dw2-1.dll" not found in "/work/stage2-copy/wineprefix/dosdevices/c:"
00b8:warn:file:NtCreateFile L"\\??\\C:\\windows\\system32\\libgcc_s_dw2-1.dll" not found (c0000034)
00b8:trace:file:RtlDosPathNameToNtPathName_U_WithStatus (L"C:\\windows\\libgcc_s_dw2-1.dll",0062F940,00000000,00000000)
00b8:trace:file:RtlGetFullPathName_U (L"C:\\windows\\libgcc_s_dw2-1.dll" 520 0062F624 00000000)
00b8:trace:file:NtCreateFile handle=0x62f7b4 access=80100000 name=L"\\??\\C:\\windows\\libgcc_s_dw2-1.dll" objattr=00000040 root=(nil) sec=(nil) io=0x62f7c0 alloc_size=(nil) attr=00000000 sharing=00000005 disp=1 options=00000060 ea=(nil).0x00000000
00b8:trace:file:nt_to_unix_file_name_no_root L"windows\\libgcc_s_dw2-1.dll" not found in "/work/stage2-copy/wineprefix/dosdevices/c:"
00b8:warn:file:NtCreateFile L"\\??\\C:\\windows\\libgcc_s_dw2-1.dll" not found (c0000034)
00b8:trace:file:RtlDosPathNameToNtPathName_U_WithStatus (L"C:\\windows\\system32\\wbem\\libgcc_s_dw2-1.dll",0062F940,00000000,00000000)
00b8:trace:file:RtlGetFullPathName_U (L"C:\\windows\\system32\\wbem\\libgcc_s_dw2-1.dll" 520 0062F624 00000000)
00b8:trace:file:NtCreateFile handle=0x62f7b4 access=80100000 name=L"\\??\\C:\\windows\\system32\\wbem\\libgcc_s_dw2-1.dll" objattr=00000040 root=(nil) sec=(nil) io=0x62f7c0 alloc_size=(nil) attr=00000000 sharing=00000005 disp=1 options=00000060 ea=(nil).0x00000000
00b8:trace:file:nt_to_unix_file_name_no_root L"windows\\system32\\wbem\\libgcc_s_dw2-1.dll" not found in "/work/stage2-copy/wineprefix/dosdevices/c:"
00b8:warn:file:NtCreateFile L"\\??\\C:\\windows\\system32\\wbem\\libgcc_s_dw2-1.dll" not found (c0000034)
00b8:trace:file:RtlDosPathNameToNtPathName_U_WithStatus (L"C:\\windows\\system32\\WindowsPowershell\\v1.0\\libgcc_s_dw2-1.dll",0062F940,00000000,00000000)
00b8:trace:file:RtlGetFullPathName_U (L"C:\\windows\\system32\\WindowsPowershell\\v1.0\\libgcc_s_dw2-1.dll" 520 0062F624 00000000)
00b8:trace:file:NtCreateFile handle=0x62f7b4 access=80100000 name=L"\\??\\C:\\windows\\system32\\WindowsPowershell\\v1.0\\libgcc_s_dw2-1.dll" objattr=00000040 root=(nil) sec=(nil) io=0x62f7c0 alloc_size=(nil) attr=00000000 sharing=00000005 disp=1 options=00000060 ea=(nil).0x00000000
00b8:trace:file:nt_to_unix_file_name_no_root L"windows\\system32\\WindowsPowershell\\v1.0\\libgcc_s_dw2-1.dll" not found in "/work/stage2-copy/wineprefix/dosdevices/c:"
00b8:warn:file:NtCreateFile L"\\??\\C:\\windows\\system32\\WindowsPowershell\\v1.0\\libgcc_s_dw2-1.dll" not found (c0000034)
00b8:trace:file:NtCreateFile handle=0x62f7ec access=80100000 name=L"\\??\\Z:\\usr\\lib\\i386-linux-gnu\\wine\\i386-windows\\libgcc_s_dw2-1.dll" objattr=00000040 root=(nil) sec=(nil) io=0x62f7f8 alloc_size=(nil) attr=00000000 sharing=00000005 disp=1 options=00000060 ea=(nil).0x00000000
00b8:trace:file:nt_to_unix_file_name_no_root L"usr\\lib\\i386-linux-gnu\\wine\\i386-windows\\libgcc_s_dw2-1.dll" not found in "/work/stage2-copy/wineprefix/dosdevices/z:"
00b8:warn:file:NtCreateFile L"\\??\\Z:\\usr\\lib\\i386-linux-gnu\\wine\\i386-windows\\libgcc_s_dw2-1.dll" not found (c0000034)
00b8:trace:file:NtCreateFile handle=0x62f7ec access=80100000 name=L"\\??\\Z:\\usr\\lib\\i386-linux-gnu\\wine\\libgcc_s_dw2-1.dll" objattr=00000040 root=(nil) sec=(nil) io=0x62f7f8 alloc_size=(nil) attr=00000000 sharing=00000005 disp=1 options=00000060 ea=(nil).0x00000000
00b8:trace:file:nt_to_unix_file_name_no_root L"usr\\lib\\i386-linux-gnu\\wine\\libgcc_s_dw2-1.dll" not found in "/work/stage2-copy/wineprefix/dosdevices/z:"
00b8:warn:file:NtCreateFile L"\\??\\Z:\\usr\\lib\\i386-linux-gnu\\wine\\libgcc_s_dw2-1.dll" not found (c0000034)
00b8:trace:file:nt_to_unix_file_name_no_root L"\\??\\C:\\windows\\fonts\\vgasys.fon" -> "/work/stage2-copy/wineprefix/dosdevices/c:/windows/Fonts/vgasys.fon"
00b8:trace:file:find_drive_rootA "/usr/lib/wine/../../share/wine" -> drive Z:, root="/", name="/usr/lib/wine/../../share/wine"
00b8:trace:file:nt_to_unix_file_name_no_root L"\\??\\Z:\\usr\\share\\wine\\fonts\\vgasys.fon" -> "/work/stage2-copy/wineprefix/dosdevices/z:/usr/share/wine/fonts/vgasys.fon"
00b8:trace:file:nt_to_unix_file_name_no_root L"\\??\\C:\\windows\\fonts\\vgaoem.fon" -> "/work/stage2-copy/wineprefix/dosdevices/c:/windows/Fonts/vgaoem.fon"
00b8:trace:file:find_drive_rootA "/usr/lib/wine/../../share/wine" -> drive Z:, root="/", name="/usr/lib/wine/../../share/wine"
00b8:trace:file:nt_to_unix_file_name_no_root L"\\??\\Z:\\usr\\share\\wine\\fonts\\vgaoem.fon" -> "/work/stage2-copy/wineprefix/dosdevices/z:/usr/share/wine/fonts/vgaoem.fon"
00b8:trace:file:nt_to_unix_file_name_no_root L"\\??\\C:\\windows\\fonts\\vgafix.fon" -> "/work/stage2-copy/wineprefix/dosdevices/c:/windows/Fonts/vgafix.fon"
00b8:trace:file:find_drive_rootA "/usr/lib/wine/../../share/wine" -> drive Z:, root="/", name="/usr/lib/wine/../../share/wine"
00b8:trace:file:nt_to_unix_file_name_no_root L"\\??\\Z:\\usr\\share\\wine\\fonts\\vgafix.fon" -> "/work/stage2-copy/wineprefix/dosdevices/z:/usr/share/wine/fonts/vgafix.fon"
00b8:trace:file:NtCreateFile handle=0x21ce94 access=80100000 name=L"\\??\\C:\\windows\\fonts" objattr=00000040 root=(nil) sec=(nil) io=0x21ce98 alloc_size=(nil) attr=00000000 sharing=00000003 disp=1 options=00004021 ea=(nil).0x00000000
00b8:trace:file:nt_to_unix_file_name_no_root L"\\??\\C:\\windows\\fonts" -> "/work/stage2-copy/wineprefix/dosdevices/c:/windows/Fonts"
00b8:trace:file:NtQueryDirectoryFile (0x38 (nil) (nil) (nil) 0x21ce98 0x21cec0 0x00002000 0x00000003 0x00000000 <null> 0x00000000
00b8:trace:file:append_entry long L"." short L"" mask <null>
00b8:trace:file:append_entry long L".." short L"" mask <null>
00b8:trace:file:init_cached_dir_data mask <null> found 2 files
00b8:trace:file:init_cached_dir_data L"." L""
00b8:trace:file:init_cached_dir_data L".." L""
00b8:trace:file:NtQueryDirectoryFile => 0 (194)
00b8:trace:file:NtQueryDirectoryFile (0x38 (nil) (nil) (nil) 0x21ce98 0x21cec0 0x00002000 0x00000003 0x00000000 <null> 0x00000000
00b8:trace:file:NtQueryDirectoryFile => 80000006 (0)
00b8:trace:file:find_drive_rootA "/usr/lib/wine/../../share/wine" -> drive Z:, root="/", name="/usr/lib/wine/../../share/wine"
00b8:trace:file:NtCreateFile handle=0x21ce94 access=80100000 name=L"\\??\\Z:\\usr\\share\\wine\\fonts" objattr=00000040 root=(nil) sec=(nil) io=0x21ce98 alloc_size=(nil) attr=00000000 sharing=00000003 disp=1 options=00004021 ea=(nil).0x00000000
00b8:trace:file:nt_to_unix_file_name_no_root L"\\??\\Z:\\usr\\share\\wine\\fonts" -> "/work/stage2-copy/wineprefix/dosdevices/z:/usr/share/wine/fonts"
00b8:trace:file:NtQueryDirectoryFile (0x38 (nil) (nil) (nil) 0x21ce98 0x21cec0 0x00002000 0x00000003 0x00000000 <null> 0x00000000
00b8:trace:file:append_entry long L"." short L"" mask <null>
00b8:trace:file:append_entry long L".." short L"" mask <null>
00b8:trace:file:init_cached_dir_data mask <null> found 2 files
00b8:trace:file:init_cached_dir_data L"." L""
00b8:trace:file:init_cached_dir_data L".." L""
00b8:trace:file:NtQueryDirectoryFile => 0 (194)
00b8:trace:file:NtQueryDirectoryFile (0x38 (nil) (nil) (nil) 0x21ce98 0x21cec0 0x00002000 0x00000003 0x00000000 <null> 0x00000000
00b8:trace:file:NtQueryDirectoryFile => 80000006 (0)
00b8:trace:file:find_drive_rootA "/usr/share/fonts/truetype/dejavu/DejaVuSans-Bold.ttf" -> drive Z:, root="/", name="/usr/share/fonts/truetype/dejavu/DejaVuSans-Bold.ttf"
00b8:trace:file:find_drive_rootA "/usr/share/fonts/truetype/dejavu/DejaVuSans.ttf" -> drive Z:, root="/", name="/usr/share/fonts/truetype/dejavu/DejaVuSans.ttf"
00b8:trace:file:find_drive_rootA "/usr/share/fonts/truetype/dejavu/DejaVuSansMono-Bold.ttf" -> drive Z:, root="/", name="/usr/share/fonts/truetype/dejavu/DejaVuSansMono-Bold.ttf"
00b8:trace:file:find_drive_rootA "/usr/share/fonts/truetype/dejavu/DejaVuSansMono-BoldOblique.ttf" -> drive Z:, root="/", name="/usr/share/fonts/truetype/dejavu/DejaVuSansMono-BoldOblique.ttf"
00b8:trace:file:find_drive_rootA "/usr/share/fonts/truetype/dejavu/DejaVuSansMono-Oblique.ttf" -> drive Z:, root="/", name="/usr/share/fonts/truetype/dejavu/DejaVuSansMono-Oblique.ttf"
00b8:trace:file:find_drive_rootA "/usr/share/fonts/truetype/dejavu/DejaVuSansMono.ttf" -> drive Z:, root="/", name="/usr/share/fonts/truetype/dejavu/DejaVuSansMono.ttf"
00b8:trace:file:find_drive_rootA "/usr/share/fonts/truetype/dejavu/DejaVuSerif-Bold.ttf" -> drive Z:, root="/", name="/usr/share/fonts/truetype/dejavu/DejaVuSerif-Bold.ttf"
00b8:trace:file:find_drive_rootA "/usr/share/fonts/truetype/dejavu/DejaVuSerif.ttf" -> drive Z:, root="/", name="/usr/share/fonts/truetype/dejavu/DejaVuSerif.ttf"
00b8:trace:file:nt_to_unix_file_name_no_root L"\\??\\C:\\windows\\fonts\\coure.fon" -> "/work/stage2-copy/wineprefix/dosdevices/c:/windows/Fonts/coure.fon"
00b8:trace:file:find_drive_rootA "/usr/lib/wine/../../share/wine" -> drive Z:, root="/", name="/usr/lib/wine/../../share/wine"
00b8:trace:file:nt_to_unix_file_name_no_root L"\\??\\Z:\\usr\\share\\wine\\fonts\\coure.fon" -> "/work/stage2-copy/wineprefix/dosdevices/z:/usr/share/wine/fonts/coure.fon"
00b8:trace:file:nt_to_unix_file_name_no_root L"\\??\\C:\\windows\\fonts\\sserife.fon" -> "/work/stage2-copy/wineprefix/dosdevices/c:/windows/Fonts/sserife.fon"
00b8:trace:file:find_drive_rootA "/usr/lib/wine/../../share/wine" -> drive Z:, root="/", name="/usr/lib/wine/../../share/wine"
00b8:trace:file:nt_to_unix_file_name_no_root L"\\??\\Z:\\usr\\share\\wine\\fonts\\sserife.fon" -> "/work/stage2-copy/wineprefix/dosdevices/z:/usr/share/wine/fonts/sserife.fon"
00b8:trace:file:nt_to_unix_file_name_no_root L"\\??\\C:\\windows\\fonts\\serife.fon" -> "/work/stage2-copy/wineprefix/dosdevices/c:/windows/Fonts/serife.fon"
00b8:trace:file:find_drive_rootA "/usr/lib/wine/../../share/wine" -> drive Z:, root="/", name="/usr/lib/wine/../../share/wine"
00b8:trace:file:nt_to_unix_file_name_no_root L"\\??\\Z:\\usr\\share\\wine\\fonts\\serife.fon" -> "/work/stage2-copy/wineprefix/dosdevices/z:/usr/share/wine/fonts/serife.fon"
00b8:trace:file:nt_to_unix_file_name_no_root L"\\??\\C:\\windows\\fonts\\smalle.fon" -> "/work/stage2-copy/wineprefix/dosdevices/c:/windows/Fonts/smalle.fon"
00b8:trace:file:find_drive_rootA "/usr/lib/wine/../../share/wine" -> drive Z:, root="/", name="/usr/lib/wine/../../share/wine"
00b8:trace:file:nt_to_unix_file_name_no_root L"\\??\\Z:\\usr\\share\\wine\\fonts\\smalle.fon" -> "/work/stage2-copy/wineprefix/dosdevices/z:/usr/share/wine/fonts/smalle.fon"
00b8:trace:file:RtlDosPathNameToNtPathName_U_WithStatus (L"C:\\windows\\system32\\imm32.dll",0062F964,00000000,00000000)
00b8:trace:file:RtlGetFullPathName_U (L"C:\\windows\\system32\\imm32.dll" 520 0062F610 00000000)
00b8:trace:file:NtCreateFile handle=0x62f79c access=80100000 name=L"\\??\\C:\\windows\\system32\\imm32.dll" objattr=00000040 root=(nil) sec=(nil) io=0x62f7a8 alloc_size=(nil) attr=00000000 sharing=00000005 disp=1 options=00000060 ea=(nil).0x00000000
00b8:trace:file:nt_to_unix_file_name_no_root L"\\??\\C:\\windows\\system32\\imm32.dll" -> "/work/stage2-copy/wineprefix/dosdevices/c:/windows/system32/imm32.dll"
00b8:trace:file:NtFsControlFile (0x50,(nil),(nil),(nil),0x62f7a8,0x0009009c,(nil),0x00000000,0x62f7c8,0x00000040)
00b8:trace:file:CreateFileW L"\\\\.\\pipe\\svcctl" GENERIC_READ GENERIC_WRITE  creation 3 attributes 0x40000000
00b8:trace:file:RtlDosPathNameToNtPathName_U_WithStatus (L"\\\\.\\pipe\\svcctl",0062F8CC,00000000,00000000)
00b8:trace:file:RtlGetFullPathName_U (L"\\\\.\\pipe\\svcctl" 520 0062F648 00000000)
00b8:trace:file:NtCreateFile handle=0x62f8c8 access=c0100080 name=L"\\??\\pipe\\svcctl" objattr=00000040 root=(nil) sec=(nil) io=0x62f8d4 alloc_size=(nil) attr=00000000 sharing=00000000 disp=1 options=00000040 ea=(nil).0x00000000
00b8:trace:file:CreateFileW returning 00000050
00b8:trace:file:NtSetInformationFile (0x50,0x62f8f8,0x62f8f0,0x00000008,0x00000017)
00b8:trace:file:NtWriteFile (0x50,0x5c,(nil),(nil),0x62f8b8,0x993138,0x00000048,(nil),(nil))
00b8:trace:file:NtReadFile (0x50,0x5c,(nil),(nil),0x992ba4,0x62f8e4,0x00000010,(nil),(nil))
0040:trace:file:RtlDosPathNameToNtPathName_U_WithStatus (L"\\\\.\\pipe\\svcctl",00D0FBD0,00000000,00000000)
0040:trace:file:RtlGetFullPathName_U (L"\\\\.\\pipe\\svcctl" 520 00D0F93C 00000000)
0040:trace:file:NtCreateNamedPipeFile (0xd0fbc4 c0100000 L"\\??\\pipe\\svcctl" 0xd0fbd8 3 3 0 1 1 0 -1 5840 5840 0xd0fbc8)
0040:trace:file:NtFsControlFile (0x128,0xb4,(nil),(nil),0x9f5d5c,0x00110008,(nil),0x00000000,(nil),0x00000000)
00bc:trace:file:NtReadFile (0x114,0x12c,(nil),(nil),0x9ffeb4,0x230fe8c,0x00000010,(nil),(nil))
00bc:trace:file:NtReadFile (0x114,0x12c,(nil),(nil),0x9ffeb4,0x19150a8,0x0000000c,(nil),(nil))
00bc:trace:file:NtReadFile (0x114,0x12c,(nil),(nil),0x9ffeb4,0x1914940,0x0000002c,(nil),(nil))
00bc:trace:file:NtWriteFile (0x114,0x12c,(nil),(nil),0x230fe24,0x1915b18,0x00000044,(nil),(nil))
00bc:trace:file:NtReadFile (0x114,0x12c,(nil),(nil),0x9ffeb4,0x230fe8c,0x00000010,(nil),(nil))
00b8:trace:file:NtReadFile (0x50,0x5c,(nil),(nil),0x992ba4,0x992d58,0x00000008,(nil),(nil))
00b8:trace:file:NtReadFile (0x50,0x5c,(nil),(nil),0x992ba4,0x9930b0,0x0000002c,(nil),(nil))
00b8:trace:file:NtWriteFile (0x50,0x5c,(nil),(nil),0x62f96c,0x9930b0,0x00000024,(nil),(nil))
00b8:trace:file:NtReadFile (0x50,0x5c,(nil),(nil),0x992ba4,0x62f9b0,0x00000010,(nil),(nil))
00bc:trace:file:NtReadFile (0x114,0x12c,(nil),(nil),0x9ffeb4,0x1915690,0x00000008,(nil),(nil))
00bc:trace:file:NtReadFile (0x114,0x12c,(nil),(nil),0x9ffeb4,0x1915760,0x0000000c,(nil),(nil))
00bc:trace:file:NtReadFile (0x114,0x12c,(nil),(nil),0x9ffeb4,0x230fe8c,0x00000010,(nil),(nil))
00a0:trace:file:NtWriteFile (0x114,0x134,(nil),(nil),0x200fcc0,0x19121c8,0x00000030,(nil),(nil))
00b8:trace:file:NtReadFile (0x50,0x5c,(nil),(nil),0x992ba4,0x992d58,0x00000008,(nil),(nil))
00b8:trace:file:NtReadFile (0x50,0x5c,(nil),(nil),0x992ba4,0x992d68,0x00000018,(nil),(nil))
00b8:trace:file:CreateFileW L"\\\\.\\pipe\\net\\NtControlPipe2" GENERIC_READ GENERIC_WRITE  creation 4 attributes 0x0
00b8:trace:file:RtlDosPathNameToNtPathName_U_WithStatus (L"\\\\.\\pipe\\net\\NtControlPipe2",0062FC7C,00000000,00000000)
00b8:trace:file:RtlGetFullPathName_U (L"\\\\.\\pipe\\net\\NtControlPipe2" 520 0062F9F8 00000000)
00b8:trace:file:NtCreateFile handle=0x62fc78 access=c0100080 name=L"\\??\\pipe\\net\\NtControlPipe2" objattr=00000040 root=(nil) sec=(nil) io=0x62fc84 alloc_size=(nil) attr=00000000 sharing=00000000 disp=3 options=00000060 ea=(nil).0x00000000
00b8:trace:file:CreateFileW returning 00000060
003c:trace:file:GetOverlappedResultEx (00000124 0068FBEC 0068FBE0 0 0)
003c:trace:file:WriteFile 00000124 009FDF50 54 0068FB78 0068FB7C
003c:trace:file:NtWriteFile (0x124,0x120,(nil),0x68fb7c,0x68fb7c,0x9fdf50,0x00000036,0x68fb30,(nil))
003c:trace:file:ReadFile 00000124 0068FBE4 4 0068FB78 0068FB7C
003c:trace:file:NtReadFile (0x124,0x120,(nil),0x68fb7c,0x68fb7c,0x68fbe4,0x00000004,0x68fb30,(nil))
00c0:trace:file:ReadFile 00000060 00E2FF30 16 00E2FF28 00000000
00c0:trace:file:NtReadFile (0x60,(nil),(nil),(nil),0xe2fee8,0xe2ff30,0x00000010,(nil),(nil))
00c0:trace:file:ReadFile 00000060 00992BD0 38 00E2FF28 00000000
00c0:trace:file:NtReadFile (0x60,(nil),(nil),(nil),0xe2fee8,0x992bd0,0x00000026,(nil),(nil))
00c0:trace:file:NtWriteFile (0x50,0x5c,(nil),(nil),0xe2fbc0,0x9935b8,0x00000050,(nil),(nil))
00c0:trace:file:NtReadFile (0x50,0x5c,(nil),(nil),0x992ba4,0xe2fc04,0x00000010,(nil),(nil))
00bc:trace:file:NtReadFile (0x114,0x12c,(nil),(nil),0x9ffeb4,0x1915690,0x00000008,(nil),(nil))
00bc:trace:file:NtReadFile (0x114,0x12c,(nil),(nil),0x9ffeb4,0x19148c0,0x00000038,(nil),(nil))
00bc:trace:file:NtReadFile (0x114,0x12c,(nil),(nil),0x9ffeb4,0x230fe8c,0x00000010,(nil),(nil))
00a0:trace:file:NtWriteFile (0x114,0x134,(nil),(nil),0x200fcc0,0x19121c8,0x00000030,(nil),(nil))
00c0:trace:file:NtReadFile (0x50,0x5c,(nil),(nil),0x992ba4,0x9931b0,0x00000008,(nil),(nil))
00c0:trace:file:NtReadFile (0x50,0x5c,(nil),(nil),0x992ba4,0x9931c0,0x00000018,(nil),(nil))
00c0:trace:file:NtWriteFile (0x50,0x5c,(nil),(nil),0xe2fbc0,0x993650,0x00000050,(nil),(nil))
00c0:trace:file:NtReadFile (0x50,0x5c,(nil),(nil),0x992ba4,0xe2fc04,0x00000010,(nil),(nil))
00bc:trace:file:NtReadFile (0x114,0x12c,(nil),(nil),0x9ffeb4,0x1915690,0x00000008,(nil),(nil))
00bc:trace:file:NtReadFile (0x114,0x12c,(nil),(nil),0x9ffeb4,0x1914940,0x00000038,(nil),(nil))
00bc:trace:file:NtReadFile (0x114,0x12c,(nil),(nil),0x9ffeb4,0x230fe8c,0x00000010,(nil),(nil))
00a0:trace:file:NtWriteFile (0x114,0x134,(nil),(nil),0x200fcc0,0x19121c8,0x00000030,(nil),(nil))
00c0:trace:file:NtReadFile (0x50,0x5c,(nil),(nil),0x992ba4,0x9931f0,0x00000008,(nil),(nil))
00c0:trace:file:NtReadFile (0x50,0x5c,(nil),(nil),0x992ba4,0x993220,0x00000018,(nil),(nil))
00c0:trace:file:WriteFile 00000060 00E2FF2C 4 00E2FF28 00000000
00c0:trace:file:NtWriteFile (0x60,(nil),(nil),(nil),0xe2fee8,0xe2ff2c,0x00000004,(nil),(nil))
00c0:trace:file:ReadFile 00000060 00E2FF30 16 00E2FF28 00000000
00c0:trace:file:NtReadFile (0x60,(nil),(nil),(nil),0xe2fee8,0xe2ff30,0x00000010,(nil),(nil))
003c:trace:file:GetOverlappedResultEx (00000124 0068FB7C 0068FB78 0 0)
00c4:trace:file:RtlDosPathNameToNtPathName_U_WithStatus (L"\\\\.\\pipe\\wine_plugplay",0112FAF0,00000000,00000000)
00c4:trace:file:RtlGetFullPathName_U (L"\\\\.\\pipe\\wine_plugplay" 520 0112F85C 00000000)
00c4:trace:file:NtCreateNamedPipeFile (0x112fae4 c0100000 L"\\??\\pipe\\wine_plugplay" 0x112faf8 3 3 0 1 1 0 -1 5840 5840 0x112fae8)
00c8:trace:file:NtFsControlFile (0x7c,0x90,(nil),(nil),0x993b6c,0x00110008,(nil),0x00000000,(nil),0x00000000)
00c4:trace:file:NtWriteFile (0x50,0x5c,(nil),(nil),0x112fb54,0x994040,0x00000048,(nil),(nil))
00c4:trace:file:NtReadFile (0x50,0x5c,(nil),(nil),0x992ba4,0x112fb98,0x00000010,(nil),(nil))
00bc:trace:file:NtReadFile (0x114,0x12c,(nil),(nil),0x9ffeb4,0x1915690,0x00000008,(nil),(nil))
00bc:trace:file:NtReadFile (0x114,0x12c,(nil),(nil),0x9ffeb4,0x19148c0,0x00000030,(nil),(nil))
00bc:trace:file:NtReadFile (0x114,0x12c,(nil),(nil),0x9ffeb4,0x230fe8c,0x00000010,(nil),(nil))
00a0:trace:file:NtWriteFile (0x114,0x134,(nil),(nil),0x200fcc0,0x1912db8,0x0000001c,(nil),(nil))
003c:trace:file:RtlDosPathNameToNtPathName_U_WithStatus (L"\\\\.\\pipe\\net\\NtControlPipe3",0068F8C8,00000000,00000000)
00c4:trace:file:NtReadFile (0x50,0x5c,(nil),(nil),0x992ba4,0x993730,0x00000008,(nil),(nil))
003c:trace:file:RtlGetFullPathName_U (L"\\\\.\\pipe\\net\\NtControlPipe3" 520 0068F634 00000000)
003c:trace:file:NtCreateNamedPipeFile (0x68f8bc c0100000 L"\\??\\pipe\\net\\NtControlPipe3" 0x68f8d0 3 3 0 0 0 0 1 256 256 0x68f8c0)
00c4:trace:file:NtReadFile (0x50,0x5c,(nil),(nil),0x992ba4,0x993740,0x00000004,(nil),(nil))
003c:trace:file:RtlDosPathNameToNtPathName_U_WithStatus (L"C:\\windows\\system32\\svchost.exe",0068F2B8,00000000,00000000)
003c:trace:file:RtlGetFullPathName_U (L"C:\\windows\\system32\\svchost.exe" 520 0068F08C 00000000)
003c:trace:file:nt_to_unix_file_name_no_root L"\\??\\C:\\windows\\system32\\svchost.exe" -> "/work/stage2-copy/wineprefix/dosdevices/c:/windows/system32/svchost.exe"
003c:trace:file:RtlGetFullPathName_U (L"C:\\windows\\system32\\svchost.exe" 520 0068F4B0 00000000)
003c:trace:file:CreateFileW L"C:\\windows\\system32\\svchost.exe" GENERIC_READ FILE_SHARE_READ FILE_SHARE_DELETE  creation 3 attributes 0x0
003c:trace:file:RtlDosPathNameToNtPathName_U_WithStatus (L"C:\\windows\\system32\\svchost.exe",0068F364,00000000,00000000)
003c:trace:file:RtlGetFullPathName_U (L"C:\\windows\\system32\\svchost.exe" 520 0068F0E0 00000000)
003c:trace:file:NtCreateFile handle=0x68f360 access=80100080 name=L"\\??\\C:\\windows\\system32\\svchost.exe" objattr=00000040 root=(nil) sec=(nil) io=0x68f36c alloc_size=(nil) attr=00000000 sharing=00000005 disp=1 options=00000060 ea=(nil).0x00000000
003c:trace:file:nt_to_unix_file_name_no_root L"\\??\\C:\\windows\\system32\\svchost.exe" -> "/work/stage2-copy/wineprefix/dosdevices/c:/windows/system32/svchost.exe"
003c:trace:file:CreateFileW returning 00000144
003c:trace:file:GetLongPathNameW L"C:\\windows\\system32\\svchost.exe",0068F6B8,260
003c:trace:file:FindFirstFileExW L"C:\\windows" 0 0068E980 0 00000000 0
003c:trace:file:RtlDosPathNameToNtPathName_U_WithStatus (L"C:\\windows",0068E908,0068E904,00000000)
003c:trace:file:RtlGetFullPathName_U (L"C:\\windows" 520 0068E698 0068E904)
003c:trace:file:NtCreateFile handle=0x24b21c access=00100001 name=L"\\??\\C:\\" objattr=00000040 root=(nil) sec=(nil) io=0x68e910 alloc_size=(nil) attr=00000000 sharing=00000003 disp=1 options=00004021 ea=(nil).0x00000000
003c:trace:file:nt_to_unix_file_name_no_root L"\\??\\C:\\" -> "/work/stage2-copy/wineprefix/dosdevices/c:/"
003c:trace:file:NtQueryDirectoryFile (0x144 (nil) (nil) (nil) 0x68e910 0x24b260 0x0000025e 0x00000003 0x00000000 L"windows" 0x00000001
003c:trace:file:read_directory_data_stat found windows
003c:trace:file:append_entry long L"windows" short L"" mask <null>
003c:trace:file:init_cached_dir_data mask L"windows" found 1 files
003c:trace:file:init_cached_dir_data L"windows" L""
003c:trace:file:NtQueryDirectoryFile => 0 (108)
003c:trace:file:FindNextFileW 0024B218 0068E980
003c:trace:file:FindNextFileW returning L"windows" (L"")
003c:trace:file:FindFirstFileExW L"C:\\windows\\system32" 0 0068E980 0 00000000 0
003c:trace:file:RtlDosPathNameToNtPathName_U_WithStatus (L"C:\\windows\\system32",0068E908,0068E904,00000000)
003c:trace:file:RtlGetFullPathName_U (L"C:\\windows\\system32" 520 0068E698 0068E904)
003c:trace:file:NtCreateFile handle=0x24b21c access=00100001 name=L"\\??\\C:\\windows\\" objattr=00000040 root=(nil) sec=(nil) io=0x68e910 alloc_size=(nil) attr=00000000 sharing=00000003 disp=1 options=00004021 ea=(nil).0x00000000
003c:trace:file:nt_to_unix_file_name_no_root L"\\??\\C:\\windows\\" -> "/work/stage2-copy/wineprefix/dosdevices/c:/windows/"
003c:trace:file:NtQueryDirectoryFile (0x144 (nil) (nil) (nil) 0x68e910 0x24b260 0x0000025e 0x00000003 0x00000000 L"system32" 0x00000001
003c:trace:file:read_directory_data_stat found system32
003c:trace:file:append_entry long L"system32" short L"" mask <null>
003c:trace:file:init_cached_dir_data mask L"system32" found 1 files
003c:trace:file:init_cached_dir_data L"system32" L""
003c:trace:file:NtQueryDirectoryFile => 0 (110)
003c:trace:file:FindNextFileW 0024B218 0068E980
003c:trace:file:FindNextFileW returning L"system32" (L"")
003c:trace:file:FindFirstFileExW L"C:\\windows\\system32\\svchost.exe" 0 0068E980 0 00000000 0
003c:trace:file:RtlDosPathNameToNtPathName_U_WithStatus (L"C:\\windows\\system32\\svchost.exe",0068E908,0068E904,00000000)
003c:trace:file:RtlGetFullPathName_U (L"C:\\windows\\system32\\svchost.exe" 520 0068E698 0068E904)
003c:trace:file:NtCreateFile handle=0x24b21c access=00100001 name=L"\\??\\C:\\windows\\system32\\" objattr=00000040 root=(nil) sec=(nil) io=0x68e910 alloc_size=(nil) attr=00000000 sharing=00000003 disp=1 options=00004021 ea=(nil).0x00000000
003c:trace:file:nt_to_unix_file_name_no_root L"\\??\\C:\\windows\\system32\\" -> "/work/stage2-copy/wineprefix/dosdevices/c:/windows/system32/"
003c:trace:file:NtQueryDirectoryFile (0x144 (nil) (nil) (nil) 0x68e910 0x24b260 0x0000025e 0x00000003 0x00000000 L"svchost.exe" 0x00000001
003c:trace:file:read_directory_data_stat found svchost.exe
003c:trace:file:append_entry long L"svchost.exe" short L"" mask <null>
003c:trace:file:init_cached_dir_data mask L"svchost.exe" found 1 files
003c:trace:file:init_cached_dir_data L"svchost.exe" L""
003c:trace:file:NtQueryDirectoryFile => 0 (116)
003c:trace:file:FindNextFileW 0024B218 0068E980
003c:trace:file:FindNextFileW returning L"svchost.exe" (L"")
003c:trace:file:GetLongPathNameW returning L"C:\\windows\\system32\\svchost.exe"
003c:trace:file:RtlGetFullPathName_U (L"C:\\windows\\system32\\svchost.exe" 520 0068F6B8 00000000)
003c:trace:file:RtlDosPathNameToNtPathName_U_WithStatus (L"C:\\windows\\system32\\svchost.exe",0068F2A8,00000000,00000000)
003c:trace:file:RtlGetFullPathName_U (L"C:\\windows\\system32\\svchost.exe" 520 0068F038 00000000)
003c:trace:file:nt_to_unix_file_name_no_root L"\\??\\C:\\windows\\" -> "/work/stage2-copy/wineprefix/dosdevices/c:/windows/"
003c:trace:file:nt_to_unix_file_name_no_root L"\\??\\C:\\windows\\system32\\svchost.exe" -> "/work/stage2-copy/wineprefix/dosdevices/c:/windows/system32/svchost.exe"
00d0:trace:file:find_drive_rootA "/usr/lib/wine/../../share/wine" -> drive Z:, root="/", name="/usr/lib/wine/../../share/wine"
00d0:trace:file:find_drive_rootA "/work/home" -> drive Z:, root="/", name="/work/home"
00d0:trace:file:find_drive_rootA "/work/stage2-copy/wineprefix" -> drive Z:, root="/", name="/work/stage2-copy/wineprefix"
00d0:trace:file:find_drive_rootA "/usr/lib/i386-linux-gnu/wine" -> drive Z:, root="/", name="/usr/lib/i386-linux-gnu/wine"
00d0:trace:file:nt_to_unix_file_name_no_root L"\\??\\C:\\windows\\system32\\svchost.exe" -> "/work/stage2-copy/wineprefix/dosdevices/c:/windows/system32/svchost.exe"
00d0:trace:file:errno_to_status errno = 9
003c:trace:file:NtFsControlFile (0x140,0x13c,(nil),0x68fbec,0x68fbec,0x00110008,(nil),0x00000000,(nil),0x00000000)
00d0:trace:file:RtlDosPathNameToNtPathName_U_WithStatus (L"C:\\windows\\",0061FBC0,00000000,00000000)
00d0:trace:file:RtlGetFullPathName_U (L"C:\\windows\\" 520 0061F974 00000000)
00d0:trace:file:NtCreateFile handle=0x61fbb4 access=00100020 name=L"\\??\\C:\\windows\\" objattr=00000040 root=(nil) sec=(nil) io=0x61fbc8 alloc_size=(nil) attr=00000000 sharing=00000003 disp=1 options=00000021 ea=(nil).0x00000000
00d0:trace:file:nt_to_unix_file_name_no_root L"\\??\\C:\\windows\\" -> "/work/stage2-copy/wineprefix/dosdevices/c:/windows/"
00d0:trace:file:RtlSetCurrentDirectory_U curdir now L"C:\\windows\\" 0000000C
00d0:trace:file:RtlDosPathNameToNtPathName_U_WithStatus (L"C:\\windows\\system32\\svchost.exe",0061FC88,00000000,00000000)
00d0:trace:file:RtlGetFullPathName_U (L"C:\\windows\\system32\\svchost.exe" 520 0061FA20 00000000)
00d0:trace:file:RtlDosPathNameToNtPathName_U_WithStatus (L"C:\\windows\\system32\\kernel32.dll",0061FB94,00000000,00000000)
00d0:trace:file:RtlGetFullPathName_U (L"C:\\windows\\system32\\kernel32.dll" 520 0061F840 00000000)
00d0:trace:file:NtCreateFile handle=0x61f9cc access=80100000 name=L"\\??\\C:\\windows\\system32\\kernel32.dll" objattr=00000040 root=(nil) sec=(nil) io=0x61f9d8 alloc_size=(nil) attr=00000000 sharing=00000005 disp=1 options=00000060 ea=(nil).0x00000000
00d0:trace:file:nt_to_unix_file_name_no_root L"\\??\\C:\\windows\\system32\\kernel32.dll" -> "/work/stage2-copy/wineprefix/dosdevices/c:/windows/system32/kernel32.dll"
00d0:trace:file:NtFsControlFile (0x10,(nil),(nil),(nil),0x61f9d8,0x0009009c,(nil),0x00000000,0x61f9f8,0x00000040)
00d0:trace:file:RtlDosPathNameToNtPathName_U_WithStatus (L"C:\\windows\\system32\\kernelbase.dll",0061F734,00000000,00000000)
00d0:trace:file:RtlGetFullPathName_U (L"C:\\windows\\system32\\kernelbase.dll" 520 0061F3E0 00000000)
00d0:trace:file:NtCreateFile handle=0x61f56c access=80100000 name=L"\\??\\C:\\windows\\system32\\kernelbase.dll" objattr=00000040 root=(nil) sec=(nil) io=0x61f578 alloc_size=(nil) attr=00000000 sharing=00000005 disp=1 options=00000060 ea=(nil).0x00000000
00d0:trace:file:nt_to_unix_file_name_no_root L"\\??\\C:\\windows\\system32\\kernelbase.dll" -> "/work/stage2-copy/wineprefix/dosdevices/c:/windows/system32/kernelbase.dll"
00d0:trace:file:NtFsControlFile (0x10,(nil),(nil),(nil),0x61f578,0x0009009c,(nil),0x00000000,0x61f598,0x00000040)
00d0:trace:file:RtlDosPathNameToNtPathName_U_WithStatus (L"C:\\windows\\system32\\svchost.exe.manifest",0061FAD8,00000000,00000000)
00d0:trace:file:RtlGetFullPathName_U (L"C:\\windows\\system32\\svchost.exe.manifest" 520 0061F880 00000000)
00d0:trace:file:NtCreateFile handle=0x61fad4 access=80100000 name=L"\\??\\C:\\windows\\system32\\svchost.exe.manifest" objattr=00000040 root=(nil) sec=(nil) io=0x61fae0 alloc_size=(nil) attr=00000000 sharing=00000005 disp=1 options=00000010 ea=(nil).0x00000000
00d0:trace:file:nt_to_unix_file_name_no_root L"windows\\system32\\svchost.exe.manifest" not found in "/work/stage2-copy/wineprefix/dosdevices/c:"
00d0:warn:file:NtCreateFile L"\\??\\C:\\windows\\system32\\svchost.exe.manifest" not found (c0000034)
00d0:trace:file:RtlDosPathNameToNtPathName_U_WithStatus (L"C:\\windows\\system32\\advapi32.dll",0061F88C,00000000,00000000)
00d0:trace:file:RtlGetFullPathName_U (L"C:\\windows\\system32\\advapi32.dll" 520 0061F538 00000000)
00d0:trace:file:NtCreateFile handle=0x61f6c4 access=80100000 name=L"\\??\\C:\\windows\\system32\\advapi32.dll" objattr=00000040 root=(nil) sec=(nil) io=0x61f6d0 alloc_size=(nil) attr=00000000 sharing=00000005 disp=1 options=00000060 ea=(nil).0x00000000
00d0:trace:file:nt_to_unix_file_name_no_root L"\\??\\C:\\windows\\system32\\advapi32.dll" -> "/work/stage2-copy/wineprefix/dosdevices/c:/windows/system32/advapi32.dll"
00d0:trace:file:NtFsControlFile (0x10,(nil),(nil),(nil),0x61f6d0,0x0009009c,(nil),0x00000000,0x61f6f0,0x00000040)
00d0:trace:file:RtlDosPathNameToNtPathName_U_WithStatus (L"C:\\windows\\system32\\msvcrt.dll",0061F42C,00000000,00000000)
00d0:trace:file:RtlGetFullPathName_U (L"C:\\windows\\system32\\msvcrt.dll" 520 0061F0D8 00000000)
00d0:trace:file:NtCreateFile handle=0x61f264 access=80100000 name=L"\\??\\C:\\windows\\system32\\msvcrt.dll" objattr=00000040 root=(nil) sec=(nil) io=0x61f270 alloc_size=(nil) attr=00000000 sharing=00000005 disp=1 options=00000060 ea=(nil).0x00000000
00d0:trace:file:nt_to_unix_file_name_no_root L"\\??\\C:\\windows\\system32\\msvcrt.dll" -> "/work/stage2-copy/wineprefix/dosdevices/c:/windows/system32/msvcrt.dll"
00d0:trace:file:NtFsControlFile (0x10,(nil),(nil),(nil),0x61f270,0x0009009c,(nil),0x00000000,0x61f290,0x00000040)
00d0:trace:file:RtlDosPathNameToNtPathName_U_WithStatus (L"C:\\windows\\system32\\sechost.dll",0061F42C,00000000,00000000)
00d0:trace:file:RtlGetFullPathName_U (L"C:\\windows\\system32\\sechost.dll" 520 0061F0D8 00000000)
00d0:trace:file:NtCreateFile handle=0x61f264 access=80100000 name=L"\\??\\C:\\windows\\system32\\sechost.dll" objattr=00000040 root=(nil) sec=(nil) io=0x61f270 alloc_size=(nil) attr=00000000 sharing=00000005 disp=1 options=00000060 ea=(nil).0x00000000
00d0:trace:file:nt_to_unix_file_name_no_root L"\\??\\C:\\windows\\system32\\sechost.dll" -> "/work/stage2-copy/wineprefix/dosdevices/c:/windows/system32/sechost.dll"
00d0:trace:file:NtFsControlFile (0x10,(nil),(nil),(nil),0x61f270,0x0009009c,(nil),0x00000000,0x61f290,0x00000040)
00d0:trace:file:RtlDosPathNameToNtPathName_U_WithStatus (L"C:\\windows\\system32\\ucrtbase.dll",0061EFCC,00000000,00000000)
00d0:trace:file:RtlGetFullPathName_U (L"C:\\windows\\system32\\ucrtbase.dll" 520 0061EC78 00000000)
00d0:trace:file:NtCreateFile handle=0x61ee04 access=80100000 name=L"\\??\\C:\\windows\\system32\\ucrtbase.dll" objattr=00000040 root=(nil) sec=(nil) io=0x61ee10 alloc_size=(nil) attr=00000000 sharing=00000005 disp=1 options=00000060 ea=(nil).0x00000000
00d0:trace:file:nt_to_unix_file_name_no_root L"\\??\\C:\\windows\\system32\\ucrtbase.dll" -> "/work/stage2-copy/wineprefix/dosdevices/c:/windows/system32/ucrtbase.dll"
00d0:trace:file:NtFsControlFile (0x10,(nil),(nil),(nil),0x61ee10,0x0009009c,(nil),0x00000000,0x61ee30,0x00000040)
00d0:trace:file:GetFileAttributesW L"C:\\windows\\system32\\tzres.dll"
00d0:trace:file:RtlDosPathNameToNtPathName_U_WithStatus (L"C:\\windows\\system32\\tzres.dll",0061F5E8,00000000,00000000)
00d0:trace:file:RtlGetFullPathName_U (L"C:\\windows\\system32\\tzres.dll" 520 0061F3A0 00000000)
00d0:trace:file:nt_to_unix_file_name_no_root L"\\??\\C:\\windows\\system32\\tzres.dll" -> "/work/stage2-copy/wineprefix/dosdevices/c:/windows/system32/tzres.dll"
00d0:trace:file:RtlGetFullPathName_U (L"C:\\windows\\system32\\tzres.dll" 0 00000000 00000000)
00d0:trace:file:RtlGetFullPathName_U (L"C:\\windows\\system32\\tzres.dll" 60 002431C0 00000000)
00d0:trace:file:RtlDosPathNameToNtPathName_U_WithStatus (L"C:\\windows\\system32\\tzres.dll",0061F5A0,00000000,00000000)
00d0:trace:file:RtlGetFullPathName_U (L"C:\\windows\\system32\\tzres.dll" 520 0061F2BC 00000000)
00d0:trace:file:NtCreateFile handle=0x61f44c access=80100000 name=L"\\??\\C:\\windows\\system32\\tzres.dll" objattr=00000040 root=(nil) sec=(nil) io=0x61f458 alloc_size=(nil) attr=00000000 sharing=00000005 disp=1 options=00000060 ea=(nil).0x00000000
00d0:trace:file:nt_to_unix_file_name_no_root L"\\??\\C:\\windows\\system32\\tzres.dll" -> "/work/stage2-copy/wineprefix/dosdevices/c:/windows/system32/tzres.dll"
00d0:trace:file:NtFsControlFile (0x28,(nil),(nil),(nil),0x61f458,0x0009009c,(nil),0x00000000,0x61f478,0x00000040)
00d0:trace:file:RtlDosPathNameToNtPathName_U_WithStatus (L"C:\\windows\\system32\\tzres.dll",0061F2C0,00000000,00000000)
00d0:trace:file:RtlGetFullPathName_U (L"C:\\windows\\system32\\tzres.dll" 520 0061F094 00000000)
00d0:trace:file:nt_to_unix_file_name_no_root L"\\??\\C:\\windows\\system32\\tzres.dll" -> "/work/stage2-copy/wineprefix/dosdevices/c:/windows/system32/tzres.dll"
00d0:trace:file:RtlGetFullPathName_U (L"C:\\windows\\system32\\tzres.dll" 520 0061F3E0 00000000)
00d0:trace:file:CreateFileW L"C:\\windows\\system32\\tzres.dll" GENERIC_READ FILE_SHARE_READ FILE_SHARE_DELETE  creation 3 attributes 0x0
00d0:trace:file:RtlDosPathNameToNtPathName_U_WithStatus (L"C:\\windows\\system32\\tzres.dll",0061F36C,00000000,00000000)
00d0:trace:file:RtlGetFullPathName_U (L"C:\\windows\\system32\\tzres.dll" 520 0061F0E8 00000000)
00d0:trace:file:NtCreateFile handle=0x61f368 access=80100080 name=L"\\??\\C:\\windows\\system32\\tzres.dll" objattr=00000040 root=(nil) sec=(nil) io=0x61f374 alloc_size=(nil) attr=00000000 sharing=00000005 disp=1 options=00000060 ea=(nil).0x00000000
00d0:trace:file:nt_to_unix_file_name_no_root L"\\??\\C:\\windows\\system32\\tzres.dll" -> "/work/stage2-copy/wineprefix/dosdevices/c:/windows/system32/tzres.dll"
00d0:trace:file:CreateFileW returning 00000028
00d0:trace:file:GetFileAttributesW L"C:\\windows\\system32\\tzres.dll"
00d0:trace:file:RtlDosPathNameToNtPathName_U_WithStatus (L"C:\\windows\\system32\\tzres.dll",0061F5E8,00000000,00000000)
00d0:trace:file:RtlGetFullPathName_U (L"C:\\windows\\system32\\tzres.dll" 520 0061F3A0 00000000)
00d0:trace:file:nt_to_unix_file_name_no_root L"\\??\\C:\\windows\\system32\\tzres.dll" -> "/work/stage2-copy/wineprefix/dosdevices/c:/windows/system32/tzres.dll"
00d0:trace:file:RtlGetFullPathName_U (L"C:\\windows\\system32\\tzres.dll" 0 00000000 00000000)
00d0:trace:file:RtlGetFullPathName_U (L"C:\\windows\\system32\\tzres.dll" 60 00243288 00000000)
00d0:trace:file:RtlDosPathNameToNtPathName_U_WithStatus (L"C:\\windows\\system32\\tzres.dll",0061F5A0,00000000,00000000)
00d0:trace:file:RtlGetFullPathName_U (L"C:\\windows\\system32\\tzres.dll" 520 0061F2BC 00000000)
00d0:trace:file:NtCreateFile handle=0x61f44c access=80100000 name=L"\\??\\C:\\windows\\system32\\tzres.dll" objattr=00000040 root=(nil) sec=(nil) io=0x61f458 alloc_size=(nil) attr=00000000 sharing=00000005 disp=1 options=00000060 ea=(nil).0x00000000
00d0:trace:file:nt_to_unix_file_name_no_root L"\\??\\C:\\windows\\system32\\tzres.dll" -> "/work/stage2-copy/wineprefix/dosdevices/c:/windows/system32/tzres.dll"
00d0:trace:file:NtFsControlFile (0x28,(nil),(nil),(nil),0x61f458,0x0009009c,(nil),0x00000000,0x61f478,0x00000040)
00d0:trace:file:RtlDosPathNameToNtPathName_U_WithStatus (L"C:\\windows\\system32\\tzres.dll",0061F2C0,00000000,00000000)
00d0:trace:file:RtlGetFullPathName_U (L"C:\\windows\\system32\\tzres.dll" 520 0061F094 00000000)
00d0:trace:file:nt_to_unix_file_name_no_root L"\\??\\C:\\windows\\system32\\tzres.dll" -> "/work/stage2-copy/wineprefix/dosdevices/c:/windows/system32/tzres.dll"
00d0:trace:file:RtlGetFullPathName_U (L"C:\\windows\\system32\\tzres.dll" 520 0061F3E0 00000000)
00d0:trace:file:CreateFileW L"C:\\windows\\system32\\tzres.dll" GENERIC_READ FILE_SHARE_READ FILE_SHARE_DELETE  creation 3 attributes 0x0
00d0:trace:file:RtlDosPathNameToNtPathName_U_WithStatus (L"C:\\windows\\system32\\tzres.dll",0061F36C,00000000,00000000)
00d0:trace:file:RtlGetFullPathName_U (L"C:\\windows\\system32\\tzres.dll" 520 0061F0E8 00000000)
00d0:trace:file:NtCreateFile handle=0x61f368 access=80100080 name=L"\\??\\C:\\windows\\system32\\tzres.dll" objattr=00000040 root=(nil) sec=(nil) io=0x61f374 alloc_size=(nil) attr=00000000 sharing=00000005 disp=1 options=00000060 ea=(nil).0x00000000
00d0:trace:file:nt_to_unix_file_name_no_root L"\\??\\C:\\windows\\system32\\tzres.dll" -> "/work/stage2-copy/wineprefix/dosdevices/c:/windows/system32/tzres.dll"
00d0:trace:file:CreateFileW returning 00000028
00d0:trace:file:RtlDosPathNameToNtPathName_U_WithStatus (L"C:\\windows\\system32\\wevtsvc.dll",0061FD9C,00000000,00000000)
00d0:trace:file:RtlGetFullPathName_U (L"C:\\windows\\system32\\wevtsvc.dll" 520 0061FA80 00000000)
00d0:trace:file:NtCreateFile handle=0x61fc0c access=80100000 name=L"\\??\\C:\\windows\\system32\\wevtsvc.dll" objattr=00000040 root=(nil) sec=(nil) io=0x61fc18 alloc_size=(nil) attr=00000000 sharing=00000005 disp=1 options=00000060 ea=(nil).0x00000000
00d0:trace:file:nt_to_unix_file_name_no_root L"\\??\\C:\\windows\\system32\\wevtsvc.dll" -> "/work/stage2-copy/wineprefix/dosdevices/c:/windows/system32/wevtsvc.dll"
00d0:trace:file:NtFsControlFile (0x24,(nil),(nil),(nil),0x61fc18,0x0009009c,(nil),0x00000000,0x61fc38,0x00000040)
00d0:trace:file:RtlDosPathNameToNtPathName_U_WithStatus (L"C:\\windows\\system32\\rpcrt4.dll",0061F8C4,00000000,00000000)
00d0:trace:file:RtlGetFullPathName_U (L"C:\\windows\\system32\\rpcrt4.dll" 520 0061F570 00000000)
00d0:trace:file:NtCreateFile handle=0x61f6fc access=80100000 name=L"\\??\\C:\\windows\\system32\\rpcrt4.dll" objattr=00000040 root=(nil) sec=(nil) io=0x61f708 alloc_size=(nil) attr=00000000 sharing=00000005 disp=1 options=00000060 ea=(nil).0x00000000
00d0:trace:file:nt_to_unix_file_name_no_root L"\\??\\C:\\windows\\system32\\rpcrt4.dll" -> "/work/stage2-copy/wineprefix/dosdevices/c:/windows/system32/rpcrt4.dll"
00d0:trace:file:NtFsControlFile (0x24,(nil),(nil),(nil),0x61f708,0x0009009c,(nil),0x00000000,0x61f728,0x00000040)
00d0:trace:file:CreateFileW L"\\\\.\\pipe\\svcctl" GENERIC_READ GENERIC_WRITE  creation 3 attributes 0x40000000
00d0:trace:file:RtlDosPathNameToNtPathName_U_WithStatus (L"\\\\.\\pipe\\svcctl",0061F85C,00000000,00000000)
00d0:trace:file:RtlGetFullPathName_U (L"\\\\.\\pipe\\svcctl" 520 0061F5D8 00000000)
00d0:trace:file:NtCreateFile handle=0x61f858 access=c0100080 name=L"\\??\\pipe\\svcctl" objattr=00000040 root=(nil) sec=(nil) io=0x61f864 alloc_size=(nil) attr=00000000 sharing=00000000 disp=1 options=00000040 ea=(nil).0x00000000
00d0:trace:file:CreateFileW returning 00000024
00d0:trace:file:NtSetInformationFile (0x24,0x61f888,0x61f880,0x00000008,0x00000017)
00d0:trace:file:NtWriteFile (0x24,0x28,(nil),(nil),0x61f848,0x983198,0x00000048,(nil),(nil))
0040:trace:file:RtlDosPathNameToNtPathName_U_WithStatus (L"\\\\.\\pipe\\svcctl",00D0FBD0,00000000,00000000)
0040:trace:file:RtlGetFullPathName_U (L"\\\\.\\pipe\\svcctl" 520 00D0F93C 00000000)
00d0:trace:file:NtReadFile (0x24,0x28,(nil),(nil),0x982c04,0x61f874,0x00000010,(nil),(nil))
0040:trace:file:NtCreateNamedPipeFile (0xd0fbc4 c0100000 L"\\??\\pipe\\svcctl" 0xd0fbd8 3 3 0 1 1 0 -1 5840 5840 0xd0fbc8)
0040:trace:file:NtFsControlFile (0x144,0xb4,(nil),(nil),0x9f5d5c,0x00110008,(nil),0x00000000,(nil),0x00000000)
00d4:trace:file:NtReadFile (0x128,0x148,(nil),(nil),0x9fff64,0x260fe8c,0x00000010,(nil),(nil))
00d4:trace:file:NtReadFile (0x128,0x148,(nil),(nil),0x9fff64,0x1916c28,0x0000000c,(nil),(nil))
00d4:trace:file:NtReadFile (0x128,0x148,(nil),(nil),0x9fff64,0x19164c0,0x0000002c,(nil),(nil))
00d4:trace:file:NtWriteFile (0x128,0x148,(nil),(nil),0x260fe24,0x1917698,0x00000044,(nil),(nil))
00d4:trace:file:NtReadFile (0x128,0x148,(nil),(nil),0x9fff64,0x260fe8c,0x00000010,(nil),(nil))
00d0:trace:file:NtReadFile (0x24,0x28,(nil),(nil),0x982c04,0x982db8,0x00000008,(nil),(nil))
00d0:trace:file:NtReadFile (0x24,0x28,(nil),(nil),0x982c04,0x983110,0x0000002c,(nil),(nil))
00d0:trace:file:NtWriteFile (0x24,0x28,(nil),(nil),0x61f8fc,0x983110,0x00000024,(nil),(nil))
00d0:trace:file:NtReadFile (0x24,0x28,(nil),(nil),0x982c04,0x61f940,0x00000010,(nil),(nil))
00d4:trace:file:NtReadFile (0x128,0x148,(nil),(nil),0x9fff64,0x1917210,0x00000008,(nil),(nil))
00d4:trace:file:NtReadFile (0x128,0x148,(nil),(nil),0x9fff64,0x19172e0,0x0000000c,(nil),(nil))
00d4:trace:file:NtReadFile (0x128,0x148,(nil),(nil),0x9fff64,0x260fe8c,0x00000010,(nil),(nil))
00a0:trace:file:NtWriteFile (0x128,0x150,(nil),(nil),0x200fcc0,0x19121c8,0x00000030,(nil),(nil))
00d0:trace:file:NtReadFile (0x24,0x28,(nil),(nil),0x982c04,0x982db8,0x00000008,(nil),(nil))
00d0:trace:file:NtReadFile (0x24,0x28,(nil),(nil),0x982c04,0x982dc8,0x00000018,(nil),(nil))
00d0:trace:file:CreateFileW L"\\\\.\\pipe\\net\\NtControlPipe3" GENERIC_READ GENERIC_WRITE  creation 4 attributes 0x0
00d0:trace:file:RtlDosPathNameToNtPathName_U_WithStatus (L"\\\\.\\pipe\\net\\NtControlPipe3",0061FC0C,00000000,00000000)
00d0:trace:file:RtlGetFullPathName_U (L"\\\\.\\pipe\\net\\NtControlPipe3" 520 0061F988 00000000)
00d0:trace:file:NtCreateFile handle=0x61fc08 access=c0100080 name=L"\\??\\pipe\\net\\NtControlPipe3" objattr=00000040 root=(nil) sec=(nil) io=0x61fc14 alloc_size=(nil) attr=00000000 sharing=00000000 disp=3 options=00000060 ea=(nil).0x00000000
00d0:trace:file:CreateFileW returning 0000002C
003c:trace:file:GetOverlappedResultEx (00000140 0068FBEC 0068FBE0 0 0)
003c:trace:file:WriteFile 00000140 009FDF50 54 0068FB78 0068FB7C
003c:trace:file:NtWriteFile (0x140,0x13c,(nil),0x68fb7c,0x68fb7c,0x9fdf50,0x00000036,0x68fb30,(nil))
003c:trace:file:ReadFile 00000140 0068FBE4 4 0068FB78 0068FB7C
003c:trace:file:NtReadFile (0x140,0x13c,(nil),0x68fb7c,0x68fb7c,0x68fbe4,0x00000004,0x68fb30,(nil))
00d8:trace:file:ReadFile 0000002C 00C9FF30 16 00C9FF28 00000000
00d8:trace:file:NtReadFile (0x2c,(nil),(nil),(nil),0xc9fee8,0xc9ff30,0x00000010,(nil),(nil))
00d8:trace:file:ReadFile 0000002C 00982C30 38 00C9FF28 00000000
00d8:trace:file:NtReadFile (0x2c,(nil),(nil),(nil),0xc9fee8,0x982c30,0x00000026,(nil),(nil))
00d8:trace:file:NtWriteFile (0x24,0x28,(nil),(nil),0xc9fbc0,0x983618,0x00000050,(nil),(nil))
00d8:trace:file:NtReadFile (0x24,0x28,(nil),(nil),0x982c04,0xc9fc04,0x00000010,(nil),(nil))
00d4:trace:file:NtReadFile (0x128,0x148,(nil),(nil),0x9fff64,0x1917210,0x00000008,(nil),(nil))
00d4:trace:file:NtReadFile (0x128,0x148,(nil),(nil),0x9fff64,0x1916440,0x00000038,(nil),(nil))
00d4:trace:file:NtReadFile (0x128,0x148,(nil),(nil),0x9fff64,0x260fe8c,0x00000010,(nil),(nil))
00a0:trace:file:NtWriteFile (0x128,0x150,(nil),(nil),0x200fcc0,0x19121c8,0x00000030,(nil),(nil))
00d8:trace:file:NtReadFile (0x24,0x28,(nil),(nil),0x982c04,0x983210,0x00000008,(nil),(nil))
00d8:trace:file:NtReadFile (0x24,0x28,(nil),(nil),0x982c04,0x983220,0x00000018,(nil),(nil))
00d8:trace:file:NtWriteFile (0x24,0x28,(nil),(nil),0xc9fbc0,0x9836b0,0x00000050,(nil),(nil))
00d8:trace:file:NtReadFile (0x24,0x28,(nil),(nil),0x982c04,0xc9fc04,0x00000010,(nil),(nil))
00d4:trace:file:NtReadFile (0x128,0x148,(nil),(nil),0x9fff64,0x1917210,0x00000008,(nil),(nil))
00d4:trace:file:NtReadFile (0x128,0x148,(nil),(nil),0x9fff64,0x19164c0,0x00000038,(nil),(nil))
00d4:trace:file:NtReadFile (0x128,0x148,(nil),(nil),0x9fff64,0x260fe8c,0x00000010,(nil),(nil))
00a0:trace:file:NtWriteFile (0x128,0x150,(nil),(nil),0x200fcc0,0x19121c8,0x00000030,(nil),(nil))
00d8:trace:file:NtReadFile (0x24,0x28,(nil),(nil),0x982c04,0x983250,0x00000008,(nil),(nil))
00d8:trace:file:NtReadFile (0x24,0x28,(nil),(nil),0x982c04,0x983280,0x00000018,(nil),(nil))
00d8:trace:file:WriteFile 0000002C 00C9FF2C 4 00C9FF28 00000000
00d8:trace:file:NtWriteFile (0x2c,(nil),(nil),(nil),0xc9fee8,0xc9ff2c,0x00000004,(nil),(nil))
00d8:trace:file:ReadFile 0000002C 00C9FF30 16 00C9FF28 00000000
00d8:trace:file:NtReadFile (0x2c,(nil),(nil),(nil),0xc9fee8,0xc9ff30,0x00000010,(nil),(nil))
003c:trace:file:GetOverlappedResultEx (00000140 0068FB7C 0068FB78 0 0)
00dc:trace:file:NtWriteFile (0x24,0x28,(nil),(nil),0xf9fb74,0x983b58,0x00000048,(nil),(nil))
00dc:trace:file:NtReadFile (0x24,0x28,(nil),(nil),0x982c04,0xf9fbb8,0x00000010,(nil),(nil))
00d4:trace:file:NtReadFile (0x128,0x148,(nil),(nil),0x9fff64,0x1917210,0x00000008,(nil),(nil))
00d4:trace:file:NtReadFile (0x128,0x148,(nil),(nil),0x9fff64,0x1916440,0x00000030,(nil),(nil))
00d4:trace:file:NtReadFile (0x128,0x148,(nil),(nil),0x9fff64,0x260fe8c,0x00000010,(nil),(nil))
00a0:trace:file:NtWriteFile (0x128,0x150,(nil),(nil),0x200fcc0,0x1912e18,0x0000001c,(nil),(nil))
00dc:trace:file:NtReadFile (0x24,0x28,(nil),(nil),0x982c04,0x983730,0x00000008,(nil),(nil))
003c:trace:file:NtFsControlFile (0xc8,0xc4,(nil),0x68fbec,0x68fbec,0x00110008,(nil),0x00000000,(nil),0x00000000)
003c:trace:file:WriteFile 000000C8 009F6380 36 0068FB78 0068FB7C
00dc:trace:file:NtReadFile (0x24,0x28,(nil),(nil),0x982c04,0x983740,0x00000004,(nil),(nil))
003c:trace:file:NtWriteFile (0xc8,0xc4,(nil),0x68fb7c,0x68fb7c,0x9f6380,0x00000024,0x68fb30,(nil))
003c:trace:file:ReadFile 000000C8 0068FBE4 4 0068FB78 0068FB7C
005c:trace:file:ReadFile 0000002C 00983290 20 00CBFF28 00000000
003c:trace:file:NtReadFile (0xc8,0xc4,(nil),0x68fb7c,0x68fb7c,0x68fbe4,0x00000004,0x68fb30,(nil))
005c:trace:file:NtReadFile (0x2c,(nil),(nil),(nil),0xcbfee8,0x983290,0x00000014,(nil),(nil))
005c:trace:file:NtWriteFile (0x24,0x28,(nil),(nil),0xcbfac8,0x983c38,0x00000024,(nil),(nil))
005c:trace:file:NtReadFile (0x24,0x28,(nil),(nil),0x982ba4,0xcbfb0c,0x00000010,(nil),(nil))
0054:trace:file:NtReadFile (0xa0,0xdc,(nil),(nil),0x9f7d84,0x9f8458,0x00000008,(nil),(nil))
0054:trace:file:NtReadFile (0xa0,0xdc,(nil),(nil),0x9f7d84,0x9f8528,0x0000000c,(nil),(nil))
0054:trace:file:NtReadFile (0xa0,0xdc,(nil),(nil),0x9f7d84,0x100fe8c,0x00000010,(nil),(nil))
00a0:trace:file:NtWriteFile (0xa0,0xe4,(nil),(nil),0x200fcc0,0x19121c8,0x00000030,(nil),(nil))
005c:trace:file:NtReadFile (0x24,0x28,(nil),(nil),0x982ba4,0x983460,0x00000008,(nil),(nil))
005c:trace:file:NtReadFile (0x24,0x28,(nil),(nil),0x982ba4,0x9834d0,0x00000018,(nil),(nil))
005c:trace:file:NtWriteFile (0x24,0x28,(nil),(nil),0xcbfad4,0x983b20,0x00000050,(nil),(nil))
005c:trace:file:NtReadFile (0x24,0x28,(nil),(nil),0x982ba4,0xcbfb18,0x00000010,(nil),(nil))
0054:trace:file:NtReadFile (0xa0,0xdc,(nil),(nil),0x9f7d84,0x9f8458,0x00000008,(nil),(nil))
0054:trace:file:NtReadFile (0xa0,0xdc,(nil),(nil),0x9f7d84,0x9f88f8,0x00000038,(nil),(nil))
0054:trace:file:NtReadFile (0xa0,0xdc,(nil),(nil),0x9f7d84,0x100fe8c,0x00000010,(nil),(nil))
00a0:trace:file:NtWriteFile (0xa0,0xe4,(nil),(nil),0x200fcc0,0x19121c8,0x00000030,(nil),(nil))
005c:trace:file:NtReadFile (0x24,0x28,(nil),(nil),0x982ba4,0x983480,0x00000008,(nil),(nil))
005c:trace:file:NtReadFile (0x24,0x28,(nil),(nil),0x982ba4,0x983490,0x00000018,(nil),(nil))
005c:trace:file:NtWriteFile (0x24,0x28,(nil),(nil),0xcbfae4,0x9844d8,0x0000002c,(nil),(nil))
005c:trace:file:NtReadFile (0x24,0x28,(nil),(nil),0x982ba4,0xcbfb28,0x00000010,(nil),(nil))
0054:trace:file:NtReadFile (0xa0,0xdc,(nil),(nil),0x9f7d84,0x9f8458,0x00000008,(nil),(nil))
0054:trace:file:NtReadFile (0xa0,0xdc,(nil),(nil),0x9f7d84,0x9f8528,0x00000014,(nil),(nil))
0054:trace:file:NtReadFile (0xa0,0xdc,(nil),(nil),0x9f7d84,0x100fe8c,0x00000010,(nil),(nil))
00a0:trace:file:NtWriteFile (0xa0,0xe4,(nil),(nil),0x200fcc0,0x19121c8,0x00000030,(nil),(nil))
005c:trace:file:NtReadFile (0x24,0x28,(nil),(nil),0x982ba4,0x983520,0x00000008,(nil),(nil))
005c:trace:file:NtReadFile (0x24,0x28,(nil),(nil),0x982ba4,0x983530,0x00000018,(nil),(nil))
005c:trace:file:NtWriteFile (0x24,0x28,(nil),(nil),0xcbfaa4,0x984488,0x00000030,(nil),(nil))
005c:trace:file:NtReadFile (0x24,0x28,(nil),(nil),0x982ba4,0xcbfae8,0x00000010,(nil),(nil))
0054:trace:file:NtReadFile (0xa0,0xdc,(nil),(nil),0x9f7d84,0x9f8458,0x00000008,(nil),(nil))
0054:trace:file:NtReadFile (0xa0,0xdc,(nil),(nil),0x9f7d84,0x9f8528,0x00000018,(nil),(nil))
0054:trace:file:NtReadFile (0xa0,0xdc,(nil),(nil),0x9f7d84,0x100fe8c,0x00000010,(nil),(nil))
00a0:trace:file:NtWriteFile (0xa0,0xe4,(nil),(nil),0x200fcc0,0x19180c0,0x0000011c,(nil),(nil))
005c:trace:file:NtReadFile (0x24,0x28,(nil),(nil),0x982ba4,0x983440,0x00000008,(nil),(nil))
005c:trace:file:NtReadFile (0x24,0x28,(nil),(nil),0x982ba4,0x984488,0x00000104,(nil),(nil))
005c:trace:file:NtWriteFile (0x24,0x28,(nil),(nil),0xcbfaa4,0x984488,0x00000030,(nil),(nil))
005c:trace:file:NtReadFile (0x24,0x28,(nil),(nil),0x982ba4,0xcbfae8,0x00000010,(nil),(nil))
0054:trace:file:NtReadFile (0xa0,0xdc,(nil),(nil),0x9f7d84,0x9f8458,0x00000008,(nil),(nil))
0054:trace:file:NtReadFile (0xa0,0xdc,(nil),(nil),0x9f7d84,0x9f8528,0x00000018,(nil),(nil))
0054:trace:file:NtReadFile (0xa0,0xdc,(nil),(nil),0x9f7d84,0x100fe8c,0x00000010,(nil),(nil))
00a0:trace:file:NtWriteFile (0xa0,0xe4,(nil),(nil),0x200fcc0,0x19180c0,0x0000011c,(nil),(nil))
005c:trace:file:NtReadFile (0x24,0x28,(nil),(nil),0x982ba4,0x983440,0x00000008,(nil),(nil))
005c:trace:file:NtReadFile (0x24,0x28,(nil),(nil),0x982ba4,0x984488,0x00000104,(nil),(nil))
005c:trace:file:NtWriteFile (0x24,0x28,(nil),(nil),0xcbfabc,0x9844c8,0x00000048,(nil),(nil))
005c:trace:file:NtReadFile (0x24,0x28,(nil),(nil),0x982ba4,0xcbfb00,0x00000010,(nil),(nil))
0054:trace:file:NtReadFile (0xa0,0xdc,(nil),(nil),0x9f7d84,0x9f8458,0x00000008,(nil),(nil))
0054:trace:file:NtReadFile (0xa0,0xdc,(nil),(nil),0x9f7d84,0x9f88f8,0x00000030,(nil),(nil))
0054:trace:file:NtReadFile (0xa0,0xdc,(nil),(nil),0x9f7d84,0x100fe8c,0x00000010,(nil),(nil))
00a0:trace:file:NtWriteFile (0xa0,0xe4,(nil),(nil),0x200fcc0,0x1912e48,0x0000001c,(nil),(nil))
005c:trace:file:NtReadFile (0x24,0x28,(nil),(nil),0x982ba4,0x983440,0x00000008,(nil),(nil))
005c:trace:file:NtReadFile (0x24,0x28,(nil),(nil),0x982ba4,0x983450,0x00000004,(nil),(nil))
005c:trace:file:RtlDosPathNameToNtPathName_U_WithStatus (L"C:\\windows\\system32\\drivers\\nsiproxy.sys",00CBFA2C,00000000,00000000)
005c:trace:file:RtlGetFullPathName_U (L"C:\\windows\\system32\\drivers\\nsiproxy.sys" 520 00CBF710 00000000)
005c:trace:file:NtCreateFile handle=0xcbf89c access=80100000 name=L"\\??\\C:\\windows\\system32\\drivers\\nsiproxy.sys" objattr=00000040 root=(nil) sec=(nil) io=0xcbf8a8 alloc_size=(nil) attr=00000000 sharing=00000005 disp=1 options=00000060 ea=(nil).0x00000000
005c:trace:file:nt_to_unix_file_name_no_root L"\\??\\C:\\windows\\system32\\drivers\\nsiproxy.sys" -> "/work/stage2-copy/wineprefix/dosdevices/c:/windows/system32/drivers/nsiproxy.sys"
005c:trace:file:NtFsControlFile (0x54,(nil),(nil),(nil),0xcbf8a8,0x0009009c,(nil),0x00000000,0xcbf8c8,0x00000040)
005c:trace:file:NtWriteFile (0x24,0x28,(nil),(nil),0xcbfabc,0x9844c8,0x00000048,(nil),(nil))
005c:trace:file:NtReadFile (0x24,0x28,(nil),(nil),0x982ba4,0xcbfb00,0x00000010,(nil),(nil))
0054:trace:file:NtReadFile (0xa0,0xdc,(nil),(nil),0x9f7d84,0x9f8458,0x00000008,(nil),(nil))
0054:trace:file:NtReadFile (0xa0,0xdc,(nil),(nil),0x9f7d84,0x9f8938,0x00000030,(nil),(nil))
0054:trace:file:NtReadFile (0xa0,0xdc,(nil),(nil),0x9f7d84,0x100fe8c,0x00000010,(nil),(nil))
00a0:trace:file:NtWriteFile (0xa0,0xe4,(nil),(nil),0x200fcc0,0x1912e48,0x0000001c,(nil),(nil))
005c:trace:file:NtReadFile (0x24,0x28,(nil),(nil),0x982ba4,0x983440,0x00000008,(nil),(nil))
005c:trace:file:NtReadFile (0x24,0x28,(nil),(nil),0x982ba4,0x983450,0x00000004,(nil),(nil))
005c:trace:file:WriteFile 0000002C 00CBFF2C 4 00CBFF28 00000000
005c:trace:file:NtWriteFile (0x2c,(nil),(nil),(nil),0xcbfee8,0xcbff2c,0x00000004,(nil),(nil))
005c:trace:file:ReadFile 0000002C 00CBFF30 16 00CBFF28 00000000
005c:trace:file:NtReadFile (0x2c,(nil),(nil),(nil),0xcbfee8,0xcbff30,0x00000010,(nil),(nil))
003c:trace:file:GetOverlappedResultEx (000000C8 0068FB7C 0068FB78 0 0)
003c:trace:file:NtFsControlFile (0xc8,0xc4,(nil),0x68fbec,0x68fbec,0x00110008,(nil),0x00000000,(nil),0x00000000)
003c:trace:file:WriteFile 000000C8 009F6380 28 0068FB78 0068FB7C
003c:trace:file:NtWriteFile (0xc8,0xc4,(nil),0x68fb7c,0x68fb7c,0x9f6380,0x0000001c,0x68fb30,(nil))
003c:trace:file:ReadFile 000000C8 0068FBE4 4 0068FB78 0068FB7C
003c:trace:file:NtReadFile (0xc8,0xc4,(nil),0x68fb7c,0x68fb7c,0x68fbe4,0x00000004,0x68fb30,(nil))
005c:trace:file:ReadFile 0000002C 00983290 12 00CBFF28 00000000
005c:trace:file:NtReadFile (0x2c,(nil),(nil),(nil),0xcbfee8,0x983290,0x0000000c,(nil),(nil))
005c:trace:file:NtWriteFile (0x24,0x28,(nil),(nil),0xcbfac8,0x983c38,0x00000024,(nil),(nil))
005c:trace:file:NtReadFile (0x24,0x28,(nil),(nil),0x982ba4,0xcbfb0c,0x00000010,(nil),(nil))
0054:trace:file:NtReadFile (0xa0,0xdc,(nil),(nil),0x9f7d84,0x9f8458,0x00000008,(nil),(nil))
0054:trace:file:NtReadFile (0xa0,0xdc,(nil),(nil),0x9f7d84,0x9f8528,0x0000000c,(nil),(nil))
0054:trace:file:NtReadFile (0xa0,0xdc,(nil),(nil),0x9f7d84,0x100fe8c,0x00000010,(nil),(nil))
00a0:trace:file:NtWriteFile (0xa0,0xe4,(nil),(nil),0x200fcc0,0x19121c8,0x00000030,(nil),(nil))
005c:trace:file:NtReadFile (0x24,0x28,(nil),(nil),0x982ba4,0x983460,0x00000008,(nil),(nil))
005c:trace:file:NtReadFile (0x24,0x28,(nil),(nil),0x982ba4,0x983530,0x00000018,(nil),(nil))
005c:trace:file:NtWriteFile (0x24,0x28,(nil),(nil),0xcbfad4,0x984528,0x00000048,(nil),(nil))
005c:trace:file:NtReadFile (0x24,0x28,(nil),(nil),0x982ba4,0xcbfb18,0x00000010,(nil),(nil))
0054:trace:file:NtReadFile (0xa0,0xdc,(nil),(nil),0x9f7d84,0x9f8458,0x00000008,(nil),(nil))
0054:trace:file:NtReadFile (0xa0,0xdc,(nil),(nil),0x9f7d84,0x9f8938,0x00000030,(nil),(nil))
0054:trace:file:NtReadFile (0xa0,0xdc,(nil),(nil),0x9f7d84,0x100fe8c,0x00000010,(nil),(nil))
00a0:trace:file:NtWriteFile (0xa0,0xe4,(nil),(nil),0x200fcc0,0x19121c8,0x00000030,(nil),(nil))
005c:trace:file:NtReadFile (0x24,0x28,(nil),(nil),0x982ba4,0x9834c0,0x00000008,(nil),(nil))
005c:trace:file:NtReadFile (0x24,0x28,(nil),(nil),0x982ba4,0x9834d0,0x00000018,(nil),(nil))
005c:trace:file:NtWriteFile (0x24,0x28,(nil),(nil),0xcbfae4,0x984568,0x0000002c,(nil),(nil))
005c:trace:file:NtReadFile (0x24,0x28,(nil),(nil),0x982ba4,0xcbfb28,0x00000010,(nil),(nil))
0054:trace:file:NtReadFile (0xa0,0xdc,(nil),(nil),0x9f7d84,0x9f8458,0x00000008,(nil),(nil))
0054:trace:file:NtReadFile (0xa0,0xdc,(nil),(nil),0x9f7d84,0x9f8528,0x00000014,(nil),(nil))
0054:trace:file:NtReadFile (0xa0,0xdc,(nil),(nil),0x9f7d84,0x100fe8c,0x00000010,(nil),(nil))
00a0:trace:file:NtWriteFile (0xa0,0xe4,(nil),(nil),0x200fcc0,0x19121c8,0x00000030,(nil),(nil))
005c:trace:file:NtReadFile (0x24,0x28,(nil),(nil),0x982ba4,0x983580,0x00000008,(nil),(nil))
005c:trace:file:NtReadFile (0x24,0x28,(nil),(nil),0x982ba4,0x983590,0x00000018,(nil),(nil))
005c:trace:file:NtWriteFile (0x24,0x28,(nil),(nil),0xcbfaa4,0x984488,0x00000030,(nil),(nil))
005c:trace:file:NtReadFile (0x24,0x28,(nil),(nil),0x982ba4,0xcbfae8,0x00000010,(nil),(nil))
0054:trace:file:NtReadFile (0xa0,0xdc,(nil),(nil),0x9f7d84,0x9f8458,0x00000008,(nil),(nil))
0054:trace:file:NtReadFile (0xa0,0xdc,(nil),(nil),0x9f7d84,0x9f8528,0x00000018,(nil),(nil))
0054:trace:file:NtReadFile (0xa0,0xdc,(nil),(nil),0x9f7d84,0x100fe8c,0x00000010,(nil),(nil))
00a0:trace:file:NtWriteFile (0xa0,0xe4,(nil),(nil),0x200fcc0,0x19180b0,0x0000010c,(nil),(nil))
005c:trace:file:NtReadFile (0x24,0x28,(nil),(nil),0x982ba4,0x984b30,0x00000008,(nil),(nil))
005c:trace:file:NtReadFile (0x24,0x28,(nil),(nil),0x982ba4,0x984568,0x000000f4,(nil),(nil))
005c:trace:file:NtWriteFile (0x24,0x28,(nil),(nil),0xcbfaa4,0x984488,0x00000030,(nil),(nil))
005c:trace:file:NtReadFile (0x24,0x28,(nil),(nil),0x982ba4,0xcbfae8,0x00000010,(nil),(nil))
0054:trace:file:NtReadFile (0xa0,0xdc,(nil),(nil),0x9f7d84,0x9f8458,0x00000008,(nil),(nil))
0054:trace:file:NtReadFile (0xa0,0xdc,(nil),(nil),0x9f7d84,0x9f8528,0x00000018,(nil),(nil))
0054:trace:file:NtReadFile (0xa0,0xdc,(nil),(nil),0x9f7d84,0x100fe8c,0x00000010,(nil),(nil))
00a0:trace:file:NtWriteFile (0xa0,0xe4,(nil),(nil),0x200fcc0,0x19180b0,0x0000010c,(nil),(nil))
005c:trace:file:NtReadFile (0x24,0x28,(nil),(nil),0x982ba4,0x984b30,0x00000008,(nil),(nil))
005c:trace:file:NtReadFile (0x24,0x28,(nil),(nil),0x982ba4,0x984568,0x000000f4,(nil),(nil))
005c:trace:file:NtWriteFile (0x24,0x28,(nil),(nil),0xcbfabc,0x984568,0x00000048,(nil),(nil))
005c:trace:file:NtReadFile (0x24,0x28,(nil),(nil),0x982ba4,0xcbfb00,0x00000010,(nil),(nil))
0054:trace:file:NtReadFile (0xa0,0xdc,(nil),(nil),0x9f7d84,0x9f8458,0x00000008,(nil),(nil))
0054:trace:file:NtReadFile (0xa0,0xdc,(nil),(nil),0x9f7d84,0x9f8938,0x00000030,(nil),(nil))
0054:trace:file:NtReadFile (0xa0,0xdc,(nil),(nil),0x9f7d84,0x100fe8c,0x00000010,(nil),(nil))
00a0:trace:file:NtWriteFile (0xa0,0xe4,(nil),(nil),0x200fcc0,0x1912e78,0x0000001c,(nil),(nil))
005c:trace:file:NtReadFile (0x24,0x28,(nil),(nil),0x982ba4,0x984b30,0x00000008,(nil),(nil))
005c:trace:file:NtReadFile (0x24,0x28,(nil),(nil),0x982ba4,0x984b40,0x00000004,(nil),(nil))
005c:trace:file:RtlDosPathNameToNtPathName_U_WithStatus (L"C:\\windows\\system32\\drivers\\ndis.sys",00CBFA2C,00000000,00000000)
005c:trace:file:RtlGetFullPathName_U (L"C:\\windows\\system32\\drivers\\ndis.sys" 520 00CBF710 00000000)
005c:trace:file:NtCreateFile handle=0xcbf89c access=80100000 name=L"\\??\\C:\\windows\\system32\\drivers\\ndis.sys" objattr=00000040 root=(nil) sec=(nil) io=0xcbf8a8 alloc_size=(nil) attr=00000000 sharing=00000005 disp=1 options=00000060 ea=(nil).0x00000000
005c:trace:file:nt_to_unix_file_name_no_root L"\\??\\C:\\windows\\system32\\drivers\\ndis.sys" -> "/work/stage2-copy/wineprefix/dosdevices/c:/windows/system32/drivers/ndis.sys"
005c:trace:file:NtFsControlFile (0x58,(nil),(nil),(nil),0xcbf8a8,0x0009009c,(nil),0x00000000,0xcbf8c8,0x00000040)
005c:trace:file:RtlDosPathNameToNtPathName_U_WithStatus (L"C:\\windows\\system32\\drivers\\iphlpapi.dll",00CBF5CC,00000000,00000000)
005c:trace:file:RtlGetFullPathName_U (L"C:\\windows\\system32\\drivers\\iphlpapi.dll" 520 00CBF278 00000000)
005c:trace:file:NtCreateFile handle=0xcbf404 access=80100000 name=L"\\??\\C:\\windows\\system32\\drivers\\iphlpapi.dll" objattr=00000040 root=(nil) sec=(nil) io=0xcbf410 alloc_size=(nil) attr=00000000 sharing=00000005 disp=1 options=00000060 ea=(nil).0x00000000
005c:trace:file:nt_to_unix_file_name_no_root L"windows\\system32\\drivers\\iphlpapi.dll" not found in "/work/stage2-copy/wineprefix/dosdevices/c:"
005c:warn:file:NtCreateFile L"\\??\\C:\\windows\\system32\\drivers\\iphlpapi.dll" not found (c0000034)
005c:trace:file:RtlDosPathNameToNtPathName_U_WithStatus (L"C:\\windows\\system32\\iphlpapi.dll",00CBF5CC,00000000,00000000)
005c:trace:file:RtlGetFullPathName_U (L"C:\\windows\\system32\\iphlpapi.dll" 520 00CBF278 00000000)
005c:trace:file:NtCreateFile handle=0xcbf404 access=80100000 name=L"\\??\\C:\\windows\\system32\\iphlpapi.dll" objattr=00000040 root=(nil) sec=(nil) io=0xcbf410 alloc_size=(nil) attr=00000000 sharing=00000005 disp=1 options=00000060 ea=(nil).0x00000000
005c:trace:file:nt_to_unix_file_name_no_root L"\\??\\C:\\windows\\system32\\iphlpapi.dll" -> "/work/stage2-copy/wineprefix/dosdevices/c:/windows/system32/iphlpapi.dll"
005c:trace:file:NtFsControlFile (0x58,(nil),(nil),(nil),0xcbf410,0x0009009c,(nil),0x00000000,0xcbf430,0x00000040)
005c:trace:file:RtlDosPathNameToNtPathName_U_WithStatus (L"C:\\windows\\system32\\drivers\\dnsapi.dll",00CBF16C,00000000,00000000)
005c:trace:file:RtlGetFullPathName_U (L"C:\\windows\\system32\\drivers\\dnsapi.dll" 520 00CBEE18 00000000)
005c:trace:file:NtCreateFile handle=0xcbefa4 access=80100000 name=L"\\??\\C:\\windows\\system32\\drivers\\dnsapi.dll" objattr=00000040 root=(nil) sec=(nil) io=0xcbefb0 alloc_size=(nil) attr=00000000 sharing=00000005 disp=1 options=00000060 ea=(nil).0x00000000
005c:trace:file:nt_to_unix_file_name_no_root L"windows\\system32\\drivers\\dnsapi.dll" not found in "/work/stage2-copy/wineprefix/dosdevices/c:"
005c:warn:file:NtCreateFile L"\\??\\C:\\windows\\system32\\drivers\\dnsapi.dll" not found (c0000034)
005c:trace:file:RtlDosPathNameToNtPathName_U_WithStatus (L"C:\\windows\\system32\\dnsapi.dll",00CBF16C,00000000,00000000)
005c:trace:file:RtlGetFullPathName_U (L"C:\\windows\\system32\\dnsapi.dll" 520 00CBEE18 00000000)
005c:trace:file:NtCreateFile handle=0xcbefa4 access=80100000 name=L"\\??\\C:\\windows\\system32\\dnsapi.dll" objattr=00000040 root=(nil) sec=(nil) io=0xcbefb0 alloc_size=(nil) attr=00000000 sharing=00000005 disp=1 options=00000060 ea=(nil).0x00000000
005c:trace:file:nt_to_unix_file_name_no_root L"\\??\\C:\\windows\\system32\\dnsapi.dll" -> "/work/stage2-copy/wineprefix/dosdevices/c:/windows/system32/dnsapi.dll"
005c:trace:file:NtFsControlFile (0x58,(nil),(nil),(nil),0xcbefb0,0x0009009c,(nil),0x00000000,0xcbefd0,0x00000040)
005c:trace:file:RtlDosPathNameToNtPathName_U_WithStatus (L"C:\\windows\\system32\\drivers\\nsi.dll",00CBF16C,00000000,00000000)
005c:trace:file:RtlGetFullPathName_U (L"C:\\windows\\system32\\drivers\\nsi.dll" 520 00CBEE18 00000000)
005c:trace:file:NtCreateFile handle=0xcbefa4 access=80100000 name=L"\\??\\C:\\windows\\system32\\drivers\\nsi.dll" objattr=00000040 root=(nil) sec=(nil) io=0xcbefb0 alloc_size=(nil) attr=00000000 sharing=00000005 disp=1 options=00000060 ea=(nil).0x00000000
005c:trace:file:nt_to_unix_file_name_no_root L"windows\\system32\\drivers\\nsi.dll" not found in "/work/stage2-copy/wineprefix/dosdevices/c:"
005c:warn:file:NtCreateFile L"\\??\\C:\\windows\\system32\\drivers\\nsi.dll" not found (c0000034)
005c:trace:file:RtlDosPathNameToNtPathName_U_WithStatus (L"C:\\windows\\system32\\nsi.dll",00CBF16C,00000000,00000000)
005c:trace:file:RtlGetFullPathName_U (L"C:\\windows\\system32\\nsi.dll" 520 00CBEE18 00000000)
005c:trace:file:NtCreateFile handle=0xcbefa4 access=80100000 name=L"\\??\\C:\\windows\\system32\\nsi.dll" objattr=00000040 root=(nil) sec=(nil) io=0xcbefb0 alloc_size=(nil) attr=00000000 sharing=00000005 disp=1 options=00000060 ea=(nil).0x00000000
005c:trace:file:nt_to_unix_file_name_no_root L"\\??\\C:\\windows\\system32\\nsi.dll" -> "/work/stage2-copy/wineprefix/dosdevices/c:/windows/system32/nsi.dll"
005c:trace:file:NtFsControlFile (0x58,(nil),(nil),(nil),0xcbefb0,0x0009009c,(nil),0x00000000,0xcbefd0,0x00000040)
005c:trace:file:RtlDosPathNameToNtPathName_U_WithStatus (L"C:\\windows\\system32\\drivers\\ws2_32.dll",00CBF16C,00000000,00000000)
005c:trace:file:RtlGetFullPathName_U (L"C:\\windows\\system32\\drivers\\ws2_32.dll" 520 00CBEE18 00000000)
005c:trace:file:NtCreateFile handle=0xcbefa4 access=80100000 name=L"\\??\\C:\\windows\\system32\\drivers\\ws2_32.dll" objattr=00000040 root=(nil) sec=(nil) io=0xcbefb0 alloc_size=(nil) attr=00000000 sharing=00000005 disp=1 options=00000060 ea=(nil).0x00000000
005c:trace:file:nt_to_unix_file_name_no_root L"windows\\system32\\drivers\\ws2_32.dll" not found in "/work/stage2-copy/wineprefix/dosdevices/c:"
005c:warn:file:NtCreateFile L"\\??\\C:\\windows\\system32\\drivers\\ws2_32.dll" not found (c0000034)
005c:trace:file:RtlDosPathNameToNtPathName_U_WithStatus (L"C:\\windows\\system32\\ws2_32.dll",00CBF16C,00000000,00000000)
005c:trace:file:RtlGetFullPathName_U (L"C:\\windows\\system32\\ws2_32.dll" 520 00CBEE18 00000000)
005c:trace:file:NtCreateFile handle=0xcbefa4 access=80100000 name=L"\\??\\C:\\windows\\system32\\ws2_32.dll" objattr=00000040 root=(nil) sec=(nil) io=0xcbefb0 alloc_size=(nil) attr=00000000 sharing=00000005 disp=1 options=00000060 ea=(nil).0x00000000
005c:trace:file:nt_to_unix_file_name_no_root L"\\??\\C:\\windows\\system32\\ws2_32.dll" -> "/work/stage2-copy/wineprefix/dosdevices/c:/windows/system32/ws2_32.dll"
005c:trace:file:NtFsControlFile (0x58,(nil),(nil),(nil),0xcbefb0,0x0009009c,(nil),0x00000000,0xcbefd0,0x00000040)
005c:trace:file:CreateFileW L"\\\\.\\Nsi" QUERY_ACCESS FILE_SHARE_READ FILE_SHARE_WRITE  creation 3 attributes 0x0
005c:trace:file:RtlDosPathNameToNtPathName_U_WithStatus (L"\\\\.\\Nsi",00CBF924,00000000,00000000)
005c:trace:file:RtlGetFullPathName_U (L"\\\\.\\Nsi" 520 00CBF6A0 00000000)
005c:trace:file:NtCreateFile handle=0xcbf920 access=00100080 name=L"\\??\\Nsi" objattr=00000040 root=(nil) sec=(nil) io=0xcbf92c alloc_size=(nil) attr=00000000 sharing=00000003 disp=1 options=00000060 ea=(nil).0x00000000
005c:trace:file:CreateFileW returning 00000058
005c:trace:file:KERNEL32_DeviceIoControl (00000058,0x121000,00CBF9A8,56,01FC0020,122628,00CBF9A4,00000000)
005c:trace:file:DeviceIoControl (00000058,121000,00CBF9A8,56,01FC0020,122628,00CBF9A4,00000000)
005c:trace:file:NtDeviceIoControlFile (0x58,(nil),(nil),(nil),0xcbf950,0x00121000,0xcbf9a8,0x00000038,0x1fc0020,0x0001df04)
0060:trace:file:NtQueryObject (0x68,0x00000002,0xfbfa80,0x00000100,0xfbfa7c)
005c:trace:file:NtWriteFile (0x24,0x28,(nil),(nil),0xcbfabc,0x984568,0x00000048,(nil),(nil))
005c:trace:file:NtReadFile (0x24,0x28,(nil),(nil),0x982ba4,0xcbfb00,0x00000010,(nil),(nil))
0054:trace:file:NtReadFile (0xa0,0xdc,(nil),(nil),0x9f7d84,0x9f8458,0x00000008,(nil),(nil))
0054:trace:file:NtReadFile (0xa0,0xdc,(nil),(nil),0x9f7d84,0x9f88f8,0x00000030,(nil),(nil))
0054:trace:file:NtReadFile (0xa0,0xdc,(nil),(nil),0x9f7d84,0x100fe8c,0x00000010,(nil),(nil))
00a0:trace:file:NtWriteFile (0xa0,0xe4,(nil),(nil),0x200fcc0,0x1912e78,0x0000001c,(nil),(nil))
005c:trace:file:NtReadFile (0x24,0x28,(nil),(nil),0x982ba4,0x984b30,0x00000008,(nil),(nil))
005c:trace:file:NtReadFile (0x24,0x28,(nil),(nil),0x982ba4,0x984b40,0x00000004,(nil),(nil))
005c:trace:file:WriteFile 0000002C 00CBFF2C 4 00CBFF28 00000000
005c:trace:file:NtWriteFile (0x2c,(nil),(nil),(nil),0xcbfee8,0xcbff2c,0x00000004,(nil),(nil))
005c:trace:file:ReadFile 0000002C 00CBFF30 16 00CBFF28 00000000
005c:trace:file:NtReadFile (0x2c,(nil),(nil),(nil),0xcbfee8,0xcbff30,0x00000010,(nil),(nil))
003c:trace:file:GetOverlappedResultEx (000000C8 0068FB7C 0068FB78 0 0)
002c:trace:file:CreateFileW L"\\\\?\\Z:\\usr\\share\\wine\\wine.inf" GENERIC_READ FILE_SHARE_READ FILE_SHARE_WRITE  creation 3 attributes 0x1
002c:trace:file:RtlDosPathNameToNtPathName_U_WithStatus (L"\\\\?\\Z:\\usr\\share\\wine\\wine.inf",0066EF20,00000000,00000000)
002c:trace:file:NtCreateFile handle=0x66ef1c access=80100080 name=L"\\??\\Z:\\usr\\share\\wine\\wine.inf" objattr=00000042 root=(nil) sec=(nil) io=0x66ef28 alloc_size=(nil) attr=00000001 sharing=00000003 disp=1 options=00000060 ea=(nil).0x00000000
002c:trace:file:nt_to_unix_file_name_no_root L"\\??\\Z:\\usr\\share\\wine\\wine.inf" -> "/work/stage2-copy/wineprefix/dosdevices/z:/usr/share/wine/wine.inf"
002c:trace:file:CreateFileW returning 00000038
002c:trace:file:NtQueryInformationFile (0x38,0x66ef70,0x66ef90,0x00000028,0x00000004)
002c:trace:file:NtQueryInformationFile (0x38,0x66ef70,0x66ef78,0x00000018,0x00000005)
002c:trace:file:CreateFileW L"\\??\\Z:\\work\\stage2-copy\\wineprefix\\.update-timestamp" GENERIC_READ GENERIC_WRITE FILE_SHARE_READ FILE_SHARE_WRITE  creation 3 attributes 0x1
002c:trace:file:RtlDosPathNameToNtPathName_U_WithStatus (L"\\??\\Z:\\work\\stage2-copy\\wineprefix\\.update-timestamp",0066EE90,00000000,00000000)
002c:trace:file:NtCreateFile handle=0x66ee8c access=c0100080 name=L"\\??\\Z:\\work\\stage2-copy\\wineprefix\\.update-timestamp" objattr=00000042 root=(nil) sec=(nil) io=0x66ee98 alloc_size=(nil) attr=00000001 sharing=00000003 disp=1 options=00000060 ea=(nil).0x00000000
002c:trace:file:nt_to_unix_file_name_no_root L"\\??\\Z:\\work\\stage2-copy\\wineprefix\\.update-timestamp" -> "/work/stage2-copy/wineprefix/dosdevices/z:/work/stage2-copy/wineprefix/.update-timestamp"
002c:trace:file:CreateFileW returning 00000038
002c:trace:file:ReadFile 00000038 0066EFB0 99 0066EF7C 00000000
002c:trace:file:NtReadFile (0x38,(nil),(nil),(nil),0x66ef10,0x66efb0,0x00000063,(nil),(nil))
002c:trace:file:NtReadFile = SUCCESS (12)
002c:trace:file:RtlDosPathNameToNtPathName_U_WithStatus (L"C:\\windows\\system32\\shell32.dll",0066EEAC,00000000,00000000)
002c:trace:file:RtlGetFullPathName_U (L"C:\\windows\\system32\\shell32.dll" 520 0066EB58 00000000)
002c:trace:file:NtCreateFile handle=0x66ece4 access=80100000 name=L"\\??\\C:\\windows\\system32\\shell32.dll" objattr=00000040 root=(nil) sec=(nil) io=0x66ecf0 alloc_size=(nil) attr=00000000 sharing=00000005 disp=1 options=00000060 ea=(nil).0x00000000
002c:trace:file:nt_to_unix_file_name_no_root L"\\??\\C:\\windows\\system32\\shell32.dll" -> "/work/stage2-copy/wineprefix/dosdevices/c:/windows/system32/shell32.dll"
002c:trace:file:NtFsControlFile (0x3c,(nil),(nil),(nil),0x66ecf0,0x0009009c,(nil),0x00000000,0x66ed10,0x00000040)
002c:trace:file:RtlDosPathNameToNtPathName_U_WithStatus (L"C:\\windows\\system32\\gdi32.dll",0066EA4C,00000000,00000000)
002c:trace:file:RtlGetFullPathName_U (L"C:\\windows\\system32\\gdi32.dll" 520 0066E6F8 00000000)
002c:trace:file:NtCreateFile handle=0x66e884 access=80100000 name=L"\\??\\C:\\windows\\system32\\gdi32.dll" objattr=00000040 root=(nil) sec=(nil) io=0x66e890 alloc_size=(nil) attr=00000000 sharing=00000005 disp=1 options=00000060 ea=(nil).0x00000000
002c:trace:file:nt_to_unix_file_name_no_root L"\\??\\C:\\windows\\system32\\gdi32.dll" -> "/work/stage2-copy/wineprefix/dosdevices/c:/windows/system32/gdi32.dll"
002c:trace:file:NtFsControlFile (0x3c,(nil),(nil),(nil),0x66e890,0x0009009c,(nil),0x00000000,0x66e8b0,0x00000040)
002c:trace:file:RtlDosPathNameToNtPathName_U_WithStatus (L"C:\\windows\\system32\\user32.dll",0066E5EC,00000000,00000000)
002c:trace:file:RtlGetFullPathName_U (L"C:\\windows\\system32\\user32.dll" 520 0066E298 00000000)
002c:trace:file:NtCreateFile handle=0x66e424 access=80100000 name=L"\\??\\C:\\windows\\system32\\user32.dll" objattr=00000040 root=(nil) sec=(nil) io=0x66e430 alloc_size=(nil) attr=00000000 sharing=00000005 disp=1 options=00000060 ea=(nil).0x00000000
002c:trace:file:nt_to_unix_file_name_no_root L"\\??\\C:\\windows\\system32\\user32.dll" -> "/work/stage2-copy/wineprefix/dosdevices/c:/windows/system32/user32.dll"
002c:trace:file:NtFsControlFile (0x3c,(nil),(nil),(nil),0x66e430,0x0009009c,(nil),0x00000000,0x66e450,0x00000040)
002c:trace:file:RtlDosPathNameToNtPathName_U_WithStatus (L"C:\\windows\\system32\\zlib1.dll",0066E18C,00000000,00000000)
002c:trace:file:RtlGetFullPathName_U (L"C:\\windows\\system32\\zlib1.dll" 520 0066DE38 00000000)
002c:trace:file:NtCreateFile handle=0x66dfc4 access=80100000 name=L"\\??\\C:\\windows\\system32\\zlib1.dll" objattr=00000040 root=(nil) sec=(nil) io=0x66dfd0 alloc_size=(nil) attr=00000000 sharing=00000005 disp=1 options=00000060 ea=(nil).0x00000000
002c:trace:file:nt_to_unix_file_name_no_root L"\\??\\C:\\windows\\system32\\zlib1.dll" -> "/work/stage2-copy/wineprefix/dosdevices/c:/windows/system32/zlib1.dll"
002c:trace:file:NtFsControlFile (0x3c,(nil),(nil),(nil),0x66dfd0,0x0009009c,(nil),0x00000000,0x66dff0,0x00000040)
002c:trace:file:RtlDosPathNameToNtPathName_U_WithStatus (L"C:\\windows\\system32\\win32u.dll",0066E18C,00000000,00000000)
002c:trace:file:RtlGetFullPathName_U (L"C:\\windows\\system32\\win32u.dll" 520 0066DE38 00000000)
002c:trace:file:NtCreateFile handle=0x66dfc4 access=80100000 name=L"\\??\\C:\\windows\\system32\\win32u.dll" objattr=00000040 root=(nil) sec=(nil) io=0x66dfd0 alloc_size=(nil) attr=00000000 sharing=00000005 disp=1 options=00000060 ea=(nil).0x00000000
002c:trace:file:nt_to_unix_file_name_no_root L"\\??\\C:\\windows\\system32\\win32u.dll" -> "/work/stage2-copy/wineprefix/dosdevices/c:/windows/system32/win32u.dll"
002c:trace:file:NtFsControlFile (0x3c,(nil),(nil),(nil),0x66dfd0,0x0009009c,(nil),0x00000000,0x66dff0,0x00000040)
002c:trace:file:RtlDosPathNameToNtPathName_U_WithStatus (L"C:\\windows\\system32\\shlwapi.dll",0066EA4C,00000000,00000000)
002c:trace:file:RtlGetFullPathName_U (L"C:\\windows\\system32\\shlwapi.dll" 520 0066E6F8 00000000)
002c:trace:file:NtCreateFile handle=0x66e884 access=80100000 name=L"\\??\\C:\\windows\\system32\\shlwapi.dll" objattr=00000040 root=(nil) sec=(nil) io=0x66e890 alloc_size=(nil) attr=00000000 sharing=00000005 disp=1 options=00000060 ea=(nil).0x00000000
002c:trace:file:nt_to_unix_file_name_no_root L"\\??\\C:\\windows\\system32\\shlwapi.dll" -> "/work/stage2-copy/wineprefix/dosdevices/c:/windows/system32/shlwapi.dll"
002c:trace:file:NtFsControlFile (0x3c,(nil),(nil),(nil),0x66e890,0x0009009c,(nil),0x00000000,0x66e8b0,0x00000040)
002c:trace:file:RtlDosPathNameToNtPathName_U_WithStatus (L"C:\\windows\\system32\\shcore.dll",0066E5EC,00000000,00000000)
002c:trace:file:RtlGetFullPathName_U (L"C:\\windows\\system32\\shcore.dll" 520 0066E298 00000000)
002c:trace:file:NtCreateFile handle=0x66e424 access=80100000 name=L"\\??\\C:\\windows\\system32\\shcore.dll" objattr=00000040 root=(nil) sec=(nil) io=0x66e430 alloc_size=(nil) attr=00000000 sharing=00000005 disp=1 options=00000060 ea=(nil).0x00000000
002c:trace:file:nt_to_unix_file_name_no_root L"\\??\\C:\\windows\\system32\\shcore.dll" -> "/work/stage2-copy/wineprefix/dosdevices/c:/windows/system32/shcore.dll"
002c:trace:file:NtFsControlFile (0x3c,(nil),(nil),(nil),0x66e430,0x0009009c,(nil),0x00000000,0x66e450,0x00000040)
002c:trace:file:RtlDosPathNameToNtPathName_U_WithStatus (L"C:\\windows\\system32\\libgcc_s_dw2-1.dll",0066EBE8,00000000,00000000)
002c:trace:file:RtlGetFullPathName_U (L"C:\\windows\\system32\\libgcc_s_dw2-1.dll" 520 0066E8CC 00000000)
002c:trace:file:NtCreateFile handle=0x66ea5c access=80100000 name=L"\\??\\C:\\windows\\system32\\libgcc_s_dw2-1.dll" objattr=00000040 root=(nil) sec=(nil) io=0x66ea68 alloc_size=(nil) attr=00000000 sharing=00000005 disp=1 options=00000060 ea=(nil).0x00000000
002c:trace:file:nt_to_unix_file_name_no_root L"windows\\system32\\libgcc_s_dw2-1.dll" not found in "/work/stage2-copy/wineprefix/dosdevices/c:"
002c:warn:file:NtCreateFile L"\\??\\C:\\windows\\system32\\libgcc_s_dw2-1.dll" not found (c0000034)
002c:trace:file:RtlDosPathNameToNtPathName_U_WithStatus (L"C:\\windows\\system32\\libgcc_s_dw2-1.dll",0066EBE8,00000000,00000000)
002c:trace:file:RtlGetFullPathName_U (L"C:\\windows\\system32\\libgcc_s_dw2-1.dll" 520 0066E8CC 00000000)
002c:trace:file:NtCreateFile handle=0x66ea5c access=80100000 name=L"\\??\\C:\\windows\\system32\\libgcc_s_dw2-1.dll" objattr=00000040 root=(nil) sec=(nil) io=0x66ea68 alloc_size=(nil) attr=00000000 sharing=00000005 disp=1 options=00000060 ea=(nil).0x00000000
002c:trace:file:nt_to_unix_file_name_no_root L"windows\\system32\\libgcc_s_dw2-1.dll" not found in "/work/stage2-copy/wineprefix/dosdevices/c:"
002c:warn:file:NtCreateFile L"\\??\\C:\\windows\\system32\\libgcc_s_dw2-1.dll" not found (c0000034)
002c:trace:file:RtlDosPathNameToNtPathName_U_WithStatus (L"C:\\windows\\system\\libgcc_s_dw2-1.dll",0066EBE8,00000000,00000000)
002c:trace:file:RtlGetFullPathName_U (L"C:\\windows\\system\\libgcc_s_dw2-1.dll" 520 0066E8CC 00000000)
002c:trace:file:NtCreateFile handle=0x66ea5c access=80100000 name=L"\\??\\C:\\windows\\system\\libgcc_s_dw2-1.dll" objattr=00000040 root=(nil) sec=(nil) io=0x66ea68 alloc_size=(nil) attr=00000000 sharing=00000005 disp=1 options=00000060 ea=(nil).0x00000000
002c:trace:file:nt_to_unix_file_name_no_root L"windows\\system\\libgcc_s_dw2-1.dll" not found in "/work/stage2-copy/wineprefix/dosdevices/c:"
002c:warn:file:NtCreateFile L"\\??\\C:\\windows\\system\\libgcc_s_dw2-1.dll" not found (c0000034)
002c:trace:file:RtlDosPathNameToNtPathName_U_WithStatus (L"C:\\windows\\libgcc_s_dw2-1.dll",0066EBE8,00000000,00000000)
002c:trace:file:RtlGetFullPathName_U (L"C:\\windows\\libgcc_s_dw2-1.dll" 520 0066E8CC 00000000)
002c:trace:file:NtCreateFile handle=0x66ea5c access=80100000 name=L"\\??\\C:\\windows\\libgcc_s_dw2-1.dll" objattr=00000040 root=(nil) sec=(nil) io=0x66ea68 alloc_size=(nil) attr=00000000 sharing=00000005 disp=1 options=00000060 ea=(nil).0x00000000
002c:trace:file:nt_to_unix_file_name_no_root L"windows\\libgcc_s_dw2-1.dll" not found in "/work/stage2-copy/wineprefix/dosdevices/c:"
002c:warn:file:NtCreateFile L"\\??\\C:\\windows\\libgcc_s_dw2-1.dll" not found (c0000034)
002c:trace:file:RtlDosPathNameToNtPathName_U_WithStatus (L".\\libgcc_s_dw2-1.dll",0066EBE8,00000000,00000000)
002c:trace:file:RtlGetFullPathName_U (L".\\libgcc_s_dw2-1.dll" 520 0066E8CC 00000000)
002c:trace:file:NtCreateFile handle=0x66ea5c access=80100000 name=L"\\??\\C:\\windows\\libgcc_s_dw2-1.dll" objattr=00000040 root=(nil) sec=(nil) io=0x66ea68 alloc_size=(nil) attr=00000000 sharing=00000005 disp=1 options=00000060 ea=(nil).0x00000000
002c:trace:file:nt_to_unix_file_name_no_root L"windows\\libgcc_s_dw2-1.dll" not found in "/work/stage2-copy/wineprefix/dosdevices/c:"
002c:warn:file:NtCreateFile L"\\??\\C:\\windows\\libgcc_s_dw2-1.dll" not found (c0000034)
002c:trace:file:RtlDosPathNameToNtPathName_U_WithStatus (L"C:\\windows\\system32\\libgcc_s_dw2-1.dll",0066EBE8,00000000,00000000)
002c:trace:file:RtlGetFullPathName_U (L"C:\\windows\\system32\\libgcc_s_dw2-1.dll" 520 0066E8CC 00000000)
002c:trace:file:NtCreateFile handle=0x66ea5c access=80100000 name=L"\\??\\C:\\windows\\system32\\libgcc_s_dw2-1.dll" objattr=00000040 root=(nil) sec=(nil) io=0x66ea68 alloc_size=(nil) attr=00000000 sharing=00000005 disp=1 options=00000060 ea=(nil).0x00000000
002c:trace:file:nt_to_unix_file_name_no_root L"windows\\system32\\libgcc_s_dw2-1.dll" not found in "/work/stage2-copy/wineprefix/dosdevices/c:"
002c:warn:file:NtCreateFile L"\\??\\C:\\windows\\system32\\libgcc_s_dw2-1.dll" not found (c0000034)
002c:trace:file:RtlDosPathNameToNtPathName_U_WithStatus (L"C:\\windows\\libgcc_s_dw2-1.dll",0066EBE8,00000000,00000000)
002c:trace:file:RtlGetFullPathName_U (L"C:\\windows\\libgcc_s_dw2-1.dll" 520 0066E8CC 00000000)
002c:trace:file:NtCreateFile handle=0x66ea5c access=80100000 name=L"\\??\\C:\\windows\\libgcc_s_dw2-1.dll" objattr=00000040 root=(nil) sec=(nil) io=0x66ea68 alloc_size=(nil) attr=00000000 sharing=00000005 disp=1 options=00000060 ea=(nil).0x00000000
002c:trace:file:nt_to_unix_file_name_no_root L"windows\\libgcc_s_dw2-1.dll" not found in "/work/stage2-copy/wineprefix/dosdevices/c:"
002c:warn:file:NtCreateFile L"\\??\\C:\\windows\\libgcc_s_dw2-1.dll" not found (c0000034)
002c:trace:file:RtlDosPathNameToNtPathName_U_WithStatus (L"C:\\windows\\system32\\wbem\\libgcc_s_dw2-1.dll",0066EBE8,00000000,00000000)
002c:trace:file:RtlGetFullPathName_U (L"C:\\windows\\system32\\wbem\\libgcc_s_dw2-1.dll" 520 0066E8CC 00000000)
002c:trace:file:NtCreateFile handle=0x66ea5c access=80100000 name=L"\\??\\C:\\windows\\system32\\wbem\\libgcc_s_dw2-1.dll" objattr=00000040 root=(nil) sec=(nil) io=0x66ea68 alloc_size=(nil) attr=00000000 sharing=00000005 disp=1 options=00000060 ea=(nil).0x00000000
002c:trace:file:nt_to_unix_file_name_no_root L"windows\\system32\\wbem\\libgcc_s_dw2-1.dll" not found in "/work/stage2-copy/wineprefix/dosdevices/c:"
002c:warn:file:NtCreateFile L"\\??\\C:\\windows\\system32\\wbem\\libgcc_s_dw2-1.dll" not found (c0000034)
002c:trace:file:RtlDosPathNameToNtPathName_U_WithStatus (L"C:\\windows\\system32\\WindowsPowershell\\v1.0\\libgcc_s_dw2-1.dll",0066EBE8,00000000,00000000)
002c:trace:file:RtlGetFullPathName_U (L"C:\\windows\\system32\\WindowsPowershell\\v1.0\\libgcc_s_dw2-1.dll" 520 0066E8CC 00000000)
002c:trace:file:NtCreateFile handle=0x66ea5c access=80100000 name=L"\\??\\C:\\windows\\system32\\WindowsPowershell\\v1.0\\libgcc_s_dw2-1.dll" objattr=00000040 root=(nil) sec=(nil) io=0x66ea68 alloc_size=(nil) attr=00000000 sharing=00000005 disp=1 options=00000060 ea=(nil).0x00000000
002c:trace:file:nt_to_unix_file_name_no_root L"windows\\system32\\WindowsPowershell\\v1.0\\libgcc_s_dw2-1.dll" not found in "/work/stage2-copy/wineprefix/dosdevices/c:"
002c:warn:file:NtCreateFile L"\\??\\C:\\windows\\system32\\WindowsPowershell\\v1.0\\libgcc_s_dw2-1.dll" not found (c0000034)
002c:trace:file:NtCreateFile handle=0x66ea94 access=80100000 name=L"\\??\\Z:\\usr\\lib\\i386-linux-gnu\\wine\\i386-windows\\libgcc_s_dw2-1.dll" objattr=00000040 root=(nil) sec=(nil) io=0x66eaa0 alloc_size=(nil) attr=00000000 sharing=00000005 disp=1 options=00000060 ea=(nil).0x00000000
002c:trace:file:nt_to_unix_file_name_no_root L"usr\\lib\\i386-linux-gnu\\wine\\i386-windows\\libgcc_s_dw2-1.dll" not found in "/work/stage2-copy/wineprefix/dosdevices/z:"
002c:warn:file:NtCreateFile L"\\??\\Z:\\usr\\lib\\i386-linux-gnu\\wine\\i386-windows\\libgcc_s_dw2-1.dll" not found (c0000034)
002c:trace:file:NtCreateFile handle=0x66ea94 access=80100000 name=L"\\??\\Z:\\usr\\lib\\i386-linux-gnu\\wine\\libgcc_s_dw2-1.dll" objattr=00000040 root=(nil) sec=(nil) io=0x66eaa0 alloc_size=(nil) attr=00000000 sharing=00000005 disp=1 options=00000060 ea=(nil).0x00000000
002c:trace:file:nt_to_unix_file_name_no_root L"usr\\lib\\i386-linux-gnu\\wine\\libgcc_s_dw2-1.dll" not found in "/work/stage2-copy/wineprefix/dosdevices/z:"
002c:warn:file:NtCreateFile L"\\??\\Z:\\usr\\lib\\i386-linux-gnu\\wine\\libgcc_s_dw2-1.dll" not found (c0000034)
0058:trace:file:RtlDosPathNameToNtPathName_U_WithStatus (L"\\\\.\\pipe\\net\\NtControlPipe4",0130F898,00000000,00000000)
0058:trace:file:RtlGetFullPathName_U (L"\\\\.\\pipe\\net\\NtControlPipe4" 520 0130F604 00000000)
0058:trace:file:NtCreateNamedPipeFile (0x130f88c c0100000 L"\\??\\pipe\\net\\NtControlPipe4" 0x130f8a0 3 3 0 0 0 0 1 256 256 0x130f890)
0058:trace:file:RtlDosPathNameToNtPathName_U_WithStatus (L"C:\\windows\\system32\\rpcss.exe",0130F290,00000000,00000000)
0058:trace:file:RtlGetFullPathName_U (L"C:\\windows\\system32\\rpcss.exe" 520 0130F064 00000000)
0058:trace:file:nt_to_unix_file_name_no_root L"\\??\\C:\\windows\\system32\\rpcss.exe" -> "/work/stage2-copy/wineprefix/dosdevices/c:/windows/system32/rpcss.exe"
0058:trace:file:RtlGetFullPathName_U (L"C:\\windows\\system32\\rpcss.exe" 520 0130F484 00000000)
0058:trace:file:CreateFileW L"C:\\windows\\system32\\rpcss.exe" GENERIC_READ FILE_SHARE_READ FILE_SHARE_DELETE  creation 3 attributes 0x0
0058:trace:file:RtlDosPathNameToNtPathName_U_WithStatus (L"C:\\windows\\system32\\rpcss.exe",0130F338,00000000,00000000)
0058:trace:file:RtlGetFullPathName_U (L"C:\\windows\\system32\\rpcss.exe" 520 0130F0B4 00000000)
0058:trace:file:NtCreateFile handle=0x130f334 access=80100080 name=L"\\??\\C:\\windows\\system32\\rpcss.exe" objattr=00000040 root=(nil) sec=(nil) io=0x130f340 alloc_size=(nil) attr=00000000 sharing=00000005 disp=1 options=00000060 ea=(nil).0x00000000
0058:trace:file:nt_to_unix_file_name_no_root L"\\??\\C:\\windows\\system32\\rpcss.exe" -> "/work/stage2-copy/wineprefix/dosdevices/c:/windows/system32/rpcss.exe"
0058:trace:file:CreateFileW returning 0000015C
0058:trace:file:GetLongPathNameW L"C:\\windows\\system32\\rpcss.exe",0130F68C,260
0058:trace:file:FindFirstFileExW L"C:\\windows" 0 0130E954 0 00000000 0
0058:trace:file:RtlDosPathNameToNtPathName_U_WithStatus (L"C:\\windows",0130E8DC,0130E8D8,00000000)
0058:trace:file:RtlGetFullPathName_U (L"C:\\windows" 520 0130E66C 0130E8D8)
0058:trace:file:NtCreateFile handle=0x24c1e4 access=00100001 name=L"\\??\\C:\\" objattr=00000040 root=(nil) sec=(nil) io=0x130e8e4 alloc_size=(nil) attr=00000000 sharing=00000003 disp=1 options=00004021 ea=(nil).0x00000000
0058:trace:file:nt_to_unix_file_name_no_root L"\\??\\C:\\" -> "/work/stage2-copy/wineprefix/dosdevices/c:/"
0058:trace:file:NtQueryDirectoryFile (0x15c (nil) (nil) (nil) 0x130e8e4 0x24c228 0x0000025e 0x00000003 0x00000000 L"windows" 0x00000001
0058:trace:file:read_directory_data_stat found windows
0058:trace:file:append_entry long L"windows" short L"" mask <null>
0058:trace:file:init_cached_dir_data mask L"windows" found 1 files
0058:trace:file:init_cached_dir_data L"windows" L""
0058:trace:file:NtQueryDirectoryFile => 0 (108)
0058:trace:file:FindNextFileW 0024C1E0 0130E954
0058:trace:file:FindNextFileW returning L"windows" (L"")
0058:trace:file:FindFirstFileExW L"C:\\windows\\system32" 0 0130E954 0 00000000 0
0058:trace:file:RtlDosPathNameToNtPathName_U_WithStatus (L"C:\\windows\\system32",0130E8DC,0130E8D8,00000000)
0058:trace:file:RtlGetFullPathName_U (L"C:\\windows\\system32" 520 0130E66C 0130E8D8)
0058:trace:file:NtCreateFile handle=0x24c1e4 access=00100001 name=L"\\??\\C:\\windows\\" objattr=00000040 root=(nil) sec=(nil) io=0x130e8e4 alloc_size=(nil) attr=00000000 sharing=00000003 disp=1 options=00004021 ea=(nil).0x00000000
0058:trace:file:nt_to_unix_file_name_no_root L"\\??\\C:\\windows\\" -> "/work/stage2-copy/wineprefix/dosdevices/c:/windows/"
0058:trace:file:NtQueryDirectoryFile (0x15c (nil) (nil) (nil) 0x130e8e4 0x24c228 0x0000025e 0x00000003 0x00000000 L"system32" 0x00000001
0058:trace:file:read_directory_data_stat found system32
0058:trace:file:append_entry long L"system32" short L"" mask <null>
0058:trace:file:init_cached_dir_data mask L"system32" found 1 files
0058:trace:file:init_cached_dir_data L"system32" L""
0058:trace:file:NtQueryDirectoryFile => 0 (110)
0058:trace:file:FindNextFileW 0024C1E0 0130E954
0058:trace:file:FindNextFileW returning L"system32" (L"")
0058:trace:file:FindFirstFileExW L"C:\\windows\\system32\\rpcss.exe" 0 0130E954 0 00000000 0
0058:trace:file:RtlDosPathNameToNtPathName_U_WithStatus (L"C:\\windows\\system32\\rpcss.exe",0130E8DC,0130E8D8,00000000)
0058:trace:file:RtlGetFullPathName_U (L"C:\\windows\\system32\\rpcss.exe" 520 0130E66C 0130E8D8)
0058:trace:file:NtCreateFile handle=0x24c1e4 access=00100001 name=L"\\??\\C:\\windows\\system32\\" objattr=00000040 root=(nil) sec=(nil) io=0x130e8e4 alloc_size=(nil) attr=00000000 sharing=00000003 disp=1 options=00004021 ea=(nil).0x00000000
0058:trace:file:nt_to_unix_file_name_no_root L"\\??\\C:\\windows\\system32\\" -> "/work/stage2-copy/wineprefix/dosdevices/c:/windows/system32/"
0058:trace:file:NtQueryDirectoryFile (0x15c (nil) (nil) (nil) 0x130e8e4 0x24c228 0x0000025e 0x00000003 0x00000000 L"rpcss.exe" 0x00000001
0058:trace:file:read_directory_data_stat found rpcss.exe
0058:trace:file:append_entry long L"rpcss.exe" short L"" mask <null>
0058:trace:file:init_cached_dir_data mask L"rpcss.exe" found 1 files
0058:trace:file:init_cached_dir_data L"rpcss.exe" L""
0058:trace:file:NtQueryDirectoryFile => 0 (112)
0058:trace:file:FindNextFileW 0024C1E0 0130E954
0058:trace:file:FindNextFileW returning L"rpcss.exe" (L"")
0058:trace:file:GetLongPathNameW returning L"C:\\windows\\system32\\rpcss.exe"
0058:trace:file:RtlGetFullPathName_U (L"C:\\windows\\system32\\rpcss.exe" 520 0130F68C 00000000)
0058:trace:file:RtlDosPathNameToNtPathName_U_WithStatus (L"C:\\windows\\system32\\rpcss.exe",0130F280,00000000,00000000)
0058:trace:file:RtlGetFullPathName_U (L"C:\\windows\\system32\\rpcss.exe" 520 0130F010 00000000)
0058:trace:file:nt_to_unix_file_name_no_root L"\\??\\C:\\windows\\" -> "/work/stage2-copy/wineprefix/dosdevices/c:/windows/"
0058:trace:file:nt_to_unix_file_name_no_root L"\\??\\C:\\windows\\system32\\rpcss.exe" -> "/work/stage2-copy/wineprefix/dosdevices/c:/windows/system32/rpcss.exe"
002c:trace:file:nt_to_unix_file_name_no_root L"\\??\\C:\\windows\\fonts\\vgasys.fon" -> "/work/stage2-copy/wineprefix/dosdevices/c:/windows/Fonts/vgasys.fon"
002c:trace:file:find_drive_rootA "/usr/lib/wine/../../share/wine" -> drive Z:, root="/", name="/usr/lib/wine/../../share/wine"
002c:trace:file:nt_to_unix_file_name_no_root L"\\??\\Z:\\usr\\share\\wine\\fonts\\vgasys.fon" -> "/work/stage2-copy/wineprefix/dosdevices/z:/usr/share/wine/fonts/vgasys.fon"
002c:trace:file:nt_to_unix_file_name_no_root L"\\??\\C:\\windows\\fonts\\vgaoem.fon" -> "/work/stage2-copy/wineprefix/dosdevices/c:/windows/Fonts/vgaoem.fon"
002c:trace:file:find_drive_rootA "/usr/lib/wine/../../share/wine" -> drive Z:, root="/", name="/usr/lib/wine/../../share/wine"
002c:trace:file:nt_to_unix_file_name_no_root L"\\??\\Z:\\usr\\share\\wine\\fonts\\vgaoem.fon" -> "/work/stage2-copy/wineprefix/dosdevices/z:/usr/share/wine/fonts/vgaoem.fon"
002c:trace:file:nt_to_unix_file_name_no_root L"\\??\\C:\\windows\\fonts\\vgafix.fon" -> "/work/stage2-copy/wineprefix/dosdevices/c:/windows/Fonts/vgafix.fon"
002c:trace:file:find_drive_rootA "/usr/lib/wine/../../share/wine" -> drive Z:, root="/", name="/usr/lib/wine/../../share/wine"
002c:trace:file:nt_to_unix_file_name_no_root L"\\??\\Z:\\usr\\share\\wine\\fonts\\vgafix.fon" -> "/work/stage2-copy/wineprefix/dosdevices/z:/usr/share/wine/fonts/vgafix.fon"
002c:trace:file:NtCreateFile handle=0x21ce94 access=80100000 name=L"\\??\\C:\\windows\\fonts" objattr=00000040 root=(nil) sec=(nil) io=0x21ce98 alloc_size=(nil) attr=00000000 sharing=00000003 disp=1 options=00004021 ea=(nil).0x00000000
002c:trace:file:nt_to_unix_file_name_no_root L"\\??\\C:\\windows\\fonts" -> "/work/stage2-copy/wineprefix/dosdevices/c:/windows/Fonts"
002c:trace:file:NtQueryDirectoryFile (0x44 (nil) (nil) (nil) 0x21ce98 0x21cec0 0x00002000 0x00000003 0x00000000 <null> 0x00000000
002c:trace:file:append_entry long L"." short L"" mask <null>
002c:trace:file:append_entry long L".." short L"" mask <null>
002c:trace:file:init_cached_dir_data mask <null> found 2 files
002c:trace:file:init_cached_dir_data L"." L""
002c:trace:file:init_cached_dir_data L".." L""
002c:trace:file:NtQueryDirectoryFile => 0 (194)
002c:trace:file:NtQueryDirectoryFile (0x44 (nil) (nil) (nil) 0x21ce98 0x21cec0 0x00002000 0x00000003 0x00000000 <null> 0x00000000
002c:trace:file:NtQueryDirectoryFile => 80000006 (0)
002c:trace:file:find_drive_rootA "/usr/lib/wine/../../share/wine" -> drive Z:, root="/", name="/usr/lib/wine/../../share/wine"
002c:trace:file:NtCreateFile handle=0x21ce94 access=80100000 name=L"\\??\\Z:\\usr\\share\\wine\\fonts" objattr=00000040 root=(nil) sec=(nil) io=0x21ce98 alloc_size=(nil) attr=00000000 sharing=00000003 disp=1 options=00004021 ea=(nil).0x00000000
002c:trace:file:nt_to_unix_file_name_no_root L"\\??\\Z:\\usr\\share\\wine\\fonts" -> "/work/stage2-copy/wineprefix/dosdevices/z:/usr/share/wine/fonts"
002c:trace:file:NtQueryDirectoryFile (0x44 (nil) (nil) (nil) 0x21ce98 0x21cec0 0x00002000 0x00000003 0x00000000 <null> 0x00000000
002c:trace:file:append_entry long L"." short L"" mask <null>
002c:trace:file:append_entry long L".." short L"" mask <null>
002c:trace:file:init_cached_dir_data mask <null> found 2 files
002c:trace:file:init_cached_dir_data L"." L""
002c:trace:file:init_cached_dir_data L".." L""
002c:trace:file:NtQueryDirectoryFile => 0 (194)
002c:trace:file:NtQueryDirectoryFile (0x44 (nil) (nil) (nil) 0x21ce98 0x21cec0 0x00002000 0x00000003 0x00000000 <null> 0x00000000
002c:trace:file:NtQueryDirectoryFile => 80000006 (0)
002c:trace:file:find_drive_rootA "/usr/share/fonts/truetype/dejavu/DejaVuSans-Bold.ttf" -> drive Z:, root="/", name="/usr/share/fonts/truetype/dejavu/DejaVuSans-Bold.ttf"
002c:trace:file:find_drive_rootA "/usr/share/fonts/truetype/dejavu/DejaVuSans.ttf" -> drive Z:, root="/", name="/usr/share/fonts/truetype/dejavu/DejaVuSans.ttf"
002c:trace:file:find_drive_rootA "/usr/share/fonts/truetype/dejavu/DejaVuSansMono-Bold.ttf" -> drive Z:, root="/", name="/usr/share/fonts/truetype/dejavu/DejaVuSansMono-Bold.ttf"
002c:trace:file:find_drive_rootA "/usr/share/fonts/truetype/dejavu/DejaVuSansMono-BoldOblique.ttf" -> drive Z:, root="/", name="/usr/share/fonts/truetype/dejavu/DejaVuSansMono-BoldOblique.ttf"
002c:trace:file:find_drive_rootA "/usr/share/fonts/truetype/dejavu/DejaVuSansMono-Oblique.ttf" -> drive Z:, root="/", name="/usr/share/fonts/truetype/dejavu/DejaVuSansMono-Oblique.ttf"
002c:trace:file:find_drive_rootA "/usr/share/fonts/truetype/dejavu/DejaVuSansMono.ttf" -> drive Z:, root="/", name="/usr/share/fonts/truetype/dejavu/DejaVuSansMono.ttf"
002c:trace:file:find_drive_rootA "/usr/share/fonts/truetype/dejavu/DejaVuSerif-Bold.ttf" -> drive Z:, root="/", name="/usr/share/fonts/truetype/dejavu/DejaVuSerif-Bold.ttf"
002c:trace:file:find_drive_rootA "/usr/share/fonts/truetype/dejavu/DejaVuSerif.ttf" -> drive Z:, root="/", name="/usr/share/fonts/truetype/dejavu/DejaVuSerif.ttf"
002c:trace:file:nt_to_unix_file_name_no_root L"\\??\\C:\\windows\\fonts\\coure.fon" -> "/work/stage2-copy/wineprefix/dosdevices/c:/windows/Fonts/coure.fon"
002c:trace:file:find_drive_rootA "/usr/lib/wine/../../share/wine" -> drive Z:, root="/", name="/usr/lib/wine/../../share/wine"
002c:trace:file:nt_to_unix_file_name_no_root L"\\??\\Z:\\usr\\share\\wine\\fonts\\coure.fon" -> "/work/stage2-copy/wineprefix/dosdevices/z:/usr/share/wine/fonts/coure.fon"
002c:trace:file:nt_to_unix_file_name_no_root L"\\??\\C:\\windows\\fonts\\sserife.fon" -> "/work/stage2-copy/wineprefix/dosdevices/c:/windows/Fonts/sserife.fon"
002c:trace:file:find_drive_rootA "/usr/lib/wine/../../share/wine" -> drive Z:, root="/", name="/usr/lib/wine/../../share/wine"
002c:trace:file:nt_to_unix_file_name_no_root L"\\??\\Z:\\usr\\share\\wine\\fonts\\sserife.fon" -> "/work/stage2-copy/wineprefix/dosdevices/z:/usr/share/wine/fonts/sserife.fon"
002c:trace:file:nt_to_unix_file_name_no_root L"\\??\\C:\\windows\\fonts\\serife.fon" -> "/work/stage2-copy/wineprefix/dosdevices/c:/windows/Fonts/serife.fon"
002c:trace:file:find_drive_rootA "/usr/lib/wine/../../share/wine" -> drive Z:, root="/", name="/usr/lib/wine/../../share/wine"
002c:trace:file:nt_to_unix_file_name_no_root L"\\??\\Z:\\usr\\share\\wine\\fonts\\serife.fon" -> "/work/stage2-copy/wineprefix/dosdevices/z:/usr/share/wine/fonts/serife.fon"
002c:trace:file:nt_to_unix_file_name_no_root L"\\??\\C:\\windows\\fonts\\smalle.fon" -> "/work/stage2-copy/wineprefix/dosdevices/c:/windows/Fonts/smalle.fon"
002c:trace:file:find_drive_rootA "/usr/lib/wine/../../share/wine" -> drive Z:, root="/", name="/usr/lib/wine/../../share/wine"
002c:trace:file:nt_to_unix_file_name_no_root L"\\??\\Z:\\usr\\share\\wine\\fonts\\smalle.fon" -> "/work/stage2-copy/wineprefix/dosdevices/z:/usr/share/wine/fonts/smalle.fon"
002c:trace:file:RtlDosPathNameToNtPathName_U_WithStatus (L"C:\\windows\\system32\\imm32.dll",0066EC0C,00000000,00000000)
002c:trace:file:RtlGetFullPathName_U (L"C:\\windows\\system32\\imm32.dll" 520 0066E8B8 00000000)
002c:trace:file:NtCreateFile handle=0x66ea44 access=80100000 name=L"\\??\\C:\\windows\\system32\\imm32.dll" objattr=00000040 root=(nil) sec=(nil) io=0x66ea50 alloc_size=(nil) attr=00000000 sharing=00000005 disp=1 options=00000060 ea=(nil).0x00000000
002c:trace:file:nt_to_unix_file_name_no_root L"\\??\\C:\\windows\\system32\\imm32.dll" -> "/work/stage2-copy/wineprefix/dosdevices/c:/windows/system32/imm32.dll"
002c:trace:file:NtFsControlFile (0x5c,(nil),(nil),(nil),0x66ea50,0x0009009c,(nil),0x00000000,0x66ea70,0x00000040)
002c:trace:file:GetFileAttributesW L"C:\\users\\ubuntu\\AppData\\Roaming"
002c:trace:file:RtlDosPathNameToNtPathName_U_WithStatus (L"C:\\users\\ubuntu\\AppData\\Roaming",0066EB18,00000000,00000000)
002c:trace:file:RtlGetFullPathName_U (L"C:\\users\\ubuntu\\AppData\\Roaming" 520 0066E8D0 00000000)
002c:trace:file:nt_to_unix_file_name_no_root L"\\??\\C:\\users\\ubuntu\\AppData\\Roaming" -> "/work/stage2-copy/wineprefix/dosdevices/c:/users/ubuntu/AppData/Roaming"
002c:trace:file:RtlDosPathNameToNtPathName_U_WithStatus (L"C:\\windows\\system32\\ole32.dll",0066E994,00000000,00000000)
002c:trace:file:RtlGetFullPathName_U (L"C:\\windows\\system32\\ole32.dll" 520 0066E640 00000000)
002c:trace:file:NtCreateFile handle=0x66e7cc access=80100000 name=L"\\??\\C:\\windows\\system32\\ole32.dll" objattr=00000040 root=(nil) sec=(nil) io=0x66e7d8 alloc_size=(nil) attr=00000000 sharing=00000005 disp=1 options=00000060 ea=(nil).0x00000000
002c:trace:file:nt_to_unix_file_name_no_root L"\\??\\C:\\windows\\system32\\ole32.dll" -> "/work/stage2-copy/wineprefix/dosdevices/c:/windows/system32/ole32.dll"
002c:trace:file:NtFsControlFile (0x5c,(nil),(nil),(nil),0x66e7d8,0x0009009c,(nil),0x00000000,0x66e7f8,0x00000040)
002c:trace:file:RtlDosPathNameToNtPathName_U_WithStatus (L"C:\\windows\\system32\\combase.dll",0066E534,00000000,00000000)
002c:trace:file:RtlGetFullPathName_U (L"C:\\windows\\system32\\combase.dll" 520 0066E1E0 00000000)
002c:trace:file:NtCreateFile handle=0x66e36c access=80100000 name=L"\\??\\C:\\windows\\system32\\combase.dll" objattr=00000040 root=(nil) sec=(nil) io=0x66e378 alloc_size=(nil) attr=00000000 sharing=00000005 disp=1 options=00000060 ea=(nil).0x00000000
002c:trace:file:nt_to_unix_file_name_no_root L"\\??\\C:\\windows\\system32\\combase.dll" -> "/work/stage2-copy/wineprefix/dosdevices/c:/windows/system32/combase.dll"
002c:trace:file:NtFsControlFile (0x5c,(nil),(nil),(nil),0x66e378,0x0009009c,(nil),0x00000000,0x66e398,0x00000040)
00f0:trace:file:find_drive_rootA "/usr/lib/wine/../../share/wine" -> drive Z:, root="/", name="/usr/lib/wine/../../share/wine"
00f0:trace:file:find_drive_rootA "/work/home" -> drive Z:, root="/", name="/work/home"
00f0:trace:file:find_drive_rootA "/work/stage2-copy/wineprefix" -> drive Z:, root="/", name="/work/stage2-copy/wineprefix"
00f0:trace:file:find_drive_rootA "/usr/lib/i386-linux-gnu/wine" -> drive Z:, root="/", name="/usr/lib/i386-linux-gnu/wine"
00f0:trace:file:nt_to_unix_file_name_no_root L"\\??\\C:\\windows\\system32\\rpcss.exe" -> "/work/stage2-copy/wineprefix/dosdevices/c:/windows/system32/rpcss.exe"
002c:trace:file:RtlDosPathNameToNtPathName_U_WithStatus (L"C:\\windows\\system32\\rpcrt4.dll",0066E0D4,00000000,00000000)
002c:trace:file:RtlGetFullPathName_U (L"C:\\windows\\system32\\rpcrt4.dll" 520 0066DD80 00000000)
002c:trace:file:NtCreateFile handle=0x66df0c access=80100000 name=L"\\??\\C:\\windows\\system32\\rpcrt4.dll" objattr=00000040 root=(nil) sec=(nil) io=0x66df18 alloc_size=(nil) attr=00000000 sharing=00000005 disp=1 options=00000060 ea=(nil).0x00000000
002c:trace:file:nt_to_unix_file_name_no_root L"\\??\\C:\\windows\\system32\\rpcrt4.dll" -> "/work/stage2-copy/wineprefix/dosdevices/c:/windows/system32/rpcrt4.dll"
002c:trace:file:NtFsControlFile (0x5c,(nil),(nil),(nil),0x66df18,0x0009009c,(nil),0x00000000,0x66df38,0x00000040)
002c:trace:file:RtlDosPathNameToNtPathName_U_WithStatus (L"C:\\windows\\system32\\coml2.dll",0066E534,00000000,00000000)
002c:trace:file:RtlGetFullPathName_U (L"C:\\windows\\system32\\coml2.dll" 520 0066E1E0 00000000)
002c:trace:file:NtCreateFile handle=0x66e36c access=80100000 name=L"\\??\\C:\\windows\\system32\\coml2.dll" objattr=00000040 root=(nil) sec=(nil) io=0x66e378 alloc_size=(nil) attr=00000000 sharing=00000005 disp=1 options=00000060 ea=(nil).0x00000000
002c:trace:file:nt_to_unix_file_name_no_root L"\\??\\C:\\windows\\system32\\coml2.dll" -> "/work/stage2-copy/wineprefix/dosdevices/c:/windows/system32/coml2.dll"
002c:trace:file:NtFsControlFile (0x5c,(nil),(nil),(nil),0x66e378,0x0009009c,(nil),0x00000000,0x66e398,0x00000040)
00f0:trace:file:errno_to_status errno = 9
0058:trace:file:NtFsControlFile (0x158,0x154,(nil),0x130fbc0,0x130fbc0,0x00110008,(nil),0x00000000,(nil),0x00000000)
00f0:trace:file:RtlDosPathNameToNtPathName_U_WithStatus (L"C:\\windows\\",0063FBC0,00000000,00000000)
00f0:trace:file:RtlGetFullPathName_U (L"C:\\windows\\" 520 0063F974 00000000)
00f0:trace:file:NtCreateFile handle=0x63fbb4 access=00100020 name=L"\\??\\C:\\windows\\" objattr=00000040 root=(nil) sec=(nil) io=0x63fbc8 alloc_size=(nil) attr=00000000 sharing=00000003 disp=1 options=00000021 ea=(nil).0x00000000
00f0:trace:file:nt_to_unix_file_name_no_root L"\\??\\C:\\windows\\" -> "/work/stage2-copy/wineprefix/dosdevices/c:/windows/"
00f0:trace:file:RtlSetCurrentDirectory_U curdir now L"C:\\windows\\" 00000018
002c:trace:file:GetFileAttributesW L"C:\\users\\ubuntu"
002c:trace:file:RtlDosPathNameToNtPathName_U_WithStatus (L"C:\\users\\ubuntu",0066EB18,00000000,00000000)
002c:trace:file:RtlGetFullPathName_U (L"C:\\users\\ubuntu" 520 0066E8D0 00000000)
00f0:trace:file:RtlDosPathNameToNtPathName_U_WithStatus (L"C:\\windows\\system32\\rpcss.exe",0063FC88,00000000,00000000)
002c:trace:file:nt_to_unix_file_name_no_root L"\\??\\C:\\users\\ubuntu" -> "/work/stage2-copy/wineprefix/dosdevices/c:/users/ubuntu"
00f0:trace:file:RtlGetFullPathName_U (L"C:\\windows\\system32\\rpcss.exe" 520 0063FA20 00000000)
00f0:trace:file:RtlDosPathNameToNtPathName_U_WithStatus (L"C:\\windows\\system32\\kernel32.dll",0063FB94,00000000,00000000)
00f0:trace:file:RtlGetFullPathName_U (L"C:\\windows\\system32\\kernel32.dll" 520 0063F840 00000000)
00f0:trace:file:NtCreateFile handle=0x63f9cc access=80100000 name=L"\\??\\C:\\windows\\system32\\kernel32.dll" objattr=00000040 root=(nil) sec=(nil) io=0x63f9d8 alloc_size=(nil) attr=00000000 sharing=00000005 disp=1 options=00000060 ea=(nil).0x00000000
00f0:trace:file:nt_to_unix_file_name_no_root L"\\??\\C:\\windows\\system32\\kernel32.dll" -> "/work/stage2-copy/wineprefix/dosdevices/c:/windows/system32/kernel32.dll"
00f0:trace:file:NtFsControlFile (0x1c,(nil),(nil),(nil),0x63f9d8,0x0009009c,(nil),0x00000000,0x63f9f8,0x00000040)
002c:trace:file:GetFileAttributesW L"C:\\users\\ubuntu\\AppData\\Local"
002c:trace:file:RtlDosPathNameToNtPathName_U_WithStatus (L"C:\\users\\ubuntu\\AppData\\Local",0066EB18,00000000,00000000)
002c:trace:file:RtlGetFullPathName_U (L"C:\\users\\ubuntu\\AppData\\Local" 520 0066E8D0 00000000)
002c:trace:file:nt_to_unix_file_name_no_root L"\\??\\C:\\users\\ubuntu\\AppData\\Local" -> "/work/stage2-copy/wineprefix/dosdevices/c:/users/ubuntu/AppData/Local"
002c:trace:file:RtlDosPathNameToNtPathName_U_WithStatus (L"C:\\windows\\system32\\mscoree.dll",0066FE90,00000000,00000000)
002c:trace:file:RtlGetFullPathName_U (L"C:\\windows\\system32\\mscoree.dll" 520 0066FB74 00000000)
002c:trace:file:NtCreateFile handle=0x66fd04 access=80100000 name=L"\\??\\C:\\windows\\system32\\mscoree.dll" objattr=00000040 root=(nil) sec=(nil) io=0x66fd10 alloc_size=(nil) attr=00000000 sharing=00000005 disp=1 options=00000060 ea=(nil).0x00000000
002c:trace:file:nt_to_unix_file_name_no_root L"\\??\\C:\\windows\\system32\\mscoree.dll" -> "/work/stage2-copy/wineprefix/dosdevices/c:/windows/system32/mscoree.dll"
002c:trace:file:NtFsControlFile (0x38,(nil),(nil),(nil),0x66fd10,0x0009009c,(nil),0x00000000,0x66fd30,0x00000040)
00f0:trace:file:RtlDosPathNameToNtPathName_U_WithStatus (L"C:\\windows\\system32\\kernelbase.dll",0063F734,00000000,00000000)
00f0:trace:file:RtlGetFullPathName_U (L"C:\\windows\\system32\\kernelbase.dll" 520 0063F3E0 00000000)
00f0:trace:file:NtCreateFile handle=0x63f56c access=80100000 name=L"\\??\\C:\\windows\\system32\\kernelbase.dll" objattr=00000040 root=(nil) sec=(nil) io=0x63f578 alloc_size=(nil) attr=00000000 sharing=00000005 disp=1 options=00000060 ea=(nil).0x00000000
00f0:trace:file:nt_to_unix_file_name_no_root L"\\??\\C:\\windows\\system32\\kernelbase.dll" -> "/work/stage2-copy/wineprefix/dosdevices/c:/windows/system32/kernelbase.dll"
00f0:trace:file:NtFsControlFile (0x1c,(nil),(nil),(nil),0x63f578,0x0009009c,(nil),0x00000000,0x63f598,0x00000040)
0024:trace:file:find_drive_rootA "/samples/voicetext_james.exe" -> drive Z:, root="/", name="/samples/voicetext_james.exe"
0024:trace:file:nt_to_unix_file_name_no_root L"\\??\\Z:\\samples\\voicetext_james.exe" -> "/work/stage2-copy/wineprefix/dosdevices/z:/samples/voicetext_james.exe"
00f0:trace:file:RtlDosPathNameToNtPathName_U_WithStatus (L"C:\\windows\\system32\\rpcss.exe.manifest",0063FAD8,00000000,00000000)
00f0:trace:file:RtlGetFullPathName_U (L"C:\\windows\\system32\\rpcss.exe.manifest" 520 0063F880 00000000)
00f0:trace:file:NtCreateFile handle=0x63fad4 access=80100000 name=L"\\??\\C:\\windows\\system32\\rpcss.exe.manifest" objattr=00000040 root=(nil) sec=(nil) io=0x63fae0 alloc_size=(nil) attr=00000000 sharing=00000005 disp=1 options=00000010 ea=(nil).0x00000000
00f0:trace:file:nt_to_unix_file_name_no_root L"windows\\system32\\rpcss.exe.manifest" not found in "/work/stage2-copy/wineprefix/dosdevices/c:"
00f0:warn:file:NtCreateFile L"\\??\\C:\\windows\\system32\\rpcss.exe.manifest" not found (c0000034)
00f0:trace:file:RtlDosPathNameToNtPathName_U_WithStatus (L"C:\\windows\\system32\\advapi32.dll",0063F88C,00000000,00000000)
00f0:trace:file:RtlGetFullPathName_U (L"C:\\windows\\system32\\advapi32.dll" 520 0063F538 00000000)
00f0:trace:file:NtCreateFile handle=0x63f6c4 access=80100000 name=L"\\??\\C:\\windows\\system32\\advapi32.dll" objattr=00000040 root=(nil) sec=(nil) io=0x63f6d0 alloc_size=(nil) attr=00000000 sharing=00000005 disp=1 options=00000060 ea=(nil).0x00000000
00f0:trace:file:nt_to_unix_file_name_no_root L"\\??\\C:\\windows\\system32\\advapi32.dll" -> "/work/stage2-copy/wineprefix/dosdevices/c:/windows/system32/advapi32.dll"
00f0:trace:file:NtFsControlFile (0x1c,(nil),(nil),(nil),0x63f6d0,0x0009009c,(nil),0x00000000,0x63f6f0,0x00000040)
0024:trace:file:RtlDosPathNameToNtPathName_U_WithStatus (L"Z:\\work\\stage5\\",0067FBC0,00000000,00000000)
0024:trace:file:RtlGetFullPathName_U (L"Z:\\work\\stage5\\" 520 0067F974 00000000)
0024:trace:file:NtCreateFile handle=0x67fbb4 access=00100020 name=L"\\??\\Z:\\work\\stage5\\" objattr=00000040 root=(nil) sec=(nil) io=0x67fbc8 alloc_size=(nil) attr=00000000 sharing=00000003 disp=1 options=00000021 ea=(nil).0x00000000
0024:trace:file:nt_to_unix_file_name_no_root L"\\??\\Z:\\work\\stage5\\" -> "/work/stage2-copy/wineprefix/dosdevices/z:/work/stage5/"
0024:trace:file:RtlSetCurrentDirectory_U curdir now L"Z:\\work\\stage5\\" 00000018
00f0:trace:file:RtlDosPathNameToNtPathName_U_WithStatus (L"C:\\windows\\system32\\msvcrt.dll",0063F42C,00000000,00000000)
00f0:trace:file:RtlGetFullPathName_U (L"C:\\windows\\system32\\msvcrt.dll" 520 0063F0D8 00000000)
00f0:trace:file:NtCreateFile handle=0x63f264 access=80100000 name=L"\\??\\C:\\windows\\system32\\msvcrt.dll" objattr=00000040 root=(nil) sec=(nil) io=0x63f270 alloc_size=(nil) attr=00000000 sharing=00000005 disp=1 options=00000060 ea=(nil).0x00000000
0024:trace:file:RtlDosPathNameToNtPathName_U_WithStatus (L"Z:\\samples\\voicetext_james.exe",0067FC88,00000000,00000000)
0024:trace:file:RtlGetFullPathName_U (L"Z:\\samples\\voicetext_james.exe" 520 0067FA20 00000000)
00f0:trace:file:nt_to_unix_file_name_no_root L"\\??\\C:\\windows\\system32\\msvcrt.dll" -> "/work/stage2-copy/wineprefix/dosdevices/c:/windows/system32/msvcrt.dll"
00f0:trace:file:NtFsControlFile (0x1c,(nil),(nil),(nil),0x63f270,0x0009009c,(nil),0x00000000,0x63f290,0x00000040)
0024:trace:file:RtlDosPathNameToNtPathName_U_WithStatus (L"Z:\\samples\\kernel32.dll",0067FB94,00000000,00000000)
0024:trace:file:RtlGetFullPathName_U (L"Z:\\samples\\kernel32.dll" 520 0067F840 00000000)
0024:trace:file:NtCreateFile handle=0x67f9cc access=80100000 name=L"\\??\\Z:\\samples\\kernel32.dll" objattr=00000040 root=(nil) sec=(nil) io=0x67f9d8 alloc_size=(nil) attr=00000000 sharing=00000005 disp=1 options=00000060 ea=(nil).0x00000000
0024:trace:file:nt_to_unix_file_name_no_root L"samples\\kernel32.dll" not found in "/work/stage2-copy/wineprefix/dosdevices/z:"
0024:warn:file:NtCreateFile L"\\??\\Z:\\samples\\kernel32.dll" not found (c0000034)
0024:trace:file:RtlDosPathNameToNtPathName_U_WithStatus (L"C:\\windows\\system32\\kernel32.dll",0067FB94,00000000,00000000)
0024:trace:file:RtlGetFullPathName_U (L"C:\\windows\\system32\\kernel32.dll" 520 0067F840 00000000)
0024:trace:file:NtCreateFile handle=0x67f9cc access=80100000 name=L"\\??\\C:\\windows\\system32\\kernel32.dll" objattr=00000040 root=(nil) sec=(nil) io=0x67f9d8 alloc_size=(nil) attr=00000000 sharing=00000005 disp=1 options=00000060 ea=(nil).0x00000000
0024:trace:file:nt_to_unix_file_name_no_root L"\\??\\C:\\windows\\system32\\kernel32.dll" -> "/work/stage2-copy/wineprefix/dosdevices/c:/windows/system32/kernel32.dll"
0024:trace:file:NtFsControlFile (0x1c,(nil),(nil),(nil),0x67f9d8,0x0009009c,(nil),0x00000000,0x67f9f8,0x00000040)
0024:trace:file:RtlDosPathNameToNtPathName_U_WithStatus (L"Z:\\samples\\kernelbase.dll",0067F734,00000000,00000000)
0024:trace:file:RtlGetFullPathName_U (L"Z:\\samples\\kernelbase.dll" 520 0067F3E0 00000000)
0024:trace:file:NtCreateFile handle=0x67f56c access=80100000 name=L"\\??\\Z:\\samples\\kernelbase.dll" objattr=00000040 root=(nil) sec=(nil) io=0x67f578 alloc_size=(nil) attr=00000000 sharing=00000005 disp=1 options=00000060 ea=(nil).0x00000000
0024:trace:file:nt_to_unix_file_name_no_root L"samples\\kernelbase.dll" not found in "/work/stage2-copy/wineprefix/dosdevices/z:"
0024:warn:file:NtCreateFile L"\\??\\Z:\\samples\\kernelbase.dll" not found (c0000034)
0024:trace:file:RtlDosPathNameToNtPathName_U_WithStatus (L"C:\\windows\\system32\\kernelbase.dll",0067F734,00000000,00000000)
0024:trace:file:RtlGetFullPathName_U (L"C:\\windows\\system32\\kernelbase.dll" 520 0067F3E0 00000000)
0024:trace:file:NtCreateFile handle=0x67f56c access=80100000 name=L"\\??\\C:\\windows\\system32\\kernelbase.dll" objattr=00000040 root=(nil) sec=(nil) io=0x67f578 alloc_size=(nil) attr=00000000 sharing=00000005 disp=1 options=00000060 ea=(nil).0x00000000
0024:trace:file:nt_to_unix_file_name_no_root L"\\??\\C:\\windows\\system32\\kernelbase.dll" -> "/work/stage2-copy/wineprefix/dosdevices/c:/windows/system32/kernelbase.dll"
0024:trace:file:NtFsControlFile (0x1c,(nil),(nil),(nil),0x67f578,0x0009009c,(nil),0x00000000,0x67f598,0x00000040)
00f0:trace:file:RtlDosPathNameToNtPathName_U_WithStatus (L"C:\\windows\\system32\\sechost.dll",0063F42C,00000000,00000000)
00f0:trace:file:RtlGetFullPathName_U (L"C:\\windows\\system32\\sechost.dll" 520 0063F0D8 00000000)
00f0:trace:file:NtCreateFile handle=0x63f264 access=80100000 name=L"\\??\\C:\\windows\\system32\\sechost.dll" objattr=00000040 root=(nil) sec=(nil) io=0x63f270 alloc_size=(nil) attr=00000000 sharing=00000005 disp=1 options=00000060 ea=(nil).0x00000000
00f0:trace:file:nt_to_unix_file_name_no_root L"\\??\\C:\\windows\\system32\\sechost.dll" -> "/work/stage2-copy/wineprefix/dosdevices/c:/windows/system32/sechost.dll"
00f0:trace:file:NtFsControlFile (0x1c,(nil),(nil),(nil),0x63f270,0x0009009c,(nil),0x00000000,0x63f290,0x00000040)
00f0:trace:file:RtlDosPathNameToNtPathName_U_WithStatus (L"C:\\windows\\system32\\ucrtbase.dll",0063EFCC,00000000,00000000)
00f0:trace:file:RtlGetFullPathName_U (L"C:\\windows\\system32\\ucrtbase.dll" 520 0063EC78 00000000)
00f0:trace:file:NtCreateFile handle=0x63ee04 access=80100000 name=L"\\??\\C:\\windows\\system32\\ucrtbase.dll" objattr=00000040 root=(nil) sec=(nil) io=0x63ee10 alloc_size=(nil) attr=00000000 sharing=00000005 disp=1 options=00000060 ea=(nil).0x00000000
00f0:trace:file:nt_to_unix_file_name_no_root L"\\??\\C:\\windows\\system32\\ucrtbase.dll" -> "/work/stage2-copy/wineprefix/dosdevices/c:/windows/system32/ucrtbase.dll"
00f0:trace:file:NtFsControlFile (0x1c,(nil),(nil),(nil),0x63ee10,0x0009009c,(nil),0x00000000,0x63ee30,0x00000040)
0024:trace:file:RtlDosPathNameToNtPathName_U_WithStatus (L"Z:\\samples\\msvcrt.dll",0067F88C,00000000,00000000)
0024:trace:file:RtlGetFullPathName_U (L"Z:\\samples\\msvcrt.dll" 520 0067F538 00000000)
0024:trace:file:NtCreateFile handle=0x67f6c4 access=80100000 name=L"\\??\\Z:\\samples\\msvcrt.dll" objattr=00000040 root=(nil) sec=(nil) io=0x67f6d0 alloc_size=(nil) attr=00000000 sharing=00000005 disp=1 options=00000060 ea=(nil).0x00000000
0024:trace:file:nt_to_unix_file_name_no_root L"samples\\msvcrt.dll" not found in "/work/stage2-copy/wineprefix/dosdevices/z:"
0024:warn:file:NtCreateFile L"\\??\\Z:\\samples\\msvcrt.dll" not found (c0000034)
0024:trace:file:RtlDosPathNameToNtPathName_U_WithStatus (L"C:\\windows\\system32\\msvcrt.dll",0067F88C,00000000,00000000)
0024:trace:file:RtlGetFullPathName_U (L"C:\\windows\\system32\\msvcrt.dll" 520 0067F538 00000000)
0024:trace:file:NtCreateFile handle=0x67f6c4 access=80100000 name=L"\\??\\C:\\windows\\system32\\msvcrt.dll" objattr=00000040 root=(nil) sec=(nil) io=0x67f6d0 alloc_size=(nil) attr=00000000 sharing=00000005 disp=1 options=00000060 ea=(nil).0x00000000
0024:trace:file:nt_to_unix_file_name_no_root L"\\??\\C:\\windows\\system32\\msvcrt.dll" -> "/work/stage2-copy/wineprefix/dosdevices/c:/windows/system32/msvcrt.dll"
0024:trace:file:NtFsControlFile (0x1c,(nil),(nil),(nil),0x67f6d0,0x0009009c,(nil),0x00000000,0x67f6f0,0x00000040)
00f0:trace:file:RtlDosPathNameToNtPathName_U_WithStatus (L"C:\\windows\\system32\\rpcrt4.dll",0063F88C,00000000,00000000)
00f0:trace:file:RtlGetFullPathName_U (L"C:\\windows\\system32\\rpcrt4.dll" 520 0063F538 00000000)
00f0:trace:file:NtCreateFile handle=0x63f6c4 access=80100000 name=L"\\??\\C:\\windows\\system32\\rpcrt4.dll" objattr=00000040 root=(nil) sec=(nil) io=0x63f6d0 alloc_size=(nil) attr=00000000 sharing=00000005 disp=1 options=00000060 ea=(nil).0x00000000
00f0:trace:file:nt_to_unix_file_name_no_root L"\\??\\C:\\windows\\system32\\rpcrt4.dll" -> "/work/stage2-copy/wineprefix/dosdevices/c:/windows/system32/rpcrt4.dll"
00f0:trace:file:NtFsControlFile (0x1c,(nil),(nil),(nil),0x63f6d0,0x0009009c,(nil),0x00000000,0x63f6f0,0x00000040)
0024:trace:file:RtlDosPathNameToNtPathName_U_WithStatus (L"Z:\\samples\\vt_jam.dll",0067F88C,00000000,00000000)
0024:trace:file:RtlGetFullPathName_U (L"Z:\\samples\\vt_jam.dll" 520 0067F538 00000000)
0024:trace:file:NtCreateFile handle=0x67f6c4 access=80100000 name=L"\\??\\Z:\\samples\\vt_jam.dll" objattr=00000040 root=(nil) sec=(nil) io=0x67f6d0 alloc_size=(nil) attr=00000000 sharing=00000005 disp=1 options=00000060 ea=(nil).0x00000000
0024:trace:file:nt_to_unix_file_name_no_root L"\\??\\Z:\\samples\\vt_jam.dll" -> "/work/stage2-copy/wineprefix/dosdevices/z:/samples/vt_jam.dll"
0024:trace:file:NtFsControlFile (0x1c,(nil),(nil),(nil),0x67f6d0,0x0009009c,(nil),0x00000000,0x67f6f0,0x00000040)
0024:trace:file:RtlDosPathNameToNtPathName_U_WithStatus (L"Z:\\samples\\WINMM.dll",0067F42C,00000000,00000000)
0024:trace:file:RtlGetFullPathName_U (L"Z:\\samples\\WINMM.dll" 520 0067F0D8 00000000)
0024:trace:file:NtCreateFile handle=0x67f264 access=80100000 name=L"\\??\\Z:\\samples\\WINMM.dll" objattr=00000040 root=(nil) sec=(nil) io=0x67f270 alloc_size=(nil) attr=00000000 sharing=00000005 disp=1 options=00000060 ea=(nil).0x00000000
0024:trace:file:nt_to_unix_file_name_no_root L"samples\\WINMM.dll" not found in "/work/stage2-copy/wineprefix/dosdevices/z:"
0024:warn:file:NtCreateFile L"\\??\\Z:\\samples\\WINMM.dll" not found (c0000034)
0024:trace:file:RtlDosPathNameToNtPathName_U_WithStatus (L"C:\\windows\\system32\\WINMM.dll",0067F42C,00000000,00000000)
0024:trace:file:RtlGetFullPathName_U (L"C:\\windows\\system32\\WINMM.dll" 520 0067F0D8 00000000)
0024:trace:file:NtCreateFile handle=0x67f264 access=80100000 name=L"\\??\\C:\\windows\\system32\\WINMM.dll" objattr=00000040 root=(nil) sec=(nil) io=0x67f270 alloc_size=(nil) attr=00000000 sharing=00000005 disp=1 options=00000060 ea=(nil).0x00000000
0024:trace:file:nt_to_unix_file_name_no_root L"\\??\\C:\\windows\\system32\\WINMM.dll" -> "/work/stage2-copy/wineprefix/dosdevices/c:/windows/system32/winmm.dll"
0024:trace:file:NtFsControlFile (0x1c,(nil),(nil),(nil),0x67f270,0x0009009c,(nil),0x00000000,0x67f290,0x00000040)
0024:trace:file:RtlDosPathNameToNtPathName_U_WithStatus (L"Z:\\samples\\advapi32.dll",0067EFCC,00000000,00000000)
0024:trace:file:RtlGetFullPathName_U (L"Z:\\samples\\advapi32.dll" 520 0067EC78 00000000)
0024:trace:file:NtCreateFile handle=0x67ee04 access=80100000 name=L"\\??\\Z:\\samples\\advapi32.dll" objattr=00000040 root=(nil) sec=(nil) io=0x67ee10 alloc_size=(nil) attr=00000000 sharing=00000005 disp=1 options=00000060 ea=(nil).0x00000000
0024:trace:file:nt_to_unix_file_name_no_root L"samples\\advapi32.dll" not found in "/work/stage2-copy/wineprefix/dosdevices/z:"
0024:warn:file:NtCreateFile L"\\??\\Z:\\samples\\advapi32.dll" not found (c0000034)
0024:trace:file:RtlDosPathNameToNtPathName_U_WithStatus (L"C:\\windows\\system32\\advapi32.dll",0067EFCC,00000000,00000000)
0024:trace:file:RtlGetFullPathName_U (L"C:\\windows\\system32\\advapi32.dll" 520 0067EC78 00000000)
0024:trace:file:NtCreateFile handle=0x67ee04 access=80100000 name=L"\\??\\C:\\windows\\system32\\advapi32.dll" objattr=00000040 root=(nil) sec=(nil) io=0x67ee10 alloc_size=(nil) attr=00000000 sharing=00000005 disp=1 options=00000060 ea=(nil).0x00000000
0024:trace:file:nt_to_unix_file_name_no_root L"\\??\\C:\\windows\\system32\\advapi32.dll" -> "/work/stage2-copy/wineprefix/dosdevices/c:/windows/system32/advapi32.dll"
0024:trace:file:NtFsControlFile (0x1c,(nil),(nil),(nil),0x67ee10,0x0009009c,(nil),0x00000000,0x67ee30,0x00000040)
0024:trace:file:RtlDosPathNameToNtPathName_U_WithStatus (L"Z:\\samples\\sechost.dll",0067EB6C,00000000,00000000)
0024:trace:file:RtlGetFullPathName_U (L"Z:\\samples\\sechost.dll" 520 0067E818 00000000)
0024:trace:file:NtCreateFile handle=0x67e9a4 access=80100000 name=L"\\??\\Z:\\samples\\sechost.dll" objattr=00000040 root=(nil) sec=(nil) io=0x67e9b0 alloc_size=(nil) attr=00000000 sharing=00000005 disp=1 options=00000060 ea=(nil).0x00000000
0024:trace:file:nt_to_unix_file_name_no_root L"samples\\sechost.dll" not found in "/work/stage2-copy/wineprefix/dosdevices/z:"
0024:warn:file:NtCreateFile L"\\??\\Z:\\samples\\sechost.dll" not found (c0000034)
0024:trace:file:RtlDosPathNameToNtPathName_U_WithStatus (L"C:\\windows\\system32\\sechost.dll",0067EB6C,00000000,00000000)
0024:trace:file:RtlGetFullPathName_U (L"C:\\windows\\system32\\sechost.dll" 520 0067E818 00000000)
0024:trace:file:NtCreateFile handle=0x67e9a4 access=80100000 name=L"\\??\\C:\\windows\\system32\\sechost.dll" objattr=00000040 root=(nil) sec=(nil) io=0x67e9b0 alloc_size=(nil) attr=00000000 sharing=00000005 disp=1 options=00000060 ea=(nil).0x00000000
0024:trace:file:nt_to_unix_file_name_no_root L"\\??\\C:\\windows\\system32\\sechost.dll" -> "/work/stage2-copy/wineprefix/dosdevices/c:/windows/system32/sechost.dll"
0024:trace:file:NtFsControlFile (0x1c,(nil),(nil),(nil),0x67e9b0,0x0009009c,(nil),0x00000000,0x67e9d0,0x00000040)
0024:trace:file:RtlDosPathNameToNtPathName_U_WithStatus (L"Z:\\samples\\ucrtbase.dll",0067E70C,00000000,00000000)
0024:trace:file:RtlGetFullPathName_U (L"Z:\\samples\\ucrtbase.dll" 520 0067E3B8 00000000)
0024:trace:file:NtCreateFile handle=0x67e544 access=80100000 name=L"\\??\\Z:\\samples\\ucrtbase.dll" objattr=00000040 root=(nil) sec=(nil) io=0x67e550 alloc_size=(nil) attr=00000000 sharing=00000005 disp=1 options=00000060 ea=(nil).0x00000000
0024:trace:file:nt_to_unix_file_name_no_root L"samples\\ucrtbase.dll" not found in "/work/stage2-copy/wineprefix/dosdevices/z:"
0024:warn:file:NtCreateFile L"\\??\\Z:\\samples\\ucrtbase.dll" not found (c0000034)
0024:trace:file:RtlDosPathNameToNtPathName_U_WithStatus (L"C:\\windows\\system32\\ucrtbase.dll",0067E70C,00000000,00000000)
0024:trace:file:RtlGetFullPathName_U (L"C:\\windows\\system32\\ucrtbase.dll" 520 0067E3B8 00000000)
0024:trace:file:NtCreateFile handle=0x67e544 access=80100000 name=L"\\??\\C:\\windows\\system32\\ucrtbase.dll" objattr=00000040 root=(nil) sec=(nil) io=0x67e550 alloc_size=(nil) attr=00000000 sharing=00000005 disp=1 options=00000060 ea=(nil).0x00000000
0024:trace:file:nt_to_unix_file_name_no_root L"\\??\\C:\\windows\\system32\\ucrtbase.dll" -> "/work/stage2-copy/wineprefix/dosdevices/c:/windows/system32/ucrtbase.dll"
0024:trace:file:NtFsControlFile (0x1c,(nil),(nil),(nil),0x67e550,0x0009009c,(nil),0x00000000,0x67e570,0x00000040)
0024:trace:file:RtlDosPathNameToNtPathName_U_WithStatus (L"Z:\\samples\\msacm32.dll",0067EFCC,00000000,00000000)
0024:trace:file:RtlGetFullPathName_U (L"Z:\\samples\\msacm32.dll" 520 0067EC78 00000000)
0024:trace:file:NtCreateFile handle=0x67ee04 access=80100000 name=L"\\??\\Z:\\samples\\msacm32.dll" objattr=00000040 root=(nil) sec=(nil) io=0x67ee10 alloc_size=(nil) attr=00000000 sharing=00000005 disp=1 options=00000060 ea=(nil).0x00000000
0024:trace:file:nt_to_unix_file_name_no_root L"samples\\msacm32.dll" not found in "/work/stage2-copy/wineprefix/dosdevices/z:"
0024:warn:file:NtCreateFile L"\\??\\Z:\\samples\\msacm32.dll" not found (c0000034)
0024:trace:file:RtlDosPathNameToNtPathName_U_WithStatus (L"C:\\windows\\system32\\msacm32.dll",0067EFCC,00000000,00000000)
0024:trace:file:RtlGetFullPathName_U (L"C:\\windows\\system32\\msacm32.dll" 520 0067EC78 00000000)
0024:trace:file:NtCreateFile handle=0x67ee04 access=80100000 name=L"\\??\\C:\\windows\\system32\\msacm32.dll" objattr=00000040 root=(nil) sec=(nil) io=0x67ee10 alloc_size=(nil) attr=00000000 sharing=00000005 disp=1 options=00000060 ea=(nil).0x00000000
0024:trace:file:nt_to_unix_file_name_no_root L"\\??\\C:\\windows\\system32\\msacm32.dll" -> "/work/stage2-copy/wineprefix/dosdevices/c:/windows/system32/msacm32.dll"
0024:trace:file:NtFsControlFile (0x1c,(nil),(nil),(nil),0x67ee10,0x0009009c,(nil),0x00000000,0x67ee30,0x00000040)
0024:trace:file:RtlDosPathNameToNtPathName_U_WithStatus (L"Z:\\samples\\user32.dll",0067EB6C,00000000,00000000)
0024:trace:file:RtlGetFullPathName_U (L"Z:\\samples\\user32.dll" 520 0067E818 00000000)
0024:trace:file:NtCreateFile handle=0x67e9a4 access=80100000 name=L"\\??\\Z:\\samples\\user32.dll" objattr=00000040 root=(nil) sec=(nil) io=0x67e9b0 alloc_size=(nil) attr=00000000 sharing=00000005 disp=1 options=00000060 ea=(nil).0x00000000
0024:trace:file:nt_to_unix_file_name_no_root L"samples\\user32.dll" not found in "/work/stage2-copy/wineprefix/dosdevices/z:"
0024:warn:file:NtCreateFile L"\\??\\Z:\\samples\\user32.dll" not found (c0000034)
0024:trace:file:RtlDosPathNameToNtPathName_U_WithStatus (L"C:\\windows\\system32\\user32.dll",0067EB6C,00000000,00000000)
0024:trace:file:RtlGetFullPathName_U (L"C:\\windows\\system32\\user32.dll" 520 0067E818 00000000)
0024:trace:file:NtCreateFile handle=0x67e9a4 access=80100000 name=L"\\??\\C:\\windows\\system32\\user32.dll" objattr=00000040 root=(nil) sec=(nil) io=0x67e9b0 alloc_size=(nil) attr=00000000 sharing=00000005 disp=1 options=00000060 ea=(nil).0x00000000
0024:trace:file:nt_to_unix_file_name_no_root L"\\??\\C:\\windows\\system32\\user32.dll" -> "/work/stage2-copy/wineprefix/dosdevices/c:/windows/system32/user32.dll"
0024:trace:file:NtFsControlFile (0x1c,(nil),(nil),(nil),0x67e9b0,0x0009009c,(nil),0x00000000,0x67e9d0,0x00000040)
00f0:trace:file:GetFileAttributesW L"C:\\windows\\system32\\tzres.dll"
00f0:trace:file:RtlDosPathNameToNtPathName_U_WithStatus (L"C:\\windows\\system32\\tzres.dll",0063F5E8,00000000,00000000)
00f0:trace:file:RtlGetFullPathName_U (L"C:\\windows\\system32\\tzres.dll" 520 0063F3A0 00000000)
00f0:trace:file:nt_to_unix_file_name_no_root L"\\??\\C:\\windows\\system32\\tzres.dll" -> "/work/stage2-copy/wineprefix/dosdevices/c:/windows/system32/tzres.dll"
00f0:trace:file:RtlGetFullPathName_U (L"C:\\windows\\system32\\tzres.dll" 0 00000000 00000000)
00f0:trace:file:RtlGetFullPathName_U (L"C:\\windows\\system32\\tzres.dll" 60 002432F8 00000000)
00f0:trace:file:RtlDosPathNameToNtPathName_U_WithStatus (L"C:\\windows\\system32\\tzres.dll",0063F5A0,00000000,00000000)
00f0:trace:file:RtlGetFullPathName_U (L"C:\\windows\\system32\\tzres.dll" 520 0063F2BC 00000000)
00f0:trace:file:NtCreateFile handle=0x63f44c access=80100000 name=L"\\??\\C:\\windows\\system32\\tzres.dll" objattr=00000040 root=(nil) sec=(nil) io=0x63f458 alloc_size=(nil) attr=00000000 sharing=00000005 disp=1 options=00000060 ea=(nil).0x00000000
00f0:trace:file:nt_to_unix_file_name_no_root L"\\??\\C:\\windows\\system32\\tzres.dll" -> "/work/stage2-copy/wineprefix/dosdevices/c:/windows/system32/tzres.dll"
00f0:trace:file:NtFsControlFile (0x34,(nil),(nil),(nil),0x63f458,0x0009009c,(nil),0x00000000,0x63f478,0x00000040)
0024:trace:file:RtlDosPathNameToNtPathName_U_WithStatus (L"Z:\\samples\\zlib1.dll",0067E70C,00000000,00000000)
0024:trace:file:RtlGetFullPathName_U (L"Z:\\samples\\zlib1.dll" 520 0067E3B8 00000000)
00f0:trace:file:RtlDosPathNameToNtPathName_U_WithStatus (L"C:\\windows\\system32\\tzres.dll",0063F2C0,00000000,00000000)
0024:trace:file:NtCreateFile handle=0x67e544 access=80100000 name=L"\\??\\Z:\\samples\\zlib1.dll" objattr=00000040 root=(nil) sec=(nil) io=0x67e550 alloc_size=(nil) attr=00000000 sharing=00000005 disp=1 options=00000060 ea=(nil).0x00000000
00f0:trace:file:RtlGetFullPathName_U (L"C:\\windows\\system32\\tzres.dll" 520 0063F094 00000000)
0024:trace:file:nt_to_unix_file_name_no_root L"\\??\\Z:\\samples\\zlib1.dll" -> "/work/stage2-copy/wineprefix/dosdevices/z:/samples/zlib1.dll"
00f0:trace:file:nt_to_unix_file_name_no_root L"\\??\\C:\\windows\\system32\\tzres.dll" -> "/work/stage2-copy/wineprefix/dosdevices/c:/windows/system32/tzres.dll"
00f0:trace:file:RtlGetFullPathName_U (L"C:\\windows\\system32\\tzres.dll" 520 0063F3E0 00000000)
00f0:trace:file:CreateFileW L"C:\\windows\\system32\\tzres.dll" GENERIC_READ FILE_SHARE_READ FILE_SHARE_DELETE  creation 3 attributes 0x0
00f0:trace:file:RtlDosPathNameToNtPathName_U_WithStatus (L"C:\\windows\\system32\\tzres.dll",0063F36C,00000000,00000000)
00f0:trace:file:RtlGetFullPathName_U (L"C:\\windows\\system32\\tzres.dll" 520 0063F0E8 00000000)
0024:trace:file:NtFsControlFile (0x1c,(nil),(nil),(nil),0x67e550,0x0009009c,(nil),0x00000000,0x67e570,0x00000040)
00f0:trace:file:NtCreateFile handle=0x63f368 access=80100080 name=L"\\??\\C:\\windows\\system32\\tzres.dll" objattr=00000040 root=(nil) sec=(nil) io=0x63f374 alloc_size=(nil) attr=00000000 sharing=00000005 disp=1 options=00000060 ea=(nil).0x00000000
00f0:trace:file:nt_to_unix_file_name_no_root L"\\??\\C:\\windows\\system32\\tzres.dll" -> "/work/stage2-copy/wineprefix/dosdevices/c:/windows/system32/tzres.dll"
00f0:trace:file:CreateFileW returning 00000034
00f0:trace:file:GetFileAttributesW L"C:\\windows\\system32\\tzres.dll"
00f0:trace:file:RtlDosPathNameToNtPathName_U_WithStatus (L"C:\\windows\\system32\\tzres.dll",0063F5E8,00000000,00000000)
00f0:trace:file:RtlGetFullPathName_U (L"C:\\windows\\system32\\tzres.dll" 520 0063F3A0 00000000)
00f0:trace:file:nt_to_unix_file_name_no_root L"\\??\\C:\\windows\\system32\\tzres.dll" -> "/work/stage2-copy/wineprefix/dosdevices/c:/windows/system32/tzres.dll"
00f0:trace:file:RtlGetFullPathName_U (L"C:\\windows\\system32\\tzres.dll" 0 00000000 00000000)
00f0:trace:file:RtlGetFullPathName_U (L"C:\\windows\\system32\\tzres.dll" 60 002433C0 00000000)
00f0:trace:file:RtlDosPathNameToNtPathName_U_WithStatus (L"C:\\windows\\system32\\tzres.dll",0063F5A0,00000000,00000000)
00f0:trace:file:RtlGetFullPathName_U (L"C:\\windows\\system32\\tzres.dll" 520 0063F2BC 00000000)
00f0:trace:file:NtCreateFile handle=0x63f44c access=80100000 name=L"\\??\\C:\\windows\\system32\\tzres.dll" objattr=00000040 root=(nil) sec=(nil) io=0x63f458 alloc_size=(nil) attr=00000000 sharing=00000005 disp=1 options=00000060 ea=(nil).0x00000000
00f0:trace:file:nt_to_unix_file_name_no_root L"\\??\\C:\\windows\\system32\\tzres.dll" -> "/work/stage2-copy/wineprefix/dosdevices/c:/windows/system32/tzres.dll"
00f0:trace:file:NtFsControlFile (0x34,(nil),(nil),(nil),0x63f458,0x0009009c,(nil),0x00000000,0x63f478,0x00000040)
00f0:trace:file:RtlDosPathNameToNtPathName_U_WithStatus (L"C:\\windows\\system32\\tzres.dll",0063F2C0,00000000,00000000)
00f0:trace:file:RtlGetFullPathName_U (L"C:\\windows\\system32\\tzres.dll" 520 0063F094 00000000)
0024:trace:file:RtlDosPathNameToNtPathName_U_WithStatus (L"Z:\\samples\\gdi32.dll",0067E70C,00000000,00000000)
0024:trace:file:RtlGetFullPathName_U (L"Z:\\samples\\gdi32.dll" 520 0067E3B8 00000000)
00f0:trace:file:nt_to_unix_file_name_no_root L"\\??\\C:\\windows\\system32\\tzres.dll" -> "/work/stage2-copy/wineprefix/dosdevices/c:/windows/system32/tzres.dll"
0024:trace:file:NtCreateFile handle=0x67e544 access=80100000 name=L"\\??\\Z:\\samples\\gdi32.dll" objattr=00000040 root=(nil) sec=(nil) io=0x67e550 alloc_size=(nil) attr=00000000 sharing=00000005 disp=1 options=00000060 ea=(nil).0x00000000
00f0:trace:file:RtlGetFullPathName_U (L"C:\\windows\\system32\\tzres.dll" 520 0063F3E0 00000000)
00f0:trace:file:CreateFileW L"C:\\windows\\system32\\tzres.dll" GENERIC_READ FILE_SHARE_READ FILE_SHARE_DELETE  creation 3 attributes 0x0
00f0:trace:file:RtlDosPathNameToNtPathName_U_WithStatus (L"C:\\windows\\system32\\tzres.dll",0063F36C,00000000,00000000)
00f0:trace:file:RtlGetFullPathName_U (L"C:\\windows\\system32\\tzres.dll" 520 0063F0E8 00000000)
00f0:trace:file:NtCreateFile handle=0x63f368 access=80100080 name=L"\\??\\C:\\windows\\system32\\tzres.dll" objattr=00000040 root=(nil) sec=(nil) io=0x63f374 alloc_size=(nil) attr=00000000 sharing=00000005 disp=1 options=00000060 ea=(nil).0x00000000
00f0:trace:file:nt_to_unix_file_name_no_root L"\\??\\C:\\windows\\system32\\tzres.dll" -> "/work/stage2-copy/wineprefix/dosdevices/c:/windows/system32/tzres.dll"
0024:trace:file:nt_to_unix_file_name_no_root L"samples\\gdi32.dll" not found in "/work/stage2-copy/wineprefix/dosdevices/z:"
0024:warn:file:NtCreateFile L"\\??\\Z:\\samples\\gdi32.dll" not found (c0000034)
0024:trace:file:RtlDosPathNameToNtPathName_U_WithStatus (L"C:\\windows\\system32\\gdi32.dll",0067E70C,00000000,00000000)
0024:trace:file:RtlGetFullPathName_U (L"C:\\windows\\system32\\gdi32.dll" 520 0067E3B8 00000000)
0024:trace:file:NtCreateFile handle=0x67e544 access=80100000 name=L"\\??\\C:\\windows\\system32\\gdi32.dll" objattr=00000040 root=(nil) sec=(nil) io=0x67e550 alloc_size=(nil) attr=00000000 sharing=00000005 disp=1 options=00000060 ea=(nil).0x00000000
00f0:trace:file:CreateFileW returning 00000034
0024:trace:file:nt_to_unix_file_name_no_root L"\\??\\C:\\windows\\system32\\gdi32.dll" -> "/work/stage2-copy/wineprefix/dosdevices/c:/windows/system32/gdi32.dll"
0024:trace:file:NtFsControlFile (0x1c,(nil),(nil),(nil),0x67e550,0x0009009c,(nil),0x00000000,0x67e570,0x00000040)
0024:trace:file:RtlDosPathNameToNtPathName_U_WithStatus (L"Z:\\samples\\win32u.dll",0067E2AC,00000000,00000000)
0024:trace:file:RtlGetFullPathName_U (L"Z:\\samples\\win32u.dll" 520 0067DF58 00000000)
0024:trace:file:NtCreateFile handle=0x67e0e4 access=80100000 name=L"\\??\\Z:\\samples\\win32u.dll" objattr=00000040 root=(nil) sec=(nil) io=0x67e0f0 alloc_size=(nil) attr=00000000 sharing=00000005 disp=1 options=00000060 ea=(nil).0x00000000
0024:trace:file:nt_to_unix_file_name_no_root L"samples\\win32u.dll" not found in "/work/stage2-copy/wineprefix/dosdevices/z:"
0024:warn:file:NtCreateFile L"\\??\\Z:\\samples\\win32u.dll" not found (c0000034)
0024:trace:file:RtlDosPathNameToNtPathName_U_WithStatus (L"C:\\windows\\system32\\win32u.dll",0067E2AC,00000000,00000000)
0024:trace:file:RtlGetFullPathName_U (L"C:\\windows\\system32\\win32u.dll" 520 0067DF58 00000000)
0024:trace:file:NtCreateFile handle=0x67e0e4 access=80100000 name=L"\\??\\C:\\windows\\system32\\win32u.dll" objattr=00000040 root=(nil) sec=(nil) io=0x67e0f0 alloc_size=(nil) attr=00000000 sharing=00000005 disp=1 options=00000060 ea=(nil).0x00000000
0024:trace:file:nt_to_unix_file_name_no_root L"\\??\\C:\\windows\\system32\\win32u.dll" -> "/work/stage2-copy/wineprefix/dosdevices/c:/windows/system32/win32u.dll"
0024:trace:file:NtFsControlFile (0x1c,(nil),(nil),(nil),0x67e0f0,0x0009009c,(nil),0x00000000,0x67e110,0x00000040)
0024:trace:file:RtlDosPathNameToNtPathName_U_WithStatus (L"Z:\\samples\\ole32.dll",0067EFCC,00000000,00000000)
0024:trace:file:RtlGetFullPathName_U (L"Z:\\samples\\ole32.dll" 520 0067EC78 00000000)
0024:trace:file:NtCreateFile handle=0x67ee04 access=80100000 name=L"\\??\\Z:\\samples\\ole32.dll" objattr=00000040 root=(nil) sec=(nil) io=0x67ee10 alloc_size=(nil) attr=00000000 sharing=00000005 disp=1 options=00000060 ea=(nil).0x00000000
0024:trace:file:nt_to_unix_file_name_no_root L"samples\\ole32.dll" not found in "/work/stage2-copy/wineprefix/dosdevices/z:"
0024:warn:file:NtCreateFile L"\\??\\Z:\\samples\\ole32.dll" not found (c0000034)
0024:trace:file:RtlDosPathNameToNtPathName_U_WithStatus (L"C:\\windows\\system32\\ole32.dll",0067EFCC,00000000,00000000)
0024:trace:file:RtlGetFullPathName_U (L"C:\\windows\\system32\\ole32.dll" 520 0067EC78 00000000)
0024:trace:file:NtCreateFile handle=0x67ee04 access=80100000 name=L"\\??\\C:\\windows\\system32\\ole32.dll" objattr=00000040 root=(nil) sec=(nil) io=0x67ee10 alloc_size=(nil) attr=00000000 sharing=00000005 disp=1 options=00000060 ea=(nil).0x00000000
0024:trace:file:nt_to_unix_file_name_no_root L"\\??\\C:\\windows\\system32\\ole32.dll" -> "/work/stage2-copy/wineprefix/dosdevices/c:/windows/system32/ole32.dll"
00f0:trace:file:CreateFileW L"\\\\.\\pipe\\svcctl" GENERIC_READ GENERIC_WRITE  creation 3 attributes 0x40000000
00f0:trace:file:RtlDosPathNameToNtPathName_U_WithStatus (L"\\\\.\\pipe\\svcctl",0063F8CC,00000000,00000000)
00f0:trace:file:RtlGetFullPathName_U (L"\\\\.\\pipe\\svcctl" 520 0063F648 00000000)
0024:trace:file:NtFsControlFile (0x1c,(nil),(nil),(nil),0x67ee10,0x0009009c,(nil),0x00000000,0x67ee30,0x00000040)
00f0:trace:file:NtCreateFile handle=0x63f8c8 access=c0100080 name=L"\\??\\pipe\\svcctl" objattr=00000040 root=(nil) sec=(nil) io=0x63f8d4 alloc_size=(nil) attr=00000000 sharing=00000000 disp=1 options=00000040 ea=(nil).0x00000000
00f0:trace:file:CreateFileW returning 00000030
00f0:trace:file:NtSetInformationFile (0x30,0x63f8f8,0x63f8f0,0x00000008,0x00000017)
00f0:trace:file:NtWriteFile (0x30,0x34,(nil),(nil),0x63f8b8,0x9a3120,0x00000048,(nil),(nil))
0040:trace:file:RtlDosPathNameToNtPathName_U_WithStatus (L"\\\\.\\pipe\\svcctl",00D0FBD0,00000000,00000000)
00f0:trace:file:NtReadFile (0x30,0x34,(nil),(nil),0x9a2b8c,0x63f8e4,0x00000010,(nil),(nil))
0040:trace:file:RtlGetFullPathName_U (L"\\\\.\\pipe\\svcctl" 520 00D0F93C 00000000)
0040:trace:file:NtCreateNamedPipeFile (0xd0fbc4 c0100000 L"\\??\\pipe\\svcctl" 0xd0fbd8 3 3 0 1 1 0 -1 5840 5840 0xd0fbc8)
0040:trace:file:NtFsControlFile (0x15c,0xb4,(nil),(nil),0x9f5d5c,0x00110008,(nil),0x00000000,(nil),0x00000000)
0024:trace:file:RtlDosPathNameToNtPathName_U_WithStatus (L"Z:\\samples\\combase.dll",0067EB6C,00000000,00000000)
0024:trace:file:RtlGetFullPathName_U (L"Z:\\samples\\combase.dll" 520 0067E818 00000000)
0024:trace:file:NtCreateFile handle=0x67e9a4 access=80100000 name=L"\\??\\Z:\\samples\\combase.dll" objattr=00000040 root=(nil) sec=(nil) io=0x67e9b0 alloc_size=(nil) attr=00000000 sharing=00000005 disp=1 options=00000060 ea=(nil).0x00000000
0024:trace:file:nt_to_unix_file_name_no_root L"samples\\combase.dll" not found in "/work/stage2-copy/wineprefix/dosdevices/z:"
0024:warn:file:NtCreateFile L"\\??\\Z:\\samples\\combase.dll" not found (c0000034)
0024:trace:file:RtlDosPathNameToNtPathName_U_WithStatus (L"C:\\windows\\system32\\combase.dll",0067EB6C,00000000,00000000)
0024:trace:file:RtlGetFullPathName_U (L"C:\\windows\\system32\\combase.dll" 520 0067E818 00000000)
0024:trace:file:NtCreateFile handle=0x67e9a4 access=80100000 name=L"\\??\\C:\\windows\\system32\\combase.dll" objattr=00000040 root=(nil) sec=(nil) io=0x67e9b0 alloc_size=(nil) attr=00000000 sharing=00000005 disp=1 options=00000060 ea=(nil).0x00000000
0024:trace:file:nt_to_unix_file_name_no_root L"\\??\\C:\\windows\\system32\\combase.dll" -> "/work/stage2-copy/wineprefix/dosdevices/c:/windows/system32/combase.dll"
00f4:trace:file:NtReadFile (0x144,0x160,(nil),(nil),0x9f6eb4,0x2c0fe8c,0x00000010,(nil),(nil))
0024:trace:file:NtFsControlFile (0x1c,(nil),(nil),(nil),0x67e9b0,0x0009009c,(nil),0x00000000,0x67e9d0,0x00000040)
00f4:trace:file:NtReadFile (0x144,0x160,(nil),(nil),0x9f6eb4,0x19187a8,0x0000000c,(nil),(nil))
00f4:trace:file:NtReadFile (0x144,0x160,(nil),(nil),0x9f6eb4,0x1918040,0x0000002c,(nil),(nil))
00f4:trace:file:NtWriteFile (0x144,0x160,(nil),(nil),0x2c0fe24,0x1919218,0x00000044,(nil),(nil))
00f4:trace:file:NtReadFile (0x144,0x160,(nil),(nil),0x9f6eb4,0x2c0fe8c,0x00000010,(nil),(nil))
00f0:trace:file:NtReadFile (0x30,0x34,(nil),(nil),0x9a2b8c,0x9a2d40,0x00000008,(nil),(nil))
00f0:trace:file:NtReadFile (0x30,0x34,(nil),(nil),0x9a2b8c,0x9a3098,0x0000002c,(nil),(nil))
00f0:trace:file:NtWriteFile (0x30,0x34,(nil),(nil),0x63f96c,0x9a3098,0x00000024,(nil),(nil))
00f0:trace:file:NtReadFile (0x30,0x34,(nil),(nil),0x9a2b8c,0x63f9b0,0x00000010,(nil),(nil))
00f4:trace:file:NtReadFile (0x144,0x160,(nil),(nil),0x9f6eb4,0x1918d90,0x00000008,(nil),(nil))
00f4:trace:file:NtReadFile (0x144,0x160,(nil),(nil),0x9f6eb4,0x1918e60,0x0000000c,(nil),(nil))
00f4:trace:file:NtReadFile (0x144,0x160,(nil),(nil),0x9f6eb4,0x2c0fe8c,0x00000010,(nil),(nil))
0024:trace:file:RtlDosPathNameToNtPathName_U_WithStatus (L"Z:\\samples\\rpcrt4.dll",0067E70C,00000000,00000000)
0024:trace:file:RtlGetFullPathName_U (L"Z:\\samples\\rpcrt4.dll" 520 0067E3B8 00000000)
0024:trace:file:NtCreateFile handle=0x67e544 access=80100000 name=L"\\??\\Z:\\samples\\rpcrt4.dll" objattr=00000040 root=(nil) sec=(nil) io=0x67e550 alloc_size=(nil) attr=00000000 sharing=00000005 disp=1 options=00000060 ea=(nil).0x00000000
00a0:trace:file:NtWriteFile (0x144,0x168,(nil),(nil),0x200fcc0,0x19121c8,0x00000030,(nil),(nil))
00f0:trace:file:NtReadFile (0x30,0x34,(nil),(nil),0x9a2b8c,0x9a2d40,0x00000008,(nil),(nil))
0024:trace:file:nt_to_unix_file_name_no_root L"samples\\rpcrt4.dll" not found in "/work/stage2-copy/wineprefix/dosdevices/z:"
00f0:trace:file:NtReadFile (0x30,0x34,(nil),(nil),0x9a2b8c,0x9a2d50,0x00000018,(nil),(nil))
0024:warn:file:NtCreateFile L"\\??\\Z:\\samples\\rpcrt4.dll" not found (c0000034)
0024:trace:file:RtlDosPathNameToNtPathName_U_WithStatus (L"C:\\windows\\system32\\rpcrt4.dll",0067E70C,00000000,00000000)
0024:trace:file:RtlGetFullPathName_U (L"C:\\windows\\system32\\rpcrt4.dll" 520 0067E3B8 00000000)
0024:trace:file:NtCreateFile handle=0x67e544 access=80100000 name=L"\\??\\C:\\windows\\system32\\rpcrt4.dll" objattr=00000040 root=(nil) sec=(nil) io=0x67e550 alloc_size=(nil) attr=00000000 sharing=00000005 disp=1 options=00000060 ea=(nil).0x00000000
0024:trace:file:nt_to_unix_file_name_no_root L"\\??\\C:\\windows\\system32\\rpcrt4.dll" -> "/work/stage2-copy/wineprefix/dosdevices/c:/windows/system32/rpcrt4.dll"
0024:trace:file:NtFsControlFile (0x1c,(nil),(nil),(nil),0x67e550,0x0009009c,(nil),0x00000000,0x67e570,0x00000040)
00f0:trace:file:CreateFileW L"\\\\.\\pipe\\net\\NtControlPipe4" GENERIC_READ GENERIC_WRITE  creation 4 attributes 0x0
00f0:trace:file:RtlDosPathNameToNtPathName_U_WithStatus (L"\\\\.\\pipe\\net\\NtControlPipe4",0063FC7C,00000000,00000000)
00f0:trace:file:RtlGetFullPathName_U (L"\\\\.\\pipe\\net\\NtControlPipe4" 520 0063F9F8 00000000)
00f0:trace:file:NtCreateFile handle=0x63fc78 access=c0100080 name=L"\\??\\pipe\\net\\NtControlPipe4" objattr=00000040 root=(nil) sec=(nil) io=0x63fc84 alloc_size=(nil) attr=00000000 sharing=00000000 disp=3 options=00000060 ea=(nil).0x00000000
00f0:trace:file:CreateFileW returning 00000038
0058:trace:file:GetOverlappedResultEx (00000158 0130FBC0 0130FBB4 0 0)
0058:trace:file:WriteFile 00000158 009F9110 42 0130FB4C 0130FB50
0058:trace:file:NtWriteFile (0x158,0x154,(nil),0x130fb50,0x130fb50,0x9f9110,0x0000002a,0x130fb00,(nil))
0058:trace:file:ReadFile 00000158 0130FBB8 4 0130FB4C 0130FB50
0058:trace:file:NtReadFile (0x158,0x154,(nil),0x130fb50,0x130fb50,0x130fbb8,0x00000004,0x130fb00,(nil))
0024:trace:file:RtlDosPathNameToNtPathName_U_WithStatus (L"Z:\\samples\\coml2.dll",0067EB6C,00000000,00000000)
0024:trace:file:RtlGetFullPathName_U (L"Z:\\samples\\coml2.dll" 520 0067E818 00000000)
0024:trace:file:NtCreateFile handle=0x67e9a4 access=80100000 name=L"\\??\\Z:\\samples\\coml2.dll" objattr=00000040 root=(nil) sec=(nil) io=0x67e9b0 alloc_size=(nil) attr=00000000 sharing=00000005 disp=1 options=00000060 ea=(nil).0x00000000
0024:trace:file:nt_to_unix_file_name_no_root L"samples\\coml2.dll" not found in "/work/stage2-copy/wineprefix/dosdevices/z:"
0024:warn:file:NtCreateFile L"\\??\\Z:\\samples\\coml2.dll" not found (c0000034)
0024:trace:file:RtlDosPathNameToNtPathName_U_WithStatus (L"C:\\windows\\system32\\coml2.dll",0067EB6C,00000000,00000000)
0024:trace:file:RtlGetFullPathName_U (L"C:\\windows\\system32\\coml2.dll" 520 0067E818 00000000)
0024:trace:file:NtCreateFile handle=0x67e9a4 access=80100000 name=L"\\??\\C:\\windows\\system32\\coml2.dll" objattr=00000040 root=(nil) sec=(nil) io=0x67e9b0 alloc_size=(nil) attr=00000000 sharing=00000005 disp=1 options=00000060 ea=(nil).0x00000000
0024:trace:file:nt_to_unix_file_name_no_root L"\\??\\C:\\windows\\system32\\coml2.dll" -> "/work/stage2-copy/wineprefix/dosdevices/c:/windows/system32/coml2.dll"
0024:trace:file:NtFsControlFile (0x1c,(nil),(nil),(nil),0x67e9b0,0x0009009c,(nil),0x00000000,0x67e9d0,0x00000040)
00f8:trace:file:ReadFile 00000038 00CBFF30 16 00CBFF28 00000000
00f8:trace:file:NtReadFile (0x38,(nil),(nil),(nil),0xcbfee8,0xcbff30,0x00000010,(nil),(nil))
00f8:trace:file:ReadFile 00000038 009A2BB8 26 00CBFF28 00000000
00f8:trace:file:NtReadFile (0x38,(nil),(nil),(nil),0xcbfee8,0x9a2bb8,0x0000001a,(nil),(nil))
00f8:trace:file:NtWriteFile (0x30,0x34,(nil),(nil),0xcbfbc0,0x9a35a0,0x00000048,(nil),(nil))
00f8:trace:file:NtReadFile (0x30,0x34,(nil),(nil),0x9a2b8c,0xcbfc04,0x00000010,(nil),(nil))
00f4:trace:file:NtReadFile (0x144,0x160,(nil),(nil),0x9f6eb4,0x1918d90,0x00000008,(nil),(nil))
00f4:trace:file:NtReadFile (0x144,0x160,(nil),(nil),0x9f6eb4,0x1917fc0,0x00000030,(nil),(nil))
00f4:trace:file:NtReadFile (0x144,0x160,(nil),(nil),0x9f6eb4,0x2c0fe8c,0x00000010,(nil),(nil))
00a0:trace:file:NtWriteFile (0x144,0x168,(nil),(nil),0x200fcc0,0x19121c8,0x00000030,(nil),(nil))
00f8:trace:file:NtReadFile (0x30,0x34,(nil),(nil),0x9a2b8c,0x9a3198,0x00000008,(nil),(nil))
00f8:trace:file:NtReadFile (0x30,0x34,(nil),(nil),0x9a2b8c,0x9a31a8,0x00000018,(nil),(nil))
00f8:trace:file:NtWriteFile (0x30,0x34,(nil),(nil),0xcbfbc0,0x9a3630,0x00000048,(nil),(nil))
00f8:trace:file:NtReadFile (0x30,0x34,(nil),(nil),0x9a2b8c,0xcbfc04,0x00000010,(nil),(nil))
00f4:trace:file:NtReadFile (0x144,0x160,(nil),(nil),0x9f6eb4,0x1918d90,0x00000008,(nil),(nil))
00f4:trace:file:NtReadFile (0x144,0x160,(nil),(nil),0x9f6eb4,0x1918040,0x00000030,(nil),(nil))
00f4:trace:file:NtReadFile (0x144,0x160,(nil),(nil),0x9f6eb4,0x2c0fe8c,0x00000010,(nil),(nil))
00a0:trace:file:NtWriteFile (0x144,0x168,(nil),(nil),0x200fcc0,0x19121c8,0x00000030,(nil),(nil))
00f8:trace:file:NtReadFile (0x30,0x34,(nil),(nil),0x9a2b8c,0x9a31d8,0x00000008,(nil),(nil))
00f8:trace:file:NtReadFile (0x30,0x34,(nil),(nil),0x9a2b8c,0x9a3208,0x00000018,(nil),(nil))
0024:trace:file:RtlDosPathNameToNtPathName_U_WithStatus (L"Z:\\samples\\iphlpapi.dll",0067F42C,00000000,00000000)
0024:trace:file:RtlGetFullPathName_U (L"Z:\\samples\\iphlpapi.dll" 520 0067F0D8 00000000)
0024:trace:file:NtCreateFile handle=0x67f264 access=80100000 name=L"\\??\\Z:\\samples\\iphlpapi.dll" objattr=00000040 root=(nil) sec=(nil) io=0x67f270 alloc_size=(nil) attr=00000000 sharing=00000005 disp=1 options=00000060 ea=(nil).0x00000000
00f8:trace:file:WriteFile 00000038 00CBFF2C 4 00CBFF28 00000000
00f8:trace:file:NtWriteFile (0x38,(nil),(nil),(nil),0xcbfee8,0xcbff2c,0x00000004,(nil),(nil))
0024:trace:file:nt_to_unix_file_name_no_root L"samples\\iphlpapi.dll" not found in "/work/stage2-copy/wineprefix/dosdevices/z:"
0024:warn:file:NtCreateFile L"\\??\\Z:\\samples\\iphlpapi.dll" not found (c0000034)
0024:trace:file:RtlDosPathNameToNtPathName_U_WithStatus (L"C:\\windows\\system32\\iphlpapi.dll",0067F42C,00000000,00000000)
0024:trace:file:RtlGetFullPathName_U (L"C:\\windows\\system32\\iphlpapi.dll" 520 0067F0D8 00000000)
00f8:trace:file:ReadFile 00000038 00CBFF30 16 00CBFF28 00000000
00f8:trace:file:NtReadFile (0x38,(nil),(nil),(nil),0xcbfee8,0xcbff30,0x00000010,(nil),(nil))
0024:trace:file:NtCreateFile handle=0x67f264 access=80100000 name=L"\\??\\C:\\windows\\system32\\iphlpapi.dll" objattr=00000040 root=(nil) sec=(nil) io=0x67f270 alloc_size=(nil) attr=00000000 sharing=00000005 disp=1 options=00000060 ea=(nil).0x00000000
0024:trace:file:nt_to_unix_file_name_no_root L"\\??\\C:\\windows\\system32\\iphlpapi.dll" -> "/work/stage2-copy/wineprefix/dosdevices/c:/windows/system32/iphlpapi.dll"
0058:trace:file:GetOverlappedResultEx (00000158 0130FB50 0130FB4C 0 0)
0024:trace:file:NtFsControlFile (0x1c,(nil),(nil),(nil),0x67f270,0x0009009c,(nil),0x00000000,0x67f290,0x00000040)
0024:trace:file:RtlDosPathNameToNtPathName_U_WithStatus (L"Z:\\samples\\dnsapi.dll",0067EFCC,00000000,00000000)
0024:trace:file:RtlGetFullPathName_U (L"Z:\\samples\\dnsapi.dll" 520 0067EC78 00000000)
0024:trace:file:NtCreateFile handle=0x67ee04 access=80100000 name=L"\\??\\Z:\\samples\\dnsapi.dll" objattr=00000040 root=(nil) sec=(nil) io=0x67ee10 alloc_size=(nil) attr=00000000 sharing=00000005 disp=1 options=00000060 ea=(nil).0x00000000
0024:trace:file:nt_to_unix_file_name_no_root L"samples\\dnsapi.dll" not found in "/work/stage2-copy/wineprefix/dosdevices/z:"
0024:warn:file:NtCreateFile L"\\??\\Z:\\samples\\dnsapi.dll" not found (c0000034)
0024:trace:file:RtlDosPathNameToNtPathName_U_WithStatus (L"C:\\windows\\system32\\dnsapi.dll",0067EFCC,00000000,00000000)
0024:trace:file:RtlGetFullPathName_U (L"C:\\windows\\system32\\dnsapi.dll" 520 0067EC78 00000000)
0024:trace:file:NtCreateFile handle=0x67ee04 access=80100000 name=L"\\??\\C:\\windows\\system32\\dnsapi.dll" objattr=00000040 root=(nil) sec=(nil) io=0x67ee10 alloc_size=(nil) attr=00000000 sharing=00000005 disp=1 options=00000060 ea=(nil).0x00000000
0024:trace:file:nt_to_unix_file_name_no_root L"\\??\\C:\\windows\\system32\\dnsapi.dll" -> "/work/stage2-copy/wineprefix/dosdevices/c:/windows/system32/dnsapi.dll"
00fc:trace:file:RtlDosPathNameToNtPathName_U_WithStatus (L"\\\\.\\pipe\\epmapper",00FBFB08,00000000,00000000)
00fc:trace:file:RtlGetFullPathName_U (L"\\\\.\\pipe\\epmapper" 520 00FBF874 00000000)
00fc:trace:file:NtCreateNamedPipeFile (0xfbfafc c0100000 L"\\??\\pipe\\epmapper" 0xfbfb10 3 3 0 1 1 0 -1 5840 5840 0xfbfb00)
0024:trace:file:NtFsControlFile (0x1c,(nil),(nil),(nil),0x67ee10,0x0009009c,(nil),0x00000000,0x67ee30,0x00000040)
00fc:trace:file:RtlDosPathNameToNtPathName_U_WithStatus (L"\\\\.\\pipe\\lrpc\\epmapper",00FBFB10,00000000,00000000)
00fc:trace:file:RtlGetFullPathName_U (L"\\\\.\\pipe\\lrpc\\epmapper" 520 00FBF87C 00000000)
00fc:trace:file:NtCreateNamedPipeFile (0xfbfb04 c0100000 L"\\??\\pipe\\lrpc\\epmapper" 0xfbfb18 3 3 0 1 1 0 -1 5840 5840 0xfbfb08)
00fc:trace:file:RtlDosPathNameToNtPathName_U_WithStatus (L"\\\\.\\pipe\\lrpc\\irot",00FBFB10,00000000,00000000)
00fc:trace:file:RtlGetFullPathName_U (L"\\\\.\\pipe\\lrpc\\irot" 520 00FBF87C 00000000)
00fc:trace:file:NtCreateNamedPipeFile (0xfbfb04 c0100000 L"\\??\\pipe\\lrpc\\irot" 0xfbfb18 3 3 0 1 1 0 -1 5840 5840 0xfbfb08)
00fc:trace:file:RtlDosPathNameToNtPathName_U_WithStatus (L"\\\\.\\pipe\\lrpc\\irpcss",00FBFB10,00000000,00000000)
00fc:trace:file:RtlGetFullPathName_U (L"\\\\.\\pipe\\lrpc\\irpcss" 520 00FBF87C 00000000)
00fc:trace:file:NtCreateNamedPipeFile (0xfbfb04 c0100000 L"\\??\\pipe\\lrpc\\irpcss" 0xfbfb18 3 3 0 1 1 0 -1 5840 5840 0xfbfb08)
0024:trace:file:RtlDosPathNameToNtPathName_U_WithStatus (L"Z:\\samples\\nsi.dll",0067EFCC,00000000,00000000)
0024:trace:file:RtlGetFullPathName_U (L"Z:\\samples\\nsi.dll" 520 0067EC78 00000000)
0024:trace:file:NtCreateFile handle=0x67ee04 access=80100000 name=L"\\??\\Z:\\samples\\nsi.dll" objattr=00000040 root=(nil) sec=(nil) io=0x67ee10 alloc_size=(nil) attr=00000000 sharing=00000005 disp=1 options=00000060 ea=(nil).0x00000000
0024:trace:file:nt_to_unix_file_name_no_root L"samples\\nsi.dll" not found in "/work/stage2-copy/wineprefix/dosdevices/z:"
0024:warn:file:NtCreateFile L"\\??\\Z:\\samples\\nsi.dll" not found (c0000034)
0024:trace:file:RtlDosPathNameToNtPathName_U_WithStatus (L"C:\\windows\\system32\\nsi.dll",0067EFCC,00000000,00000000)
0024:trace:file:RtlGetFullPathName_U (L"C:\\windows\\system32\\nsi.dll" 520 0067EC78 00000000)
0024:trace:file:NtCreateFile handle=0x67ee04 access=80100000 name=L"\\??\\C:\\windows\\system32\\nsi.dll" objattr=00000040 root=(nil) sec=(nil) io=0x67ee10 alloc_size=(nil) attr=00000000 sharing=00000005 disp=1 options=00000060 ea=(nil).0x00000000
0024:trace:file:nt_to_unix_file_name_no_root L"\\??\\C:\\windows\\system32\\nsi.dll" -> "/work/stage2-copy/wineprefix/dosdevices/c:/windows/system32/nsi.dll"
0024:trace:file:NtFsControlFile (0x1c,(nil),(nil),(nil),0x67ee10,0x0009009c,(nil),0x00000000,0x67ee30,0x00000040)
0100:trace:file:NtFsControlFile (0x64,0x78,(nil),(nil),0x9a3e94,0x00110008,(nil),0x00000000,(nil),0x00000000)
0100:trace:file:NtFsControlFile (0x60,0x7c,(nil),(nil),0x9a3de4,0x00110008,(nil),0x00000000,(nil),0x00000000)
0100:trace:file:NtFsControlFile (0x5c,0x80,(nil),(nil),0x9a3d34,0x00110008,(nil),0x00000000,(nil),0x00000000)
0024:trace:file:RtlDosPathNameToNtPathName_U_WithStatus (L"Z:\\samples\\ws2_32.dll",0067EFCC,00000000,00000000)
0024:trace:file:RtlGetFullPathName_U (L"Z:\\samples\\ws2_32.dll" 520 0067EC78 00000000)
0024:trace:file:NtCreateFile handle=0x67ee04 access=80100000 name=L"\\??\\Z:\\samples\\ws2_32.dll" objattr=00000040 root=(nil) sec=(nil) io=0x67ee10 alloc_size=(nil) attr=00000000 sharing=00000005 disp=1 options=00000060 ea=(nil).0x00000000
0024:trace:file:nt_to_unix_file_name_no_root L"samples\\ws2_32.dll" not found in "/work/stage2-copy/wineprefix/dosdevices/z:"
0024:warn:file:NtCreateFile L"\\??\\Z:\\samples\\ws2_32.dll" not found (c0000034)
0024:trace:file:RtlDosPathNameToNtPathName_U_WithStatus (L"C:\\windows\\system32\\ws2_32.dll",0067EFCC,00000000,00000000)
0024:trace:file:RtlGetFullPathName_U (L"C:\\windows\\system32\\ws2_32.dll" 520 0067EC78 00000000)
0024:trace:file:NtCreateFile handle=0x67ee04 access=80100000 name=L"\\??\\C:\\windows\\system32\\ws2_32.dll" objattr=00000040 root=(nil) sec=(nil) io=0x67ee10 alloc_size=(nil) attr=00000000 sharing=00000005 disp=1 options=00000060 ea=(nil).0x00000000
0024:trace:file:nt_to_unix_file_name_no_root L"\\??\\C:\\windows\\system32\\ws2_32.dll" -> "/work/stage2-copy/wineprefix/dosdevices/c:/windows/system32/ws2_32.dll"
0024:trace:file:NtFsControlFile (0x1c,(nil),(nil),(nil),0x67ee10,0x0009009c,(nil),0x00000000,0x67ee30,0x00000040)
0104:trace:file:NtFsControlFile (0x54,0x90,(nil),(nil),0x9a3c2c,0x00110008,(nil),0x00000000,(nil),0x00000000)
00fc:trace:file:NtWriteFile (0x30,0x34,(nil),(nil),0xfbfb70,0x9a4718,0x00000048,(nil),(nil))
00fc:trace:file:NtReadFile (0x30,0x34,(nil),(nil),0x9a2b8c,0xfbfbb4,0x00000010,(nil),(nil))
00f4:trace:file:NtReadFile (0x144,0x160,(nil),(nil),0x9f6eb4,0x1918d90,0x00000008,(nil),(nil))
00f4:trace:file:NtReadFile (0x144,0x160,(nil),(nil),0x9f6eb4,0x1917fc0,0x00000030,(nil),(nil))
00f4:trace:file:NtReadFile (0x144,0x160,(nil),(nil),0x9f6eb4,0x2c0fe8c,0x00000010,(nil),(nil))
00a0:trace:file:NtWriteFile (0x144,0x168,(nil),(nil),0x200fcc0,0x1912ed8,0x0000001c,(nil),(nil))
0058:trace:file:NtWriteFile (0x108,0x16c,(nil),(nil),0x130fcc0,0x9f9e80,0x0000001c,(nil),(nil))
00fc:trace:file:NtReadFile (0x30,0x34,(nil),(nil),0x9a2b8c,0x9a36b8,0x00000008,(nil),(nil))
00fc:trace:file:NtReadFile (0x30,0x34,(nil),(nil),0x9a2b8c,0x9a3808,0x00000004,(nil),(nil))
0048:trace:file:NtReadFile (0xa4,0xa8,(nil),(nil),0x1339dbc,0x1339ea0,0x00000008,(nil),(nil))
0048:trace:file:NtReadFile (0xa4,0xa8,(nil),(nil),0x1339dbc,0x1339ed0,0x00000004,(nil),(nil))
0048:trace:file:NtWriteFile (0xa4,0xa8,(nil),(nil),0x69edb4,0x133a250,0x00000034,(nil),(nil))
0048:trace:file:NtReadFile (0xa4,0xa8,(nil),(nil),0x1339dbc,0x69edf8,0x00000010,(nil),(nil))
0098:trace:file:NtReadFile (0x108,0x118,(nil),(nil),0x9ffa0c,0x9ffa50,0x00000008,(nil),(nil))
0098:trace:file:NtReadFile (0x108,0x118,(nil),(nil),0x9ffa0c,0x19111d8,0x0000001c,(nil),(nil))
0098:trace:file:NtReadFile (0x108,0x118,(nil),(nil),0x9ffa0c,0x1d0fe8c,0x00000010,(nil),(nil))
00a0:trace:file:NtWriteFile (0x108,0x16c,(nil),(nil),0x200fcc0,0x1914268,0x00000048,(nil),(nil))
0048:trace:file:NtReadFile (0xa4,0xa8,(nil),(nil),0x1339dbc,0x1339ea0,0x00000008,(nil),(nil))
0048:trace:file:NtReadFile (0xa4,0xa8,(nil),(nil),0x1339dbc,0x133a250,0x00000030,(nil),(nil))
0048:trace:file:NtWriteFile (0xa4,0xa8,(nil),(nil),0x69edc8,0x133a220,0x0000002c,(nil),(nil))
0048:trace:file:NtReadFile (0xa4,0xa8,(nil),(nil),0x1339dbc,0x69ee0c,0x00000010,(nil),(nil))
0098:trace:file:NtReadFile (0x108,0x118,(nil),(nil),0x9ffa0c,0x9ffa50,0x00000008,(nil),(nil))
0098:trace:file:NtReadFile (0x108,0x118,(nil),(nil),0x9ffa0c,0x9ffb20,0x00000014,(nil),(nil))
0098:trace:file:NtReadFile (0x108,0x118,(nil),(nil),0x9ffa0c,0x1d0fe8c,0x00000010,(nil),(nil))
0058:trace:file:NtWriteFile (0x108,0x16c,(nil),(nil),0x130fcc0,0x9f9110,0x00000030,(nil),(nil))
0048:trace:file:NtReadFile (0xa4,0xa8,(nil),(nil),0x1339dbc,0x1339ee0,0x00000008,(nil),(nil))
0048:trace:file:NtReadFile (0xa4,0xa8,(nil),(nil),0x1339dbc,0x1339ef0,0x00000018,(nil),(nil))
0048:trace:file:NtWriteFile (0xa4,0xa8,(nil),(nil),0x69edc8,0x1339c40,0x0000002c,(nil),(nil))
0048:trace:file:NtReadFile (0xa4,0xa8,(nil),(nil),0x1339dbc,0x69ee0c,0x00000010,(nil),(nil))
0098:trace:file:NtReadFile (0x108,0x118,(nil),(nil),0x9ffa0c,0x9ffa50,0x00000008,(nil),(nil))
0098:trace:file:NtReadFile (0x108,0x118,(nil),(nil),0x9ffa0c,0x9ffb20,0x00000014,(nil),(nil))
0098:trace:file:NtReadFile (0x108,0x118,(nil),(nil),0x9ffa0c,0x1d0fe8c,0x00000010,(nil),(nil))
00a0:trace:file:NtWriteFile (0x108,0x16c,(nil),(nil),0x200fcc0,0x19121c8,0x00000030,(nil),(nil))
0048:trace:file:NtReadFile (0xa4,0xa8,(nil),(nil),0x1339dbc,0x1339e80,0x00000008,(nil),(nil))
0048:trace:file:NtReadFile (0xa4,0xa8,(nil),(nil),0x1339dbc,0x1339e90,0x00000018,(nil),(nil))
0048:trace:file:CreateFileW L"\\\\.\\pipe\\lrpc\\irpcss" GENERIC_READ GENERIC_WRITE  creation 3 attributes 0x40000000
0048:trace:file:RtlDosPathNameToNtPathName_U_WithStatus (L"\\\\.\\pipe\\lrpc\\irpcss",0069EE04,00000000,00000000)
0048:trace:file:RtlGetFullPathName_U (L"\\\\.\\pipe\\lrpc\\irpcss" 520 0069EB80 00000000)
0048:trace:file:NtCreateFile handle=0x69ee00 access=c0100080 name=L"\\??\\pipe\\lrpc\\irpcss" objattr=00000040 root=(nil) sec=(nil) io=0x69ee0c alloc_size=(nil) attr=00000000 sharing=00000000 disp=1 options=00000040 ea=(nil).0x00000000
0048:trace:file:CreateFileW returning 000000A4
0048:trace:file:NtSetInformationFile (0xa4,0x69ee30,0x69ee28,0x00000008,0x00000017)
0048:trace:file:NtWriteFile (0xa4,0xa8,(nil),(nil),0x69ede8,0x1339d88,0x00000048,(nil),(nil))
0100:trace:file:RtlDosPathNameToNtPathName_U_WithStatus (L"\\\\.\\pipe\\lrpc\\irpcss",012BFBD0,00000000,00000000)
0100:trace:file:RtlGetFullPathName_U (L"\\\\.\\pipe\\lrpc\\irpcss" 520 012BF93C 00000000)
0100:trace:file:NtCreateNamedPipeFile (0x12bfbc4 c0100000 L"\\??\\pipe\\lrpc\\irpcss" 0x12bfbd8 3 3 0 1 1 0 -1 5840 5840 0x12bfbc8)
0048:trace:file:NtReadFile (0xa4,0xa8,(nil),(nil),0x1339d1c,0x69ee14,0x00000010,(nil),(nil))
0100:trace:file:NtFsControlFile (0x98,0x78,(nil),(nil),0x9a3e94,0x00110008,(nil),0x00000000,(nil),0x00000000)
0108:trace:file:NtReadFile (0x64,0x9c,(nil),(nil),0x9a47ac,0x18bfe8c,0x00000010,(nil),(nil))
0108:trace:file:NtReadFile (0x64,0x9c,(nil),(nil),0x9a47ac,0x9a2bc8,0x0000000c,(nil),(nil))
0108:trace:file:NtReadFile (0x64,0x9c,(nil),(nil),0x9a47ac,0x9a4800,0x0000002c,(nil),(nil))
0108:trace:file:NtWriteFile (0x64,0x9c,(nil),(nil),0x18bfe24,0x9a4d68,0x00000040,(nil),(nil))
0108:trace:file:NtReadFile (0x64,0x9c,(nil),(nil),0x9a47ac,0x18bfe8c,0x00000010,(nil),(nil))
0048:trace:file:NtReadFile (0xa4,0xa8,(nil),(nil),0x1339d1c,0x1339e40,0x00000008,(nil),(nil))
0048:trace:file:NtReadFile (0xa4,0xa8,(nil),(nil),0x1339d1c,0x1339d38,0x00000028,(nil),(nil))
0048:trace:file:NtWriteFile (0xa4,0xa8,(nil),(nil),0x69ee9c,0x1339d38,0x0000007c,(nil),(nil))
0048:trace:file:NtReadFile (0xa4,0xa8,(nil),(nil),0x1339d1c,0x69eee0,0x00000010,(nil),(nil))
0108:trace:file:NtReadFile (0x64,0x9c,(nil),(nil),0x9a47ac,0x9a4898,0x00000008,(nil),(nil))
0108:trace:file:NtReadFile (0x64,0x9c,(nil),(nil),0x9a47ac,0x9a4800,0x00000064,(nil),(nil))
0108:trace:file:NtReadFile (0x64,0x9c,(nil),(nil),0x9a47ac,0x18bfe8c,0x00000010,(nil),(nil))
010c:trace:file:NtWriteFile (0x64,0xa0,(nil),(nil),0x1bbfcc0,0x9a2bb8,0x00000020,(nil),(nil))
0048:trace:file:NtReadFile (0xa4,0xa8,(nil),(nil),0x1339d1c,0x1339e40,0x00000008,(nil),(nil))
0048:trace:file:NtReadFile (0xa4,0xa8,(nil),(nil),0x1339d1c,0x1339e50,0x00000008,(nil),(nil))
0024:trace:file:GetFileAttributesW L"C:\\windows\\system32\\tzres.dll"
0024:trace:file:RtlDosPathNameToNtPathName_U_WithStatus (L"C:\\windows\\system32\\tzres.dll",0067F5E8,00000000,00000000)
0024:trace:file:RtlGetFullPathName_U (L"C:\\windows\\system32\\tzres.dll" 520 0067F3A0 00000000)
0024:trace:file:nt_to_unix_file_name_no_root L"\\??\\C:\\windows\\system32\\tzres.dll" -> "/work/stage2-copy/wineprefix/dosdevices/c:/windows/system32/tzres.dll"
0024:trace:file:RtlGetFullPathName_U (L"C:\\windows\\system32\\tzres.dll" 0 00000000 00000000)
0024:trace:file:RtlGetFullPathName_U (L"C:\\windows\\system32\\tzres.dll" 60 00244290 00000000)
0024:trace:file:RtlDosPathNameToNtPathName_U_WithStatus (L"C:\\windows\\system32\\tzres.dll",0067F5A0,00000000,00000000)
0024:trace:file:RtlGetFullPathName_U (L"C:\\windows\\system32\\tzres.dll" 520 0067F2BC 00000000)
0024:trace:file:NtCreateFile handle=0x67f44c access=80100000 name=L"\\??\\C:\\windows\\system32\\tzres.dll" objattr=00000040 root=(nil) sec=(nil) io=0x67f458 alloc_size=(nil) attr=00000000 sharing=00000005 disp=1 options=00000060 ea=(nil).0x00000000
0024:trace:file:nt_to_unix_file_name_no_root L"\\??\\C:\\windows\\system32\\tzres.dll" -> "/work/stage2-copy/wineprefix/dosdevices/c:/windows/system32/tzres.dll"
0024:trace:file:NtFsControlFile (0x34,(nil),(nil),(nil),0x67f458,0x0009009c,(nil),0x00000000,0x67f478,0x00000040)
0024:trace:file:RtlDosPathNameToNtPathName_U_WithStatus (L"C:\\windows\\system32\\tzres.dll",0067F2C0,00000000,00000000)
0024:trace:file:RtlGetFullPathName_U (L"C:\\windows\\system32\\tzres.dll" 520 0067F094 00000000)
0024:trace:file:nt_to_unix_file_name_no_root L"\\??\\C:\\windows\\system32\\tzres.dll" -> "/work/stage2-copy/wineprefix/dosdevices/c:/windows/system32/tzres.dll"
0024:trace:file:RtlGetFullPathName_U (L"C:\\windows\\system32\\tzres.dll" 520 0067F3E0 00000000)
0024:trace:file:CreateFileW L"C:\\windows\\system32\\tzres.dll" GENERIC_READ FILE_SHARE_READ FILE_SHARE_DELETE  creation 3 attributes 0x0
0024:trace:file:RtlDosPathNameToNtPathName_U_WithStatus (L"C:\\windows\\system32\\tzres.dll",0067F36C,00000000,00000000)
0024:trace:file:RtlGetFullPathName_U (L"C:\\windows\\system32\\tzres.dll" 520 0067F0E8 00000000)
0024:trace:file:NtCreateFile handle=0x67f368 access=80100080 name=L"\\??\\C:\\windows\\system32\\tzres.dll" objattr=00000040 root=(nil) sec=(nil) io=0x67f374 alloc_size=(nil) attr=00000000 sharing=00000005 disp=1 options=00000060 ea=(nil).0x00000000
0024:trace:file:nt_to_unix_file_name_no_root L"\\??\\C:\\windows\\system32\\tzres.dll" -> "/work/stage2-copy/wineprefix/dosdevices/c:/windows/system32/tzres.dll"
0024:trace:file:CreateFileW returning 00000034
0024:trace:file:GetFileAttributesW L"C:\\windows\\system32\\tzres.dll"
0024:trace:file:RtlDosPathNameToNtPathName_U_WithStatus (L"C:\\windows\\system32\\tzres.dll",0067F5E8,00000000,00000000)
0024:trace:file:RtlGetFullPathName_U (L"C:\\windows\\system32\\tzres.dll" 520 0067F3A0 00000000)
0024:trace:file:nt_to_unix_file_name_no_root L"\\??\\C:\\windows\\system32\\tzres.dll" -> "/work/stage2-copy/wineprefix/dosdevices/c:/windows/system32/tzres.dll"
0024:trace:file:RtlGetFullPathName_U (L"C:\\windows\\system32\\tzres.dll" 0 00000000 00000000)
0024:trace:file:RtlGetFullPathName_U (L"C:\\windows\\system32\\tzres.dll" 60 00244290 00000000)
0024:trace:file:RtlDosPathNameToNtPathName_U_WithStatus (L"C:\\windows\\system32\\tzres.dll",0067F5A0,00000000,00000000)
0024:trace:file:RtlGetFullPathName_U (L"C:\\windows\\system32\\tzres.dll" 520 0067F2BC 00000000)
0024:trace:file:NtCreateFile handle=0x67f44c access=80100000 name=L"\\??\\C:\\windows\\system32\\tzres.dll" objattr=00000040 root=(nil) sec=(nil) io=0x67f458 alloc_size=(nil) attr=00000000 sharing=00000005 disp=1 options=00000060 ea=(nil).0x00000000
0024:trace:file:nt_to_unix_file_name_no_root L"\\??\\C:\\windows\\system32\\tzres.dll" -> "/work/stage2-copy/wineprefix/dosdevices/c:/windows/system32/tzres.dll"
0024:trace:file:NtFsControlFile (0x34,(nil),(nil),(nil),0x67f458,0x0009009c,(nil),0x00000000,0x67f478,0x00000040)
0024:trace:file:RtlDosPathNameToNtPathName_U_WithStatus (L"C:\\windows\\system32\\tzres.dll",0067F2C0,00000000,00000000)
0024:trace:file:RtlGetFullPathName_U (L"C:\\windows\\system32\\tzres.dll" 520 0067F094 00000000)
0024:trace:file:nt_to_unix_file_name_no_root L"\\??\\C:\\windows\\system32\\tzres.dll" -> "/work/stage2-copy/wineprefix/dosdevices/c:/windows/system32/tzres.dll"
0024:trace:file:RtlGetFullPathName_U (L"C:\\windows\\system32\\tzres.dll" 520 0067F3E0 00000000)
0024:trace:file:CreateFileW L"C:\\windows\\system32\\tzres.dll" GENERIC_READ FILE_SHARE_READ FILE_SHARE_DELETE  creation 3 attributes 0x0
0024:trace:file:RtlDosPathNameToNtPathName_U_WithStatus (L"C:\\windows\\system32\\tzres.dll",0067F36C,00000000,00000000)
0024:trace:file:RtlGetFullPathName_U (L"C:\\windows\\system32\\tzres.dll" 520 0067F0E8 00000000)
0024:trace:file:NtCreateFile handle=0x67f368 access=80100080 name=L"\\??\\C:\\windows\\system32\\tzres.dll" objattr=00000040 root=(nil) sec=(nil) io=0x67f374 alloc_size=(nil) attr=00000000 sharing=00000005 disp=1 options=00000060 ea=(nil).0x00000000
0024:trace:file:nt_to_unix_file_name_no_root L"\\??\\C:\\windows\\system32\\tzres.dll" -> "/work/stage2-copy/wineprefix/dosdevices/c:/windows/system32/tzres.dll"
0024:trace:file:CreateFileW returning 00000034
0024:trace:file:RtlDosPathNameToNtPathName_U_WithStatus (L"Z:\\samples\\libgcc_s_dw2-1.dll",0067F898,00000000,00000000)
0024:trace:file:RtlGetFullPathName_U (L"Z:\\samples\\libgcc_s_dw2-1.dll" 520 0067F57C 00000000)
0024:trace:file:NtCreateFile handle=0x67f70c access=80100000 name=L"\\??\\Z:\\samples\\libgcc_s_dw2-1.dll" objattr=00000040 root=(nil) sec=(nil) io=0x67f718 alloc_size=(nil) attr=00000000 sharing=00000005 disp=1 options=00000060 ea=(nil).0x00000000
0024:trace:file:nt_to_unix_file_name_no_root L"samples\\libgcc_s_dw2-1.dll" not found in "/work/stage2-copy/wineprefix/dosdevices/z:"
0024:warn:file:NtCreateFile L"\\??\\Z:\\samples\\libgcc_s_dw2-1.dll" not found (c0000034)
0024:trace:file:RtlDosPathNameToNtPathName_U_WithStatus (L"C:\\windows\\system32\\libgcc_s_dw2-1.dll",0067F898,00000000,00000000)
0024:trace:file:RtlGetFullPathName_U (L"C:\\windows\\system32\\libgcc_s_dw2-1.dll" 520 0067F57C 00000000)
0024:trace:file:NtCreateFile handle=0x67f70c access=80100000 name=L"\\??\\C:\\windows\\system32\\libgcc_s_dw2-1.dll" objattr=00000040 root=(nil) sec=(nil) io=0x67f718 alloc_size=(nil) attr=00000000 sharing=00000005 disp=1 options=00000060 ea=(nil).0x00000000
0034:trace:file:nt_to_unix_file_name_no_root L"\\??\\Z:\\usr\\share\\fonts\\truetype\\dejavu\\DejaVuSans-Bold.ttf" -> "/work/stage2-copy/wineprefix/dosdevices/z:/usr/share/fonts/truetype/dejavu/DejaVuSans-Bold.ttf"
0034:trace:file:nt_to_unix_file_name_no_root L"\\??\\Z:\\usr\\share\\fonts\\truetype\\dejavu\\DejaVuSans-Bold.ttf" -> "/work/stage2-copy/wineprefix/dosdevices/z:/usr/share/fonts/truetype/dejavu/DejaVuSans-Bold.ttf"
0024:trace:file:nt_to_unix_file_name_no_root L"windows\\system32\\libgcc_s_dw2-1.dll" not found in "/work/stage2-copy/wineprefix/dosdevices/c:"
0024:warn:file:NtCreateFile L"\\??\\C:\\windows\\system32\\libgcc_s_dw2-1.dll" not found (c0000034)
0024:trace:file:RtlDosPathNameToNtPathName_U_WithStatus (L"C:\\windows\\system\\libgcc_s_dw2-1.dll",0067F898,00000000,00000000)
0024:trace:file:RtlGetFullPathName_U (L"C:\\windows\\system\\libgcc_s_dw2-1.dll" 520 0067F57C 00000000)
0024:trace:file:NtCreateFile handle=0x67f70c access=80100000 name=L"\\??\\C:\\windows\\system\\libgcc_s_dw2-1.dll" objattr=00000040 root=(nil) sec=(nil) io=0x67f718 alloc_size=(nil) attr=00000000 sharing=00000005 disp=1 options=00000060 ea=(nil).0x00000000
0024:trace:file:nt_to_unix_file_name_no_root L"windows\\system\\libgcc_s_dw2-1.dll" not found in "/work/stage2-copy/wineprefix/dosdevices/c:"
0024:warn:file:NtCreateFile L"\\??\\C:\\windows\\system\\libgcc_s_dw2-1.dll" not found (c0000034)
0024:trace:file:RtlDosPathNameToNtPathName_U_WithStatus (L"C:\\windows\\libgcc_s_dw2-1.dll",0067F898,00000000,00000000)
0024:trace:file:RtlGetFullPathName_U (L"C:\\windows\\libgcc_s_dw2-1.dll" 520 0067F57C 00000000)
0024:trace:file:NtCreateFile handle=0x67f70c access=80100000 name=L"\\??\\C:\\windows\\libgcc_s_dw2-1.dll" objattr=00000040 root=(nil) sec=(nil) io=0x67f718 alloc_size=(nil) attr=00000000 sharing=00000005 disp=1 options=00000060 ea=(nil).0x00000000
0024:trace:file:nt_to_unix_file_name_no_root L"windows\\libgcc_s_dw2-1.dll" not found in "/work/stage2-copy/wineprefix/dosdevices/c:"
0024:warn:file:NtCreateFile L"\\??\\C:\\windows\\libgcc_s_dw2-1.dll" not found (c0000034)
0024:trace:file:RtlDosPathNameToNtPathName_U_WithStatus (L".\\libgcc_s_dw2-1.dll",0067F898,00000000,00000000)
0024:trace:file:RtlGetFullPathName_U (L".\\libgcc_s_dw2-1.dll" 520 0067F57C 00000000)
0024:trace:file:NtCreateFile handle=0x67f70c access=80100000 name=L"\\??\\Z:\\work\\stage5\\libgcc_s_dw2-1.dll" objattr=00000040 root=(nil) sec=(nil) io=0x67f718 alloc_size=(nil) attr=00000000 sharing=00000005 disp=1 options=00000060 ea=(nil).0x00000000
0024:trace:file:nt_to_unix_file_name_no_root L"work\\stage5\\libgcc_s_dw2-1.dll" not found in "/work/stage2-copy/wineprefix/dosdevices/z:"
0024:warn:file:NtCreateFile L"\\??\\Z:\\work\\stage5\\libgcc_s_dw2-1.dll" not found (c0000034)
0024:trace:file:RtlDosPathNameToNtPathName_U_WithStatus (L"C:\\windows\\system32\\libgcc_s_dw2-1.dll",0067F898,00000000,00000000)
0024:trace:file:RtlGetFullPathName_U (L"C:\\windows\\system32\\libgcc_s_dw2-1.dll" 520 0067F57C 00000000)
0024:trace:file:NtCreateFile handle=0x67f70c access=80100000 name=L"\\??\\C:\\windows\\system32\\libgcc_s_dw2-1.dll" objattr=00000040 root=(nil) sec=(nil) io=0x67f718 alloc_size=(nil) attr=00000000 sharing=00000005 disp=1 options=00000060 ea=(nil).0x00000000
0024:trace:file:nt_to_unix_file_name_no_root L"windows\\system32\\libgcc_s_dw2-1.dll" not found in "/work/stage2-copy/wineprefix/dosdevices/c:"
0024:warn:file:NtCreateFile L"\\??\\C:\\windows\\system32\\libgcc_s_dw2-1.dll" not found (c0000034)
0024:trace:file:RtlDosPathNameToNtPathName_U_WithStatus (L"C:\\windows\\libgcc_s_dw2-1.dll",0067F898,00000000,00000000)
0024:trace:file:RtlGetFullPathName_U (L"C:\\windows\\libgcc_s_dw2-1.dll" 520 0067F57C 00000000)
0024:trace:file:NtCreateFile handle=0x67f70c access=80100000 name=L"\\??\\C:\\windows\\libgcc_s_dw2-1.dll" objattr=00000040 root=(nil) sec=(nil) io=0x67f718 alloc_size=(nil) attr=00000000 sharing=00000005 disp=1 options=00000060 ea=(nil).0x00000000
0024:trace:file:nt_to_unix_file_name_no_root L"windows\\libgcc_s_dw2-1.dll" not found in "/work/stage2-copy/wineprefix/dosdevices/c:"
0024:warn:file:NtCreateFile L"\\??\\C:\\windows\\libgcc_s_dw2-1.dll" not found (c0000034)
0024:trace:file:RtlDosPathNameToNtPathName_U_WithStatus (L"C:\\windows\\system32\\wbem\\libgcc_s_dw2-1.dll",0067F898,00000000,00000000)
0024:trace:file:RtlGetFullPathName_U (L"C:\\windows\\system32\\wbem\\libgcc_s_dw2-1.dll" 520 0067F57C 00000000)
0024:trace:file:NtCreateFile handle=0x67f70c access=80100000 name=L"\\??\\C:\\windows\\system32\\wbem\\libgcc_s_dw2-1.dll" objattr=00000040 root=(nil) sec=(nil) io=0x67f718 alloc_size=(nil) attr=00000000 sharing=00000005 disp=1 options=00000060 ea=(nil).0x00000000
0024:trace:file:nt_to_unix_file_name_no_root L"windows\\system32\\wbem\\libgcc_s_dw2-1.dll" not found in "/work/stage2-copy/wineprefix/dosdevices/c:"
0024:warn:file:NtCreateFile L"\\??\\C:\\windows\\system32\\wbem\\libgcc_s_dw2-1.dll" not found (c0000034)
0024:trace:file:RtlDosPathNameToNtPathName_U_WithStatus (L"C:\\windows\\system32\\WindowsPowershell\\v1.0\\libgcc_s_dw2-1.dll",0067F898,00000000,00000000)
0024:trace:file:RtlGetFullPathName_U (L"C:\\windows\\system32\\WindowsPowershell\\v1.0\\libgcc_s_dw2-1.dll" 520 0067F57C 00000000)
0024:trace:file:NtCreateFile handle=0x67f70c access=80100000 name=L"\\??\\C:\\windows\\system32\\WindowsPowershell\\v1.0\\libgcc_s_dw2-1.dll" objattr=00000040 root=(nil) sec=(nil) io=0x67f718 alloc_size=(nil) attr=00000000 sharing=00000005 disp=1 options=00000060 ea=(nil).0x00000000
0024:trace:file:nt_to_unix_file_name_no_root L"windows\\system32\\WindowsPowershell\\v1.0\\libgcc_s_dw2-1.dll" not found in "/work/stage2-copy/wineprefix/dosdevices/c:"
0024:warn:file:NtCreateFile L"\\??\\C:\\windows\\system32\\WindowsPowershell\\v1.0\\libgcc_s_dw2-1.dll" not found (c0000034)
0034:trace:file:RtlDosPathNameToNtPathName_U_WithStatus (L"C:\\windows\\system32\\winemenubuilder.exe",0067F6A8,00000000,00000000)
0034:trace:file:RtlGetFullPathName_U (L"C:\\windows\\system32\\winemenubuilder.exe" 520 0067F3C4 00000000)
0034:trace:file:RtlDosPathNameToNtPathName_U_WithStatus (L"C:\\windows\\system32\\uxtheme.dll",0067F8BC,00000000,00000000)
0034:trace:file:RtlGetFullPathName_U (L"C:\\windows\\system32\\uxtheme.dll" 520 0067F568 00000000)
0034:trace:file:NtCreateFile handle=0x67f6f4 access=80100000 name=L"\\??\\C:\\windows\\system32\\uxtheme.dll" objattr=00000040 root=(nil) sec=(nil) io=0x67f700 alloc_size=(nil) attr=00000000 sharing=00000005 disp=1 options=00000060 ea=(nil).0x00000000
0034:trace:file:nt_to_unix_file_name_no_root L"\\??\\C:\\windows\\system32\\uxtheme.dll" -> "/work/stage2-copy/wineprefix/dosdevices/c:/windows/system32/uxtheme.dll"
0034:trace:file:NtFsControlFile (0x78,(nil),(nil),(nil),0x67f700,0x0009009c,(nil),0x00000000,0x67f720,0x00000040)
0034:trace:file:RtlDosPathNameToNtPathName_U_WithStatus (L"C:\\windows\\resources\\themes\\light\\light.msstyles",0067F670,00000000,00000000)
0034:trace:file:RtlGetFullPathName_U (L"C:\\windows\\resources\\themes\\light\\light.msstyles" 520 0067F38C 00000000)
0034:trace:file:NtCreateFile handle=0x67f51c access=80100000 name=L"\\??\\C:\\windows\\resources\\themes\\light\\light.msstyles" objattr=00000040 root=(nil) sec=(nil) io=0x67f528 alloc_size=(nil) attr=00000000 sharing=00000005 disp=1 options=00000060 ea=(nil).0x00000000
0034:trace:file:nt_to_unix_file_name_no_root L"\\??\\C:\\windows\\resources\\themes\\light\\light.msstyles" -> "/work/stage2-copy/wineprefix/dosdevices/c:/windows/resources/themes/light/light.msstyles"
0034:trace:file:NtFsControlFile (0x78,(nil),(nil),(nil),0x67f528,0x0009009c,(nil),0x00000000,0x67f548,0x00000040)
0034:trace:file:RtlDosPathNameToNtPathName_U_WithStatus (L"C:\\windows\\resources\\themes\\light\\light.msstyles",0067F390,00000000,00000000)
0034:trace:file:RtlGetFullPathName_U (L"C:\\windows\\resources\\themes\\light\\light.msstyles" 520 0067F164 00000000)
0034:trace:file:nt_to_unix_file_name_no_root L"\\??\\C:\\windows\\resources\\themes\\light\\light.msstyles" -> "/work/stage2-copy/wineprefix/dosdevices/c:/windows/resources/themes/light/light.msstyles"
0034:trace:file:RtlGetFullPathName_U (L"C:\\windows\\resources\\themes\\light\\light.msstyles" 520 0067F4B0 00000000)
0034:trace:file:CreateFileW L"C:\\windows\\resources\\themes\\light\\light.msstyles" GENERIC_READ FILE_SHARE_READ FILE_SHARE_DELETE  creation 3 attributes 0x0
0034:trace:file:RtlDosPathNameToNtPathName_U_WithStatus (L"C:\\windows\\resources\\themes\\light\\light.msstyles",0067F43C,00000000,00000000)
0034:trace:file:RtlGetFullPathName_U (L"C:\\windows\\resources\\themes\\light\\light.msstyles" 520 0067F1B8 00000000)
0034:trace:file:NtCreateFile handle=0x67f438 access=80100080 name=L"\\??\\C:\\windows\\resources\\themes\\light\\light.msstyles" objattr=00000040 root=(nil) sec=(nil) io=0x67f444 alloc_size=(nil) attr=00000000 sharing=00000005 disp=1 options=00000060 ea=(nil).0x00000000
0034:trace:file:nt_to_unix_file_name_no_root L"\\??\\C:\\windows\\resources\\themes\\light\\light.msstyles" -> "/work/stage2-copy/wineprefix/dosdevices/c:/windows/resources/themes/light/light.msstyles"
0034:trace:file:CreateFileW returning 00000078
0034:trace:file:RtlGetFullPathName_U (L"C:\\windows\\resources\\themes\\light\\light.msstyles" 520 009E6C30 00000000)
0034:trace:file:nt_to_unix_file_name_no_root L"\\??\\Z:\\usr\\share\\fonts\\truetype\\dejavu\\DejaVuSans.ttf" -> "/work/stage2-copy/wineprefix/dosdevices/z:/usr/share/fonts/truetype/dejavu/DejaVuSans.ttf"
0034:trace:file:nt_to_unix_file_name_no_root L"\\??\\Z:\\usr\\share\\fonts\\truetype\\dejavu\\DejaVuSans.ttf" -> "/work/stage2-copy/wineprefix/dosdevices/z:/usr/share/fonts/truetype/dejavu/DejaVuSans.ttf"
0034:trace:file:nt_to_unix_file_name_no_root L"\\??\\Z:\\usr\\share\\fonts\\truetype\\dejavu\\DejaVuSans.ttf" -> "/work/stage2-copy/wineprefix/dosdevices/z:/usr/share/fonts/truetype/dejavu/DejaVuSans.ttf"
0034:trace:file:nt_to_unix_file_name_no_root L"\\??\\Z:\\usr\\share\\fonts\\truetype\\dejavu\\DejaVuSans.ttf" -> "/work/stage2-copy/wineprefix/dosdevices/z:/usr/share/fonts/truetype/dejavu/DejaVuSans.ttf"
0024:trace:file:nt_to_unix_file_name_no_root L"\\??\\C:\\windows\\fonts\\vgasys.fon" -> "/work/stage2-copy/wineprefix/dosdevices/c:/windows/Fonts/vgasys.fon"
0024:trace:file:find_drive_rootA "/usr/lib/wine/../../share/wine" -> drive Z:, root="/", name="/usr/lib/wine/../../share/wine"
0024:trace:file:nt_to_unix_file_name_no_root L"\\??\\Z:\\usr\\share\\wine\\fonts\\vgasys.fon" -> "/work/stage2-copy/wineprefix/dosdevices/z:/usr/share/wine/fonts/vgasys.fon"
0024:trace:file:nt_to_unix_file_name_no_root L"\\??\\C:\\windows\\fonts\\vgaoem.fon" -> "/work/stage2-copy/wineprefix/dosdevices/c:/windows/Fonts/vgaoem.fon"
0024:trace:file:find_drive_rootA "/usr/lib/wine/../../share/wine" -> drive Z:, root="/", name="/usr/lib/wine/../../share/wine"
0024:trace:file:nt_to_unix_file_name_no_root L"\\??\\Z:\\usr\\share\\wine\\fonts\\vgaoem.fon" -> "/work/stage2-copy/wineprefix/dosdevices/z:/usr/share/wine/fonts/vgaoem.fon"
0024:trace:file:nt_to_unix_file_name_no_root L"\\??\\C:\\windows\\fonts\\vgafix.fon" -> "/work/stage2-copy/wineprefix/dosdevices/c:/windows/Fonts/vgafix.fon"
0024:trace:file:find_drive_rootA "/usr/lib/wine/../../share/wine" -> drive Z:, root="/", name="/usr/lib/wine/../../share/wine"
0024:trace:file:nt_to_unix_file_name_no_root L"\\??\\Z:\\usr\\share\\wine\\fonts\\vgafix.fon" -> "/work/stage2-copy/wineprefix/dosdevices/z:/usr/share/wine/fonts/vgafix.fon"
0024:trace:file:NtCreateFile handle=0x21ce94 access=80100000 name=L"\\??\\C:\\windows\\fonts" objattr=00000040 root=(nil) sec=(nil) io=0x21ce98 alloc_size=(nil) attr=00000000 sharing=00000003 disp=1 options=00004021 ea=(nil).0x00000000
0024:trace:file:nt_to_unix_file_name_no_root L"\\??\\C:\\windows\\fonts" -> "/work/stage2-copy/wineprefix/dosdevices/c:/windows/Fonts"
0024:trace:file:NtQueryDirectoryFile (0x38 (nil) (nil) (nil) 0x21ce98 0x21cec0 0x00002000 0x00000003 0x00000000 <null> 0x00000000
0024:trace:file:append_entry long L"." short L"" mask <null>
0024:trace:file:append_entry long L".." short L"" mask <null>
0024:trace:file:init_cached_dir_data mask <null> found 2 files
0024:trace:file:init_cached_dir_data L"." L""
0024:trace:file:init_cached_dir_data L".." L""
0024:trace:file:NtQueryDirectoryFile => 0 (194)
0024:trace:file:NtQueryDirectoryFile (0x38 (nil) (nil) (nil) 0x21ce98 0x21cec0 0x00002000 0x00000003 0x00000000 <null> 0x00000000
0024:trace:file:NtQueryDirectoryFile => 80000006 (0)
0024:trace:file:find_drive_rootA "/usr/lib/wine/../../share/wine" -> drive Z:, root="/", name="/usr/lib/wine/../../share/wine"
0024:trace:file:NtCreateFile handle=0x21ce94 access=80100000 name=L"\\??\\Z:\\usr\\share\\wine\\fonts" objattr=00000040 root=(nil) sec=(nil) io=0x21ce98 alloc_size=(nil) attr=00000000 sharing=00000003 disp=1 options=00004021 ea=(nil).0x00000000
0024:trace:file:nt_to_unix_file_name_no_root L"\\??\\Z:\\usr\\share\\wine\\fonts" -> "/work/stage2-copy/wineprefix/dosdevices/z:/usr/share/wine/fonts"
0024:trace:file:NtQueryDirectoryFile (0x38 (nil) (nil) (nil) 0x21ce98 0x21cec0 0x00002000 0x00000003 0x00000000 <null> 0x00000000
0024:trace:file:append_entry long L"." short L"" mask <null>
0024:trace:file:append_entry long L".." short L"" mask <null>
0024:trace:file:init_cached_dir_data mask <null> found 2 files
0024:trace:file:init_cached_dir_data L"." L""
0024:trace:file:init_cached_dir_data L".." L""
0024:trace:file:NtQueryDirectoryFile => 0 (194)
0024:trace:file:NtQueryDirectoryFile (0x38 (nil) (nil) (nil) 0x21ce98 0x21cec0 0x00002000 0x00000003 0x00000000 <null> 0x00000000
0024:trace:file:NtQueryDirectoryFile => 80000006 (0)
0024:trace:file:find_drive_rootA "/usr/share/fonts/truetype/dejavu/DejaVuSans-Bold.ttf" -> drive Z:, root="/", name="/usr/share/fonts/truetype/dejavu/DejaVuSans-Bold.ttf"
0024:trace:file:find_drive_rootA "/usr/share/fonts/truetype/dejavu/DejaVuSans.ttf" -> drive Z:, root="/", name="/usr/share/fonts/truetype/dejavu/DejaVuSans.ttf"
0024:trace:file:find_drive_rootA "/usr/share/fonts/truetype/dejavu/DejaVuSansMono-Bold.ttf" -> drive Z:, root="/", name="/usr/share/fonts/truetype/dejavu/DejaVuSansMono-Bold.ttf"
0024:trace:file:find_drive_rootA "/usr/share/fonts/truetype/dejavu/DejaVuSansMono-BoldOblique.ttf" -> drive Z:, root="/", name="/usr/share/fonts/truetype/dejavu/DejaVuSansMono-BoldOblique.ttf"
0024:trace:file:find_drive_rootA "/usr/share/fonts/truetype/dejavu/DejaVuSansMono-Oblique.ttf" -> drive Z:, root="/", name="/usr/share/fonts/truetype/dejavu/DejaVuSansMono-Oblique.ttf"
0024:trace:file:find_drive_rootA "/usr/share/fonts/truetype/dejavu/DejaVuSansMono.ttf" -> drive Z:, root="/", name="/usr/share/fonts/truetype/dejavu/DejaVuSansMono.ttf"
0034:trace:file:CreateDirectoryW L"\\\\?\\Z:\\work"
0034:trace:file:RtlDosPathNameToNtPathName_U_WithStatus (L"\\\\?\\Z:\\work",0067FDE4,00000000,00000000)
0034:trace:file:NtCreateFile handle=0x67fde0 access=80100000 name=L"\\??\\Z:\\work" objattr=00000040 root=(nil) sec=(nil) io=0x67fdec alloc_size=(nil) attr=00000080 sharing=00000001 disp=2 options=00000021 ea=(nil).0x00000000
0034:trace:file:nt_to_unix_file_name_no_root L"work" not found in "/work/stage2-copy/wineprefix/dosdevices/z:"
0034:warn:file:NtCreateFile L"\\??\\Z:\\work" not found (c0000035)
0034:trace:file:CreateDirectoryW L"\\\\?\\Z:\\work\\home"
0034:trace:file:RtlDosPathNameToNtPathName_U_WithStatus (L"\\\\?\\Z:\\work\\home",0067FDE4,00000000,00000000)
0034:trace:file:NtCreateFile handle=0x67fde0 access=80100000 name=L"\\??\\Z:\\work\\home" objattr=00000040 root=(nil) sec=(nil) io=0x67fdec alloc_size=(nil) attr=00000080 sharing=00000001 disp=2 options=00000021 ea=(nil).0x00000000
0034:trace:file:nt_to_unix_file_name_no_root L"work\\home" not found in "/work/stage2-copy/wineprefix/dosdevices/z:"
0034:warn:file:NtCreateFile L"\\??\\Z:\\work\\home" not found (c0000035)
0034:trace:file:CreateDirectoryW L"\\\\?\\Z:\\work\\home\\.local"
0034:trace:file:RtlDosPathNameToNtPathName_U_WithStatus (L"\\\\?\\Z:\\work\\home\\.local",0067FDE4,00000000,00000000)
0024:trace:file:find_drive_rootA "/usr/share/fonts/truetype/dejavu/DejaVuSerif-Bold.ttf" -> drive Z:, root="/", name="/usr/share/fonts/truetype/dejavu/DejaVuSerif-Bold.ttf"
0034:trace:file:NtCreateFile handle=0x67fde0 access=80100000 name=L"\\??\\Z:\\work\\home\\.local" objattr=00000040 root=(nil) sec=(nil) io=0x67fdec alloc_size=(nil) attr=00000080 sharing=00000001 disp=2 options=00000021 ea=(nil).0x00000000
0034:trace:file:nt_to_unix_file_name_no_root L"work\\home\\.local" not found in "/work/stage2-copy/wineprefix/dosdevices/z:"
0034:warn:file:NtCreateFile L"\\??\\Z:\\work\\home\\.local" not found (c0000035)
0034:trace:file:CreateDirectoryW L"\\\\?\\Z:\\work\\home\\.local\\share"
0034:trace:file:RtlDosPathNameToNtPathName_U_WithStatus (L"\\\\?\\Z:\\work\\home\\.local\\share",0067FDE4,00000000,00000000)
0034:trace:file:NtCreateFile handle=0x67fde0 access=80100000 name=L"\\??\\Z:\\work\\home\\.local\\share" objattr=00000040 root=(nil) sec=(nil) io=0x67fdec alloc_size=(nil) attr=00000080 sharing=00000001 disp=2 options=00000021 ea=(nil).0x00000000
0034:trace:file:nt_to_unix_file_name_no_root L"work\\home\\.local\\share" not found in "/work/stage2-copy/wineprefix/dosdevices/z:"
0034:warn:file:NtCreateFile L"\\??\\Z:\\work\\home\\.local\\share" not found (c0000035)
0034:trace:file:CreateDirectoryW L"\\\\?\\Z:\\work\\home\\.local\\share\\mime"
0034:trace:file:RtlDosPathNameToNtPathName_U_WithStatus (L"\\\\?\\Z:\\work\\home\\.local\\share\\mime",0067FDE4,00000000,00000000)
0034:trace:file:NtCreateFile handle=0x67fde0 access=80100000 name=L"\\??\\Z:\\work\\home\\.local\\share\\mime" objattr=00000040 root=(nil) sec=(nil) io=0x67fdec alloc_size=(nil) attr=00000080 sharing=00000001 disp=2 options=00000021 ea=(nil).0x00000000
0034:trace:file:nt_to_unix_file_name_no_root L"work\\home\\.local\\share\\mime" not found in "/work/stage2-copy/wineprefix/dosdevices/z:"
0034:warn:file:NtCreateFile L"\\??\\Z:\\work\\home\\.local\\share\\mime" not found (c0000035)
0034:trace:file:CreateDirectoryW L"\\\\?\\Z:\\work\\home\\.local\\share\\mime\\packages"
0034:trace:file:RtlDosPathNameToNtPathName_U_WithStatus (L"\\\\?\\Z:\\work\\home\\.local\\share\\mime\\packages",0067FDE4,00000000,00000000)
0034:trace:file:NtCreateFile handle=0x67fde0 access=80100000 name=L"\\??\\Z:\\work\\home\\.local\\share\\mime\\packages" objattr=00000040 root=(nil) sec=(nil) io=0x67fdec alloc_size=(nil) attr=00000080 sharing=00000001 disp=2 options=00000021 ea=(nil).0x00000000
0034:trace:file:nt_to_unix_file_name_no_root L"work\\home\\.local\\share\\mime\\packages" not found in "/work/stage2-copy/wineprefix/dosdevices/z:"
0034:warn:file:NtCreateFile L"\\??\\Z:\\work\\home\\.local\\share\\mime\\packages" not found (c0000035)
0034:trace:file:CreateDirectoryW L"\\\\?\\Z:\\work"
0034:trace:file:RtlDosPathNameToNtPathName_U_WithStatus (L"\\\\?\\Z:\\work",0067FDE4,00000000,00000000)
0034:trace:file:NtCreateFile handle=0x67fde0 access=80100000 name=L"\\??\\Z:\\work" objattr=00000040 root=(nil) sec=(nil) io=0x67fdec alloc_size=(nil) attr=00000080 sharing=00000001 disp=2 options=00000021 ea=(nil).0x00000000
0024:trace:file:find_drive_rootA "/usr/share/fonts/truetype/dejavu/DejaVuSerif.ttf" -> drive Z:, root="/", name="/usr/share/fonts/truetype/dejavu/DejaVuSerif.ttf"
0034:trace:file:nt_to_unix_file_name_no_root L"work" not found in "/work/stage2-copy/wineprefix/dosdevices/z:"
0034:warn:file:NtCreateFile L"\\??\\Z:\\work" not found (c0000035)
0034:trace:file:CreateDirectoryW L"\\\\?\\Z:\\work\\home"
0034:trace:file:RtlDosPathNameToNtPathName_U_WithStatus (L"\\\\?\\Z:\\work\\home",0067FDE4,00000000,00000000)
0034:trace:file:NtCreateFile handle=0x67fde0 access=80100000 name=L"\\??\\Z:\\work\\home" objattr=00000040 root=(nil) sec=(nil) io=0x67fdec alloc_size=(nil) attr=00000080 sharing=00000001 disp=2 options=00000021 ea=(nil).0x00000000
0034:trace:file:nt_to_unix_file_name_no_root L"work\\home" not found in "/work/stage2-copy/wineprefix/dosdevices/z:"
0034:warn:file:NtCreateFile L"\\??\\Z:\\work\\home" not found (c0000035)
0034:trace:file:CreateDirectoryW L"\\\\?\\Z:\\work\\home\\.local"
0034:trace:file:RtlDosPathNameToNtPathName_U_WithStatus (L"\\\\?\\Z:\\work\\home\\.local",0067FDE4,00000000,00000000)
0034:trace:file:NtCreateFile handle=0x67fde0 access=80100000 name=L"\\??\\Z:\\work\\home\\.local" objattr=00000040 root=(nil) sec=(nil) io=0x67fdec alloc_size=(nil) attr=00000080 sharing=00000001 disp=2 options=00000021 ea=(nil).0x00000000
0034:trace:file:nt_to_unix_file_name_no_root L"work\\home\\.local" not found in "/work/stage2-copy/wineprefix/dosdevices/z:"
0034:warn:file:NtCreateFile L"\\??\\Z:\\work\\home\\.local" not found (c0000035)
0034:trace:file:CreateDirectoryW L"\\\\?\\Z:\\work\\home\\.local\\share"
0034:trace:file:RtlDosPathNameToNtPathName_U_WithStatus (L"\\\\?\\Z:\\work\\home\\.local\\share",0067FDE4,00000000,00000000)
0034:trace:file:NtCreateFile handle=0x67fde0 access=80100000 name=L"\\??\\Z:\\work\\home\\.local\\share" objattr=00000040 root=(nil) sec=(nil) io=0x67fdec alloc_size=(nil) attr=00000080 sharing=00000001 disp=2 options=00000021 ea=(nil).0x00000000
0034:trace:file:nt_to_unix_file_name_no_root L"work\\home\\.local\\share" not found in "/work/stage2-copy/wineprefix/dosdevices/z:"
0034:warn:file:NtCreateFile L"\\??\\Z:\\work\\home\\.local\\share" not found (c0000035)
0034:trace:file:CreateDirectoryW L"\\\\?\\Z:\\work\\home\\.local\\share\\applications"
0034:trace:file:RtlDosPathNameToNtPathName_U_WithStatus (L"\\\\?\\Z:\\work\\home\\.local\\share\\applications",0067FDE4,00000000,00000000)
0034:trace:file:NtCreateFile handle=0x67fde0 access=80100000 name=L"\\??\\Z:\\work\\home\\.local\\share\\applications" objattr=00000040 root=(nil) sec=(nil) io=0x67fdec alloc_size=(nil) attr=00000080 sharing=00000001 disp=2 options=00000021 ea=(nil).0x00000000
0034:trace:file:nt_to_unix_file_name_no_root L"work\\home\\.local\\share\\applications" not found in "/work/stage2-copy/wineprefix/dosdevices/z:"
0034:warn:file:NtCreateFile L"\\??\\Z:\\work\\home\\.local\\share\\applications" not found (c0000035)
0034:trace:file:CreateFileW L"\\\\?\\Z:\\work\\home\\.local\\share\\mime\\globs" GENERIC_READ FILE_SHARE_READ FILE_SHARE_WRITE  creation 3 attributes 0x1
0034:trace:file:RtlDosPathNameToNtPathName_U_WithStatus (L"\\\\?\\Z:\\work\\home\\.local\\share\\mime\\globs",0067FCC8,00000000,00000000)
0034:trace:file:NtCreateFile handle=0x67fcc4 access=80100080 name=L"\\??\\Z:\\work\\home\\.local\\share\\mime\\globs" objattr=00000042 root=(nil) sec=(nil) io=0x67fcd0 alloc_size=(nil) attr=00000001 sharing=00000003 disp=1 options=00000060 ea=(nil).0x00000000
0034:trace:file:nt_to_unix_file_name_no_root L"work\\home\\.local\\share\\mime\\globs" not found in "/work/stage2-copy/wineprefix/dosdevices/z:"
0034:warn:file:NtCreateFile L"\\??\\Z:\\work\\home\\.local\\share\\mime\\globs" not found (c0000034)
0034:warn:file:CreateFileW Unable to create file L"\\\\?\\Z:\\work\\home\\.local\\share\\mime\\globs" (status c0000034)
0034:trace:file:CreateFileW returning FFFFFFFF
0034:trace:file:CreateFileW L"\\\\?\\unix\\usr\\local\\share\\mime\\globs" GENERIC_READ FILE_SHARE_READ FILE_SHARE_WRITE  creation 3 attributes 0x1
0034:trace:file:RtlDosPathNameToNtPathName_U_WithStatus (L"\\\\?\\unix\\usr\\local\\share\\mime\\globs",0067FCC8,00000000,00000000)
0034:trace:file:NtCreateFile handle=0x67fcc4 access=80100080 name=L"\\??\\unix\\usr\\local\\share\\mime\\globs" objattr=00000042 root=(nil) sec=(nil) io=0x67fcd0 alloc_size=(nil) attr=00000001 sharing=00000003 disp=1 options=00000060 ea=(nil).0x00000000
0034:trace:file:nt_to_unix_file_name_no_root L"usr\\local\\share\\mime\\globs" not found in ""
0034:warn:file:NtCreateFile L"\\??\\unix\\usr\\local\\share\\mime\\globs" not found (c0000034)
0034:warn:file:CreateFileW Unable to create file L"\\\\?\\unix\\usr\\local\\share\\mime\\globs" (status c0000034)
0034:trace:file:CreateFileW returning FFFFFFFF
0034:trace:file:CreateFileW L"\\\\?\\unix\\usr\\share\\mime\\globs" GENERIC_READ FILE_SHARE_READ FILE_SHARE_WRITE  creation 3 attributes 0x1
0034:trace:file:RtlDosPathNameToNtPathName_U_WithStatus (L"\\\\?\\unix\\usr\\share\\mime\\globs",0067FCC8,00000000,00000000)
0034:trace:file:NtCreateFile handle=0x67fcc4 access=80100080 name=L"\\??\\unix\\usr\\share\\mime\\globs" objattr=00000042 root=(nil) sec=(nil) io=0x67fcd0 alloc_size=(nil) attr=00000001 sharing=00000003 disp=1 options=00000060 ea=(nil).0x00000000
0034:trace:file:nt_to_unix_file_name_no_root L"usr\\share\\mime\\globs" not found in ""
0034:warn:file:NtCreateFile L"\\??\\unix\\usr\\share\\mime\\globs" not found (c0000034)
0034:warn:file:CreateFileW Unable to create file L"\\\\?\\unix\\usr\\share\\mime\\globs" (status c0000034)
0034:trace:file:CreateFileW returning FFFFFFFF
0024:trace:file:nt_to_unix_file_name_no_root L"\\??\\C:\\windows\\fonts\\coure.fon" -> "/work/stage2-copy/wineprefix/dosdevices/c:/windows/Fonts/coure.fon"
0024:trace:file:find_drive_rootA "/usr/lib/wine/../../share/wine" -> drive Z:, root="/", name="/usr/lib/wine/../../share/wine"
0024:trace:file:nt_to_unix_file_name_no_root L"\\??\\Z:\\usr\\share\\wine\\fonts\\coure.fon" -> "/work/stage2-copy/wineprefix/dosdevices/z:/usr/share/wine/fonts/coure.fon"
0024:trace:file:nt_to_unix_file_name_no_root L"\\??\\C:\\windows\\fonts\\sserife.fon" -> "/work/stage2-copy/wineprefix/dosdevices/c:/windows/Fonts/sserife.fon"
0024:trace:file:find_drive_rootA "/usr/lib/wine/../../share/wine" -> drive Z:, root="/", name="/usr/lib/wine/../../share/wine"
0024:trace:file:nt_to_unix_file_name_no_root L"\\??\\Z:\\usr\\share\\wine\\fonts\\sserife.fon" -> "/work/stage2-copy/wineprefix/dosdevices/z:/usr/share/wine/fonts/sserife.fon"
0024:trace:file:nt_to_unix_file_name_no_root L"\\??\\C:\\windows\\fonts\\serife.fon" -> "/work/stage2-copy/wineprefix/dosdevices/c:/windows/Fonts/serife.fon"
0024:trace:file:find_drive_rootA "/usr/lib/wine/../../share/wine" -> drive Z:, root="/", name="/usr/lib/wine/../../share/wine"
0024:trace:file:nt_to_unix_file_name_no_root L"\\??\\Z:\\usr\\share\\wine\\fonts\\serife.fon" -> "/work/stage2-copy/wineprefix/dosdevices/z:/usr/share/wine/fonts/serife.fon"
0024:trace:file:nt_to_unix_file_name_no_root L"\\??\\C:\\windows\\fonts\\smalle.fon" -> "/work/stage2-copy/wineprefix/dosdevices/c:/windows/Fonts/smalle.fon"
0024:trace:file:find_drive_rootA "/usr/lib/wine/../../share/wine" -> drive Z:, root="/", name="/usr/lib/wine/../../share/wine"
0024:trace:file:nt_to_unix_file_name_no_root L"\\??\\Z:\\usr\\share\\wine\\fonts\\smalle.fon" -> "/work/stage2-copy/wineprefix/dosdevices/z:/usr/share/wine/fonts/smalle.fon"
0024:trace:file:RtlDosPathNameToNtPathName_U_WithStatus (L"Z:\\samples\\imm32.dll",0067F8BC,00000000,00000000)
0024:trace:file:RtlGetFullPathName_U (L"Z:\\samples\\imm32.dll" 520 0067F568 00000000)
0024:trace:file:NtCreateFile handle=0x67f6f4 access=80100000 name=L"\\??\\Z:\\samples\\imm32.dll" objattr=00000040 root=(nil) sec=(nil) io=0x67f700 alloc_size=(nil) attr=00000000 sharing=00000005 disp=1 options=00000060 ea=(nil).0x00000000
0024:trace:file:nt_to_unix_file_name_no_root L"samples\\imm32.dll" not found in "/work/stage2-copy/wineprefix/dosdevices/z:"
0024:warn:file:NtCreateFile L"\\??\\Z:\\samples\\imm32.dll" not found (c0000034)
0024:trace:file:RtlDosPathNameToNtPathName_U_WithStatus (L"C:\\windows\\system32\\imm32.dll",0067F8BC,00000000,00000000)
0024:trace:file:RtlGetFullPathName_U (L"C:\\windows\\system32\\imm32.dll" 520 0067F568 00000000)
0024:trace:file:NtCreateFile handle=0x67f6f4 access=80100000 name=L"\\??\\C:\\windows\\system32\\imm32.dll" objattr=00000040 root=(nil) sec=(nil) io=0x67f700 alloc_size=(nil) attr=00000000 sharing=00000005 disp=1 options=00000060 ea=(nil).0x00000000
0024:trace:file:nt_to_unix_file_name_no_root L"\\??\\C:\\windows\\system32\\imm32.dll" -> "/work/stage2-copy/wineprefix/dosdevices/c:/windows/system32/imm32.dll"
0024:trace:file:NtFsControlFile (0x50,(nil),(nil),(nil),0x67f700,0x0009009c,(nil),0x00000000,0x67f720,0x00000040)
0024:trace:file:CreateFileW L"C:\\windows\\system.ini" GENERIC_READ FILE_SHARE_READ FILE_SHARE_WRITE FILE_SHARE_DELETE  creation 3 attributes 0x80
0024:trace:file:RtlDosPathNameToNtPathName_U_WithStatus (L"C:\\windows\\system.ini",0067E1B4,00000000,00000000)
0024:trace:file:RtlGetFullPathName_U (L"C:\\windows\\system.ini" 520 0067DF30 00000000)
0024:trace:file:NtCreateFile handle=0x67e1b0 access=80100080 name=L"\\??\\C:\\windows\\system.ini" objattr=00000040 root=(nil) sec=(nil) io=0x67e1bc alloc_size=(nil) attr=00000080 sharing=00000007 disp=1 options=00000060 ea=(nil).0x00000000
0024:trace:file:nt_to_unix_file_name_no_root L"\\??\\C:\\windows\\system.ini" -> "/work/stage2-copy/wineprefix/dosdevices/c:/windows/system.ini"
0024:trace:file:CreateFileW returning 0000005C
0024:trace:file:NtQueryInformationFile (0x5c,0x67e158,0x67e160,0x00000018,0x00000005)
0024:trace:file:ReadFile 0000005C 00249B88 478 0067E1E0 00000000
0024:trace:file:NtReadFile (0x5c,(nil),(nil),(nil),0x67e168,0x249b88,0x000001de,(nil),(nil))
0024:trace:file:NtReadFile = SUCCESS (478)
0024:trace:file:NtQueryInformationFile (0x5c,0x67e1b0,0x67e1b8,0x00000028,0x00000004)
0024:trace:file:CreateFileW L"input1.txt" GENERIC_READ FILE_SHARE_READ FILE_SHARE_WRITE  creation 3 attributes 0x1
0024:trace:file:RtlDosPathNameToNtPathName_U_WithStatus (L"input1.txt",00667670,00000000,00000000)
0024:trace:file:RtlGetFullPathName_U (L"input1.txt" 520 006673EC 00000000)
0024:trace:file:NtCreateFile handle=0x66766c access=80100080 name=L"\\??\\Z:\\work\\stage5\\input1.txt" objattr=00000042 root=(nil) sec=(nil) io=0x667678 alloc_size=(nil) attr=00000001 sharing=00000003 disp=1 options=00000060 ea=(nil).0x00000000
0024:trace:file:nt_to_unix_file_name_no_root L"\\??\\Z:\\work\\stage5\\input1.txt" -> "/work/stage2-copy/wineprefix/dosdevices/z:/work/stage5/input1.txt"
0024:trace:file:CreateFileW returning 00000078
0024:trace:file:ReadFile 00000078 003E16E8 4096 00667760 00000000
0024:trace:file:NtReadFile (0x78,(nil),(nil),(nil),0x6676f8,0x3e16e8,0x00001000,(nil),(nil))
0024:trace:file:NtReadFile = SUCCESS (48)
0024:trace:file:WriteFile 0000000C 00666654 73 00666650 00000000
0024:trace:file:NtWriteFile (0xc,(nil),(nil),(nil),0x6665f8,0x666654,0x00000049,(nil),(nil))
Text To Be Synthesized: Hello from the VoiceText Stage 1 runtime check.
0024:trace:file:NtWriteFile = SUCCESS (73)
0024:trace:file:nt_to_unix_file_name_no_root L"\\??\\Z:\\usr\\share\\fonts\\truetype\\dejavu\\DejaVuSans-Bold.ttf" -> "/work/stage2-copy/wineprefix/dosdevices/z:/usr/share/fonts/truetype/dejavu/DejaVuSans-Bold.ttf"
0024:trace:file:nt_to_unix_file_name_no_root L"\\??\\Z:\\usr\\share\\fonts\\truetype\\dejavu\\DejaVuSans-Bold.ttf" -> "/work/stage2-copy/wineprefix/dosdevices/z:/usr/share/fonts/truetype/dejavu/DejaVuSans-Bold.ttf"
0024:trace:file:RtlDosPathNameToNtPathName_U_WithStatus (L"Z:\\samples\\voicetext_james.exe",00666CC8,00000000,00000000)
0024:trace:file:RtlGetFullPathName_U (L"Z:\\samples\\voicetext_james.exe" 520 006669E4 00000000)
0024:trace:file:RtlDosPathNameToNtPathName_U_WithStatus (L"Z:\\samples\\uxtheme.dll",00666EDC,00000000,00000000)
0024:trace:file:RtlGetFullPathName_U (L"Z:\\samples\\uxtheme.dll" 520 00666B88 00000000)
0024:trace:file:NtCreateFile handle=0x666d14 access=80100000 name=L"\\??\\Z:\\samples\\uxtheme.dll" objattr=00000040 root=(nil) sec=(nil) io=0x666d20 alloc_size=(nil) attr=00000000 sharing=00000005 disp=1 options=00000060 ea=(nil).0x00000000
0024:trace:file:nt_to_unix_file_name_no_root L"samples\\uxtheme.dll" not found in "/work/stage2-copy/wineprefix/dosdevices/z:"
0024:warn:file:NtCreateFile L"\\??\\Z:\\samples\\uxtheme.dll" not found (c0000034)
0024:trace:file:RtlDosPathNameToNtPathName_U_WithStatus (L"C:\\windows\\system32\\uxtheme.dll",00666EDC,00000000,00000000)
0024:trace:file:RtlGetFullPathName_U (L"C:\\windows\\system32\\uxtheme.dll" 520 00666B88 00000000)
0024:trace:file:NtCreateFile handle=0x666d14 access=80100000 name=L"\\??\\C:\\windows\\system32\\uxtheme.dll" objattr=00000040 root=(nil) sec=(nil) io=0x666d20 alloc_size=(nil) attr=00000000 sharing=00000005 disp=1 options=00000060 ea=(nil).0x00000000
0024:trace:file:nt_to_unix_file_name_no_root L"\\??\\C:\\windows\\system32\\uxtheme.dll" -> "/work/stage2-copy/wineprefix/dosdevices/c:/windows/system32/uxtheme.dll"
0024:trace:file:NtFsControlFile (0x84,(nil),(nil),(nil),0x666d20,0x0009009c,(nil),0x00000000,0x666d40,0x00000040)
0024:trace:file:RtlDosPathNameToNtPathName_U_WithStatus (L"C:\\windows\\resources\\themes\\light\\light.msstyles",00666C90,00000000,00000000)
0024:trace:file:RtlGetFullPathName_U (L"C:\\windows\\resources\\themes\\light\\light.msstyles" 520 006669AC 00000000)
0024:trace:file:NtCreateFile handle=0x666b3c access=80100000 name=L"\\??\\C:\\windows\\resources\\themes\\light\\light.msstyles" objattr=00000040 root=(nil) sec=(nil) io=0x666b48 alloc_size=(nil) attr=00000000 sharing=00000005 disp=1 options=00000060 ea=(nil).0x00000000
0024:trace:file:nt_to_unix_file_name_no_root L"\\??\\C:\\windows\\resources\\themes\\light\\light.msstyles" -> "/work/stage2-copy/wineprefix/dosdevices/c:/windows/resources/themes/light/light.msstyles"
0024:trace:file:NtFsControlFile (0x84,(nil),(nil),(nil),0x666b48,0x0009009c,(nil),0x00000000,0x666b68,0x00000040)
0024:trace:file:RtlDosPathNameToNtPathName_U_WithStatus (L"C:\\windows\\resources\\themes\\light\\light.msstyles",006669B0,00000000,00000000)
0024:trace:file:RtlGetFullPathName_U (L"C:\\windows\\resources\\themes\\light\\light.msstyles" 520 00666784 00000000)
0024:trace:file:nt_to_unix_file_name_no_root L"\\??\\C:\\windows\\resources\\themes\\light\\light.msstyles" -> "/work/stage2-copy/wineprefix/dosdevices/c:/windows/resources/themes/light/light.msstyles"
0024:trace:file:RtlGetFullPathName_U (L"C:\\windows\\resources\\themes\\light\\light.msstyles" 520 00666AD0 00000000)
0024:trace:file:CreateFileW L"C:\\windows\\resources\\themes\\light\\light.msstyles" GENERIC_READ FILE_SHARE_READ FILE_SHARE_DELETE  creation 3 attributes 0x0
0024:trace:file:RtlDosPathNameToNtPathName_U_WithStatus (L"C:\\windows\\resources\\themes\\light\\light.msstyles",00666A5C,00000000,00000000)
0024:trace:file:RtlGetFullPathName_U (L"C:\\windows\\resources\\themes\\light\\light.msstyles" 520 006667D8 00000000)
0024:trace:file:NtCreateFile handle=0x666a58 access=80100080 name=L"\\??\\C:\\windows\\resources\\themes\\light\\light.msstyles" objattr=00000040 root=(nil) sec=(nil) io=0x666a64 alloc_size=(nil) attr=00000000 sharing=00000005 disp=1 options=00000060 ea=(nil).0x00000000
0024:trace:file:nt_to_unix_file_name_no_root L"\\??\\C:\\windows\\resources\\themes\\light\\light.msstyles" -> "/work/stage2-copy/wineprefix/dosdevices/c:/windows/resources/themes/light/light.msstyles"
0024:trace:file:CreateFileW returning 00000084
0024:trace:file:RtlGetFullPathName_U (L"C:\\windows\\resources\\themes\\light\\light.msstyles" 520 009E2138 00000000)
0024:trace:file:nt_to_unix_file_name_no_root L"\\??\\Z:\\usr\\share\\fonts\\truetype\\dejavu\\DejaVuSans.ttf" -> "/work/stage2-copy/wineprefix/dosdevices/z:/usr/share/fonts/truetype/dejavu/DejaVuSans.ttf"
0024:trace:file:nt_to_unix_file_name_no_root L"\\??\\Z:\\usr\\share\\fonts\\truetype\\dejavu\\DejaVuSans.ttf" -> "/work/stage2-copy/wineprefix/dosdevices/z:/usr/share/fonts/truetype/dejavu/DejaVuSans.ttf"
0024:trace:file:nt_to_unix_file_name_no_root L"\\??\\Z:\\usr\\share\\fonts\\truetype\\dejavu\\DejaVuSans.ttf" -> "/work/stage2-copy/wineprefix/dosdevices/z:/usr/share/fonts/truetype/dejavu/DejaVuSans.ttf"
0024:trace:file:nt_to_unix_file_name_no_root L"\\??\\Z:\\usr\\share\\fonts\\truetype\\dejavu\\DejaVuSans.ttf" -> "/work/stage2-copy/wineprefix/dosdevices/z:/usr/share/fonts/truetype/dejavu/DejaVuSans.ttf"
0024:err:winediag:nodrv_CreateWindow Application tried to create a window, but no driver could be loaded.
0024:err:winediag:nodrv_CreateWindow L"Make sure that your X server is running and that $DISPLAY is set correctly."
0024:trace:file:CreateFileW L"../db_build.date" GENERIC_READ FILE_SHARE_READ FILE_SHARE_WRITE  creation 3 attributes 0x80
0024:trace:file:RtlDosPathNameToNtPathName_U_WithStatus (L"../db_build.date",00667280,00000000,00000000)
0024:trace:file:RtlGetFullPathName_U (L"../db_build.date" 520 00666FFC 00000000)
0024:trace:file:NtCreateFile handle=0x66727c access=80100080 name=L"\\??\\Z:\\work\\db_build.date" objattr=00000042 root=(nil) sec=(nil) io=0x667288 alloc_size=(nil) attr=00000080 sharing=00000003 disp=1 options=00000060 ea=(nil).0x00000000
0024:trace:file:nt_to_unix_file_name_no_root L"work\\db_build.date" not found in "/work/stage2-copy/wineprefix/dosdevices/z:"
0024:warn:file:NtCreateFile L"\\??\\Z:\\work\\db_build.date" not found (c0000034)
0024:warn:file:CreateFileW Unable to create file L"../db_build.date" (status c0000034)
0024:trace:file:CreateFileW returning FFFFFFFF
0024:trace:file:CreateFileW L"../data-common/dict-eng/hashparams_emb" GENERIC_READ FILE_SHARE_READ FILE_SHARE_WRITE  creation 3 attributes 0x80
0024:trace:file:RtlDosPathNameToNtPathName_U_WithStatus (L"../data-common/dict-eng/hashparams_emb",006667C4,00000000,00000000)
0024:trace:file:RtlGetFullPathName_U (L"../data-common/dict-eng/hashparams_emb" 520 00666540 00000000)
0024:trace:file:NtCreateFile handle=0x6667c0 access=80100080 name=L"\\??\\Z:\\work\\data-common\\dict-eng\\hashparams_emb" objattr=00000042 root=(nil) sec=(nil) io=0x6667cc alloc_size=(nil) attr=00000080 sharing=00000003 disp=1 options=00000060 ea=(nil).0x00000000
0024:trace:file:nt_to_unix_file_name_no_root L"\\??\\Z:\\work\\data-common\\dict-eng\\hashparams_emb" -> "/work/stage2-copy/wineprefix/dosdevices/z:/work/data-common/dict-eng/hashparams_emb"
0024:trace:file:CreateFileW returning 00000098
0024:trace:file:NtSetInformationFile (0x98,0x6667b8,0x6667b0,0x00000008,0x0000000e)
0024:trace:file:NtQueryInformationFile (0x98,0x6667b0,0x6667a8,0x00000008,0x0000000e)
0024:trace:file:NtSetInformationFile (0x98,0x6667b0,0x6667a8,0x00000008,0x0000000e)
0024:trace:file:NtQueryInformationFile (0x98,0x6667b0,0x6667b8,0x00000018,0x00000005)
0024:trace:file:NtSetInformationFile (0x98,0x6667b0,0x6667a8,0x00000008,0x0000000e)
0024:trace:file:NtQueryInformationFile (0x98,0x6667a0,0x666798,0x00000008,0x0000000e)
0024:trace:file:NtSetInformationFile (0x98,0x6667a0,0x666798,0x00000008,0x0000000e)
0024:trace:file:NtSetInformationFile (0x98,0x6667a0,0x666798,0x00000008,0x0000000e)
0024:trace:file:NtQueryInformationFile (0x98,0x666798,0x666790,0x00000008,0x0000000e)
0024:trace:file:NtSetInformationFile (0x98,0x666798,0x666790,0x00000008,0x0000000e)
0024:trace:file:ReadFile 00000098 01490458 132132 00666834 00000000
0024:trace:file:NtReadFile (0x98,(nil),(nil),(nil),0x6667f0,0x1490458,0x00020424,(nil),(nil))
0024:trace:file:NtReadFile = SUCCESS (132132)
0024:trace:file:CreateFileW L"../data-common/dict-eng/engttsdict_emb" GENERIC_READ FILE_SHARE_READ FILE_SHARE_WRITE  creation 3 attributes 0x80
0024:trace:file:RtlDosPathNameToNtPathName_U_WithStatus (L"../data-common/dict-eng/engttsdict_emb",006669DC,00000000,00000000)
0024:trace:file:RtlGetFullPathName_U (L"../data-common/dict-eng/engttsdict_emb" 520 00666758 00000000)
0024:trace:file:NtCreateFile handle=0x6669d8 access=80100080 name=L"\\??\\Z:\\work\\data-common\\dict-eng\\engttsdict_emb" objattr=00000042 root=(nil) sec=(nil) io=0x6669e4 alloc_size=(nil) attr=00000080 sharing=00000003 disp=1 options=00000060 ea=(nil).0x00000000
0024:trace:file:nt_to_unix_file_name_no_root L"\\??\\Z:\\work\\data-common\\dict-eng\\engttsdict_emb" -> "/work/stage2-copy/wineprefix/dosdevices/z:/work/data-common/dict-eng/engttsdict_emb"
0024:trace:file:CreateFileW returning 00000098
0024:trace:file:NtSetInformationFile (0x98,0x6669d0,0x6669c8,0x00000008,0x0000000e)
0024:trace:file:NtQueryInformationFile (0x98,0x6669c8,0x6669c0,0x00000008,0x0000000e)
0024:trace:file:NtSetInformationFile (0x98,0x6669c8,0x6669c0,0x00000008,0x0000000e)
0024:trace:file:NtQueryInformationFile (0x98,0x6669c8,0x6669d0,0x00000018,0x00000005)
0024:trace:file:NtSetInformationFile (0x98,0x6669c8,0x6669c0,0x00000008,0x0000000e)
0024:trace:file:NtQueryInformationFile (0x98,0x6669b8,0x6669b0,0x00000008,0x0000000e)
0024:trace:file:NtSetInformationFile (0x98,0x6669b8,0x6669b0,0x00000008,0x0000000e)
0024:trace:file:NtSetInformationFile (0x98,0x6669b8,0x6669b0,0x00000008,0x0000000e)
0024:trace:file:NtQueryInformationFile (0x98,0x6669b0,0x6669a8,0x00000008,0x0000000e)
0024:trace:file:NtSetInformationFile (0x98,0x6669b0,0x6669a8,0x00000008,0x0000000e)
0024:trace:file:CreateFileW L"../data-common/dict-eng/hashidx_emb" GENERIC_READ FILE_SHARE_READ FILE_SHARE_WRITE  creation 3 attributes 0x80
0024:trace:file:RtlDosPathNameToNtPathName_U_WithStatus (L"../data-common/dict-eng/hashidx_emb",006669D8,00000000,00000000)
0024:trace:file:RtlGetFullPathName_U (L"../data-common/dict-eng/hashidx_emb" 520 00666754 00000000)
0024:trace:file:NtCreateFile handle=0x6669d4 access=80100080 name=L"\\??\\Z:\\work\\data-common\\dict-eng\\hashidx_emb" objattr=00000042 root=(nil) sec=(nil) io=0x6669e0 alloc_size=(nil) attr=00000080 sharing=00000003 disp=1 options=00000060 ea=(nil).0x00000000
0024:trace:file:nt_to_unix_file_name_no_root L"\\??\\Z:\\work\\data-common\\dict-eng\\hashidx_emb" -> "/work/stage2-copy/wineprefix/dosdevices/z:/work/data-common/dict-eng/hashidx_emb"
0024:trace:file:CreateFileW returning 0000009C
0024:trace:file:NtSetInformationFile (0x9c,0x6669d0,0x6669c8,0x00000008,0x0000000e)
0024:trace:file:NtQueryInformationFile (0x9c,0x6669c0,0x6669b8,0x00000008,0x0000000e)
0024:trace:file:NtSetInformationFile (0x9c,0x6669c0,0x6669b8,0x00000008,0x0000000e)
0024:trace:file:NtQueryInformationFile (0x9c,0x6669c0,0x6669c8,0x00000018,0x00000005)
0024:trace:file:NtSetInformationFile (0x9c,0x6669c0,0x6669b8,0x00000008,0x0000000e)
0024:trace:file:NtQueryInformationFile (0x9c,0x6669b8,0x6669b0,0x00000008,0x0000000e)
0024:trace:file:NtSetInformationFile (0x9c,0x6669b8,0x6669b0,0x00000008,0x0000000e)
0024:trace:file:NtSetInformationFile (0x9c,0x6669b8,0x6669b0,0x00000008,0x0000000e)
0024:trace:file:NtQueryInformationFile (0x9c,0x6669a8,0x6669a0,0x00000008,0x0000000e)
0024:trace:file:NtSetInformationFile (0x9c,0x6669a8,0x6669a0,0x00000008,0x0000000e)
0024:trace:file:ReadFile 0000009C 1009F9C0 4 00666A50 00000000
0024:trace:file:NtReadFile (0x9c,(nil),(nil),(nil),0x666a08,0x1009f9c0,0x00000004,(nil),(nil))
0024:trace:file:NtReadFile = SUCCESS (4)
0024:trace:file:CreateFileW L"../data-common/dict-eng/hashcont_emb" GENERIC_READ FILE_SHARE_READ FILE_SHARE_WRITE  creation 3 attributes 0x80
0024:trace:file:RtlDosPathNameToNtPathName_U_WithStatus (L"../data-common/dict-eng/hashcont_emb",006669D8,00000000,00000000)
0024:trace:file:RtlGetFullPathName_U (L"../data-common/dict-eng/hashcont_emb" 520 00666754 00000000)
0024:trace:file:NtCreateFile handle=0x6669d4 access=80100080 name=L"\\??\\Z:\\work\\data-common\\dict-eng\\hashcont_emb" objattr=00000042 root=(nil) sec=(nil) io=0x6669e0 alloc_size=(nil) attr=00000080 sharing=00000003 disp=1 options=00000060 ea=(nil).0x00000000
0024:trace:file:nt_to_unix_file_name_no_root L"\\??\\Z:\\work\\data-common\\dict-eng\\hashcont_emb" -> "/work/stage2-copy/wineprefix/dosdevices/z:/work/data-common/dict-eng/hashcont_emb"
0024:trace:file:CreateFileW returning 000000A0
0024:trace:file:NtSetInformationFile (0xa0,0x6669d0,0x6669c8,0x00000008,0x0000000e)
0024:trace:file:NtQueryInformationFile (0xa0,0x6669c0,0x6669b8,0x00000008,0x0000000e)
0024:trace:file:NtSetInformationFile (0xa0,0x6669c0,0x6669b8,0x00000008,0x0000000e)
0024:trace:file:NtQueryInformationFile (0xa0,0x6669c0,0x6669c8,0x00000018,0x00000005)
0024:trace:file:NtSetInformationFile (0xa0,0x6669c0,0x6669b8,0x00000008,0x0000000e)
0024:trace:file:NtQueryInformationFile (0xa0,0x6669b8,0x6669b0,0x00000008,0x0000000e)
0024:trace:file:NtSetInformationFile (0xa0,0x6669b8,0x6669b0,0x00000008,0x0000000e)
0024:trace:file:NtSetInformationFile (0xa0,0x6669b8,0x6669b0,0x00000008,0x0000000e)
0024:trace:file:NtQueryInformationFile (0xa0,0x6669a8,0x6669a0,0x00000008,0x0000000e)
0024:trace:file:NtSetInformationFile (0xa0,0x6669a8,0x6669a0,0x00000008,0x0000000e)
0024:trace:file:CreateFileW L"../data-common/dict-eng/exceptdict" GENERIC_READ FILE_SHARE_READ FILE_SHARE_WRITE  creation 3 attributes 0x80
0024:trace:file:RtlDosPathNameToNtPathName_U_WithStatus (L"../data-common/dict-eng/exceptdict",00666CC0,00000000,00000000)
0024:trace:file:RtlGetFullPathName_U (L"../data-common/dict-eng/exceptdict" 520 00666A3C 00000000)
0024:trace:file:NtCreateFile handle=0x666cbc access=80100080 name=L"\\??\\Z:\\work\\data-common\\dict-eng\\exceptdict" objattr=00000042 root=(nil) sec=(nil) io=0x666cc8 alloc_size=(nil) attr=00000080 sharing=00000003 disp=1 options=00000060 ea=(nil).0x00000000
0024:trace:file:nt_to_unix_file_name_no_root L"\\??\\Z:\\work\\data-common\\dict-eng\\exceptdict" -> "/work/stage2-copy/wineprefix/dosdevices/z:/work/data-common/dict-eng/exceptdict"
0024:trace:file:CreateFileW returning 000000A4
0024:trace:file:NtSetInformationFile (0xa4,0x666cb8,0x666cb0,0x00000008,0x0000000e)
0024:trace:file:NtQueryInformationFile (0xa4,0x666ca8,0x666ca0,0x00000008,0x0000000e)
0024:trace:file:NtSetInformationFile (0xa4,0x666ca8,0x666ca0,0x00000008,0x0000000e)
0024:trace:file:NtQueryInformationFile (0xa4,0x666ca8,0x666cb0,0x00000018,0x00000005)
0024:trace:file:NtSetInformationFile (0xa4,0x666ca8,0x666ca0,0x00000008,0x0000000e)
0024:trace:file:NtQueryInformationFile (0xa4,0x666ca0,0x666c98,0x00000008,0x0000000e)
0024:trace:file:NtSetInformationFile (0xa4,0x666ca0,0x666c98,0x00000008,0x0000000e)
0024:trace:file:NtSetInformationFile (0xa4,0x666ca0,0x666c98,0x00000008,0x0000000e)
0024:trace:file:NtQueryInformationFile (0xa4,0x666c90,0x666c88,0x00000008,0x0000000e)
0024:trace:file:NtSetInformationFile (0xa4,0x666c90,0x666c88,0x00000008,0x0000000e)
0024:trace:file:ReadFile 000000A4 00BB3060 2891 00666D34 00000000
0024:trace:file:NtReadFile (0xa4,(nil),(nil),(nil),0x666cf0,0xbb3060,0x00000b4b,(nil),(nil))
0024:trace:file:NtReadFile = SUCCESS (2891)
0024:trace:file:CreateFileW L"../data-common/dict-eng/chc_sort.txt2" GENERIC_READ FILE_SHARE_READ FILE_SHARE_WRITE  creation 3 attributes 0x80
0024:trace:file:RtlDosPathNameToNtPathName_U_WithStatus (L"../data-common/dict-eng/chc_sort.txt2",00666C78,00000000,00000000)
0024:trace:file:RtlGetFullPathName_U (L"../data-common/dict-eng/chc_sort.txt2" 520 006669F4 00000000)
0024:trace:file:NtCreateFile handle=0x666c74 access=80100080 name=L"\\??\\Z:\\work\\data-common\\dict-eng\\chc_sort.txt2" objattr=00000042 root=(nil) sec=(nil) io=0x666c80 alloc_size=(nil) attr=00000080 sharing=00000003 disp=1 options=00000060 ea=(nil).0x00000000
0024:trace:file:nt_to_unix_file_name_no_root L"\\??\\Z:\\work\\data-common\\dict-eng\\chc_sort.txt2" -> "/work/stage2-copy/wineprefix/dosdevices/z:/work/data-common/dict-eng/chc_sort.txt2"
0024:trace:file:CreateFileW returning 000000A4
0024:trace:file:NtSetInformationFile (0xa4,0x666c70,0x666c68,0x00000008,0x0000000e)
0024:trace:file:NtQueryInformationFile (0xa4,0x666c60,0x666c58,0x00000008,0x0000000e)
0024:trace:file:NtSetInformationFile (0xa4,0x666c60,0x666c58,0x00000008,0x0000000e)
0024:trace:file:NtQueryInformationFile (0xa4,0x666c60,0x666c68,0x00000018,0x00000005)
0024:trace:file:NtSetInformationFile (0xa4,0x666c60,0x666c58,0x00000008,0x0000000e)
0024:trace:file:NtQueryInformationFile (0xa4,0x666c58,0x666c50,0x00000008,0x0000000e)
0024:trace:file:NtSetInformationFile (0xa4,0x666c58,0x666c50,0x00000008,0x0000000e)
0024:trace:file:NtSetInformationFile (0xa4,0x666c58,0x666c50,0x00000008,0x0000000e)
0024:trace:file:NtQueryInformationFile (0xa4,0x666c48,0x666c40,0x00000008,0x0000000e)
0024:trace:file:NtSetInformationFile (0xa4,0x666c48,0x666c40,0x00000008,0x0000000e)
0024:trace:file:ReadFile 000000A4 00666D70 3 00666CE0 00000000
0024:trace:file:NtReadFile (0xa4,(nil),(nil),(nil),0x666c98,0x666d70,0x00000003,(nil),(nil))
0024:trace:file:NtReadFile = SUCCESS (3)
0024:trace:file:NtSetInformationFile (0xa4,0x666c50,0x666c48,0x00000008,0x0000000e)
0024:trace:file:NtQueryInformationFile (0xa4,0x666c48,0x666c40,0x00000008,0x0000000e)
0024:trace:file:NtSetInformationFile (0xa4,0x666c48,0x666c40,0x00000008,0x0000000e)
0024:trace:file:ReadFile 000000A4 00666D7C 3 00666CC8 00000000
0024:trace:file:NtReadFile (0xa4,(nil),(nil),(nil),0x666c80,0x666d7c,0x00000003,(nil),(nil))
0024:trace:file:NtReadFile = SUCCESS (3)
0024:trace:file:NtSetInformationFile (0xa4,0x666c68,0x666c60,0x00000008,0x0000000e)
0024:trace:file:NtQueryInformationFile (0xa4,0x666c60,0x666c58,0x00000008,0x0000000e)
0024:trace:file:NtSetInformationFile (0xa4,0x666c60,0x666c58,0x00000008,0x0000000e)
0024:trace:file:ReadFile 000000A4 00BB5BE0 26624 00666CE0 00000000
0024:trace:file:NtReadFile (0xa4,(nil),(nil),(nil),0x666c98,0xbb5be0,0x00006800,(nil),(nil))
0024:trace:file:NtReadFile = SUCCESS (26624)
0024:trace:file:ReadFile 000000A4 00666DAB 1 00666CC8 00000000
0024:trace:file:NtReadFile (0xa4,(nil),(nil),(nil),0x666c80,0x666dab,0x00000001,(nil),(nil))
0024:trace:file:NtReadFile = SUCCESS (1)
0024:trace:file:ReadFile 000000A4 00666D88 10 00666CB0 00000000
0024:trace:file:NtReadFile (0xa4,(nil),(nil),(nil),0x666c68,0x666d88,0x0000000a,(nil),(nil))
0024:trace:file:NtReadFile = SUCCESS (10)
0034:trace:file:RtlDosPathNameToNtPathName_U_WithStatus (L"C:\\windows\\system32\\mscoree.dll",0067FE90,00000000,00000000)
0034:trace:file:RtlGetFullPathName_U (L"C:\\windows\\system32\\mscoree.dll" 520 0067FB74 00000000)
0034:trace:file:NtCreateFile handle=0x67fd04 access=80100000 name=L"\\??\\C:\\windows\\system32\\mscoree.dll" objattr=00000040 root=(nil) sec=(nil) io=0x67fd10 alloc_size=(nil) attr=00000000 sharing=00000005 disp=1 options=00000060 ea=(nil).0x00000000
0034:trace:file:nt_to_unix_file_name_no_root L"\\??\\C:\\windows\\system32\\mscoree.dll" -> "/work/stage2-copy/wineprefix/dosdevices/c:/windows/system32/mscoree.dll"
0034:trace:file:NtFsControlFile (0x8c,(nil),(nil),(nil),0x67fd10,0x0009009c,(nil),0x00000000,0x67fd30,0x00000040)
0024:trace:file:CreateFileW L"../data-common/dict-eng/wab.txt2" GENERIC_READ FILE_SHARE_READ FILE_SHARE_WRITE  creation 3 attributes 0x80
0024:trace:file:RtlDosPathNameToNtPathName_U_WithStatus (L"../data-common/dict-eng/wab.txt2",00666C7C,00000000,00000000)
0024:trace:file:RtlGetFullPathName_U (L"../data-common/dict-eng/wab.txt2" 520 006669F8 00000000)
0024:trace:file:NtCreateFile handle=0x666c78 access=80100080 name=L"\\??\\Z:\\work\\data-common\\dict-eng\\wab.txt2" objattr=00000042 root=(nil) sec=(nil) io=0x666c84 alloc_size=(nil) attr=00000080 sharing=00000003 disp=1 options=00000060 ea=(nil).0x00000000
0024:trace:file:nt_to_unix_file_name_no_root L"\\??\\Z:\\work\\data-common\\dict-eng\\wab.txt2" -> "/work/stage2-copy/wineprefix/dosdevices/z:/work/data-common/dict-eng/wab.txt2"
0024:trace:file:CreateFileW returning 000000A4
0024:trace:file:NtSetInformationFile (0xa4,0x666c70,0x666c68,0x00000008,0x0000000e)
0024:trace:file:NtQueryInformationFile (0xa4,0x666c68,0x666c60,0x00000008,0x0000000e)
0024:trace:file:NtSetInformationFile (0xa4,0x666c68,0x666c60,0x00000008,0x0000000e)
0024:trace:file:NtQueryInformationFile (0xa4,0x666c68,0x666c70,0x00000018,0x00000005)
0024:trace:file:NtSetInformationFile (0xa4,0x666c68,0x666c60,0x00000008,0x0000000e)
0024:trace:file:NtQueryInformationFile (0xa4,0x666c58,0x666c50,0x00000008,0x0000000e)
0024:trace:file:NtSetInformationFile (0xa4,0x666c58,0x666c50,0x00000008,0x0000000e)
0024:trace:file:NtSetInformationFile (0xa4,0x666c58,0x666c50,0x00000008,0x0000000e)
0024:trace:file:NtQueryInformationFile (0xa4,0x666c50,0x666c48,0x00000008,0x0000000e)
0024:trace:file:NtSetInformationFile (0xa4,0x666c50,0x666c48,0x00000008,0x0000000e)
0024:trace:file:ReadFile 000000A4 00666D74 3 00666CE4 00000000
0024:trace:file:NtReadFile (0xa4,(nil),(nil),(nil),0x666ca0,0x666d74,0x00000003,(nil),(nil))
0024:trace:file:NtReadFile = SUCCESS (3)
0024:trace:file:NtSetInformationFile (0xa4,0x666c58,0x666c50,0x00000008,0x0000000e)
0024:trace:file:NtQueryInformationFile (0xa4,0x666c48,0x666c40,0x00000008,0x0000000e)
0024:trace:file:NtSetInformationFile (0xa4,0x666c48,0x666c40,0x00000008,0x0000000e)
0024:trace:file:ReadFile 000000A4 00666D80 3 00666CCC 00000000
0024:trace:file:NtReadFile (0xa4,(nil),(nil),(nil),0x666c88,0x666d80,0x00000003,(nil),(nil))
0024:trace:file:NtReadFile = SUCCESS (3)
0024:trace:file:NtSetInformationFile (0xa4,0x666c70,0x666c68,0x00000008,0x0000000e)
0024:trace:file:NtQueryInformationFile (0xa4,0x666c60,0x666c58,0x00000008,0x0000000e)
0024:trace:file:NtSetInformationFile (0xa4,0x666c60,0x666c58,0x00000008,0x0000000e)
0024:trace:file:ReadFile 000000A4 00BB3488 685 00666CE4 00000000
0024:trace:file:NtReadFile (0xa4,(nil),(nil),(nil),0x666ca0,0xbb3488,0x000002ad,(nil),(nil))
0024:trace:file:NtReadFile = SUCCESS (685)
0024:trace:file:ReadFile 000000A4 00666DAF 1 00666CCC 00000000
0024:trace:file:NtReadFile (0xa4,(nil),(nil),(nil),0x666c88,0x666daf,0x00000001,(nil),(nil))
0024:trace:file:NtReadFile = SUCCESS (1)
0024:trace:file:ReadFile 000000A4 00666D8C 10 00666CB4 00000000
0024:trace:file:NtReadFile (0xa4,(nil),(nil),(nil),0x666c70,0x666d8c,0x0000000a,(nil),(nil))
0024:trace:file:NtReadFile = SUCCESS (10)
0024:trace:file:CreateFileW L"../data-common/dict-eng/atmt.tree3" GENERIC_READ FILE_SHARE_READ FILE_SHARE_WRITE  creation 3 attributes 0x80
0024:trace:file:RtlDosPathNameToNtPathName_U_WithStatus (L"../data-common/dict-eng/atmt.tree3",00666CB0,00000000,00000000)
0024:trace:file:RtlGetFullPathName_U (L"../data-common/dict-eng/atmt.tree3" 520 00666A2C 00000000)
0024:trace:file:NtCreateFile handle=0x666cac access=80100080 name=L"\\??\\Z:\\work\\data-common\\dict-eng\\atmt.tree3" objattr=00000042 root=(nil) sec=(nil) io=0x666cb8 alloc_size=(nil) attr=00000080 sharing=00000003 disp=1 options=00000060 ea=(nil).0x00000000
0024:trace:file:nt_to_unix_file_name_no_root L"\\??\\Z:\\work\\data-common\\dict-eng\\atmt.tree3" -> "/work/stage2-copy/wineprefix/dosdevices/z:/work/data-common/dict-eng/atmt.tree3"
0024:trace:file:CreateFileW returning 000000A4
0024:trace:file:NtSetInformationFile (0xa4,0x666ca8,0x666ca0,0x00000008,0x0000000e)
0024:trace:file:NtQueryInformationFile (0xa4,0x666c98,0x666c90,0x00000008,0x0000000e)
0024:trace:file:NtSetInformationFile (0xa4,0x666c98,0x666c90,0x00000008,0x0000000e)
0024:trace:file:NtQueryInformationFile (0xa4,0x666c98,0x666ca0,0x00000018,0x00000005)
0024:trace:file:NtSetInformationFile (0xa4,0x666c98,0x666c90,0x00000008,0x0000000e)
0024:trace:file:NtQueryInformationFile (0xa4,0x666c90,0x666c88,0x00000008,0x0000000e)
0024:trace:file:NtSetInformationFile (0xa4,0x666c90,0x666c88,0x00000008,0x0000000e)
0024:trace:file:NtSetInformationFile (0xa4,0x666c90,0x666c88,0x00000008,0x0000000e)
0024:trace:file:NtQueryInformationFile (0xa4,0x666c80,0x666c78,0x00000008,0x0000000e)
0024:trace:file:NtSetInformationFile (0xa4,0x666c80,0x666c78,0x00000008,0x0000000e)
0024:trace:file:ReadFile 000000A4 014B30F8 292420 00666D18 00000000
0024:trace:file:NtReadFile (0xa4,(nil),(nil),(nil),0x666cd0,0x14b30f8,0x00047644,(nil),(nil))
0024:trace:file:NtReadFile = SUCCESS (292420)
0024:trace:file:CreateFileW L"../data-common/dict-eng/poly.tree3" GENERIC_READ FILE_SHARE_READ FILE_SHARE_WRITE  creation 3 attributes 0x80
0024:trace:file:RtlDosPathNameToNtPathName_U_WithStatus (L"../data-common/dict-eng/poly.tree3",00666EC4,00000000,00000000)
0024:trace:file:RtlGetFullPathName_U (L"../data-common/dict-eng/poly.tree3" 520 00666C40 00000000)
0024:trace:file:NtCreateFile handle=0x666ec0 access=80100080 name=L"\\??\\Z:\\work\\data-common\\dict-eng\\poly.tree3" objattr=00000042 root=(nil) sec=(nil) io=0x666ecc alloc_size=(nil) attr=00000080 sharing=00000003 disp=1 options=00000060 ea=(nil).0x00000000
0024:trace:file:nt_to_unix_file_name_no_root L"\\??\\Z:\\work\\data-common\\dict-eng\\poly.tree3" -> "/work/stage2-copy/wineprefix/dosdevices/z:/work/data-common/dict-eng/poly.tree3"
0024:trace:file:CreateFileW returning 000000A4
0024:trace:file:NtSetInformationFile (0xa4,0x666eb8,0x666eb0,0x00000008,0x0000000e)
0024:trace:file:NtQueryInformationFile (0xa4,0x666eb0,0x666ea8,0x00000008,0x0000000e)
0024:trace:file:NtSetInformationFile (0xa4,0x666eb0,0x666ea8,0x00000008,0x0000000e)
0024:trace:file:NtQueryInformationFile (0xa4,0x666eb0,0x666eb8,0x00000018,0x00000005)
0024:trace:file:NtSetInformationFile (0xa4,0x666eb0,0x666ea8,0x00000008,0x0000000e)
0024:trace:file:NtQueryInformationFile (0xa4,0x666ea0,0x666e98,0x00000008,0x0000000e)
0024:trace:file:NtSetInformationFile (0xa4,0x666ea0,0x666e98,0x00000008,0x0000000e)
0024:trace:file:NtSetInformationFile (0xa4,0x666ea0,0x666e98,0x00000008,0x0000000e)
0024:trace:file:NtQueryInformationFile (0xa4,0x666e98,0x666e90,0x00000008,0x0000000e)
0024:trace:file:NtSetInformationFile (0xa4,0x666e98,0x666e90,0x00000008,0x0000000e)
0024:trace:file:ReadFile 000000A4 01557AB8 40237 00666F2C 00000000
0024:trace:file:NtReadFile (0xa4,(nil),(nil),(nil),0x666ee8,0x1557ab8,0x00009d2d,(nil),(nil))
0024:trace:file:NtReadFile = SUCCESS (40237)
0024:trace:file:CreateFileW L"../data-common/dict-eng/engbi.tree3" GENERIC_READ FILE_SHARE_READ FILE_SHARE_WRITE  creation 3 attributes 0x80
0024:trace:file:RtlDosPathNameToNtPathName_U_WithStatus (L"../data-common/dict-eng/engbi.tree3",00667004,00000000,00000000)
0024:trace:file:RtlGetFullPathName_U (L"../data-common/dict-eng/engbi.tree3" 520 00666D80 00000000)
0024:trace:file:NtCreateFile handle=0x667000 access=80100080 name=L"\\??\\Z:\\work\\data-common\\dict-eng\\engbi.tree3" objattr=00000042 root=(nil) sec=(nil) io=0x66700c alloc_size=(nil) attr=00000080 sharing=00000003 disp=1 options=00000060 ea=(nil).0x00000000
0024:trace:file:nt_to_unix_file_name_no_root L"\\??\\Z:\\work\\data-common\\dict-eng\\engbi.tree3" -> "/work/stage2-copy/wineprefix/dosdevices/z:/work/data-common/dict-eng/engbi.tree3"
0024:trace:file:CreateFileW returning 000000A4
0024:trace:file:NtSetInformationFile (0xa4,0x666ff8,0x666ff0,0x00000008,0x0000000e)
0024:trace:file:NtQueryInformationFile (0xa4,0x666ff0,0x666fe8,0x00000008,0x0000000e)
0024:trace:file:NtSetInformationFile (0xa4,0x666ff0,0x666fe8,0x00000008,0x0000000e)
0024:trace:file:NtQueryInformationFile (0xa4,0x666ff0,0x666ff8,0x00000018,0x00000005)
0024:trace:file:NtSetInformationFile (0xa4,0x666ff0,0x666fe8,0x00000008,0x0000000e)
0024:trace:file:NtQueryInformationFile (0xa4,0x666fe0,0x666fd8,0x00000008,0x0000000e)
0024:trace:file:NtSetInformationFile (0xa4,0x666fe0,0x666fd8,0x00000008,0x0000000e)
0024:trace:file:NtSetInformationFile (0xa4,0x666fe0,0x666fd8,0x00000008,0x0000000e)
0024:trace:file:NtQueryInformationFile (0xa4,0x666fd8,0x666fd0,0x00000008,0x0000000e)
0024:trace:file:NtSetInformationFile (0xa4,0x666fd8,0x666fd0,0x00000008,0x0000000e)
0024:trace:file:ReadFile 000000A4 01557690 12044 0066706C 00000000
0024:trace:file:NtReadFile (0xa4,(nil),(nil),(nil),0x667028,0x1557690,0x00002f0c,(nil),(nil))
0024:trace:file:NtReadFile = SUCCESS (12044)
0024:trace:file:CreateFileW L"../data-common/dict-eng/hashparams_eng_tpp" GENERIC_READ FILE_SHARE_READ FILE_SHARE_WRITE  creation 3 attributes 0x80
0024:trace:file:RtlDosPathNameToNtPathName_U_WithStatus (L"../data-common/dict-eng/hashparams_eng_tpp",006667E8,00000000,00000000)
0024:trace:file:RtlGetFullPathName_U (L"../data-common/dict-eng/hashparams_eng_tpp" 520 00666564 00000000)
0024:trace:file:NtCreateFile handle=0x6667e4 access=80100080 name=L"\\??\\Z:\\work\\data-common\\dict-eng\\hashparams_eng_tpp" objattr=00000042 root=(nil) sec=(nil) io=0x6667f0 alloc_size=(nil) attr=00000080 sharing=00000003 disp=1 options=00000060 ea=(nil).0x00000000
0024:trace:file:nt_to_unix_file_name_no_root L"\\??\\Z:\\work\\data-common\\dict-eng\\hashparams_eng_tpp" -> "/work/stage2-copy/wineprefix/dosdevices/z:/work/data-common/dict-eng/hashparams_eng_tpp"
0024:trace:file:CreateFileW returning 000000A4
0024:trace:file:NtSetInformationFile (0xa4,0x6667e0,0x6667d8,0x00000008,0x0000000e)
0024:trace:file:NtQueryInformationFile (0xa4,0x6667d0,0x6667c8,0x00000008,0x0000000e)
0024:trace:file:NtSetInformationFile (0xa4,0x6667d0,0x6667c8,0x00000008,0x0000000e)
0024:trace:file:NtQueryInformationFile (0xa4,0x6667d0,0x6667d8,0x00000018,0x00000005)
0024:trace:file:NtSetInformationFile (0xa4,0x6667d0,0x6667c8,0x00000008,0x0000000e)
0024:trace:file:NtQueryInformationFile (0xa4,0x6667c8,0x6667c0,0x00000008,0x0000000e)
0024:trace:file:NtSetInformationFile (0xa4,0x6667c8,0x6667c0,0x00000008,0x0000000e)
0024:trace:file:NtSetInformationFile (0xa4,0x6667c8,0x6667c0,0x00000008,0x0000000e)
0024:trace:file:NtQueryInformationFile (0xa4,0x6667b8,0x6667b0,0x00000008,0x0000000e)
0024:trace:file:NtSetInformationFile (0xa4,0x6667b8,0x6667b0,0x00000008,0x0000000e)
0024:trace:file:ReadFile 000000A4 014B30F8 17444 00666858 00000000
0024:trace:file:NtReadFile (0xa4,(nil),(nil),(nil),0x666810,0x14b30f8,0x00004424,(nil),(nil))
0024:trace:file:NtReadFile = SUCCESS (17444)
0024:trace:file:CreateFileW L"../data-common/dict-eng/tppdict_eng" GENERIC_READ FILE_SHARE_READ FILE_SHARE_WRITE  creation 3 attributes 0x80
0024:trace:file:RtlDosPathNameToNtPathName_U_WithStatus (L"../data-common/dict-eng/tppdict_eng",00666A00,00000000,00000000)
0024:trace:file:RtlGetFullPathName_U (L"../data-common/dict-eng/tppdict_eng" 520 0066677C 00000000)
0024:trace:file:NtCreateFile handle=0x6669fc access=80100080 name=L"\\??\\Z:\\work\\data-common\\dict-eng\\tppdict_eng" objattr=00000042 root=(nil) sec=(nil) io=0x666a08 alloc_size=(nil) attr=00000080 sharing=00000003 disp=1 options=00000060 ea=(nil).0x00000000
0024:trace:file:nt_to_unix_file_name_no_root L"\\??\\Z:\\work\\data-common\\dict-eng\\tppdict_eng" -> "/work/stage2-copy/wineprefix/dosdevices/z:/work/data-common/dict-eng/tppdict_eng"
0024:trace:file:CreateFileW returning 000000A4
0024:trace:file:NtSetInformationFile (0xa4,0x6669f8,0x6669f0,0x00000008,0x0000000e)
0024:trace:file:NtQueryInformationFile (0xa4,0x6669e8,0x6669e0,0x00000008,0x0000000e)
0024:trace:file:NtSetInformationFile (0xa4,0x6669e8,0x6669e0,0x00000008,0x0000000e)
0024:trace:file:NtQueryInformationFile (0xa4,0x6669e8,0x6669f0,0x00000018,0x00000005)
0024:trace:file:NtSetInformationFile (0xa4,0x6669e8,0x6669e0,0x00000008,0x0000000e)
0024:trace:file:NtQueryInformationFile (0xa4,0x6669e0,0x6669d8,0x00000008,0x0000000e)
0024:trace:file:NtSetInformationFile (0xa4,0x6669e0,0x6669d8,0x00000008,0x0000000e)
0024:trace:file:NtSetInformationFile (0xa4,0x6669e0,0x6669d8,0x00000008,0x0000000e)
0024:trace:file:NtQueryInformationFile (0xa4,0x6669d0,0x6669c8,0x00000008,0x0000000e)
0024:trace:file:NtSetInformationFile (0xa4,0x6669d0,0x6669c8,0x00000008,0x0000000e)
0024:trace:file:CreateFileW L"../data-common/dict-eng/hashidx_eng_tpp" GENERIC_READ FILE_SHARE_READ FILE_SHARE_WRITE  creation 3 attributes 0x80
0024:trace:file:RtlDosPathNameToNtPathName_U_WithStatus (L"../data-common/dict-eng/hashidx_eng_tpp",006669FC,00000000,00000000)
0024:trace:file:RtlGetFullPathName_U (L"../data-common/dict-eng/hashidx_eng_tpp" 520 00666778 00000000)
0024:trace:file:NtCreateFile handle=0x6669f8 access=80100080 name=L"\\??\\Z:\\work\\data-common\\dict-eng\\hashidx_eng_tpp" objattr=00000042 root=(nil) sec=(nil) io=0x666a04 alloc_size=(nil) attr=00000080 sharing=00000003 disp=1 options=00000060 ea=(nil).0x00000000
0024:trace:file:nt_to_unix_file_name_no_root L"\\??\\Z:\\work\\data-common\\dict-eng\\hashidx_eng_tpp" -> "/work/stage2-copy/wineprefix/dosdevices/z:/work/data-common/dict-eng/hashidx_eng_tpp"
0024:trace:file:CreateFileW returning 000000A8
0024:trace:file:NtSetInformationFile (0xa8,0x6669f0,0x6669e8,0x00000008,0x0000000e)
0024:trace:file:NtQueryInformationFile (0xa8,0x6669e8,0x6669e0,0x00000008,0x0000000e)
0024:trace:file:NtSetInformationFile (0xa8,0x6669e8,0x6669e0,0x00000008,0x0000000e)
0024:trace:file:NtQueryInformationFile (0xa8,0x6669e8,0x6669f0,0x00000018,0x00000005)
0024:trace:file:NtSetInformationFile (0xa8,0x6669e8,0x6669e0,0x00000008,0x0000000e)
0024:trace:file:NtQueryInformationFile (0xa8,0x6669d8,0x6669d0,0x00000008,0x0000000e)
0024:trace:file:NtSetInformationFile (0xa8,0x6669d8,0x6669d0,0x00000008,0x0000000e)
0024:trace:file:NtSetInformationFile (0xa8,0x6669d8,0x6669d0,0x00000008,0x0000000e)
0024:trace:file:NtQueryInformationFile (0xa8,0x6669d0,0x6669c8,0x00000008,0x0000000e)
0024:trace:file:NtSetInformationFile (0xa8,0x6669d0,0x6669c8,0x00000008,0x0000000e)
0024:trace:file:ReadFile 000000A8 1009F94C 4 00666A74 00000000
0024:trace:file:NtReadFile (0xa8,(nil),(nil),(nil),0x666a30,0x1009f94c,0x00000004,(nil),(nil))
0024:trace:file:NtReadFile = SUCCESS (4)
0024:trace:file:CreateFileW L"../data-common/dict-eng/hashcont_eng_tpp" GENERIC_READ FILE_SHARE_READ FILE_SHARE_WRITE  creation 3 attributes 0x80
0024:trace:file:RtlDosPathNameToNtPathName_U_WithStatus (L"../data-common/dict-eng/hashcont_eng_tpp",006669FC,00000000,00000000)
0024:trace:file:RtlGetFullPathName_U (L"../data-common/dict-eng/hashcont_eng_tpp" 520 00666778 00000000)
0024:trace:file:NtCreateFile handle=0x6669f8 access=80100080 name=L"\\??\\Z:\\work\\data-common\\dict-eng\\hashcont_eng_tpp" objattr=00000042 root=(nil) sec=(nil) io=0x666a04 alloc_size=(nil) attr=00000080 sharing=00000003 disp=1 options=00000060 ea=(nil).0x00000000
0024:trace:file:nt_to_unix_file_name_no_root L"\\??\\Z:\\work\\data-common\\dict-eng\\hashcont_eng_tpp" -> "/work/stage2-copy/wineprefix/dosdevices/z:/work/data-common/dict-eng/hashcont_eng_tpp"
0024:trace:file:CreateFileW returning 000000AC
0024:trace:file:NtSetInformationFile (0xac,0x6669f0,0x6669e8,0x00000008,0x0000000e)
0024:trace:file:NtQueryInformationFile (0xac,0x6669e8,0x6669e0,0x00000008,0x0000000e)
0024:trace:file:NtSetInformationFile (0xac,0x6669e8,0x6669e0,0x00000008,0x0000000e)
0024:trace:file:NtQueryInformationFile (0xac,0x6669e8,0x6669f0,0x00000018,0x00000005)
0024:trace:file:NtSetInformationFile (0xac,0x6669e8,0x6669e0,0x00000008,0x0000000e)
0024:trace:file:NtQueryInformationFile (0xac,0x6669d8,0x6669d0,0x00000008,0x0000000e)
0024:trace:file:NtSetInformationFile (0xac,0x6669d8,0x6669d0,0x00000008,0x0000000e)
0024:trace:file:NtSetInformationFile (0xac,0x6669d8,0x6669d0,0x00000008,0x0000000e)
0024:trace:file:NtQueryInformationFile (0xac,0x6669d0,0x6669c8,0x00000008,0x0000000e)
0024:trace:file:NtSetInformationFile (0xac,0x6669d0,0x6669c8,0x00000008,0x0000000e)
0024:trace:file:CreateFileW L"../data-common/dict-eng/streeta_sort.txt2" GENERIC_READ FILE_SHARE_READ FILE_SHARE_WRITE  creation 3 attributes 0x80
0024:trace:file:RtlDosPathNameToNtPathName_U_WithStatus (L"../data-common/dict-eng/streeta_sort.txt2",00666DC0,00000000,00000000)
0024:trace:file:RtlGetFullPathName_U (L"../data-common/dict-eng/streeta_sort.txt2" 520 00666B3C 00000000)
0024:trace:file:NtCreateFile handle=0x666dbc access=80100080 name=L"\\??\\Z:\\work\\data-common\\dict-eng\\streeta_sort.txt2" objattr=00000042 root=(nil) sec=(nil) io=0x666dc8 alloc_size=(nil) attr=00000080 sharing=00000003 disp=1 options=00000060 ea=(nil).0x00000000
0024:trace:file:nt_to_unix_file_name_no_root L"\\??\\Z:\\work\\data-common\\dict-eng\\streeta_sort.txt2" -> "/work/stage2-copy/wineprefix/dosdevices/z:/work/data-common/dict-eng/streeta_sort.txt2"
0024:trace:file:CreateFileW returning 000000B0
0024:trace:file:NtSetInformationFile (0xb0,0x666db8,0x666db0,0x00000008,0x0000000e)
0024:trace:file:NtQueryInformationFile (0xb0,0x666da8,0x666da0,0x00000008,0x0000000e)
0024:trace:file:NtSetInformationFile (0xb0,0x666da8,0x666da0,0x00000008,0x0000000e)
0024:trace:file:NtQueryInformationFile (0xb0,0x666da8,0x666db0,0x00000018,0x00000005)
0024:trace:file:NtSetInformationFile (0xb0,0x666da8,0x666da0,0x00000008,0x0000000e)
0024:trace:file:NtQueryInformationFile (0xb0,0x666da0,0x666d98,0x00000008,0x0000000e)
0024:trace:file:NtSetInformationFile (0xb0,0x666da0,0x666d98,0x00000008,0x0000000e)
0024:trace:file:NtSetInformationFile (0xb0,0x666da0,0x666d98,0x00000008,0x0000000e)
0024:trace:file:NtQueryInformationFile (0xb0,0x666d90,0x666d88,0x00000008,0x0000000e)
0024:trace:file:NtSetInformationFile (0xb0,0x666d90,0x666d88,0x00000008,0x0000000e)
0024:trace:file:ReadFile 000000B0 00666EB8 3 00666E28 00000000
0024:trace:file:NtReadFile (0xb0,(nil),(nil),(nil),0x666de0,0x666eb8,0x00000003,(nil),(nil))
0024:trace:file:NtReadFile = SUCCESS (3)
0024:trace:file:NtSetInformationFile (0xb0,0x666d98,0x666d90,0x00000008,0x0000000e)
0024:trace:file:NtQueryInformationFile (0xb0,0x666d90,0x666d88,0x00000008,0x0000000e)
0024:trace:file:NtSetInformationFile (0xb0,0x666d90,0x666d88,0x00000008,0x0000000e)
0024:trace:file:ReadFile 000000B0 00666EC4 3 00666E10 00000000
0024:trace:file:NtReadFile (0xb0,(nil),(nil),(nil),0x666dc8,0x666ec4,0x00000003,(nil),(nil))
0024:trace:file:NtReadFile = SUCCESS (3)
0024:trace:file:NtSetInformationFile (0xb0,0x666db0,0x666da8,0x00000008,0x0000000e)
0024:trace:file:NtQueryInformationFile (0xb0,0x666da8,0x666da0,0x00000008,0x0000000e)
0024:trace:file:NtSetInformationFile (0xb0,0x666da8,0x666da0,0x00000008,0x0000000e)
0024:trace:file:ReadFile 000000B0 01558730 4527 00666E28 00000000
0024:trace:file:NtReadFile (0xb0,(nil),(nil),(nil),0x666de0,0x1558730,0x000011af,(nil),(nil))
0024:trace:file:NtReadFile = SUCCESS (4527)
0024:trace:file:ReadFile 000000B0 00666EF3 1 00666E10 00000000
0024:trace:file:NtReadFile (0xb0,(nil),(nil),(nil),0x666dc8,0x666ef3,0x00000001,(nil),(nil))
0024:trace:file:NtReadFile = SUCCESS (1)
0024:trace:file:ReadFile 000000B0 00666ED0 10 00666DF8 00000000
0024:trace:file:NtReadFile (0xb0,(nil),(nil),(nil),0x666db0,0x666ed0,0x0000000a,(nil),(nil))
0024:trace:file:NtReadFile = SUCCESS (10)
0024:trace:file:CreateFileW L"../data-common/dict-eng/streetf_sort.txt2" GENERIC_READ FILE_SHARE_READ FILE_SHARE_WRITE  creation 3 attributes 0x80
0024:trace:file:RtlDosPathNameToNtPathName_U_WithStatus (L"../data-common/dict-eng/streetf_sort.txt2",00666DC0,00000000,00000000)
0024:trace:file:RtlGetFullPathName_U (L"../data-common/dict-eng/streetf_sort.txt2" 520 00666B3C 00000000)
0024:trace:file:NtCreateFile handle=0x666dbc access=80100080 name=L"\\??\\Z:\\work\\data-common\\dict-eng\\streetf_sort.txt2" objattr=00000042 root=(nil) sec=(nil) io=0x666dc8 alloc_size=(nil) attr=00000080 sharing=00000003 disp=1 options=00000060 ea=(nil).0x00000000
0024:trace:file:nt_to_unix_file_name_no_root L"\\??\\Z:\\work\\data-common\\dict-eng\\streetf_sort.txt2" -> "/work/stage2-copy/wineprefix/dosdevices/z:/work/data-common/dict-eng/streetf_sort.txt2"
0024:trace:file:CreateFileW returning 000000B0
0024:trace:file:NtSetInformationFile (0xb0,0x666db8,0x666db0,0x00000008,0x0000000e)
0024:trace:file:NtQueryInformationFile (0xb0,0x666da8,0x666da0,0x00000008,0x0000000e)
0024:trace:file:NtSetInformationFile (0xb0,0x666da8,0x666da0,0x00000008,0x0000000e)
0024:trace:file:NtQueryInformationFile (0xb0,0x666da8,0x666db0,0x00000018,0x00000005)
0024:trace:file:NtSetInformationFile (0xb0,0x666da8,0x666da0,0x00000008,0x0000000e)
0024:trace:file:NtQueryInformationFile (0xb0,0x666da0,0x666d98,0x00000008,0x0000000e)
0024:trace:file:NtSetInformationFile (0xb0,0x666da0,0x666d98,0x00000008,0x0000000e)
0024:trace:file:NtSetInformationFile (0xb0,0x666da0,0x666d98,0x00000008,0x0000000e)
0024:trace:file:NtQueryInformationFile (0xb0,0x666d90,0x666d88,0x00000008,0x0000000e)
0024:trace:file:NtSetInformationFile (0xb0,0x666d90,0x666d88,0x00000008,0x0000000e)
0024:trace:file:ReadFile 000000B0 00666EB8 3 00666E28 00000000
0024:trace:file:NtReadFile (0xb0,(nil),(nil),(nil),0x666de0,0x666eb8,0x00000003,(nil),(nil))
0024:trace:file:NtReadFile = SUCCESS (3)
0024:trace:file:NtSetInformationFile (0xb0,0x666d98,0x666d90,0x00000008,0x0000000e)
0024:trace:file:NtQueryInformationFile (0xb0,0x666d90,0x666d88,0x00000008,0x0000000e)
0024:trace:file:NtSetInformationFile (0xb0,0x666d90,0x666d88,0x00000008,0x0000000e)
0024:trace:file:ReadFile 000000B0 00666EC4 3 00666E10 00000000
0024:trace:file:NtReadFile (0xb0,(nil),(nil),(nil),0x666dc8,0x666ec4,0x00000003,(nil),(nil))
0024:trace:file:NtReadFile = SUCCESS (3)
0024:trace:file:NtSetInformationFile (0xb0,0x666db0,0x666da8,0x00000008,0x0000000e)
0024:trace:file:NtQueryInformationFile (0xb0,0x666da8,0x666da0,0x00000008,0x0000000e)
0024:trace:file:NtSetInformationFile (0xb0,0x666da8,0x666da0,0x00000008,0x0000000e)
0024:trace:file:ReadFile 000000B0 0155DF28 1607 00666E28 00000000
0024:trace:file:NtReadFile (0xb0,(nil),(nil),(nil),0x666de0,0x155df28,0x00000647,(nil),(nil))
0024:trace:file:NtReadFile = SUCCESS (1607)
0024:trace:file:ReadFile 000000B0 00666EF3 1 00666E10 00000000
0024:trace:file:NtReadFile (0xb0,(nil),(nil),(nil),0x666dc8,0x666ef3,0x00000001,(nil),(nil))
0024:trace:file:NtReadFile = SUCCESS (1)
0024:trace:file:ReadFile 000000B0 00666ED0 10 00666DF8 00000000
0024:trace:file:NtReadFile (0xb0,(nil),(nil),(nil),0x666db0,0x666ed0,0x0000000a,(nil),(nil))
0024:trace:file:NtReadFile = SUCCESS (10)
0024:trace:file:CreateFileW L"../data-common/dict-eng/citya_sort.txt2" GENERIC_READ FILE_SHARE_READ FILE_SHARE_WRITE  creation 3 attributes 0x80
0024:trace:file:RtlDosPathNameToNtPathName_U_WithStatus (L"../data-common/dict-eng/citya_sort.txt2",00666DC0,00000000,00000000)
0024:trace:file:RtlGetFullPathName_U (L"../data-common/dict-eng/citya_sort.txt2" 520 00666B3C 00000000)
0024:trace:file:NtCreateFile handle=0x666dbc access=80100080 name=L"\\??\\Z:\\work\\data-common\\dict-eng\\citya_sort.txt2" objattr=00000042 root=(nil) sec=(nil) io=0x666dc8 alloc_size=(nil) attr=00000080 sharing=00000003 disp=1 options=00000060 ea=(nil).0x00000000
0024:trace:file:nt_to_unix_file_name_no_root L"\\??\\Z:\\work\\data-common\\dict-eng\\citya_sort.txt2" -> "/work/stage2-copy/wineprefix/dosdevices/z:/work/data-common/dict-eng/citya_sort.txt2"
0024:trace:file:CreateFileW returning 000000B0
0024:trace:file:NtSetInformationFile (0xb0,0x666db8,0x666db0,0x00000008,0x0000000e)
0024:trace:file:NtQueryInformationFile (0xb0,0x666da8,0x666da0,0x00000008,0x0000000e)
0024:trace:file:NtSetInformationFile (0xb0,0x666da8,0x666da0,0x00000008,0x0000000e)
0024:trace:file:NtQueryInformationFile (0xb0,0x666da8,0x666db0,0x00000018,0x00000005)
0024:trace:file:NtSetInformationFile (0xb0,0x666da8,0x666da0,0x00000008,0x0000000e)
0024:trace:file:NtQueryInformationFile (0xb0,0x666da0,0x666d98,0x00000008,0x0000000e)
0024:trace:file:NtSetInformationFile (0xb0,0x666da0,0x666d98,0x00000008,0x0000000e)
0024:trace:file:NtSetInformationFile (0xb0,0x666da0,0x666d98,0x00000008,0x0000000e)
0024:trace:file:NtQueryInformationFile (0xb0,0x666d90,0x666d88,0x00000008,0x0000000e)
0024:trace:file:NtSetInformationFile (0xb0,0x666d90,0x666d88,0x00000008,0x0000000e)
0024:trace:file:ReadFile 000000B0 00666EB8 3 00666E28 00000000
0024:trace:file:NtReadFile (0xb0,(nil),(nil),(nil),0x666de0,0x666eb8,0x00000003,(nil),(nil))
0024:trace:file:NtReadFile = SUCCESS (3)
0024:trace:file:NtSetInformationFile (0xb0,0x666d98,0x666d90,0x00000008,0x0000000e)
0024:trace:file:NtQueryInformationFile (0xb0,0x666d90,0x666d88,0x00000008,0x0000000e)
0024:trace:file:NtSetInformationFile (0xb0,0x666d90,0x666d88,0x00000008,0x0000000e)
0024:trace:file:ReadFile 000000B0 00666EC4 3 00666E10 00000000
0024:trace:file:NtReadFile (0xb0,(nil),(nil),(nil),0x666dc8,0x666ec4,0x00000003,(nil),(nil))
0024:trace:file:NtReadFile = SUCCESS (3)
0024:trace:file:NtSetInformationFile (0xb0,0x666db0,0x666da8,0x00000008,0x0000000e)
0024:trace:file:NtQueryInformationFile (0xb0,0x666da8,0x666da0,0x00000008,0x0000000e)
0024:trace:file:NtSetInformationFile (0xb0,0x666da8,0x666da0,0x00000008,0x0000000e)
0024:trace:file:ReadFile 000000B0 0155ED00 1479 00666E28 00000000
0024:trace:file:NtReadFile (0xb0,(nil),(nil),(nil),0x666de0,0x155ed00,0x000005c7,(nil),(nil))
0024:trace:file:NtReadFile = SUCCESS (1479)
0024:trace:file:ReadFile 000000B0 00666EF3 1 00666E10 00000000
0024:trace:file:NtReadFile (0xb0,(nil),(nil),(nil),0x666dc8,0x666ef3,0x00000001,(nil),(nil))
0024:trace:file:NtReadFile = SUCCESS (1)
0024:trace:file:ReadFile 000000B0 00666ED0 10 00666DF8 00000000
0024:trace:file:NtReadFile (0xb0,(nil),(nil),(nil),0x666db0,0x666ed0,0x0000000a,(nil),(nil))
0024:trace:file:NtReadFile = SUCCESS (10)
0024:trace:file:CreateFileW L"../data-common/dict-eng/abbrh_sort.txt2" GENERIC_READ FILE_SHARE_READ FILE_SHARE_WRITE  creation 3 attributes 0x80
0024:trace:file:RtlDosPathNameToNtPathName_U_WithStatus (L"../data-common/dict-eng/abbrh_sort.txt2",00666DC0,00000000,00000000)
0024:trace:file:RtlGetFullPathName_U (L"../data-common/dict-eng/abbrh_sort.txt2" 520 00666B3C 00000000)
0024:trace:file:NtCreateFile handle=0x666dbc access=80100080 name=L"\\??\\Z:\\work\\data-common\\dict-eng\\abbrh_sort.txt2" objattr=00000042 root=(nil) sec=(nil) io=0x666dc8 alloc_size=(nil) attr=00000080 sharing=00000003 disp=1 options=00000060 ea=(nil).0x00000000
0024:trace:file:nt_to_unix_file_name_no_root L"\\??\\Z:\\work\\data-common\\dict-eng\\abbrh_sort.txt2" -> "/work/stage2-copy/wineprefix/dosdevices/z:/work/data-common/dict-eng/abbrh_sort.txt2"
0024:trace:file:CreateFileW returning 000000B0
0024:trace:file:NtSetInformationFile (0xb0,0x666db8,0x666db0,0x00000008,0x0000000e)
0024:trace:file:NtQueryInformationFile (0xb0,0x666da8,0x666da0,0x00000008,0x0000000e)
0024:trace:file:NtSetInformationFile (0xb0,0x666da8,0x666da0,0x00000008,0x0000000e)
0024:trace:file:NtQueryInformationFile (0xb0,0x666da8,0x666db0,0x00000018,0x00000005)
0024:trace:file:NtSetInformationFile (0xb0,0x666da8,0x666da0,0x00000008,0x0000000e)
0024:trace:file:NtQueryInformationFile (0xb0,0x666da0,0x666d98,0x00000008,0x0000000e)
0024:trace:file:NtSetInformationFile (0xb0,0x666da0,0x666d98,0x00000008,0x0000000e)
0024:trace:file:NtSetInformationFile (0xb0,0x666da0,0x666d98,0x00000008,0x0000000e)
0024:trace:file:NtQueryInformationFile (0xb0,0x666d90,0x666d88,0x00000008,0x0000000e)
0024:trace:file:NtSetInformationFile (0xb0,0x666d90,0x666d88,0x00000008,0x0000000e)
0024:trace:file:ReadFile 000000B0 00666EB8 3 00666E28 00000000
0024:trace:file:NtReadFile (0xb0,(nil),(nil),(nil),0x666de0,0x666eb8,0x00000003,(nil),(nil))
0024:trace:file:NtReadFile = SUCCESS (3)
0024:trace:file:NtSetInformationFile (0xb0,0x666d98,0x666d90,0x00000008,0x0000000e)
0024:trace:file:NtQueryInformationFile (0xb0,0x666d90,0x666d88,0x00000008,0x0000000e)
0024:trace:file:NtSetInformationFile (0xb0,0x666d90,0x666d88,0x00000008,0x0000000e)
0024:trace:file:ReadFile 000000B0 00666EC4 3 00666E10 00000000
0024:trace:file:NtReadFile (0xb0,(nil),(nil),(nil),0x666dc8,0x666ec4,0x00000003,(nil),(nil))
0024:trace:file:NtReadFile = SUCCESS (3)
0024:trace:file:NtSetInformationFile (0xb0,0x666db0,0x666da8,0x00000008,0x0000000e)
0024:trace:file:NtQueryInformationFile (0xb0,0x666da8,0x666da0,0x00000008,0x0000000e)
0024:trace:file:NtSetInformationFile (0xb0,0x666da8,0x666da0,0x00000008,0x0000000e)
0024:trace:file:ReadFile 000000B0 0156FE50 394 00666E28 00000000
0024:trace:file:NtReadFile (0xb0,(nil),(nil),(nil),0x666de0,0x156fe50,0x0000018a,(nil),(nil))
0024:trace:file:NtReadFile = SUCCESS (394)
0024:trace:file:ReadFile 000000B0 00666EF3 1 00666E10 00000000
0024:trace:file:NtReadFile (0xb0,(nil),(nil),(nil),0x666dc8,0x666ef3,0x00000001,(nil),(nil))
0024:trace:file:NtReadFile = SUCCESS (1)
0024:trace:file:ReadFile 000000B0 00666ED0 10 00666DF8 00000000
0024:trace:file:NtReadFile (0xb0,(nil),(nil),(nil),0x666db0,0x666ed0,0x0000000a,(nil),(nil))
0024:trace:file:NtReadFile = SUCCESS (10)
0024:trace:file:CreateFileW L"../data-common/dict-eng/abbrt_sort.txt2" GENERIC_READ FILE_SHARE_READ FILE_SHARE_WRITE  creation 3 attributes 0x80
0024:trace:file:RtlDosPathNameToNtPathName_U_WithStatus (L"../data-common/dict-eng/abbrt_sort.txt2",00666DC0,00000000,00000000)
0024:trace:file:RtlGetFullPathName_U (L"../data-common/dict-eng/abbrt_sort.txt2" 520 00666B3C 00000000)
0024:trace:file:NtCreateFile handle=0x666dbc access=80100080 name=L"\\??\\Z:\\work\\data-common\\dict-eng\\abbrt_sort.txt2" objattr=00000042 root=(nil) sec=(nil) io=0x666dc8 alloc_size=(nil) attr=00000080 sharing=00000003 disp=1 options=00000060 ea=(nil).0x00000000
0024:trace:file:nt_to_unix_file_name_no_root L"\\??\\Z:\\work\\data-common\\dict-eng\\abbrt_sort.txt2" -> "/work/stage2-copy/wineprefix/dosdevices/z:/work/data-common/dict-eng/abbrt_sort.txt2"
0024:trace:file:CreateFileW returning 000000B0
0024:trace:file:NtSetInformationFile (0xb0,0x666db8,0x666db0,0x00000008,0x0000000e)
0024:trace:file:NtQueryInformationFile (0xb0,0x666da8,0x666da0,0x00000008,0x0000000e)
0024:trace:file:NtSetInformationFile (0xb0,0x666da8,0x666da0,0x00000008,0x0000000e)
0024:trace:file:NtQueryInformationFile (0xb0,0x666da8,0x666db0,0x00000018,0x00000005)
0024:trace:file:NtSetInformationFile (0xb0,0x666da8,0x666da0,0x00000008,0x0000000e)
0024:trace:file:NtQueryInformationFile (0xb0,0x666da0,0x666d98,0x00000008,0x0000000e)
0024:trace:file:NtSetInformationFile (0xb0,0x666da0,0x666d98,0x00000008,0x0000000e)
0024:trace:file:NtSetInformationFile (0xb0,0x666da0,0x666d98,0x00000008,0x0000000e)
0024:trace:file:NtQueryInformationFile (0xb0,0x666d90,0x666d88,0x00000008,0x0000000e)
0024:trace:file:NtSetInformationFile (0xb0,0x666d90,0x666d88,0x00000008,0x0000000e)
0024:trace:file:ReadFile 000000B0 00666EB8 3 00666E28 00000000
0024:trace:file:NtReadFile (0xb0,(nil),(nil),(nil),0x666de0,0x666eb8,0x00000003,(nil),(nil))
0024:trace:file:NtReadFile = SUCCESS (3)
0024:trace:file:NtSetInformationFile (0xb0,0x666d98,0x666d90,0x00000008,0x0000000e)
0024:trace:file:NtQueryInformationFile (0xb0,0x666d90,0x666d88,0x00000008,0x0000000e)
0024:trace:file:NtSetInformationFile (0xb0,0x666d90,0x666d88,0x00000008,0x0000000e)
0024:trace:file:ReadFile 000000B0 00666EC4 3 00666E10 00000000
0024:trace:file:NtReadFile (0xb0,(nil),(nil),(nil),0x666dc8,0x666ec4,0x00000003,(nil),(nil))
0024:trace:file:NtReadFile = SUCCESS (3)
0024:trace:file:NtSetInformationFile (0xb0,0x666db0,0x666da8,0x00000008,0x0000000e)
0024:trace:file:NtQueryInformationFile (0xb0,0x666da8,0x666da0,0x00000008,0x0000000e)
0024:trace:file:NtSetInformationFile (0xb0,0x666da8,0x666da0,0x00000008,0x0000000e)
0024:trace:file:ReadFile 000000B0 0155F700 305 00666E28 00000000
0024:trace:file:NtReadFile (0xb0,(nil),(nil),(nil),0x666de0,0x155f700,0x00000131,(nil),(nil))
0024:trace:file:NtReadFile = SUCCESS (305)
0024:trace:file:ReadFile 000000B0 00666EF3 1 00666E10 00000000
0024:trace:file:NtReadFile (0xb0,(nil),(nil),(nil),0x666dc8,0x666ef3,0x00000001,(nil),(nil))
0024:trace:file:NtReadFile = SUCCESS (1)
0024:trace:file:ReadFile 000000B0 00666ED0 10 00666DF8 00000000
0024:trace:file:NtReadFile (0xb0,(nil),(nil),(nil),0x666db0,0x666ed0,0x0000000a,(nil),(nil))
0024:trace:file:NtReadFile = SUCCESS (10)
0024:trace:file:CreateFileW L"../data-common/dict-eng/abbrc_sort.txt2" GENERIC_READ FILE_SHARE_READ FILE_SHARE_WRITE  creation 3 attributes 0x80
0024:trace:file:RtlDosPathNameToNtPathName_U_WithStatus (L"../data-common/dict-eng/abbrc_sort.txt2",00666DC0,00000000,00000000)
0024:trace:file:RtlGetFullPathName_U (L"../data-common/dict-eng/abbrc_sort.txt2" 520 00666B3C 00000000)
0024:trace:file:NtCreateFile handle=0x666dbc access=80100080 name=L"\\??\\Z:\\work\\data-common\\dict-eng\\abbrc_sort.txt2" objattr=00000042 root=(nil) sec=(nil) io=0x666dc8 alloc_size=(nil) attr=00000080 sharing=00000003 disp=1 options=00000060 ea=(nil).0x00000000
0024:trace:file:nt_to_unix_file_name_no_root L"\\??\\Z:\\work\\data-common\\dict-eng\\abbrc_sort.txt2" -> "/work/stage2-copy/wineprefix/dosdevices/z:/work/data-common/dict-eng/abbrc_sort.txt2"
0024:trace:file:CreateFileW returning 000000B0
0024:trace:file:NtSetInformationFile (0xb0,0x666db8,0x666db0,0x00000008,0x0000000e)
0024:trace:file:NtQueryInformationFile (0xb0,0x666da8,0x666da0,0x00000008,0x0000000e)
0024:trace:file:NtSetInformationFile (0xb0,0x666da8,0x666da0,0x00000008,0x0000000e)
0024:trace:file:NtQueryInformationFile (0xb0,0x666da8,0x666db0,0x00000018,0x00000005)
0024:trace:file:NtSetInformationFile (0xb0,0x666da8,0x666da0,0x00000008,0x0000000e)
0024:trace:file:NtQueryInformationFile (0xb0,0x666da0,0x666d98,0x00000008,0x0000000e)
0024:trace:file:NtSetInformationFile (0xb0,0x666da0,0x666d98,0x00000008,0x0000000e)
0024:trace:file:NtSetInformationFile (0xb0,0x666da0,0x666d98,0x00000008,0x0000000e)
0024:trace:file:NtQueryInformationFile (0xb0,0x666d90,0x666d88,0x00000008,0x0000000e)
0024:trace:file:NtSetInformationFile (0xb0,0x666d90,0x666d88,0x00000008,0x0000000e)
0024:trace:file:ReadFile 000000B0 00666EB8 3 00666E28 00000000
0024:trace:file:NtReadFile (0xb0,(nil),(nil),(nil),0x666de0,0x666eb8,0x00000003,(nil),(nil))
0024:trace:file:NtReadFile = SUCCESS (3)
0024:trace:file:NtSetInformationFile (0xb0,0x666d98,0x666d90,0x00000008,0x0000000e)
0024:trace:file:NtQueryInformationFile (0xb0,0x666d90,0x666d88,0x00000008,0x0000000e)
0024:trace:file:NtSetInformationFile (0xb0,0x666d90,0x666d88,0x00000008,0x0000000e)
0024:trace:file:ReadFile 000000B0 00666EC4 3 00666E10 00000000
0024:trace:file:NtReadFile (0xb0,(nil),(nil),(nil),0x666dc8,0x666ec4,0x00000003,(nil),(nil))
0024:trace:file:NtReadFile = SUCCESS (3)
0024:trace:file:NtSetInformationFile (0xb0,0x666db0,0x666da8,0x00000008,0x0000000e)
0024:trace:file:NtQueryInformationFile (0xb0,0x666da8,0x666da0,0x00000008,0x0000000e)
0024:trace:file:NtSetInformationFile (0xb0,0x666da8,0x666da0,0x00000008,0x0000000e)
0024:trace:file:ReadFile 000000B0 0155FC70 2208 00666E28 00000000
0024:trace:file:NtReadFile (0xb0,(nil),(nil),(nil),0x666de0,0x155fc70,0x000008a0,(nil),(nil))
0024:trace:file:NtReadFile = SUCCESS (2208)
0024:trace:file:ReadFile 000000B0 00666EF3 1 00666E10 00000000
0024:trace:file:NtReadFile (0xb0,(nil),(nil),(nil),0x666dc8,0x666ef3,0x00000001,(nil),(nil))
0024:trace:file:NtReadFile = SUCCESS (1)
0024:trace:file:ReadFile 000000B0 00666ED0 10 00666DF8 00000000
0024:trace:file:NtReadFile (0xb0,(nil),(nil),(nil),0x666db0,0x666ed0,0x0000000a,(nil),(nil))
0024:trace:file:NtReadFile = SUCCESS (10)
0024:trace:file:CreateFileW L"../data-common/dict-eng/sbdw_sort.txt2" GENERIC_READ FILE_SHARE_READ FILE_SHARE_WRITE  creation 3 attributes 0x80
0024:trace:file:RtlDosPathNameToNtPathName_U_WithStatus (L"../data-common/dict-eng/sbdw_sort.txt2",00666DC0,00000000,00000000)
0024:trace:file:RtlGetFullPathName_U (L"../data-common/dict-eng/sbdw_sort.txt2" 520 00666B3C 00000000)
0024:trace:file:NtCreateFile handle=0x666dbc access=80100080 name=L"\\??\\Z:\\work\\data-common\\dict-eng\\sbdw_sort.txt2" objattr=00000042 root=(nil) sec=(nil) io=0x666dc8 alloc_size=(nil) attr=00000080 sharing=00000003 disp=1 options=00000060 ea=(nil).0x00000000
0024:trace:file:nt_to_unix_file_name_no_root L"\\??\\Z:\\work\\data-common\\dict-eng\\sbdw_sort.txt2" -> "/work/stage2-copy/wineprefix/dosdevices/z:/work/data-common/dict-eng/sbdw_sort.txt2"
0024:trace:file:CreateFileW returning 000000B0
0024:trace:file:NtSetInformationFile (0xb0,0x666db8,0x666db0,0x00000008,0x0000000e)
0024:trace:file:NtQueryInformationFile (0xb0,0x666da8,0x666da0,0x00000008,0x0000000e)
0024:trace:file:NtSetInformationFile (0xb0,0x666da8,0x666da0,0x00000008,0x0000000e)
0024:trace:file:NtQueryInformationFile (0xb0,0x666da8,0x666db0,0x00000018,0x00000005)
0024:trace:file:NtSetInformationFile (0xb0,0x666da8,0x666da0,0x00000008,0x0000000e)
0024:trace:file:NtQueryInformationFile (0xb0,0x666da0,0x666d98,0x00000008,0x0000000e)
0024:trace:file:NtSetInformationFile (0xb0,0x666da0,0x666d98,0x00000008,0x0000000e)
0024:trace:file:NtSetInformationFile (0xb0,0x666da0,0x666d98,0x00000008,0x0000000e)
0024:trace:file:NtQueryInformationFile (0xb0,0x666d90,0x666d88,0x00000008,0x0000000e)
0024:trace:file:NtSetInformationFile (0xb0,0x666d90,0x666d88,0x00000008,0x0000000e)
0024:trace:file:ReadFile 000000B0 00666EB8 3 00666E28 00000000
0024:trace:file:NtReadFile (0xb0,(nil),(nil),(nil),0x666de0,0x666eb8,0x00000003,(nil),(nil))
0024:trace:file:NtReadFile = SUCCESS (3)
0024:trace:file:NtSetInformationFile (0xb0,0x666d98,0x666d90,0x00000008,0x0000000e)
0024:trace:file:NtQueryInformationFile (0xb0,0x666d90,0x666d88,0x00000008,0x0000000e)
0024:trace:file:NtSetInformationFile (0xb0,0x666d90,0x666d88,0x00000008,0x0000000e)
0024:trace:file:ReadFile 000000B0 00666EC4 3 00666E10 00000000
0024:trace:file:NtReadFile (0xb0,(nil),(nil),(nil),0x666dc8,0x666ec4,0x00000003,(nil),(nil))
0024:trace:file:NtReadFile = SUCCESS (3)
0024:trace:file:NtSetInformationFile (0xb0,0x666db0,0x666da8,0x00000008,0x0000000e)
0024:trace:file:NtQueryInformationFile (0xb0,0x666da8,0x666da0,0x00000008,0x0000000e)
0024:trace:file:NtSetInformationFile (0xb0,0x666da8,0x666da0,0x00000008,0x0000000e)
0024:trace:file:ReadFile 000000B0 014B7530 12467 00666E28 00000000
0024:trace:file:NtReadFile (0xb0,(nil),(nil),(nil),0x666de0,0x14b7530,0x000030b3,(nil),(nil))
0024:trace:file:NtReadFile = SUCCESS (12467)
0024:trace:file:ReadFile 000000B0 00666EF3 1 00666E10 00000000
0024:trace:file:NtReadFile (0xb0,(nil),(nil),(nil),0x666dc8,0x666ef3,0x00000001,(nil),(nil))
0024:trace:file:NtReadFile = SUCCESS (1)
0024:trace:file:ReadFile 000000B0 00666ED0 10 00666DF8 00000000
0024:trace:file:NtReadFile (0xb0,(nil),(nil),(nil),0x666db0,0x666ed0,0x0000000a,(nil),(nil))
0024:trace:file:NtReadFile = SUCCESS (10)
0024:trace:file:CreateFileW L"../data-common/dict-eng/sbd.tree3" GENERIC_READ FILE_SHARE_READ FILE_SHARE_WRITE  creation 3 attributes 0x80
0024:trace:file:RtlDosPathNameToNtPathName_U_WithStatus (L"../data-common/dict-eng/sbd.tree3",0066700C,00000000,00000000)
0024:trace:file:RtlGetFullPathName_U (L"../data-common/dict-eng/sbd.tree3" 520 00666D88 00000000)
0024:trace:file:NtCreateFile handle=0x667008 access=80100080 name=L"\\??\\Z:\\work\\data-common\\dict-eng\\sbd.tree3" objattr=00000042 root=(nil) sec=(nil) io=0x667014 alloc_size=(nil) attr=00000080 sharing=00000003 disp=1 options=00000060 ea=(nil).0x00000000
0024:trace:file:nt_to_unix_file_name_no_root L"\\??\\Z:\\work\\data-common\\dict-eng\\sbd.tree3" -> "/work/stage2-copy/wineprefix/dosdevices/z:/work/data-common/dict-eng/sbd.tree3"
0024:trace:file:CreateFileW returning 000000B0
0024:trace:file:NtSetInformationFile (0xb0,0x667000,0x666ff8,0x00000008,0x0000000e)
0024:trace:file:NtQueryInformationFile (0xb0,0x666ff8,0x666ff0,0x00000008,0x0000000e)
0024:trace:file:NtSetInformationFile (0xb0,0x666ff8,0x666ff0,0x00000008,0x0000000e)
0024:trace:file:NtQueryInformationFile (0xb0,0x666ff8,0x667000,0x00000018,0x00000005)
0024:trace:file:NtSetInformationFile (0xb0,0x666ff8,0x666ff0,0x00000008,0x0000000e)
0024:trace:file:NtQueryInformationFile (0xb0,0x666fe8,0x666fe0,0x00000008,0x0000000e)
0024:trace:file:NtSetInformationFile (0xb0,0x666fe8,0x666fe0,0x00000008,0x0000000e)
0024:trace:file:NtSetInformationFile (0xb0,0x666fe8,0x666fe0,0x00000008,0x0000000e)
0024:trace:file:NtQueryInformationFile (0xb0,0x666fe0,0x666fd8,0x00000008,0x0000000e)
0024:trace:file:NtSetInformationFile (0xb0,0x666fe0,0x666fd8,0x00000008,0x0000000e)
0024:trace:file:ReadFile 000000B0 01560F98 1923 00667074 00000000
0024:trace:file:NtReadFile (0xb0,(nil),(nil),(nil),0x667030,0x1560f98,0x00000783,(nil),(nil))
0024:trace:file:NtReadFile = SUCCESS (1923)
0024:trace:file:CreateFileW L"../data-common/userdict/userdict_eng.csv" GENERIC_READ FILE_SHARE_READ FILE_SHARE_WRITE  creation 3 attributes 0x80
0024:trace:file:RtlDosPathNameToNtPathName_U_WithStatus (L"../data-common/userdict/userdict_eng.csv",00666C8C,00000000,00000000)
0024:trace:file:RtlGetFullPathName_U (L"../data-common/userdict/userdict_eng.csv" 520 00666A08 00000000)
0024:trace:file:NtCreateFile handle=0x666c88 access=80100080 name=L"\\??\\Z:\\work\\data-common\\userdict\\userdict_eng.csv" objattr=00000042 root=(nil) sec=(nil) io=0x666c94 alloc_size=(nil) attr=00000080 sharing=00000003 disp=1 options=00000060 ea=(nil).0x00000000
0024:trace:file:nt_to_unix_file_name_no_root L"\\??\\Z:\\work\\data-common\\userdict\\userdict_eng.csv" -> "/work/stage2-copy/wineprefix/dosdevices/z:/work/data-common/userdict/userdict_eng.csv"
0024:trace:file:CreateFileW returning 000000B0
0024:trace:file:NtSetInformationFile (0xb0,0x666c80,0x666c78,0x00000008,0x0000000e)
0024:trace:file:NtQueryInformationFile (0xb0,0x666c78,0x666c70,0x00000008,0x0000000e)
0024:trace:file:NtSetInformationFile (0xb0,0x666c78,0x666c70,0x00000008,0x0000000e)
0024:trace:file:NtQueryInformationFile (0xb0,0x666c78,0x666c80,0x00000018,0x00000005)
0024:trace:file:NtSetInformationFile (0xb0,0x666c78,0x666c70,0x00000008,0x0000000e)
0024:trace:file:NtQueryInformationFile (0xb0,0x666c68,0x666c60,0x00000008,0x0000000e)
0024:trace:file:NtSetInformationFile (0xb0,0x666c68,0x666c60,0x00000008,0x0000000e)
0024:trace:file:NtSetInformationFile (0xb0,0x666c68,0x666c60,0x00000008,0x0000000e)
0024:trace:file:NtQueryInformationFile (0xb0,0x666c60,0x666c58,0x00000008,0x0000000e)
0024:trace:file:NtSetInformationFile (0xb0,0x666c60,0x666c58,0x00000008,0x0000000e)
0024:trace:file:CreateFileW L"../data-james/M16/ttsdata/tree3/pitch/nbt.tree3" GENERIC_READ FILE_SHARE_READ FILE_SHARE_WRITE  creation 3 attributes 0x80
0024:trace:file:RtlDosPathNameToNtPathName_U_WithStatus (L"../data-james/M16/ttsdata/tree3/pitch/nbt.tree3",006671EC,00000000,00000000)
0024:trace:file:RtlGetFullPathName_U (L"../data-james/M16/ttsdata/tree3/pitch/nbt.tree3" 520 00666F68 00000000)
0024:trace:file:NtCreateFile handle=0x6671e8 access=80100080 name=L"\\??\\Z:\\work\\data-james\\M16\\ttsdata\\tree3\\pitch\\nbt.tree3" objattr=00000042 root=(nil) sec=(nil) io=0x6671f4 alloc_size=(nil) attr=00000080 sharing=00000003 disp=1 options=00000060 ea=(nil).0x00000000
0024:trace:file:nt_to_unix_file_name_no_root L"\\??\\Z:\\work\\data-james\\M16\\ttsdata\\tree3\\pitch\\nbt.tree3" -> "/work/stage2-copy/wineprefix/dosdevices/z:/work/data-james/M16/ttsdata/tree3/pitch/nbt.tree3"
0024:trace:file:CreateFileW returning 000000B0
0024:trace:file:NtSetInformationFile (0xb0,0x6671e0,0x6671d8,0x00000008,0x0000000e)
0024:trace:file:NtQueryInformationFile (0xb0,0x6671d8,0x6671d0,0x00000008,0x0000000e)
0024:trace:file:NtSetInformationFile (0xb0,0x6671d8,0x6671d0,0x00000008,0x0000000e)
0024:trace:file:NtQueryInformationFile (0xb0,0x6671d8,0x6671e0,0x00000018,0x00000005)
0024:trace:file:NtSetInformationFile (0xb0,0x6671d8,0x6671d0,0x00000008,0x0000000e)
0024:trace:file:NtQueryInformationFile (0xb0,0x6671c8,0x6671c0,0x00000008,0x0000000e)
0024:trace:file:NtSetInformationFile (0xb0,0x6671c8,0x6671c0,0x00000008,0x0000000e)
0024:trace:file:NtSetInformationFile (0xb0,0x6671c8,0x6671c0,0x00000008,0x0000000e)
0024:trace:file:NtQueryInformationFile (0xb0,0x6671c0,0x6671b8,0x00000008,0x0000000e)
0024:trace:file:NtSetInformationFile (0xb0,0x6671c0,0x6671b8,0x00000008,0x0000000e)
0024:trace:file:ReadFile 000000B0 014C42E8 2046 00667254 00000000
0024:trace:file:NtReadFile (0xb0,(nil),(nil),(nil),0x667210,0x14c42e8,0x000007fe,(nil),(nil))
0024:trace:file:NtReadFile = SUCCESS (2046)
0024:trace:file:CreateFileW L"../data-james/M16/ttsdata/tree3/pitch/nbf.tree3" GENERIC_READ FILE_SHARE_READ FILE_SHARE_WRITE  creation 3 attributes 0x80
0024:trace:file:RtlDosPathNameToNtPathName_U_WithStatus (L"../data-james/M16/ttsdata/tree3/pitch/nbf.tree3",006671DC,00000000,00000000)
0024:trace:file:RtlGetFullPathName_U (L"../data-james/M16/ttsdata/tree3/pitch/nbf.tree3" 520 00666F58 00000000)
0024:trace:file:NtCreateFile handle=0x6671d8 access=80100080 name=L"\\??\\Z:\\work\\data-james\\M16\\ttsdata\\tree3\\pitch\\nbf.tree3" objattr=00000042 root=(nil) sec=(nil) io=0x6671e4 alloc_size=(nil) attr=00000080 sharing=00000003 disp=1 options=00000060 ea=(nil).0x00000000
0024:trace:file:nt_to_unix_file_name_no_root L"\\??\\Z:\\work\\data-james\\M16\\ttsdata\\tree3\\pitch\\nbf.tree3" -> "/work/stage2-copy/wineprefix/dosdevices/z:/work/data-james/M16/ttsdata/tree3/pitch/nbf.tree3"
0024:trace:file:CreateFileW returning 000000B0
0024:trace:file:NtSetInformationFile (0xb0,0x6671d0,0x6671c8,0x00000008,0x0000000e)
0024:trace:file:NtQueryInformationFile (0xb0,0x6671c8,0x6671c0,0x00000008,0x0000000e)
0024:trace:file:NtSetInformationFile (0xb0,0x6671c8,0x6671c0,0x00000008,0x0000000e)
0024:trace:file:NtQueryInformationFile (0xb0,0x6671c8,0x6671d0,0x00000018,0x00000005)
0024:trace:file:NtSetInformationFile (0xb0,0x6671c8,0x6671c0,0x00000008,0x0000000e)
0024:trace:file:NtQueryInformationFile (0xb0,0x6671b8,0x6671b0,0x00000008,0x0000000e)
0024:trace:file:NtSetInformationFile (0xb0,0x6671b8,0x6671b0,0x00000008,0x0000000e)
0024:trace:file:NtSetInformationFile (0xb0,0x6671b8,0x6671b0,0x00000008,0x0000000e)
0024:trace:file:NtQueryInformationFile (0xb0,0x6671b0,0x6671a8,0x00000008,0x0000000e)
0024:trace:file:NtSetInformationFile (0xb0,0x6671b0,0x6671a8,0x00000008,0x0000000e)
0024:trace:file:ReadFile 000000B0 014C5368 7422 00667244 00000000
0024:trace:file:NtReadFile (0xb0,(nil),(nil),(nil),0x667200,0x14c5368,0x00001cfe,(nil),(nil))
0024:trace:file:NtReadFile = SUCCESS (7422)
0024:trace:file:CreateFileW L"../data-james/M16/ttsdata/tree3/pitch/bt.tree3" GENERIC_READ FILE_SHARE_READ FILE_SHARE_WRITE  creation 3 attributes 0x80
0024:trace:file:RtlDosPathNameToNtPathName_U_WithStatus (L"../data-james/M16/ttsdata/tree3/pitch/bt.tree3",006671EC,00000000,00000000)
0024:trace:file:RtlGetFullPathName_U (L"../data-james/M16/ttsdata/tree3/pitch/bt.tree3" 520 00666F68 00000000)
0024:trace:file:NtCreateFile handle=0x6671e8 access=80100080 name=L"\\??\\Z:\\work\\data-james\\M16\\ttsdata\\tree3\\pitch\\bt.tree3" objattr=00000042 root=(nil) sec=(nil) io=0x6671f4 alloc_size=(nil) attr=00000080 sharing=00000003 disp=1 options=00000060 ea=(nil).0x00000000
0024:trace:file:nt_to_unix_file_name_no_root L"\\??\\Z:\\work\\data-james\\M16\\ttsdata\\tree3\\pitch\\bt.tree3" -> "/work/stage2-copy/wineprefix/dosdevices/z:/work/data-james/M16/ttsdata/tree3/pitch/bt.tree3"
0024:trace:file:CreateFileW returning 000000B0
0024:trace:file:NtSetInformationFile (0xb0,0x6671e0,0x6671d8,0x00000008,0x0000000e)
0024:trace:file:NtQueryInformationFile (0xb0,0x6671d8,0x6671d0,0x00000008,0x0000000e)
0024:trace:file:NtSetInformationFile (0xb0,0x6671d8,0x6671d0,0x00000008,0x0000000e)
0024:trace:file:NtQueryInformationFile (0xb0,0x6671d8,0x6671e0,0x00000018,0x00000005)
0024:trace:file:NtSetInformationFile (0xb0,0x6671d8,0x6671d0,0x00000008,0x0000000e)
0024:trace:file:NtQueryInformationFile (0xb0,0x6671c8,0x6671c0,0x00000008,0x0000000e)
0024:trace:file:NtSetInformationFile (0xb0,0x6671c8,0x6671c0,0x00000008,0x0000000e)
0024:trace:file:NtSetInformationFile (0xb0,0x6671c8,0x6671c0,0x00000008,0x0000000e)
0024:trace:file:NtQueryInformationFile (0xb0,0x6671c0,0x6671b8,0x00000008,0x0000000e)
0024:trace:file:NtSetInformationFile (0xb0,0x6671c0,0x6671b8,0x00000008,0x0000000e)
0024:trace:file:ReadFile 000000B0 0155ECA8 41 00667254 00000000
0024:trace:file:NtReadFile (0xb0,(nil),(nil),(nil),0x667210,0x155eca8,0x00000029,(nil),(nil))
0024:trace:file:NtReadFile = SUCCESS (41)
0024:trace:file:CreateFileW L"../data-james/M16/ttsdata/tree3/pitch/bf.tree3" GENERIC_READ FILE_SHARE_READ FILE_SHARE_WRITE  creation 3 attributes 0x80
0024:trace:file:RtlDosPathNameToNtPathName_U_WithStatus (L"../data-james/M16/ttsdata/tree3/pitch/bf.tree3",006671DC,00000000,00000000)
0024:trace:file:RtlGetFullPathName_U (L"../data-james/M16/ttsdata/tree3/pitch/bf.tree3" 520 00666F58 00000000)
0024:trace:file:NtCreateFile handle=0x6671d8 access=80100080 name=L"\\??\\Z:\\work\\data-james\\M16\\ttsdata\\tree3\\pitch\\bf.tree3" objattr=00000042 root=(nil) sec=(nil) io=0x6671e4 alloc_size=(nil) attr=00000080 sharing=00000003 disp=1 options=00000060 ea=(nil).0x00000000
0024:trace:file:nt_to_unix_file_name_no_root L"\\??\\Z:\\work\\data-james\\M16\\ttsdata\\tree3\\pitch\\bf.tree3" -> "/work/stage2-copy/wineprefix/dosdevices/z:/work/data-james/M16/ttsdata/tree3/pitch/bf.tree3"
0024:trace:file:CreateFileW returning 000000B0
0024:trace:file:NtSetInformationFile (0xb0,0x6671d0,0x6671c8,0x00000008,0x0000000e)
0024:trace:file:NtQueryInformationFile (0xb0,0x6671c8,0x6671c0,0x00000008,0x0000000e)
0024:trace:file:NtSetInformationFile (0xb0,0x6671c8,0x6671c0,0x00000008,0x0000000e)
0024:trace:file:NtQueryInformationFile (0xb0,0x6671c8,0x6671d0,0x00000018,0x00000005)
0024:trace:file:NtSetInformationFile (0xb0,0x6671c8,0x6671c0,0x00000008,0x0000000e)
0024:trace:file:NtQueryInformationFile (0xb0,0x6671b8,0x6671b0,0x00000008,0x0000000e)
0024:trace:file:NtSetInformationFile (0xb0,0x6671b8,0x6671b0,0x00000008,0x0000000e)
0024:trace:file:NtSetInformationFile (0xb0,0x6671b8,0x6671b0,0x00000008,0x0000000e)
0024:trace:file:NtQueryInformationFile (0xb0,0x6671b0,0x6671a8,0x00000008,0x0000000e)
0024:trace:file:NtSetInformationFile (0xb0,0x6671b0,0x6671a8,0x00000008,0x0000000e)
0024:trace:file:ReadFile 000000B0 014C5368 286 00667244 00000000
0024:trace:file:NtReadFile (0xb0,(nil),(nil),(nil),0x667200,0x14c5368,0x0000011e,(nil),(nil))
0024:trace:file:NtReadFile = SUCCESS (286)
0024:trace:file:CreateFileW L"../data-james/M16/ttsdata/tree3/pitch/qbt.tree3" GENERIC_READ FILE_SHARE_READ FILE_SHARE_WRITE  creation 3 attributes 0x80
0024:trace:file:RtlDosPathNameToNtPathName_U_WithStatus (L"../data-james/M16/ttsdata/tree3/pitch/qbt.tree3",006671EC,00000000,00000000)
0024:trace:file:RtlGetFullPathName_U (L"../data-james/M16/ttsdata/tree3/pitch/qbt.tree3" 520 00666F68 00000000)
0024:trace:file:NtCreateFile handle=0x6671e8 access=80100080 name=L"\\??\\Z:\\work\\data-james\\M16\\ttsdata\\tree3\\pitch\\qbt.tree3" objattr=00000042 root=(nil) sec=(nil) io=0x6671f4 alloc_size=(nil) attr=00000080 sharing=00000003 disp=1 options=00000060 ea=(nil).0x00000000
0024:trace:file:nt_to_unix_file_name_no_root L"\\??\\Z:\\work\\data-james\\M16\\ttsdata\\tree3\\pitch\\qbt.tree3" -> "/work/stage2-copy/wineprefix/dosdevices/z:/work/data-james/M16/ttsdata/tree3/pitch/qbt.tree3"
0024:trace:file:CreateFileW returning 000000B0
0024:trace:file:NtSetInformationFile (0xb0,0x6671e0,0x6671d8,0x00000008,0x0000000e)
0024:trace:file:NtQueryInformationFile (0xb0,0x6671d8,0x6671d0,0x00000008,0x0000000e)
0024:trace:file:NtSetInformationFile (0xb0,0x6671d8,0x6671d0,0x00000008,0x0000000e)
0024:trace:file:NtQueryInformationFile (0xb0,0x6671d8,0x6671e0,0x00000018,0x00000005)
0024:trace:file:NtSetInformationFile (0xb0,0x6671d8,0x6671d0,0x00000008,0x0000000e)
0024:trace:file:NtQueryInformationFile (0xb0,0x6671c8,0x6671c0,0x00000008,0x0000000e)
0024:trace:file:NtSetInformationFile (0xb0,0x6671c8,0x6671c0,0x00000008,0x0000000e)
0024:trace:file:NtSetInformationFile (0xb0,0x6671c8,0x6671c0,0x00000008,0x0000000e)
0024:trace:file:NtQueryInformationFile (0xb0,0x6671c0,0x6671b8,0x00000008,0x0000000e)
0024:trace:file:NtSetInformationFile (0xb0,0x6671c0,0x6671b8,0x00000008,0x0000000e)
0024:trace:file:ReadFile 000000B0 00BB1AB8 32 00667254 00000000
0024:trace:file:NtReadFile (0xb0,(nil),(nil),(nil),0x667210,0xbb1ab8,0x00000020,(nil),(nil))
0024:trace:file:NtReadFile = SUCCESS (32)
0024:trace:file:CreateFileW L"../data-james/M16/ttsdata/tree3/pitch/qbf.tree3" GENERIC_READ FILE_SHARE_READ FILE_SHARE_WRITE  creation 3 attributes 0x80
0024:trace:file:RtlDosPathNameToNtPathName_U_WithStatus (L"../data-james/M16/ttsdata/tree3/pitch/qbf.tree3",006671DC,00000000,00000000)
0024:trace:file:RtlGetFullPathName_U (L"../data-james/M16/ttsdata/tree3/pitch/qbf.tree3" 520 00666F58 00000000)
0024:trace:file:NtCreateFile handle=0x6671d8 access=80100080 name=L"\\??\\Z:\\work\\data-james\\M16\\ttsdata\\tree3\\pitch\\qbf.tree3" objattr=00000042 root=(nil) sec=(nil) io=0x6671e4 alloc_size=(nil) attr=00000080 sharing=00000003 disp=1 options=00000060 ea=(nil).0x00000000
0024:trace:file:nt_to_unix_file_name_no_root L"\\??\\Z:\\work\\data-james\\M16\\ttsdata\\tree3\\pitch\\qbf.tree3" -> "/work/stage2-copy/wineprefix/dosdevices/z:/work/data-james/M16/ttsdata/tree3/pitch/qbf.tree3"
0024:trace:file:CreateFileW returning 000000B0
0024:trace:file:NtSetInformationFile (0xb0,0x6671d0,0x6671c8,0x00000008,0x0000000e)
0024:trace:file:NtQueryInformationFile (0xb0,0x6671c8,0x6671c0,0x00000008,0x0000000e)
0024:trace:file:NtSetInformationFile (0xb0,0x6671c8,0x6671c0,0x00000008,0x0000000e)
0024:trace:file:NtQueryInformationFile (0xb0,0x6671c8,0x6671d0,0x00000018,0x00000005)
0024:trace:file:NtSetInformationFile (0xb0,0x6671c8,0x6671c0,0x00000008,0x0000000e)
0024:trace:file:NtQueryInformationFile (0xb0,0x6671b8,0x6671b0,0x00000008,0x0000000e)
0024:trace:file:NtSetInformationFile (0xb0,0x6671b8,0x6671b0,0x00000008,0x0000000e)
0024:trace:file:NtSetInformationFile (0xb0,0x6671b8,0x6671b0,0x00000008,0x0000000e)
0024:trace:file:NtQueryInformationFile (0xb0,0x6671b0,0x6671a8,0x00000008,0x0000000e)
0024:trace:file:NtSetInformationFile (0xb0,0x6671b0,0x6671a8,0x00000008,0x0000000e)
0024:trace:file:ReadFile 000000B0 014C5368 103 00667244 00000000
0024:trace:file:NtReadFile (0xb0,(nil),(nil),(nil),0x667200,0x14c5368,0x00000067,(nil),(nil))
0024:trace:file:NtReadFile = SUCCESS (103)
0024:trace:file:CreateFileW L"../data-james/M16/ttsdata/tree3/pitch/sbt.tree3" GENERIC_READ FILE_SHARE_READ FILE_SHARE_WRITE  creation 3 attributes 0x80
0024:trace:file:RtlDosPathNameToNtPathName_U_WithStatus (L"../data-james/M16/ttsdata/tree3/pitch/sbt.tree3",006671EC,00000000,00000000)
0024:trace:file:RtlGetFullPathName_U (L"../data-james/M16/ttsdata/tree3/pitch/sbt.tree3" 520 00666F68 00000000)
0024:trace:file:NtCreateFile handle=0x6671e8 access=80100080 name=L"\\??\\Z:\\work\\data-james\\M16\\ttsdata\\tree3\\pitch\\sbt.tree3" objattr=00000042 root=(nil) sec=(nil) io=0x6671f4 alloc_size=(nil) attr=00000080 sharing=00000003 disp=1 options=00000060 ea=(nil).0x00000000
0024:trace:file:nt_to_unix_file_name_no_root L"\\??\\Z:\\work\\data-james\\M16\\ttsdata\\tree3\\pitch\\sbt.tree3" -> "/work/stage2-copy/wineprefix/dosdevices/z:/work/data-james/M16/ttsdata/tree3/pitch/sbt.tree3"
0024:trace:file:CreateFileW returning 000000B0
0024:trace:file:NtSetInformationFile (0xb0,0x6671e0,0x6671d8,0x00000008,0x0000000e)
0024:trace:file:NtQueryInformationFile (0xb0,0x6671d8,0x6671d0,0x00000008,0x0000000e)
0024:trace:file:NtSetInformationFile (0xb0,0x6671d8,0x6671d0,0x00000008,0x0000000e)
0024:trace:file:NtQueryInformationFile (0xb0,0x6671d8,0x6671e0,0x00000018,0x00000005)
0024:trace:file:NtSetInformationFile (0xb0,0x6671d8,0x6671d0,0x00000008,0x0000000e)
0024:trace:file:NtQueryInformationFile (0xb0,0x6671c8,0x6671c0,0x00000008,0x0000000e)
0024:trace:file:NtSetInformationFile (0xb0,0x6671c8,0x6671c0,0x00000008,0x0000000e)
0024:trace:file:NtSetInformationFile (0xb0,0x6671c8,0x6671c0,0x00000008,0x0000000e)
0024:trace:file:NtQueryInformationFile (0xb0,0x6671c0,0x6671b8,0x00000008,0x0000000e)
0024:trace:file:NtSetInformationFile (0xb0,0x6671c0,0x6671b8,0x00000008,0x0000000e)
0024:trace:file:ReadFile 000000B0 014C5368 232 00667254 00000000
0024:trace:file:NtReadFile (0xb0,(nil),(nil),(nil),0x667210,0x14c5368,0x000000e8,(nil),(nil))
0024:trace:file:NtReadFile = SUCCESS (232)
0024:trace:file:CreateFileW L"../data-james/M16/ttsdata/tree3/pitch/sbf.tree3" GENERIC_READ FILE_SHARE_READ FILE_SHARE_WRITE  creation 3 attributes 0x80
0024:trace:file:RtlDosPathNameToNtPathName_U_WithStatus (L"../data-james/M16/ttsdata/tree3/pitch/sbf.tree3",006671DC,00000000,00000000)
0024:trace:file:RtlGetFullPathName_U (L"../data-james/M16/ttsdata/tree3/pitch/sbf.tree3" 520 00666F58 00000000)
0024:trace:file:NtCreateFile handle=0x6671d8 access=80100080 name=L"\\??\\Z:\\work\\data-james\\M16\\ttsdata\\tree3\\pitch\\sbf.tree3" objattr=00000042 root=(nil) sec=(nil) io=0x6671e4 alloc_size=(nil) attr=00000080 sharing=00000003 disp=1 options=00000060 ea=(nil).0x00000000
0024:trace:file:nt_to_unix_file_name_no_root L"\\??\\Z:\\work\\data-james\\M16\\ttsdata\\tree3\\pitch\\sbf.tree3" -> "/work/stage2-copy/wineprefix/dosdevices/z:/work/data-james/M16/ttsdata/tree3/pitch/sbf.tree3"
0024:trace:file:CreateFileW returning 000000B0
0024:trace:file:NtSetInformationFile (0xb0,0x6671d0,0x6671c8,0x00000008,0x0000000e)
0024:trace:file:NtQueryInformationFile (0xb0,0x6671c8,0x6671c0,0x00000008,0x0000000e)
0024:trace:file:NtSetInformationFile (0xb0,0x6671c8,0x6671c0,0x00000008,0x0000000e)
0024:trace:file:NtQueryInformationFile (0xb0,0x6671c8,0x6671d0,0x00000018,0x00000005)
0024:trace:file:NtSetInformationFile (0xb0,0x6671c8,0x6671c0,0x00000008,0x0000000e)
0024:trace:file:NtQueryInformationFile (0xb0,0x6671b8,0x6671b0,0x00000008,0x0000000e)
0024:trace:file:NtSetInformationFile (0xb0,0x6671b8,0x6671b0,0x00000008,0x0000000e)
0024:trace:file:NtSetInformationFile (0xb0,0x6671b8,0x6671b0,0x00000008,0x0000000e)
0024:trace:file:NtQueryInformationFile (0xb0,0x6671b0,0x6671a8,0x00000008,0x0000000e)
0024:trace:file:NtSetInformationFile (0xb0,0x6671b0,0x6671a8,0x00000008,0x0000000e)
0024:trace:file:ReadFile 000000B0 014C5790 1033 00667244 00000000
0024:trace:file:NtReadFile (0xb0,(nil),(nil),(nil),0x667200,0x14c5790,0x00000409,(nil),(nil))
0024:trace:file:NtReadFile = SUCCESS (1033)
0024:trace:file:CreateFileW L"../data-james/M16/ttsdata/tree3/duration/vshort.tree3" GENERIC_READ FILE_SHARE_READ FILE_SHARE_WRITE  creation 3 attributes 0x80
0024:trace:file:RtlDosPathNameToNtPathName_U_WithStatus (L"../data-james/M16/ttsdata/tree3/duration/vshort.tree3",006671EC,00000000,00000000)
0024:trace:file:RtlGetFullPathName_U (L"../data-james/M16/ttsdata/tree3/duration/vshort.tree3" 520 00666F68 00000000)
0024:trace:file:NtCreateFile handle=0x6671e8 access=80100080 name=L"\\??\\Z:\\work\\data-james\\M16\\ttsdata\\tree3\\duration\\vshort.tree3" objattr=00000042 root=(nil) sec=(nil) io=0x6671f4 alloc_size=(nil) attr=00000080 sharing=00000003 disp=1 options=00000060 ea=(nil).0x00000000
0024:trace:file:nt_to_unix_file_name_no_root L"\\??\\Z:\\work\\data-james\\M16\\ttsdata\\tree3\\duration\\vshort.tree3" -> "/work/stage2-copy/wineprefix/dosdevices/z:/work/data-james/M16/ttsdata/tree3/duration/vshort.tree3"
0024:trace:file:CreateFileW returning 000000B0
0024:trace:file:NtSetInformationFile (0xb0,0x6671e0,0x6671d8,0x00000008,0x0000000e)
0024:trace:file:NtQueryInformationFile (0xb0,0x6671d8,0x6671d0,0x00000008,0x0000000e)
0024:trace:file:NtSetInformationFile (0xb0,0x6671d8,0x6671d0,0x00000008,0x0000000e)
0024:trace:file:NtQueryInformationFile (0xb0,0x6671d8,0x6671e0,0x00000018,0x00000005)
0024:trace:file:NtSetInformationFile (0xb0,0x6671d8,0x6671d0,0x00000008,0x0000000e)
0024:trace:file:NtQueryInformationFile (0xb0,0x6671c8,0x6671c0,0x00000008,0x0000000e)
0024:trace:file:NtSetInformationFile (0xb0,0x6671c8,0x6671c0,0x00000008,0x0000000e)
0024:trace:file:NtSetInformationFile (0xb0,0x6671c8,0x6671c0,0x00000008,0x0000000e)
0024:trace:file:NtQueryInformationFile (0xb0,0x6671c0,0x6671b8,0x00000008,0x0000000e)
0024:trace:file:NtSetInformationFile (0xb0,0x6671c0,0x6671b8,0x00000008,0x0000000e)
0024:trace:file:ReadFile 000000B0 014C8E70 12520 00667254 00000000
0024:trace:file:NtReadFile (0xb0,(nil),(nil),(nil),0x667210,0x14c8e70,0x000030e8,(nil),(nil))
0024:trace:file:NtReadFile = SUCCESS (12520)
0024:trace:file:CreateFileW L"../data-james/M16/ttsdata/tree3/duration/vlong.tree3" GENERIC_READ FILE_SHARE_READ FILE_SHARE_WRITE  creation 3 attributes 0x80
0024:trace:file:RtlDosPathNameToNtPathName_U_WithStatus (L"../data-james/M16/ttsdata/tree3/duration/vlong.tree3",006671EC,00000000,00000000)
0024:trace:file:RtlGetFullPathName_U (L"../data-james/M16/ttsdata/tree3/duration/vlong.tree3" 520 00666F68 00000000)
0024:trace:file:NtCreateFile handle=0x6671e8 access=80100080 name=L"\\??\\Z:\\work\\data-james\\M16\\ttsdata\\tree3\\duration\\vlong.tree3" objattr=00000042 root=(nil) sec=(nil) io=0x6671f4 alloc_size=(nil) attr=00000080 sharing=00000003 disp=1 options=00000060 ea=(nil).0x00000000
0024:trace:file:nt_to_unix_file_name_no_root L"\\??\\Z:\\work\\data-james\\M16\\ttsdata\\tree3\\duration\\vlong.tree3" -> "/work/stage2-copy/wineprefix/dosdevices/z:/work/data-james/M16/ttsdata/tree3/duration/vlong.tree3"
0024:trace:file:CreateFileW returning 000000B0
0024:trace:file:NtSetInformationFile (0xb0,0x6671e0,0x6671d8,0x00000008,0x0000000e)
0024:trace:file:NtQueryInformationFile (0xb0,0x6671d8,0x6671d0,0x00000008,0x0000000e)
0024:trace:file:NtSetInformationFile (0xb0,0x6671d8,0x6671d0,0x00000008,0x0000000e)
0024:trace:file:NtQueryInformationFile (0xb0,0x6671d8,0x6671e0,0x00000018,0x00000005)
0024:trace:file:NtSetInformationFile (0xb0,0x6671d8,0x6671d0,0x00000008,0x0000000e)
0024:trace:file:NtQueryInformationFile (0xb0,0x6671c8,0x6671c0,0x00000008,0x0000000e)
0024:trace:file:NtSetInformationFile (0xb0,0x6671c8,0x6671c0,0x00000008,0x0000000e)
0024:trace:file:NtSetInformationFile (0xb0,0x6671c8,0x6671c0,0x00000008,0x0000000e)
0024:trace:file:NtQueryInformationFile (0xb0,0x6671c0,0x6671b8,0x00000008,0x0000000e)
0024:trace:file:NtSetInformationFile (0xb0,0x6671c0,0x6671b8,0x00000008,0x0000000e)
0024:trace:file:ReadFile 000000B0 014C8E70 7517 00667254 00000000
0024:trace:file:NtReadFile (0xb0,(nil),(nil),(nil),0x667210,0x14c8e70,0x00001d5d,(nil),(nil))
0024:trace:file:NtReadFile = SUCCESS (7517)
0024:trace:file:CreateFileW L"../data-james/M16/ttsdata/tree3/duration/vdi.tree3" GENERIC_READ FILE_SHARE_READ FILE_SHARE_WRITE  creation 3 attributes 0x80
0024:trace:file:RtlDosPathNameToNtPathName_U_WithStatus (L"../data-james/M16/ttsdata/tree3/duration/vdi.tree3",006671EC,00000000,00000000)
0024:trace:file:RtlGetFullPathName_U (L"../data-james/M16/ttsdata/tree3/duration/vdi.tree3" 520 00666F68 00000000)
0024:trace:file:NtCreateFile handle=0x6671e8 access=80100080 name=L"\\??\\Z:\\work\\data-james\\M16\\ttsdata\\tree3\\duration\\vdi.tree3" objattr=00000042 root=(nil) sec=(nil) io=0x6671f4 alloc_size=(nil) attr=00000080 sharing=00000003 disp=1 options=00000060 ea=(nil).0x00000000
0024:trace:file:nt_to_unix_file_name_no_root L"\\??\\Z:\\work\\data-james\\M16\\ttsdata\\tree3\\duration\\vdi.tree3" -> "/work/stage2-copy/wineprefix/dosdevices/z:/work/data-james/M16/ttsdata/tree3/duration/vdi.tree3"
0024:trace:file:CreateFileW returning 000000B0
0024:trace:file:NtSetInformationFile (0xb0,0x6671e0,0x6671d8,0x00000008,0x0000000e)
0024:trace:file:NtQueryInformationFile (0xb0,0x6671d8,0x6671d0,0x00000008,0x0000000e)
0024:trace:file:NtSetInformationFile (0xb0,0x6671d8,0x6671d0,0x00000008,0x0000000e)
0024:trace:file:NtQueryInformationFile (0xb0,0x6671d8,0x6671e0,0x00000018,0x00000005)
0024:trace:file:NtSetInformationFile (0xb0,0x6671d8,0x6671d0,0x00000008,0x0000000e)
0024:trace:file:NtQueryInformationFile (0xb0,0x6671c8,0x6671c0,0x00000008,0x0000000e)
0024:trace:file:NtSetInformationFile (0xb0,0x6671c8,0x6671c0,0x00000008,0x0000000e)
0024:trace:file:NtSetInformationFile (0xb0,0x6671c8,0x6671c0,0x00000008,0x0000000e)
0024:trace:file:NtQueryInformationFile (0xb0,0x6671c0,0x6671b8,0x00000008,0x0000000e)
0024:trace:file:NtSetInformationFile (0xb0,0x6671c0,0x6671b8,0x00000008,0x0000000e)
0024:trace:file:ReadFile 000000B0 014C8E70 7366 00667254 00000000
0024:trace:file:NtReadFile (0xb0,(nil),(nil),(nil),0x667210,0x14c8e70,0x00001cc6,(nil),(nil))
0024:trace:file:NtReadFile = SUCCESS (7366)
0024:trace:file:CreateFileW L"../data-james/M16/ttsdata/tree3/duration/vsch.tree3" GENERIC_READ FILE_SHARE_READ FILE_SHARE_WRITE  creation 3 attributes 0x80
0024:trace:file:RtlDosPathNameToNtPathName_U_WithStatus (L"../data-james/M16/ttsdata/tree3/duration/vsch.tree3",006671EC,00000000,00000000)
0024:trace:file:RtlGetFullPathName_U (L"../data-james/M16/ttsdata/tree3/duration/vsch.tree3" 520 00666F68 00000000)
0024:trace:file:NtCreateFile handle=0x6671e8 access=80100080 name=L"\\??\\Z:\\work\\data-james\\M16\\ttsdata\\tree3\\duration\\vsch.tree3" objattr=00000042 root=(nil) sec=(nil) io=0x6671f4 alloc_size=(nil) attr=00000080 sharing=00000003 disp=1 options=00000060 ea=(nil).0x00000000
0024:trace:file:nt_to_unix_file_name_no_root L"\\??\\Z:\\work\\data-james\\M16\\ttsdata\\tree3\\duration\\vsch.tree3" -> "/work/stage2-copy/wineprefix/dosdevices/z:/work/data-james/M16/ttsdata/tree3/duration/vsch.tree3"
0024:trace:file:CreateFileW returning 000000B0
0024:trace:file:NtSetInformationFile (0xb0,0x6671e0,0x6671d8,0x00000008,0x0000000e)
0024:trace:file:NtQueryInformationFile (0xb0,0x6671d8,0x6671d0,0x00000008,0x0000000e)
0024:trace:file:NtSetInformationFile (0xb0,0x6671d8,0x6671d0,0x00000008,0x0000000e)
0024:trace:file:NtQueryInformationFile (0xb0,0x6671d8,0x6671e0,0x00000018,0x00000005)
0024:trace:file:NtSetInformationFile (0xb0,0x6671d8,0x6671d0,0x00000008,0x0000000e)
0024:trace:file:NtQueryInformationFile (0xb0,0x6671c8,0x6671c0,0x00000008,0x0000000e)
0024:trace:file:NtSetInformationFile (0xb0,0x6671c8,0x6671c0,0x00000008,0x0000000e)
0024:trace:file:NtSetInformationFile (0xb0,0x6671c8,0x6671c0,0x00000008,0x0000000e)
0024:trace:file:NtQueryInformationFile (0xb0,0x6671c0,0x6671b8,0x00000008,0x0000000e)
0024:trace:file:NtSetInformationFile (0xb0,0x6671c0,0x6671b8,0x00000008,0x0000000e)
0024:trace:file:ReadFile 000000B0 014C9298 1555 00667254 00000000
0024:trace:file:NtReadFile (0xb0,(nil),(nil),(nil),0x667210,0x14c9298,0x00000613,(nil),(nil))
0024:trace:file:NtReadFile = SUCCESS (1555)
0024:trace:file:CreateFileW L"../data-james/M16/ttsdata/tree3/duration/cstop.tree3" GENERIC_READ FILE_SHARE_READ FILE_SHARE_WRITE  creation 3 attributes 0x80
0024:trace:file:RtlDosPathNameToNtPathName_U_WithStatus (L"../data-james/M16/ttsdata/tree3/duration/cstop.tree3",006671EC,00000000,00000000)
0024:trace:file:RtlGetFullPathName_U (L"../data-james/M16/ttsdata/tree3/duration/cstop.tree3" 520 00666F68 00000000)
0024:trace:file:NtCreateFile handle=0x6671e8 access=80100080 name=L"\\??\\Z:\\work\\data-james\\M16\\ttsdata\\tree3\\duration\\cstop.tree3" objattr=00000042 root=(nil) sec=(nil) io=0x6671f4 alloc_size=(nil) attr=00000080 sharing=00000003 disp=1 options=00000060 ea=(nil).0x00000000
0024:trace:file:nt_to_unix_file_name_no_root L"\\??\\Z:\\work\\data-james\\M16\\ttsdata\\tree3\\duration\\cstop.tree3" -> "/work/stage2-copy/wineprefix/dosdevices/z:/work/data-james/M16/ttsdata/tree3/duration/cstop.tree3"
0024:trace:file:CreateFileW returning 000000B0
0024:trace:file:NtSetInformationFile (0xb0,0x6671e0,0x6671d8,0x00000008,0x0000000e)
0024:trace:file:NtQueryInformationFile (0xb0,0x6671d8,0x6671d0,0x00000008,0x0000000e)
0024:trace:file:NtSetInformationFile (0xb0,0x6671d8,0x6671d0,0x00000008,0x0000000e)
0024:trace:file:NtQueryInformationFile (0xb0,0x6671d8,0x6671e0,0x00000018,0x00000005)
0024:trace:file:NtSetInformationFile (0xb0,0x6671d8,0x6671d0,0x00000008,0x0000000e)
0024:trace:file:NtQueryInformationFile (0xb0,0x6671c8,0x6671c0,0x00000008,0x0000000e)
0024:trace:file:NtSetInformationFile (0xb0,0x6671c8,0x6671c0,0x00000008,0x0000000e)
0024:trace:file:NtSetInformationFile (0xb0,0x6671c8,0x6671c0,0x00000008,0x0000000e)
0024:trace:file:NtQueryInformationFile (0xb0,0x6671c0,0x6671b8,0x00000008,0x0000000e)
0024:trace:file:NtSetInformationFile (0xb0,0x6671c0,0x6671b8,0x00000008,0x0000000e)
0024:trace:file:ReadFile 000000B0 014D3128 5576 00667254 00000000
0024:trace:file:NtReadFile (0xb0,(nil),(nil),(nil),0x667210,0x14d3128,0x000015c8,(nil),(nil))
0024:trace:file:NtReadFile = SUCCESS (5576)
0024:trace:file:CreateFileW L"../data-james/M16/ttsdata/tree3/duration/cfri.tree3" GENERIC_READ FILE_SHARE_READ FILE_SHARE_WRITE  creation 3 attributes 0x80
0024:trace:file:RtlDosPathNameToNtPathName_U_WithStatus (L"../data-james/M16/ttsdata/tree3/duration/cfri.tree3",006671EC,00000000,00000000)
0024:trace:file:RtlGetFullPathName_U (L"../data-james/M16/ttsdata/tree3/duration/cfri.tree3" 520 00666F68 00000000)
0024:trace:file:NtCreateFile handle=0x6671e8 access=80100080 name=L"\\??\\Z:\\work\\data-james\\M16\\ttsdata\\tree3\\duration\\cfri.tree3" objattr=00000042 root=(nil) sec=(nil) io=0x6671f4 alloc_size=(nil) attr=00000080 sharing=00000003 disp=1 options=00000060 ea=(nil).0x00000000
0024:trace:file:nt_to_unix_file_name_no_root L"\\??\\Z:\\work\\data-james\\M16\\ttsdata\\tree3\\duration\\cfri.tree3" -> "/work/stage2-copy/wineprefix/dosdevices/z:/work/data-james/M16/ttsdata/tree3/duration/cfri.tree3"
0024:trace:file:CreateFileW returning 000000B0
0024:trace:file:NtSetInformationFile (0xb0,0x6671e0,0x6671d8,0x00000008,0x0000000e)
0024:trace:file:NtQueryInformationFile (0xb0,0x6671d8,0x6671d0,0x00000008,0x0000000e)
0024:trace:file:NtSetInformationFile (0xb0,0x6671d8,0x6671d0,0x00000008,0x0000000e)
0024:trace:file:NtQueryInformationFile (0xb0,0x6671d8,0x6671e0,0x00000018,0x00000005)
0024:trace:file:NtSetInformationFile (0xb0,0x6671d8,0x6671d0,0x00000008,0x0000000e)
0024:trace:file:NtQueryInformationFile (0xb0,0x6671c8,0x6671c0,0x00000008,0x0000000e)
0024:trace:file:NtSetInformationFile (0xb0,0x6671c8,0x6671c0,0x00000008,0x0000000e)
0024:trace:file:NtSetInformationFile (0xb0,0x6671c8,0x6671c0,0x00000008,0x0000000e)
0024:trace:file:NtQueryInformationFile (0xb0,0x6671c0,0x6671b8,0x00000008,0x0000000e)
0024:trace:file:NtSetInformationFile (0xb0,0x6671c0,0x6671b8,0x00000008,0x0000000e)
0024:trace:file:ReadFile 000000B0 014D3128 5071 00667254 00000000
0024:trace:file:NtReadFile (0xb0,(nil),(nil),(nil),0x667210,0x14d3128,0x000013cf,(nil),(nil))
0024:trace:file:NtReadFile = SUCCESS (5071)
0024:trace:file:CreateFileW L"../data-james/M16/ttsdata/tree3/duration/caff.tree3" GENERIC_READ FILE_SHARE_READ FILE_SHARE_WRITE  creation 3 attributes 0x80
0024:trace:file:RtlDosPathNameToNtPathName_U_WithStatus (L"../data-james/M16/ttsdata/tree3/duration/caff.tree3",006671EC,00000000,00000000)
0024:trace:file:RtlGetFullPathName_U (L"../data-james/M16/ttsdata/tree3/duration/caff.tree3" 520 00666F68 00000000)
0024:trace:file:NtCreateFile handle=0x6671e8 access=80100080 name=L"\\??\\Z:\\work\\data-james\\M16\\ttsdata\\tree3\\duration\\caff.tree3" objattr=00000042 root=(nil) sec=(nil) io=0x6671f4 alloc_size=(nil) attr=00000080 sharing=00000003 disp=1 options=00000060 ea=(nil).0x00000000
0024:trace:file:nt_to_unix_file_name_no_root L"\\??\\Z:\\work\\data-james\\M16\\ttsdata\\tree3\\duration\\caff.tree3" -> "/work/stage2-copy/wineprefix/dosdevices/z:/work/data-james/M16/ttsdata/tree3/duration/caff.tree3"
0024:trace:file:CreateFileW returning 000000B0
0024:trace:file:NtSetInformationFile (0xb0,0x6671e0,0x6671d8,0x00000008,0x0000000e)
0024:trace:file:NtQueryInformationFile (0xb0,0x6671d8,0x6671d0,0x00000008,0x0000000e)
0024:trace:file:NtSetInformationFile (0xb0,0x6671d8,0x6671d0,0x00000008,0x0000000e)
0024:trace:file:NtQueryInformationFile (0xb0,0x6671d8,0x6671e0,0x00000018,0x00000005)
0024:trace:file:NtSetInformationFile (0xb0,0x6671d8,0x6671d0,0x00000008,0x0000000e)
0024:trace:file:NtQueryInformationFile (0xb0,0x6671c8,0x6671c0,0x00000008,0x0000000e)
0024:trace:file:NtSetInformationFile (0xb0,0x6671c8,0x6671c0,0x00000008,0x0000000e)
0024:trace:file:NtSetInformationFile (0xb0,0x6671c8,0x6671c0,0x00000008,0x0000000e)
0024:trace:file:NtQueryInformationFile (0xb0,0x6671c0,0x6671b8,0x00000008,0x0000000e)
0024:trace:file:NtSetInformationFile (0xb0,0x6671c0,0x6671b8,0x00000008,0x0000000e)
0024:trace:file:ReadFile 000000B0 014D3128 830 00667254 00000000
0024:trace:file:NtReadFile (0xb0,(nil),(nil),(nil),0x667210,0x14d3128,0x0000033e,(nil),(nil))
0024:trace:file:NtReadFile = SUCCESS (830)
0024:trace:file:CreateFileW L"../data-james/M16/ttsdata/tree3/duration/cnas.tree3" GENERIC_READ FILE_SHARE_READ FILE_SHARE_WRITE  creation 3 attributes 0x80
0024:trace:file:RtlDosPathNameToNtPathName_U_WithStatus (L"../data-james/M16/ttsdata/tree3/duration/cnas.tree3",006671EC,00000000,00000000)
0024:trace:file:RtlGetFullPathName_U (L"../data-james/M16/ttsdata/tree3/duration/cnas.tree3" 520 00666F68 00000000)
0024:trace:file:NtCreateFile handle=0x6671e8 access=80100080 name=L"\\??\\Z:\\work\\data-james\\M16\\ttsdata\\tree3\\duration\\cnas.tree3" objattr=00000042 root=(nil) sec=(nil) io=0x6671f4 alloc_size=(nil) attr=00000080 sharing=00000003 disp=1 options=00000060 ea=(nil).0x00000000
0024:trace:file:nt_to_unix_file_name_no_root L"\\??\\Z:\\work\\data-james\\M16\\ttsdata\\tree3\\duration\\cnas.tree3" -> "/work/stage2-copy/wineprefix/dosdevices/z:/work/data-james/M16/ttsdata/tree3/duration/cnas.tree3"
0024:trace:file:CreateFileW returning 000000B0
0024:trace:file:NtSetInformationFile (0xb0,0x6671e0,0x6671d8,0x00000008,0x0000000e)
0024:trace:file:NtQueryInformationFile (0xb0,0x6671d8,0x6671d0,0x00000008,0x0000000e)
0024:trace:file:NtSetInformationFile (0xb0,0x6671d8,0x6671d0,0x00000008,0x0000000e)
0024:trace:file:NtQueryInformationFile (0xb0,0x6671d8,0x6671e0,0x00000018,0x00000005)
0024:trace:file:NtSetInformationFile (0xb0,0x6671d8,0x6671d0,0x00000008,0x0000000e)
0024:trace:file:NtQueryInformationFile (0xb0,0x6671c8,0x6671c0,0x00000008,0x0000000e)
0024:trace:file:NtSetInformationFile (0xb0,0x6671c8,0x6671c0,0x00000008,0x0000000e)
0024:trace:file:NtSetInformationFile (0xb0,0x6671c8,0x6671c0,0x00000008,0x0000000e)
0024:trace:file:NtQueryInformationFile (0xb0,0x6671c0,0x6671b8,0x00000008,0x0000000e)
0024:trace:file:NtSetInformationFile (0xb0,0x6671c0,0x6671b8,0x00000008,0x0000000e)
0024:trace:file:ReadFile 000000B0 014D6FE0 6471 00667254 00000000
0024:trace:file:NtReadFile (0xb0,(nil),(nil),(nil),0x667210,0x14d6fe0,0x00001947,(nil),(nil))
0024:trace:file:NtReadFile = SUCCESS (6471)
0024:trace:file:CreateFileW L"../data-james/M16/ttsdata/tree3/duration/capp.tree3" GENERIC_READ FILE_SHARE_READ FILE_SHARE_WRITE  creation 3 attributes 0x80
0024:trace:file:RtlDosPathNameToNtPathName_U_WithStatus (L"../data-james/M16/ttsdata/tree3/duration/capp.tree3",006671EC,00000000,00000000)
0024:trace:file:RtlGetFullPathName_U (L"../data-james/M16/ttsdata/tree3/duration/capp.tree3" 520 00666F68 00000000)
0024:trace:file:NtCreateFile handle=0x6671e8 access=80100080 name=L"\\??\\Z:\\work\\data-james\\M16\\ttsdata\\tree3\\duration\\capp.tree3" objattr=00000042 root=(nil) sec=(nil) io=0x6671f4 alloc_size=(nil) attr=00000080 sharing=00000003 disp=1 options=00000060 ea=(nil).0x00000000
0024:trace:file:nt_to_unix_file_name_no_root L"\\??\\Z:\\work\\data-james\\M16\\ttsdata\\tree3\\duration\\capp.tree3" -> "/work/stage2-copy/wineprefix/dosdevices/z:/work/data-james/M16/ttsdata/tree3/duration/capp.tree3"
0024:trace:file:CreateFileW returning 000000B0
0024:trace:file:NtSetInformationFile (0xb0,0x6671e0,0x6671d8,0x00000008,0x0000000e)
0024:trace:file:NtQueryInformationFile (0xb0,0x6671d8,0x6671d0,0x00000008,0x0000000e)
0024:trace:file:NtSetInformationFile (0xb0,0x6671d8,0x6671d0,0x00000008,0x0000000e)
0024:trace:file:NtQueryInformationFile (0xb0,0x6671d8,0x6671e0,0x00000018,0x00000005)
0024:trace:file:NtSetInformationFile (0xb0,0x6671d8,0x6671d0,0x00000008,0x0000000e)
0024:trace:file:NtQueryInformationFile (0xb0,0x6671c8,0x6671c0,0x00000008,0x0000000e)
0024:trace:file:NtSetInformationFile (0xb0,0x6671c8,0x6671c0,0x00000008,0x0000000e)
0024:trace:file:NtSetInformationFile (0xb0,0x6671c8,0x6671c0,0x00000008,0x0000000e)
0024:trace:file:NtQueryInformationFile (0xb0,0x6671c0,0x6671b8,0x00000008,0x0000000e)
0024:trace:file:NtSetInformationFile (0xb0,0x6671c0,0x6671b8,0x00000008,0x0000000e)
0024:trace:file:ReadFile 000000B0 014D6FE0 6120 00667254 00000000
0024:trace:file:NtReadFile (0xb0,(nil),(nil),(nil),0x667210,0x14d6fe0,0x000017e8,(nil),(nil))
0024:trace:file:NtReadFile = SUCCESS (6120)
0024:trace:file:CreateFileW L"../data-james/M16/ttsdata/dist_tbl/cepdist.tbl" GENERIC_READ FILE_SHARE_READ FILE_SHARE_WRITE  creation 3 attributes 0x80
0024:trace:file:RtlDosPathNameToNtPathName_U_WithStatus (L"../data-james/M16/ttsdata/dist_tbl/cepdist.tbl",00667200,00000000,00000000)
0024:trace:file:RtlGetFullPathName_U (L"../data-james/M16/ttsdata/dist_tbl/cepdist.tbl" 520 00666F7C 00000000)
0024:trace:file:NtCreateFile handle=0x6671fc access=80100080 name=L"\\??\\Z:\\work\\data-james\\M16\\ttsdata\\dist_tbl\\cepdist.tbl" objattr=00000042 root=(nil) sec=(nil) io=0x667208 alloc_size=(nil) attr=00000080 sharing=00000003 disp=1 options=00000060 ea=(nil).0x00000000
0024:trace:file:nt_to_unix_file_name_no_root L"\\??\\Z:\\work\\data-james\\M16\\ttsdata\\dist_tbl\\cepdist.tbl" -> "/work/stage2-copy/wineprefix/dosdevices/z:/work/data-james/M16/ttsdata/dist_tbl/cepdist.tbl"
0024:trace:file:CreateFileW returning 000000B0
0024:trace:file:NtSetInformationFile (0xb0,0x6671f8,0x6671f0,0x00000008,0x0000000e)
0024:trace:file:NtQueryInformationFile (0xb0,0x6671e8,0x6671e0,0x00000008,0x0000000e)
0024:trace:file:NtSetInformationFile (0xb0,0x6671e8,0x6671e0,0x00000008,0x0000000e)
0024:trace:file:NtQueryInformationFile (0xb0,0x6671e8,0x6671f0,0x00000018,0x00000005)
0024:trace:file:NtSetInformationFile (0xb0,0x6671e8,0x6671e0,0x00000008,0x0000000e)
0024:trace:file:NtQueryInformationFile (0xb0,0x6671e0,0x6671d8,0x00000008,0x0000000e)
0024:trace:file:NtSetInformationFile (0xb0,0x6671e0,0x6671d8,0x00000008,0x0000000e)
0024:trace:file:NtSetInformationFile (0xb0,0x6671e0,0x6671d8,0x00000008,0x0000000e)
0024:trace:file:NtQueryInformationFile (0xb0,0x6671d0,0x6671c8,0x00000008,0x0000000e)
0024:trace:file:NtSetInformationFile (0xb0,0x6671d0,0x6671c8,0x00000008,0x0000000e)
0024:trace:file:ReadFile 000000B0 01570020 2099202 00667268 00000000
0024:trace:file:NtReadFile (0xb0,(nil),(nil),(nil),0x667220,0x1570020,0x00200802,(nil),(nil))
0024:trace:file:NtReadFile = SUCCESS (2099202)
0024:trace:file:CreateFileW L"../data-james/M16/dblist.idx" GENERIC_READ FILE_SHARE_READ FILE_SHARE_WRITE  creation 3 attributes 0x80
0024:trace:file:RtlDosPathNameToNtPathName_U_WithStatus (L"../data-james/M16/dblist.idx",00666FC0,00000000,00000000)
0024:trace:file:RtlGetFullPathName_U (L"../data-james/M16/dblist.idx" 520 00666D3C 00000000)
0024:trace:file:NtCreateFile handle=0x666fbc access=80100080 name=L"\\??\\Z:\\work\\data-james\\M16\\dblist.idx" objattr=00000042 root=(nil) sec=(nil) io=0x666fc8 alloc_size=(nil) attr=00000080 sharing=00000003 disp=1 options=00000060 ea=(nil).0x00000000
0024:trace:file:nt_to_unix_file_name_no_root L"\\??\\Z:\\work\\data-james\\M16\\dblist.idx" -> "/work/stage2-copy/wineprefix/dosdevices/z:/work/data-james/M16/dblist.idx"
0024:trace:file:CreateFileW returning 000000B0
0024:trace:file:NtSetInformationFile (0xb0,0x666fb8,0x666fb0,0x00000008,0x0000000e)
0024:trace:file:NtQueryInformationFile (0xb0,0x666fa8,0x666fa0,0x00000008,0x0000000e)
0024:trace:file:NtSetInformationFile (0xb0,0x666fa8,0x666fa0,0x00000008,0x0000000e)
0024:trace:file:NtQueryInformationFile (0xb0,0x666fa8,0x666fb0,0x00000018,0x00000005)
0024:trace:file:NtSetInformationFile (0xb0,0x666fa8,0x666fa0,0x00000008,0x0000000e)
0024:trace:file:NtQueryInformationFile (0xb0,0x666fa0,0x666f98,0x00000008,0x0000000e)
0024:trace:file:NtSetInformationFile (0xb0,0x666fa0,0x666f98,0x00000008,0x0000000e)
0024:trace:file:NtSetInformationFile (0xb0,0x666fa0,0x666f98,0x00000008,0x0000000e)
0024:trace:file:NtQueryInformationFile (0xb0,0x666f90,0x666f88,0x00000008,0x0000000e)
0024:trace:file:NtSetInformationFile (0xb0,0x666f90,0x666f88,0x00000008,0x0000000e)
0024:trace:file:ReadFile 000000B0 014C9858 87 00667024 00000000
0024:trace:file:NtReadFile (0xb0,(nil),(nil),(nil),0x666fe0,0x14c9858,0x00000057,(nil),(nil))
0024:trace:file:NtReadFile = SUCCESS (87)
0024:trace:file:CreateFileW L"../data-james/M16/mc_idx_tbl/unit-gen.idx" GENERIC_READ FILE_SHARE_READ FILE_SHARE_WRITE  creation 3 attributes 0x80
0024:trace:file:RtlDosPathNameToNtPathName_U_WithStatus (L"../data-james/M16/mc_idx_tbl/unit-gen.idx",00666FB0,00000000,00000000)
0024:trace:file:RtlGetFullPathName_U (L"../data-james/M16/mc_idx_tbl/unit-gen.idx" 520 00666D2C 00000000)
0024:trace:file:NtCreateFile handle=0x666fac access=80100080 name=L"\\??\\Z:\\work\\data-james\\M16\\mc_idx_tbl\\unit-gen.idx" objattr=00000042 root=(nil) sec=(nil) io=0x666fb8 alloc_size=(nil) attr=00000080 sharing=00000003 disp=1 options=00000060 ea=(nil).0x00000000
0024:trace:file:nt_to_unix_file_name_no_root L"\\??\\Z:\\work\\data-james\\M16\\mc_idx_tbl\\unit-gen.idx" -> "/work/stage2-copy/wineprefix/dosdevices/z:/work/data-james/M16/mc_idx_tbl/unit-gen.idx"
0024:trace:file:CreateFileW returning 000000B0
0024:trace:file:NtSetInformationFile (0xb0,0x666fa8,0x666fa0,0x00000008,0x0000000e)
0024:trace:file:NtQueryInformationFile (0xb0,0x666f98,0x666f90,0x00000008,0x0000000e)
0024:trace:file:NtSetInformationFile (0xb0,0x666f98,0x666f90,0x00000008,0x0000000e)
0024:trace:file:NtQueryInformationFile (0xb0,0x666f98,0x666fa0,0x00000018,0x00000005)
0024:trace:file:NtSetInformationFile (0xb0,0x666f98,0x666f90,0x00000008,0x0000000e)
0024:trace:file:NtQueryInformationFile (0xb0,0x666f90,0x666f88,0x00000008,0x0000000e)
0024:trace:file:NtSetInformationFile (0xb0,0x666f90,0x666f88,0x00000008,0x0000000e)
0024:trace:file:NtSetInformationFile (0xb0,0x666f90,0x666f88,0x00000008,0x0000000e)
0024:trace:file:NtQueryInformationFile (0xb0,0x666f80,0x666f78,0x00000008,0x0000000e)
0024:trace:file:NtSetInformationFile (0xb0,0x666f80,0x666f78,0x00000008,0x0000000e)
0024:trace:file:ReadFile 000000B0 006670A4 1 00666F14 00000000
0024:trace:file:NtReadFile (0xb0,(nil),(nil),(nil),0x666ed0,0x6670a4,0x00000001,(nil),(nil))
0024:trace:file:NtReadFile = SUCCESS (1)
0024:trace:file:ReadFile 000000B0 00666F9C 23 00666EFC 00000000
0024:trace:file:NtReadFile (0xb0,(nil),(nil),(nil),0x666eb8,0x666f9c,0x00000017,(nil),(nil))
0024:trace:file:NtReadFile = SUCCESS (23)
0024:trace:file:ReadFile 000000B0 01990020 1000000 00666FD4 00000000
0024:trace:file:NtReadFile (0xb0,(nil),(nil),(nil),0x666f90,0x1990020,0x000f4240,(nil),(nil))
0024:trace:file:NtReadFile = SUCCESS (1000000)
0024:trace:file:CreateFileW L"../data-james/M16/mc_idx_tbl/unit-num.idx" GENERIC_READ FILE_SHARE_READ FILE_SHARE_WRITE  creation 3 attributes 0x80
0024:trace:file:RtlDosPathNameToNtPathName_U_WithStatus (L"../data-james/M16/mc_idx_tbl/unit-num.idx",00666FB0,00000000,00000000)
0024:trace:file:RtlGetFullPathName_U (L"../data-james/M16/mc_idx_tbl/unit-num.idx" 520 00666D2C 00000000)
0024:trace:file:NtCreateFile handle=0x666fac access=80100080 name=L"\\??\\Z:\\work\\data-james\\M16\\mc_idx_tbl\\unit-num.idx" objattr=00000042 root=(nil) sec=(nil) io=0x666fb8 alloc_size=(nil) attr=00000080 sharing=00000003 disp=1 options=00000060 ea=(nil).0x00000000
0024:trace:file:nt_to_unix_file_name_no_root L"\\??\\Z:\\work\\data-james\\M16\\mc_idx_tbl\\unit-num.idx" -> "/work/stage2-copy/wineprefix/dosdevices/z:/work/data-james/M16/mc_idx_tbl/unit-num.idx"
0024:trace:file:CreateFileW returning 000000B0
0024:trace:file:NtSetInformationFile (0xb0,0x666fa8,0x666fa0,0x00000008,0x0000000e)
0024:trace:file:NtQueryInformationFile (0xb0,0x666f98,0x666f90,0x00000008,0x0000000e)
0024:trace:file:NtSetInformationFile (0xb0,0x666f98,0x666f90,0x00000008,0x0000000e)
0024:trace:file:NtQueryInformationFile (0xb0,0x666f98,0x666fa0,0x00000018,0x00000005)
0024:trace:file:NtSetInformationFile (0xb0,0x666f98,0x666f90,0x00000008,0x0000000e)
0024:trace:file:NtQueryInformationFile (0xb0,0x666f90,0x666f88,0x00000008,0x0000000e)
0024:trace:file:NtSetInformationFile (0xb0,0x666f90,0x666f88,0x00000008,0x0000000e)
0024:trace:file:NtSetInformationFile (0xb0,0x666f90,0x666f88,0x00000008,0x0000000e)
0024:trace:file:NtQueryInformationFile (0xb0,0x666f80,0x666f78,0x00000008,0x0000000e)
0024:trace:file:NtSetInformationFile (0xb0,0x666f80,0x666f78,0x00000008,0x0000000e)
0024:trace:file:ReadFile 000000B0 006670A4 1 00666F14 00000000
0024:trace:file:NtReadFile (0xb0,(nil),(nil),(nil),0x666ed0,0x6670a4,0x00000001,(nil),(nil))
0024:trace:file:NtReadFile = SUCCESS (1)
0024:trace:file:ReadFile 000000B0 00666F9C 23 00666EFC 00000000
0024:trace:file:NtReadFile (0xb0,(nil),(nil),(nil),0x666eb8,0x666f9c,0x00000017,(nil),(nil))
0024:trace:file:NtReadFile = SUCCESS (23)
0024:trace:file:ReadFile 000000B0 01990020 37141 00666FD4 00000000
0024:trace:file:NtReadFile (0xb0,(nil),(nil),(nil),0x666f90,0x1990020,0x00009115,(nil),(nil))
0024:trace:file:NtReadFile = SUCCESS (37141)
0024:trace:file:CreateFileW L"../data-james/M16/mc_idx_tbl/unit-etc.idx" GENERIC_READ FILE_SHARE_READ FILE_SHARE_WRITE  creation 3 attributes 0x80
0024:trace:file:RtlDosPathNameToNtPathName_U_WithStatus (L"../data-james/M16/mc_idx_tbl/unit-etc.idx",00666FB0,00000000,00000000)
0024:trace:file:RtlGetFullPathName_U (L"../data-james/M16/mc_idx_tbl/unit-etc.idx" 520 00666D2C 00000000)
0024:trace:file:NtCreateFile handle=0x666fac access=80100080 name=L"\\??\\Z:\\work\\data-james\\M16\\mc_idx_tbl\\unit-etc.idx" objattr=00000042 root=(nil) sec=(nil) io=0x666fb8 alloc_size=(nil) attr=00000080 sharing=00000003 disp=1 options=00000060 ea=(nil).0x00000000
0024:trace:file:nt_to_unix_file_name_no_root L"\\??\\Z:\\work\\data-james\\M16\\mc_idx_tbl\\unit-etc.idx" -> "/work/stage2-copy/wineprefix/dosdevices/z:/work/data-james/M16/mc_idx_tbl/unit-etc.idx"
0024:trace:file:CreateFileW returning 000000B0
0024:trace:file:NtSetInformationFile (0xb0,0x666fa8,0x666fa0,0x00000008,0x0000000e)
0024:trace:file:NtQueryInformationFile (0xb0,0x666f98,0x666f90,0x00000008,0x0000000e)
0024:trace:file:NtSetInformationFile (0xb0,0x666f98,0x666f90,0x00000008,0x0000000e)
0024:trace:file:NtQueryInformationFile (0xb0,0x666f98,0x666fa0,0x00000018,0x00000005)
0024:trace:file:NtSetInformationFile (0xb0,0x666f98,0x666f90,0x00000008,0x0000000e)
0024:trace:file:NtQueryInformationFile (0xb0,0x666f90,0x666f88,0x00000008,0x0000000e)
0024:trace:file:NtSetInformationFile (0xb0,0x666f90,0x666f88,0x00000008,0x0000000e)
0024:trace:file:NtSetInformationFile (0xb0,0x666f90,0x666f88,0x00000008,0x0000000e)
0024:trace:file:NtQueryInformationFile (0xb0,0x666f80,0x666f78,0x00000008,0x0000000e)
0024:trace:file:NtSetInformationFile (0xb0,0x666f80,0x666f78,0x00000008,0x0000000e)
0024:trace:file:ReadFile 000000B0 006670A4 1 00666F14 00000000
0024:trace:file:NtReadFile (0xb0,(nil),(nil),(nil),0x666ed0,0x6670a4,0x00000001,(nil),(nil))
0024:trace:file:NtReadFile = SUCCESS (1)
0024:trace:file:ReadFile 000000B0 00666F9C 23 00666EFC 00000000
0024:trace:file:NtReadFile (0xb0,(nil),(nil),(nil),0x666eb8,0x666f9c,0x00000017,(nil),(nil))
0024:trace:file:NtReadFile = SUCCESS (23)
0024:trace:file:ReadFile 000000B0 01990020 175701 00666FD4 00000000
0024:trace:file:NtReadFile (0xb0,(nil),(nil),(nil),0x666f90,0x1990020,0x0002ae55,(nil),(nil))
0024:trace:file:NtReadFile = SUCCESS (175701)
0024:trace:file:CreateFileW L"../data-james/M16/mc_idx_tbl/unit-abc.idx" GENERIC_READ FILE_SHARE_READ FILE_SHARE_WRITE  creation 3 attributes 0x80
0024:trace:file:RtlDosPathNameToNtPathName_U_WithStatus (L"../data-james/M16/mc_idx_tbl/unit-abc.idx",00666FB0,00000000,00000000)
0024:trace:file:RtlGetFullPathName_U (L"../data-james/M16/mc_idx_tbl/unit-abc.idx" 520 00666D2C 00000000)
0024:trace:file:NtCreateFile handle=0x666fac access=80100080 name=L"\\??\\Z:\\work\\data-james\\M16\\mc_idx_tbl\\unit-abc.idx" objattr=00000042 root=(nil) sec=(nil) io=0x666fb8 alloc_size=(nil) attr=00000080 sharing=00000003 disp=1 options=00000060 ea=(nil).0x00000000
0024:trace:file:nt_to_unix_file_name_no_root L"\\??\\Z:\\work\\data-james\\M16\\mc_idx_tbl\\unit-abc.idx" -> "/work/stage2-copy/wineprefix/dosdevices/z:/work/data-james/M16/mc_idx_tbl/unit-abc.idx"
0024:trace:file:CreateFileW returning 000000B0
0024:trace:file:NtSetInformationFile (0xb0,0x666fa8,0x666fa0,0x00000008,0x0000000e)
0024:trace:file:NtQueryInformationFile (0xb0,0x666f98,0x666f90,0x00000008,0x0000000e)
0024:trace:file:NtSetInformationFile (0xb0,0x666f98,0x666f90,0x00000008,0x0000000e)
0024:trace:file:NtQueryInformationFile (0xb0,0x666f98,0x666fa0,0x00000018,0x00000005)
0024:trace:file:NtSetInformationFile (0xb0,0x666f98,0x666f90,0x00000008,0x0000000e)
0024:trace:file:NtQueryInformationFile (0xb0,0x666f90,0x666f88,0x00000008,0x0000000e)
0024:trace:file:NtSetInformationFile (0xb0,0x666f90,0x666f88,0x00000008,0x0000000e)
0024:trace:file:NtSetInformationFile (0xb0,0x666f90,0x666f88,0x00000008,0x0000000e)
0024:trace:file:NtQueryInformationFile (0xb0,0x666f80,0x666f78,0x00000008,0x0000000e)
0024:trace:file:NtSetInformationFile (0xb0,0x666f80,0x666f78,0x00000008,0x0000000e)
0024:trace:file:ReadFile 000000B0 006670A4 1 00666F14 00000000
0024:trace:file:NtReadFile (0xb0,(nil),(nil),(nil),0x666ed0,0x6670a4,0x00000001,(nil),(nil))
0024:trace:file:NtReadFile = SUCCESS (1)
0024:trace:file:ReadFile 000000B0 00666F9C 23 00666EFC 00000000
0024:trace:file:NtReadFile (0xb0,(nil),(nil),(nil),0x666eb8,0x666f9c,0x00000017,(nil),(nil))
0024:trace:file:NtReadFile = SUCCESS (23)
0024:trace:file:ReadFile 000000B0 01990020 77181 00666FD4 00000000
0024:trace:file:NtReadFile (0xb0,(nil),(nil),(nil),0x666f90,0x1990020,0x00012d7d,(nil),(nil))
0024:trace:file:NtReadFile = SUCCESS (77181)
0024:trace:file:CreateFileW L"../data-james/M16/mc_idx_tbl/unit-gen.idx" GENERIC_READ FILE_SHARE_READ FILE_SHARE_WRITE  creation 3 attributes 0x80
0024:trace:file:RtlDosPathNameToNtPathName_U_WithStatus (L"../data-james/M16/mc_idx_tbl/unit-gen.idx",00666FB0,00000000,00000000)
0024:trace:file:RtlGetFullPathName_U (L"../data-james/M16/mc_idx_tbl/unit-gen.idx" 520 00666D2C 00000000)
0024:trace:file:NtCreateFile handle=0x666fac access=80100080 name=L"\\??\\Z:\\work\\data-james\\M16\\mc_idx_tbl\\unit-gen.idx" objattr=00000042 root=(nil) sec=(nil) io=0x666fb8 alloc_size=(nil) attr=00000080 sharing=00000003 disp=1 options=00000060 ea=(nil).0x00000000
0024:trace:file:nt_to_unix_file_name_no_root L"\\??\\Z:\\work\\data-james\\M16\\mc_idx_tbl\\unit-gen.idx" -> "/work/stage2-copy/wineprefix/dosdevices/z:/work/data-james/M16/mc_idx_tbl/unit-gen.idx"
0024:trace:file:CreateFileW returning 000000B0
0024:trace:file:NtSetInformationFile (0xb0,0x666fa8,0x666fa0,0x00000008,0x0000000e)
0024:trace:file:NtQueryInformationFile (0xb0,0x666f98,0x666f90,0x00000008,0x0000000e)
0024:trace:file:NtSetInformationFile (0xb0,0x666f98,0x666f90,0x00000008,0x0000000e)
0024:trace:file:NtQueryInformationFile (0xb0,0x666f98,0x666fa0,0x00000018,0x00000005)
0024:trace:file:NtSetInformationFile (0xb0,0x666f98,0x666f90,0x00000008,0x0000000e)
0024:trace:file:NtQueryInformationFile (0xb0,0x666f90,0x666f88,0x00000008,0x0000000e)
0024:trace:file:NtSetInformationFile (0xb0,0x666f90,0x666f88,0x00000008,0x0000000e)
0024:trace:file:NtSetInformationFile (0xb0,0x666f90,0x666f88,0x00000008,0x0000000e)
0024:trace:file:NtQueryInformationFile (0xb0,0x666f80,0x666f78,0x00000008,0x0000000e)
0024:trace:file:NtSetInformationFile (0xb0,0x666f80,0x666f78,0x00000008,0x0000000e)
0024:trace:file:NtSetInformationFile (0xb0,0x666f60,0x666f58,0x00000008,0x0000000e)
0024:trace:file:NtQueryInformationFile (0xb0,0x666f50,0x666f48,0x00000008,0x0000000e)
0024:trace:file:NtSetInformationFile (0xb0,0x666f50,0x666f48,0x00000008,0x0000000e)
0024:trace:file:ReadFile 000000B0 01990020 1000000 00666FD4 00000000
0024:trace:file:NtReadFile (0xb0,(nil),(nil),(nil),0x666f90,0x1990020,0x000f4240,(nil),(nil))
0024:trace:file:NtReadFile = SUCCESS (1000000)
0024:trace:file:NtSetInformationFile (0xb0,0x666f48,0x666f40,0x00000008,0x0000000e)
0024:trace:file:NtQueryInformationFile (0xb0,0x666f38,0x666f30,0x00000008,0x0000000e)
0024:trace:file:NtSetInformationFile (0xb0,0x666f38,0x666f30,0x00000008,0x0000000e)
0024:trace:file:ReadFile 000000B0 01990020 1000000 00666FBC 00000000
0024:trace:file:NtReadFile (0xb0,(nil),(nil),(nil),0x666f78,0x1990020,0x000f4240,(nil),(nil))
0024:trace:file:NtReadFile = SUCCESS (1000000)
0024:trace:file:ReadFile 000000B0 01990020 1000000 00666FAC 00000000
0024:trace:file:NtReadFile (0xb0,(nil),(nil),(nil),0x666f68,0x1990020,0x000f4240,(nil),(nil))
0024:trace:file:NtReadFile = SUCCESS (1000000)
0024:trace:file:ReadFile 000000B0 01990020 1000000 00666FAC 00000000
0024:trace:file:NtReadFile (0xb0,(nil),(nil),(nil),0x666f68,0x1990020,0x000f4240,(nil),(nil))
0024:trace:file:NtReadFile = SUCCESS (1000000)
0024:trace:file:ReadFile 000000B0 01990020 1000000 00666FBC 00000000
0024:trace:file:NtReadFile (0xb0,(nil),(nil),(nil),0x666f78,0x1990020,0x000f4240,(nil),(nil))
0024:trace:file:NtReadFile = SUCCESS (1000000)
0024:trace:file:ReadFile 000000B0 01990020 1000000 00666FBC 00000000
0024:trace:file:NtReadFile (0xb0,(nil),(nil),(nil),0x666f78,0x1990020,0x000f4240,(nil),(nil))
0024:trace:file:NtReadFile = SUCCESS (1000000)
0024:trace:file:ReadFile 000000B0 01990020 819100 00666FBC 00000000
0024:trace:file:NtReadFile (0xb0,(nil),(nil),(nil),0x666f78,0x1990020,0x000c7f9c,(nil),(nil))
0024:trace:file:NtReadFile = SUCCESS (819100)
0024:trace:file:CreateFileW L"../data-james/M16/mc_idx_tbl/unit-num.idx" GENERIC_READ FILE_SHARE_READ FILE_SHARE_WRITE  creation 3 attributes 0x80
0024:trace:file:RtlDosPathNameToNtPathName_U_WithStatus (L"../data-james/M16/mc_idx_tbl/unit-num.idx",00666FB0,00000000,00000000)
0024:trace:file:RtlGetFullPathName_U (L"../data-james/M16/mc_idx_tbl/unit-num.idx" 520 00666D2C 00000000)
0024:trace:file:NtCreateFile handle=0x666fac access=80100080 name=L"\\??\\Z:\\work\\data-james\\M16\\mc_idx_tbl\\unit-num.idx" objattr=00000042 root=(nil) sec=(nil) io=0x666fb8 alloc_size=(nil) attr=00000080 sharing=00000003 disp=1 options=00000060 ea=(nil).0x00000000
0024:trace:file:nt_to_unix_file_name_no_root L"\\??\\Z:\\work\\data-james\\M16\\mc_idx_tbl\\unit-num.idx" -> "/work/stage2-copy/wineprefix/dosdevices/z:/work/data-james/M16/mc_idx_tbl/unit-num.idx"
0024:trace:file:CreateFileW returning 000000B4
0024:trace:file:NtSetInformationFile (0xb4,0x666fa8,0x666fa0,0x00000008,0x0000000e)
0024:trace:file:NtQueryInformationFile (0xb4,0x666f98,0x666f90,0x00000008,0x0000000e)
0024:trace:file:NtSetInformationFile (0xb4,0x666f98,0x666f90,0x00000008,0x0000000e)
0024:trace:file:NtQueryInformationFile (0xb4,0x666f98,0x666fa0,0x00000018,0x00000005)
0024:trace:file:NtSetInformationFile (0xb4,0x666f98,0x666f90,0x00000008,0x0000000e)
0024:trace:file:NtQueryInformationFile (0xb4,0x666f90,0x666f88,0x00000008,0x0000000e)
0024:trace:file:NtSetInformationFile (0xb4,0x666f90,0x666f88,0x00000008,0x0000000e)
0024:trace:file:NtSetInformationFile (0xb4,0x666f90,0x666f88,0x00000008,0x0000000e)
0024:trace:file:NtQueryInformationFile (0xb4,0x666f80,0x666f78,0x00000008,0x0000000e)
0024:trace:file:NtSetInformationFile (0xb4,0x666f80,0x666f78,0x00000008,0x0000000e)
0024:trace:file:NtSetInformationFile (0xb4,0x666f60,0x666f58,0x00000008,0x0000000e)
0024:trace:file:NtQueryInformationFile (0xb4,0x666f50,0x666f48,0x00000008,0x0000000e)
0024:trace:file:NtSetInformationFile (0xb4,0x666f50,0x666f48,0x00000008,0x0000000e)
0024:trace:file:ReadFile 000000B4 01990020 37141 00666FD4 00000000
0024:trace:file:NtReadFile (0xb4,(nil),(nil),(nil),0x666f90,0x1990020,0x00009115,(nil),(nil))
0024:trace:file:NtReadFile = SUCCESS (37141)
0024:trace:file:CreateFileW L"../data-james/M16/mc_idx_tbl/unit-etc.idx" GENERIC_READ FILE_SHARE_READ FILE_SHARE_WRITE  creation 3 attributes 0x80
0024:trace:file:RtlDosPathNameToNtPathName_U_WithStatus (L"../data-james/M16/mc_idx_tbl/unit-etc.idx",00666FB0,00000000,00000000)
0024:trace:file:RtlGetFullPathName_U (L"../data-james/M16/mc_idx_tbl/unit-etc.idx" 520 00666D2C 00000000)
0024:trace:file:NtCreateFile handle=0x666fac access=80100080 name=L"\\??\\Z:\\work\\data-james\\M16\\mc_idx_tbl\\unit-etc.idx" objattr=00000042 root=(nil) sec=(nil) io=0x666fb8 alloc_size=(nil) attr=00000080 sharing=00000003 disp=1 options=00000060 ea=(nil).0x00000000
0024:trace:file:nt_to_unix_file_name_no_root L"\\??\\Z:\\work\\data-james\\M16\\mc_idx_tbl\\unit-etc.idx" -> "/work/stage2-copy/wineprefix/dosdevices/z:/work/data-james/M16/mc_idx_tbl/unit-etc.idx"
0024:trace:file:CreateFileW returning 000000B8
0024:trace:file:NtSetInformationFile (0xb8,0x666fa8,0x666fa0,0x00000008,0x0000000e)
0024:trace:file:NtQueryInformationFile (0xb8,0x666f98,0x666f90,0x00000008,0x0000000e)
0024:trace:file:NtSetInformationFile (0xb8,0x666f98,0x666f90,0x00000008,0x0000000e)
0024:trace:file:NtQueryInformationFile (0xb8,0x666f98,0x666fa0,0x00000018,0x00000005)
0024:trace:file:NtSetInformationFile (0xb8,0x666f98,0x666f90,0x00000008,0x0000000e)
0024:trace:file:NtQueryInformationFile (0xb8,0x666f90,0x666f88,0x00000008,0x0000000e)
0024:trace:file:NtSetInformationFile (0xb8,0x666f90,0x666f88,0x00000008,0x0000000e)
0024:trace:file:NtSetInformationFile (0xb8,0x666f90,0x666f88,0x00000008,0x0000000e)
0024:trace:file:NtQueryInformationFile (0xb8,0x666f80,0x666f78,0x00000008,0x0000000e)
0024:trace:file:NtSetInformationFile (0xb8,0x666f80,0x666f78,0x00000008,0x0000000e)
0024:trace:file:NtSetInformationFile (0xb8,0x666f60,0x666f58,0x00000008,0x0000000e)
0024:trace:file:NtQueryInformationFile (0xb8,0x666f50,0x666f48,0x00000008,0x0000000e)
0024:trace:file:NtSetInformationFile (0xb8,0x666f50,0x666f48,0x00000008,0x0000000e)
0024:trace:file:ReadFile 000000B8 01990020 175701 00666FD4 00000000
0024:trace:file:NtReadFile (0xb8,(nil),(nil),(nil),0x666f90,0x1990020,0x0002ae55,(nil),(nil))
0024:trace:file:NtReadFile = SUCCESS (175701)
0024:trace:file:CreateFileW L"../data-james/M16/mc_idx_tbl/unit-abc.idx" GENERIC_READ FILE_SHARE_READ FILE_SHARE_WRITE  creation 3 attributes 0x80
0024:trace:file:RtlDosPathNameToNtPathName_U_WithStatus (L"../data-james/M16/mc_idx_tbl/unit-abc.idx",00666FB0,00000000,00000000)
0024:trace:file:RtlGetFullPathName_U (L"../data-james/M16/mc_idx_tbl/unit-abc.idx" 520 00666D2C 00000000)
0024:trace:file:NtCreateFile handle=0x666fac access=80100080 name=L"\\??\\Z:\\work\\data-james\\M16\\mc_idx_tbl\\unit-abc.idx" objattr=00000042 root=(nil) sec=(nil) io=0x666fb8 alloc_size=(nil) attr=00000080 sharing=00000003 disp=1 options=00000060 ea=(nil).0x00000000
0024:trace:file:nt_to_unix_file_name_no_root L"\\??\\Z:\\work\\data-james\\M16\\mc_idx_tbl\\unit-abc.idx" -> "/work/stage2-copy/wineprefix/dosdevices/z:/work/data-james/M16/mc_idx_tbl/unit-abc.idx"
0024:trace:file:CreateFileW returning 000000BC
0024:trace:file:NtSetInformationFile (0xbc,0x666fa8,0x666fa0,0x00000008,0x0000000e)
0024:trace:file:NtQueryInformationFile (0xbc,0x666f98,0x666f90,0x00000008,0x0000000e)
0024:trace:file:NtSetInformationFile (0xbc,0x666f98,0x666f90,0x00000008,0x0000000e)
0024:trace:file:NtQueryInformationFile (0xbc,0x666f98,0x666fa0,0x00000018,0x00000005)
0024:trace:file:NtSetInformationFile (0xbc,0x666f98,0x666f90,0x00000008,0x0000000e)
0024:trace:file:NtQueryInformationFile (0xbc,0x666f90,0x666f88,0x00000008,0x0000000e)
0024:trace:file:NtSetInformationFile (0xbc,0x666f90,0x666f88,0x00000008,0x0000000e)
0024:trace:file:NtSetInformationFile (0xbc,0x666f90,0x666f88,0x00000008,0x0000000e)
0024:trace:file:NtQueryInformationFile (0xbc,0x666f80,0x666f78,0x00000008,0x0000000e)
0024:trace:file:NtSetInformationFile (0xbc,0x666f80,0x666f78,0x00000008,0x0000000e)
0024:trace:file:NtSetInformationFile (0xbc,0x666f60,0x666f58,0x00000008,0x0000000e)
0024:trace:file:NtQueryInformationFile (0xbc,0x666f50,0x666f48,0x00000008,0x0000000e)
0024:trace:file:NtSetInformationFile (0xbc,0x666f50,0x666f48,0x00000008,0x0000000e)
0024:trace:file:ReadFile 000000BC 01990020 77181 00666FD4 00000000
0024:trace:file:NtReadFile (0xbc,(nil),(nil),(nil),0x666f90,0x1990020,0x00012d7d,(nil),(nil))
0024:trace:file:NtReadFile = SUCCESS (77181)
0024:trace:file:CreateFileW L"../data-james/M16/class.idx" GENERIC_READ FILE_SHARE_READ FILE_SHARE_WRITE  creation 3 attributes 0x80
0024:trace:file:RtlDosPathNameToNtPathName_U_WithStatus (L"../data-james/M16/class.idx",006671C0,00000000,00000000)
0024:trace:file:RtlGetFullPathName_U (L"../data-james/M16/class.idx" 520 00666F3C 00000000)
0024:trace:file:NtCreateFile handle=0x6671bc access=80100080 name=L"\\??\\Z:\\work\\data-james\\M16\\class.idx" objattr=00000042 root=(nil) sec=(nil) io=0x6671c8 alloc_size=(nil) attr=00000080 sharing=00000003 disp=1 options=00000060 ea=(nil).0x00000000
0024:trace:file:nt_to_unix_file_name_no_root L"work\\data-james\\M16\\class.idx" not found in "/work/stage2-copy/wineprefix/dosdevices/z:"
0024:warn:file:NtCreateFile L"\\??\\Z:\\work\\data-james\\M16\\class.idx" not found (c0000034)
0024:warn:file:CreateFileW Unable to create file L"../data-james/M16/class.idx" (status c0000034)
0024:trace:file:CreateFileW returning FFFFFFFF
0024:trace:file:CreateFileW L"../data-james/M16/classhp.idx" GENERIC_READ FILE_SHARE_READ FILE_SHARE_WRITE  creation 3 attributes 0x80
0024:trace:file:RtlDosPathNameToNtPathName_U_WithStatus (L"../data-james/M16/classhp.idx",006671A0,00000000,00000000)
0024:trace:file:RtlGetFullPathName_U (L"../data-james/M16/classhp.idx" 520 00666F1C 00000000)
0024:trace:file:NtCreateFile handle=0x66719c access=80100080 name=L"\\??\\Z:\\work\\data-james\\M16\\classhp.idx" objattr=00000042 root=(nil) sec=(nil) io=0x6671a8 alloc_size=(nil) attr=00000080 sharing=00000003 disp=1 options=00000060 ea=(nil).0x00000000
0024:trace:file:nt_to_unix_file_name_no_root L"work\\data-james\\M16\\classhp.idx" not found in "/work/stage2-copy/wineprefix/dosdevices/z:"
0024:warn:file:NtCreateFile L"\\??\\Z:\\work\\data-james\\M16\\classhp.idx" not found (c0000034)
0024:warn:file:CreateFileW Unable to create file L"../data-james/M16/classhp.idx" (status c0000034)
0024:trace:file:CreateFileW returning FFFFFFFF
0024:trace:file:CreateFileW L"../data-james/M16/dat/merged-gen.dat" GENERIC_READ FILE_SHARE_READ FILE_SHARE_WRITE  creation 3 attributes 0x80
0024:trace:file:RtlDosPathNameToNtPathName_U_WithStatus (L"../data-james/M16/dat/merged-gen.dat",0066721C,00000000,00000000)
0024:trace:file:RtlGetFullPathName_U (L"../data-james/M16/dat/merged-gen.dat" 520 00666F98 00000000)
0024:trace:file:NtCreateFile handle=0x667218 access=80100080 name=L"\\??\\Z:\\work\\data-james\\M16\\dat\\merged-gen.dat" objattr=00000042 root=(nil) sec=(nil) io=0x667224 alloc_size=(nil) attr=00000080 sharing=00000003 disp=1 options=00000060 ea=(nil).0x00000000
0024:trace:file:nt_to_unix_file_name_no_root L"\\??\\Z:\\work\\data-james\\M16\\dat\\merged-gen.dat" -> "/work/stage2-copy/wineprefix/dosdevices/z:/work/data-james/M16/dat/merged-gen.dat"
0024:trace:file:CreateFileW returning 000000C0
0024:trace:file:NtSetInformationFile (0xc0,0x667210,0x667208,0x00000008,0x0000000e)
0024:trace:file:NtQueryInformationFile (0xc0,0x667208,0x667200,0x00000008,0x0000000e)
0024:trace:file:NtSetInformationFile (0xc0,0x667208,0x667200,0x00000008,0x0000000e)
0024:trace:file:NtQueryInformationFile (0xc0,0x667208,0x667210,0x00000018,0x00000005)
0024:trace:file:NtSetInformationFile (0xc0,0x667208,0x667200,0x00000008,0x0000000e)
0024:trace:file:NtQueryInformationFile (0xc0,0x6671f8,0x6671f0,0x00000008,0x0000000e)
0024:trace:file:NtSetInformationFile (0xc0,0x6671f8,0x6671f0,0x00000008,0x0000000e)
0024:trace:file:NtSetInformationFile (0xc0,0x6671f8,0x6671f0,0x00000008,0x0000000e)
0024:trace:file:NtQueryInformationFile (0xc0,0x6671f0,0x6671e8,0x00000008,0x0000000e)
0024:trace:file:NtSetInformationFile (0xc0,0x6671f0,0x6671e8,0x00000008,0x0000000e)
0024:trace:file:CreateFileW L"../data-james/M16/dat/merged-num.dat" GENERIC_READ FILE_SHARE_READ FILE_SHARE_WRITE  creation 3 attributes 0x80
0024:trace:file:RtlDosPathNameToNtPathName_U_WithStatus (L"../data-james/M16/dat/merged-num.dat",0066721C,00000000,00000000)
0024:trace:file:RtlGetFullPathName_U (L"../data-james/M16/dat/merged-num.dat" 520 00666F98 00000000)
0024:trace:file:NtCreateFile handle=0x667218 access=80100080 name=L"\\??\\Z:\\work\\data-james\\M16\\dat\\merged-num.dat" objattr=00000042 root=(nil) sec=(nil) io=0x667224 alloc_size=(nil) attr=00000080 sharing=00000003 disp=1 options=00000060 ea=(nil).0x00000000
0024:trace:file:nt_to_unix_file_name_no_root L"\\??\\Z:\\work\\data-james\\M16\\dat\\merged-num.dat" -> "/work/stage2-copy/wineprefix/dosdevices/z:/work/data-james/M16/dat/merged-num.dat"
0024:trace:file:CreateFileW returning 000000C4
0024:trace:file:NtSetInformationFile (0xc4,0x667210,0x667208,0x00000008,0x0000000e)
0024:trace:file:NtQueryInformationFile (0xc4,0x667208,0x667200,0x00000008,0x0000000e)
0024:trace:file:NtSetInformationFile (0xc4,0x667208,0x667200,0x00000008,0x0000000e)
0024:trace:file:NtQueryInformationFile (0xc4,0x667208,0x667210,0x00000018,0x00000005)
0024:trace:file:NtSetInformationFile (0xc4,0x667208,0x667200,0x00000008,0x0000000e)
0024:trace:file:NtQueryInformationFile (0xc4,0x6671f8,0x6671f0,0x00000008,0x0000000e)
0024:trace:file:NtSetInformationFile (0xc4,0x6671f8,0x6671f0,0x00000008,0x0000000e)
0024:trace:file:NtSetInformationFile (0xc4,0x6671f8,0x6671f0,0x00000008,0x0000000e)
0024:trace:file:NtQueryInformationFile (0xc4,0x6671f0,0x6671e8,0x00000008,0x0000000e)
0024:trace:file:NtSetInformationFile (0xc4,0x6671f0,0x6671e8,0x00000008,0x0000000e)
0024:trace:file:CreateFileW L"../data-james/M16/dat/merged-etc.dat" GENERIC_READ FILE_SHARE_READ FILE_SHARE_WRITE  creation 3 attributes 0x80
0024:trace:file:RtlDosPathNameToNtPathName_U_WithStatus (L"../data-james/M16/dat/merged-etc.dat",0066721C,00000000,00000000)
0024:trace:file:RtlGetFullPathName_U (L"../data-james/M16/dat/merged-etc.dat" 520 00666F98 00000000)
0024:trace:file:NtCreateFile handle=0x667218 access=80100080 name=L"\\??\\Z:\\work\\data-james\\M16\\dat\\merged-etc.dat" objattr=00000042 root=(nil) sec=(nil) io=0x667224 alloc_size=(nil) attr=00000080 sharing=00000003 disp=1 options=00000060 ea=(nil).0x00000000
0024:trace:file:nt_to_unix_file_name_no_root L"\\??\\Z:\\work\\data-james\\M16\\dat\\merged-etc.dat" -> "/work/stage2-copy/wineprefix/dosdevices/z:/work/data-james/M16/dat/merged-etc.dat"
0024:trace:file:CreateFileW returning 000000C8
0024:trace:file:NtSetInformationFile (0xc8,0x667210,0x667208,0x00000008,0x0000000e)
0024:trace:file:NtQueryInformationFile (0xc8,0x667208,0x667200,0x00000008,0x0000000e)
0024:trace:file:NtSetInformationFile (0xc8,0x667208,0x667200,0x00000008,0x0000000e)
0024:trace:file:NtQueryInformationFile (0xc8,0x667208,0x667210,0x00000018,0x00000005)
0024:trace:file:NtSetInformationFile (0xc8,0x667208,0x667200,0x00000008,0x0000000e)
0024:trace:file:NtQueryInformationFile (0xc8,0x6671f8,0x6671f0,0x00000008,0x0000000e)
0024:trace:file:NtSetInformationFile (0xc8,0x6671f8,0x6671f0,0x00000008,0x0000000e)
0024:trace:file:NtSetInformationFile (0xc8,0x6671f8,0x6671f0,0x00000008,0x0000000e)
0024:trace:file:NtQueryInformationFile (0xc8,0x6671f0,0x6671e8,0x00000008,0x0000000e)
0024:trace:file:NtSetInformationFile (0xc8,0x6671f0,0x6671e8,0x00000008,0x0000000e)
0024:trace:file:CreateFileW L"../data-james/M16/dat/merged-abc.dat" GENERIC_READ FILE_SHARE_READ FILE_SHARE_WRITE  creation 3 attributes 0x80
0024:trace:file:RtlDosPathNameToNtPathName_U_WithStatus (L"../data-james/M16/dat/merged-abc.dat",0066721C,00000000,00000000)
0024:trace:file:RtlGetFullPathName_U (L"../data-james/M16/dat/merged-abc.dat" 520 00666F98 00000000)
0024:trace:file:NtCreateFile handle=0x667218 access=80100080 name=L"\\??\\Z:\\work\\data-james\\M16\\dat\\merged-abc.dat" objattr=00000042 root=(nil) sec=(nil) io=0x667224 alloc_size=(nil) attr=00000080 sharing=00000003 disp=1 options=00000060 ea=(nil).0x00000000
0024:trace:file:nt_to_unix_file_name_no_root L"\\??\\Z:\\work\\data-james\\M16\\dat\\merged-abc.dat" -> "/work/stage2-copy/wineprefix/dosdevices/z:/work/data-james/M16/dat/merged-abc.dat"
0024:trace:file:CreateFileW returning 000000CC
0024:trace:file:NtSetInformationFile (0xcc,0x667210,0x667208,0x00000008,0x0000000e)
0024:trace:file:NtQueryInformationFile (0xcc,0x667208,0x667200,0x00000008,0x0000000e)
0024:trace:file:NtSetInformationFile (0xcc,0x667208,0x667200,0x00000008,0x0000000e)
0024:trace:file:NtQueryInformationFile (0xcc,0x667208,0x667210,0x00000018,0x00000005)
0024:trace:file:NtSetInformationFile (0xcc,0x667208,0x667200,0x00000008,0x0000000e)
0024:trace:file:NtQueryInformationFile (0xcc,0x6671f8,0x6671f0,0x00000008,0x0000000e)
0024:trace:file:NtSetInformationFile (0xcc,0x6671f8,0x6671f0,0x00000008,0x0000000e)
0024:trace:file:NtSetInformationFile (0xcc,0x6671f8,0x6671f0,0x00000008,0x0000000e)
0024:trace:file:NtQueryInformationFile (0xcc,0x6671f0,0x6671e8,0x00000008,0x0000000e)
0024:trace:file:NtSetInformationFile (0xcc,0x6671f0,0x6671e8,0x00000008,0x0000000e)
0024:trace:file:CreateFileW L"../data-james/M16/dat/merged-gen.upm" GENERIC_READ FILE_SHARE_READ FILE_SHARE_WRITE  creation 3 attributes 0x80
0024:trace:file:RtlDosPathNameToNtPathName_U_WithStatus (L"../data-james/M16/dat/merged-gen.upm",0066721C,00000000,00000000)
0024:trace:file:RtlGetFullPathName_U (L"../data-james/M16/dat/merged-gen.upm" 520 00666F98 00000000)
0024:trace:file:NtCreateFile handle=0x667218 access=80100080 name=L"\\??\\Z:\\work\\data-james\\M16\\dat\\merged-gen.upm" objattr=00000042 root=(nil) sec=(nil) io=0x667224 alloc_size=(nil) attr=00000080 sharing=00000003 disp=1 options=00000060 ea=(nil).0x00000000
0024:trace:file:nt_to_unix_file_name_no_root L"\\??\\Z:\\work\\data-james\\M16\\dat\\merged-gen.upm" -> "/work/stage2-copy/wineprefix/dosdevices/z:/work/data-james/M16/dat/merged-gen.upm"
0024:trace:file:CreateFileW returning 000000D0
0024:trace:file:NtSetInformationFile (0xd0,0x667210,0x667208,0x00000008,0x0000000e)
0024:trace:file:NtQueryInformationFile (0xd0,0x667208,0x667200,0x00000008,0x0000000e)
0024:trace:file:NtSetInformationFile (0xd0,0x667208,0x667200,0x00000008,0x0000000e)
0024:trace:file:NtQueryInformationFile (0xd0,0x667208,0x667210,0x00000018,0x00000005)
0024:trace:file:NtSetInformationFile (0xd0,0x667208,0x667200,0x00000008,0x0000000e)
0024:trace:file:NtQueryInformationFile (0xd0,0x6671f8,0x6671f0,0x00000008,0x0000000e)
0024:trace:file:NtSetInformationFile (0xd0,0x6671f8,0x6671f0,0x00000008,0x0000000e)
0024:trace:file:NtSetInformationFile (0xd0,0x6671f8,0x6671f0,0x00000008,0x0000000e)
0024:trace:file:NtQueryInformationFile (0xd0,0x6671f0,0x6671e8,0x00000008,0x0000000e)
0024:trace:file:NtSetInformationFile (0xd0,0x6671f0,0x6671e8,0x00000008,0x0000000e)
0024:trace:file:CreateFileW L"../data-james/M16/dat/merged-num.upm" GENERIC_READ FILE_SHARE_READ FILE_SHARE_WRITE  creation 3 attributes 0x80
0024:trace:file:RtlDosPathNameToNtPathName_U_WithStatus (L"../data-james/M16/dat/merged-num.upm",0066721C,00000000,00000000)
0024:trace:file:RtlGetFullPathName_U (L"../data-james/M16/dat/merged-num.upm" 520 00666F98 00000000)
0024:trace:file:NtCreateFile handle=0x667218 access=80100080 name=L"\\??\\Z:\\work\\data-james\\M16\\dat\\merged-num.upm" objattr=00000042 root=(nil) sec=(nil) io=0x667224 alloc_size=(nil) attr=00000080 sharing=00000003 disp=1 options=00000060 ea=(nil).0x00000000
0024:trace:file:nt_to_unix_file_name_no_root L"\\??\\Z:\\work\\data-james\\M16\\dat\\merged-num.upm" -> "/work/stage2-copy/wineprefix/dosdevices/z:/work/data-james/M16/dat/merged-num.upm"
0024:trace:file:CreateFileW returning 000000D4
0024:trace:file:NtSetInformationFile (0xd4,0x667210,0x667208,0x00000008,0x0000000e)
0024:trace:file:NtQueryInformationFile (0xd4,0x667208,0x667200,0x00000008,0x0000000e)
0024:trace:file:NtSetInformationFile (0xd4,0x667208,0x667200,0x00000008,0x0000000e)
0024:trace:file:NtQueryInformationFile (0xd4,0x667208,0x667210,0x00000018,0x00000005)
0024:trace:file:NtSetInformationFile (0xd4,0x667208,0x667200,0x00000008,0x0000000e)
0024:trace:file:NtQueryInformationFile (0xd4,0x6671f8,0x6671f0,0x00000008,0x0000000e)
0024:trace:file:NtSetInformationFile (0xd4,0x6671f8,0x6671f0,0x00000008,0x0000000e)
0024:trace:file:NtSetInformationFile (0xd4,0x6671f8,0x6671f0,0x00000008,0x0000000e)
0024:trace:file:NtQueryInformationFile (0xd4,0x6671f0,0x6671e8,0x00000008,0x0000000e)
0024:trace:file:NtSetInformationFile (0xd4,0x6671f0,0x6671e8,0x00000008,0x0000000e)
0024:trace:file:CreateFileW L"../data-james/M16/dat/merged-etc.upm" GENERIC_READ FILE_SHARE_READ FILE_SHARE_WRITE  creation 3 attributes 0x80
0024:trace:file:RtlDosPathNameToNtPathName_U_WithStatus (L"../data-james/M16/dat/merged-etc.upm",0066721C,00000000,00000000)
0024:trace:file:RtlGetFullPathName_U (L"../data-james/M16/dat/merged-etc.upm" 520 00666F98 00000000)
0024:trace:file:NtCreateFile handle=0x667218 access=80100080 name=L"\\??\\Z:\\work\\data-james\\M16\\dat\\merged-etc.upm" objattr=00000042 root=(nil) sec=(nil) io=0x667224 alloc_size=(nil) attr=00000080 sharing=00000003 disp=1 options=00000060 ea=(nil).0x00000000
0024:trace:file:nt_to_unix_file_name_no_root L"\\??\\Z:\\work\\data-james\\M16\\dat\\merged-etc.upm" -> "/work/stage2-copy/wineprefix/dosdevices/z:/work/data-james/M16/dat/merged-etc.upm"
0024:trace:file:CreateFileW returning 000000D8
0024:trace:file:NtSetInformationFile (0xd8,0x667210,0x667208,0x00000008,0x0000000e)
0024:trace:file:NtQueryInformationFile (0xd8,0x667208,0x667200,0x00000008,0x0000000e)
0024:trace:file:NtSetInformationFile (0xd8,0x667208,0x667200,0x00000008,0x0000000e)
0024:trace:file:NtQueryInformationFile (0xd8,0x667208,0x667210,0x00000018,0x00000005)
0024:trace:file:NtSetInformationFile (0xd8,0x667208,0x667200,0x00000008,0x0000000e)
0024:trace:file:NtQueryInformationFile (0xd8,0x6671f8,0x6671f0,0x00000008,0x0000000e)
0024:trace:file:NtSetInformationFile (0xd8,0x6671f8,0x6671f0,0x00000008,0x0000000e)
0024:trace:file:NtSetInformationFile (0xd8,0x6671f8,0x6671f0,0x00000008,0x0000000e)
0024:trace:file:NtQueryInformationFile (0xd8,0x6671f0,0x6671e8,0x00000008,0x0000000e)
0024:trace:file:NtSetInformationFile (0xd8,0x6671f0,0x6671e8,0x00000008,0x0000000e)
0024:trace:file:CreateFileW L"../data-james/M16/dat/merged-abc.upm" GENERIC_READ FILE_SHARE_READ FILE_SHARE_WRITE  creation 3 attributes 0x80
0024:trace:file:RtlDosPathNameToNtPathName_U_WithStatus (L"../data-james/M16/dat/merged-abc.upm",0066721C,00000000,00000000)
0024:trace:file:RtlGetFullPathName_U (L"../data-james/M16/dat/merged-abc.upm" 520 00666F98 00000000)
0024:trace:file:NtCreateFile handle=0x667218 access=80100080 name=L"\\??\\Z:\\work\\data-james\\M16\\dat\\merged-abc.upm" objattr=00000042 root=(nil) sec=(nil) io=0x667224 alloc_size=(nil) attr=00000080 sharing=00000003 disp=1 options=00000060 ea=(nil).0x00000000
0024:trace:file:nt_to_unix_file_name_no_root L"\\??\\Z:\\work\\data-james\\M16\\dat\\merged-abc.upm" -> "/work/stage2-copy/wineprefix/dosdevices/z:/work/data-james/M16/dat/merged-abc.upm"
0024:trace:file:CreateFileW returning 000000DC
0024:trace:file:NtSetInformationFile (0xdc,0x667210,0x667208,0x00000008,0x0000000e)
0024:trace:file:NtQueryInformationFile (0xdc,0x667208,0x667200,0x00000008,0x0000000e)
0024:trace:file:NtSetInformationFile (0xdc,0x667208,0x667200,0x00000008,0x0000000e)
0024:trace:file:NtQueryInformationFile (0xdc,0x667208,0x667210,0x00000018,0x00000005)
0024:trace:file:NtSetInformationFile (0xdc,0x667208,0x667200,0x00000008,0x0000000e)
0024:trace:file:NtQueryInformationFile (0xdc,0x6671f8,0x6671f0,0x00000008,0x0000000e)
0024:trace:file:NtSetInformationFile (0xdc,0x6671f8,0x6671f0,0x00000008,0x0000000e)
0024:trace:file:NtSetInformationFile (0xdc,0x6671f8,0x6671f0,0x00000008,0x0000000e)
0024:trace:file:NtQueryInformationFile (0xdc,0x6671f0,0x6671e8,0x00000008,0x0000000e)
0024:trace:file:NtSetInformationFile (0xdc,0x6671f0,0x6671e8,0x00000008,0x0000000e)
0024:trace:file:CreateFileW L"../data-common/verify/verification.txt" GENERIC_READ FILE_SHARE_READ FILE_SHARE_WRITE  creation 3 attributes 0x80
0024:trace:file:RtlDosPathNameToNtPathName_U_WithStatus (L"../data-common/verify/verification.txt",00666FB4,00000000,00000000)
0024:trace:file:RtlGetFullPathName_U (L"../data-common/verify/verification.txt" 520 00666D30 00000000)
0024:trace:file:NtCreateFile handle=0x666fb0 access=80100080 name=L"\\??\\Z:\\work\\data-common\\verify\\verification.txt" objattr=00000042 root=(nil) sec=(nil) io=0x666fbc alloc_size=(nil) attr=00000080 sharing=00000003 disp=1 options=00000060 ea=(nil).0x00000000
0024:trace:file:nt_to_unix_file_name_no_root L"\\??\\Z:\\work\\data-common\\verify\\verification.txt" -> "/work/stage2-copy/wineprefix/dosdevices/z:/work/data-common/verify/verification.txt"
0024:trace:file:CreateFileW returning 000000E0
0024:trace:file:NtSetInformationFile (0xe0,0x666fa8,0x666fa0,0x00000008,0x0000000e)
0024:trace:file:NtQueryInformationFile (0xe0,0x666fa0,0x666f98,0x00000008,0x0000000e)
0024:trace:file:NtSetInformationFile (0xe0,0x666fa0,0x666f98,0x00000008,0x0000000e)
0024:trace:file:NtQueryInformationFile (0xe0,0x666fa0,0x666fa8,0x00000018,0x00000005)
0024:trace:file:NtSetInformationFile (0xe0,0x666fa0,0x666f98,0x00000008,0x0000000e)
0024:trace:file:NtQueryInformationFile (0xe0,0x666f90,0x666f88,0x00000008,0x0000000e)
0024:trace:file:NtSetInformationFile (0xe0,0x666f90,0x666f88,0x00000008,0x0000000e)
0024:trace:file:NtSetInformationFile (0xe0,0x666f90,0x666f88,0x00000008,0x0000000e)
0024:trace:file:NtQueryInformationFile (0xe0,0x666f88,0x666f80,0x00000008,0x0000000e)
0024:trace:file:NtSetInformationFile (0xe0,0x666f88,0x666f80,0x00000008,0x0000000e)
0024:trace:file:ReadFile 000000E0 006670AC 3 0066701C 00000000
0024:trace:file:NtReadFile (0xe0,(nil),(nil),(nil),0x666fd8,0x6670ac,0x00000003,(nil),(nil))
0024:trace:file:NtReadFile = SUCCESS (3)
0024:trace:file:NtSetInformationFile (0xe0,0x666f90,0x666f88,0x00000008,0x0000000e)
0024:trace:file:NtQueryInformationFile (0xe0,0x666f80,0x666f78,0x00000008,0x0000000e)
0024:trace:file:NtSetInformationFile (0xe0,0x666f80,0x666f78,0x00000008,0x0000000e)
0024:trace:file:ReadFile 000000E0 006670B8 3 00667004 00000000
0024:trace:file:NtReadFile (0xe0,(nil),(nil),(nil),0x666fc0,0x6670b8,0x00000003,(nil),(nil))
0024:trace:file:NtReadFile = SUCCESS (3)
0024:trace:file:NtSetInformationFile (0xe0,0x666fa8,0x666fa0,0x00000008,0x0000000e)
0024:trace:file:NtQueryInformationFile (0xe0,0x666f98,0x666f90,0x00000008,0x0000000e)
0024:trace:file:NtSetInformationFile (0xe0,0x666f98,0x666f90,0x00000008,0x0000000e)
0024:trace:file:ReadFile 000000E0 014D44B8 468 0066701C 00000000
0024:trace:file:NtReadFile (0xe0,(nil),(nil),(nil),0x666fd8,0x14d44b8,0x000001d4,(nil),(nil))
0024:trace:file:NtReadFile = SUCCESS (468)
0024:trace:file:CreateFileW L"../data-common/verify/verification.txt" GENERIC_READ FILE_SHARE_READ FILE_SHARE_WRITE  creation 3 attributes 0x80
0024:trace:file:RtlDosPathNameToNtPathName_U_WithStatus (L"../data-common/verify/verification.txt",00666FBC,00000000,00000000)
0024:trace:file:RtlGetFullPathName_U (L"../data-common/verify/verification.txt" 520 00666D38 00000000)
0024:trace:file:NtCreateFile handle=0x666fb8 access=80100080 name=L"\\??\\Z:\\work\\data-common\\verify\\verification.txt" objattr=00000042 root=(nil) sec=(nil) io=0x666fc4 alloc_size=(nil) attr=00000080 sharing=00000003 disp=1 options=00000060 ea=(nil).0x00000000
0024:trace:file:nt_to_unix_file_name_no_root L"\\??\\Z:\\work\\data-common\\verify\\verification.txt" -> "/work/stage2-copy/wineprefix/dosdevices/z:/work/data-common/verify/verification.txt"
0024:trace:file:CreateFileW returning 000000E0
0024:trace:file:NtSetInformationFile (0xe0,0x666fb0,0x666fa8,0x00000008,0x0000000e)
0024:trace:file:NtQueryInformationFile (0xe0,0x666fa8,0x666fa0,0x00000008,0x0000000e)
0024:trace:file:NtSetInformationFile (0xe0,0x666fa8,0x666fa0,0x00000008,0x0000000e)
0024:trace:file:NtQueryInformationFile (0xe0,0x666fa8,0x666fb0,0x00000018,0x00000005)
0024:trace:file:NtSetInformationFile (0xe0,0x666fa8,0x666fa0,0x00000008,0x0000000e)
0024:trace:file:NtQueryInformationFile (0xe0,0x666f98,0x666f90,0x00000008,0x0000000e)
0024:trace:file:NtSetInformationFile (0xe0,0x666f98,0x666f90,0x00000008,0x0000000e)
0024:trace:file:NtSetInformationFile (0xe0,0x666f98,0x666f90,0x00000008,0x0000000e)
0024:trace:file:NtQueryInformationFile (0xe0,0x666f90,0x666f88,0x00000008,0x0000000e)
0024:trace:file:NtSetInformationFile (0xe0,0x666f90,0x666f88,0x00000008,0x0000000e)
0024:trace:file:ReadFile 000000E0 006670B4 3 00667024 00000000
0024:trace:file:NtReadFile (0xe0,(nil),(nil),(nil),0x666fe0,0x6670b4,0x00000003,(nil),(nil))
0024:trace:file:NtReadFile = SUCCESS (3)
0024:trace:file:NtSetInformationFile (0xe0,0x666f98,0x666f90,0x00000008,0x0000000e)
0024:trace:file:NtQueryInformationFile (0xe0,0x666f88,0x666f80,0x00000008,0x0000000e)
0024:trace:file:NtSetInformationFile (0xe0,0x666f88,0x666f80,0x00000008,0x0000000e)
0024:trace:file:ReadFile 000000E0 006670C0 3 0066700C 00000000
0024:trace:file:NtReadFile (0xe0,(nil),(nil),(nil),0x666fc8,0x6670c0,0x00000003,(nil),(nil))
0024:trace:file:NtReadFile = SUCCESS (3)
0024:trace:file:NtSetInformationFile (0xe0,0x666fb0,0x666fa8,0x00000008,0x0000000e)
0024:trace:file:NtQueryInformationFile (0xe0,0x666fa0,0x666f98,0x00000008,0x0000000e)
0024:trace:file:NtSetInformationFile (0xe0,0x666fa0,0x666f98,0x00000008,0x0000000e)
0024:trace:file:ReadFile 000000E0 014D44B8 468 00667024 00000000
0024:trace:file:NtReadFile (0xe0,(nil),(nil),(nil),0x666fe0,0x14d44b8,0x000001d4,(nil),(nil))
0024:trace:file:NtReadFile = SUCCESS (468)
0024:trace:file:CreateFileW L"output.wav" GENERIC_READ GENERIC_WRITE FILE_SHARE_READ FILE_SHARE_WRITE  creation 2 attributes 0x80
0024:trace:file:RtlDosPathNameToNtPathName_U_WithStatus (L"output.wav",0066766C,00000000,00000000)
0024:trace:file:RtlGetFullPathName_U (L"output.wav" 520 006673E8 00000000)
0024:trace:file:NtCreateFile handle=0x667668 access=c0100080 name=L"\\??\\Z:\\work\\stage5\\output.wav" objattr=00000042 root=(nil) sec=(nil) io=0x667674 alloc_size=(nil) attr=00000080 sharing=00000003 disp=5 options=00000060 ea=(nil).0x00000000
0024:trace:file:nt_to_unix_file_name_no_root L"\\??\\Z:\\work\\stage5\\output.wav" -> "/work/stage2-copy/wineprefix/dosdevices/z:/work/stage5/output.wav"
0024:trace:file:CreateFileW returning 000000E0
0024:trace:file:NtSetInformationFile (0xe0,0x667668,0x667660,0x00000008,0x0000000e)
0024:trace:file:NtQueryInformationFile (0xe0,0x667658,0x667650,0x00000008,0x0000000e)
0024:trace:file:NtSetInformationFile (0xe0,0x667658,0x667650,0x00000008,0x0000000e)
0024:trace:file:NtQueryInformationFile (0xe0,0x667658,0x667660,0x00000018,0x00000005)
0024:trace:file:NtSetInformationFile (0xe0,0x667658,0x667650,0x00000008,0x0000000e)
0024:trace:file:NtQueryInformationFile (0xe0,0x667650,0x667648,0x00000008,0x0000000e)
0024:trace:file:NtSetInformationFile (0xe0,0x667650,0x667648,0x00000008,0x0000000e)
0024:trace:file:NtSetInformationFile (0xe0,0x667650,0x667648,0x00000008,0x0000000e)
0024:trace:file:NtQueryInformationFile (0xe0,0x667640,0x667638,0x00000008,0x0000000e)
0024:trace:file:NtSetInformationFile (0xe0,0x667640,0x667638,0x00000008,0x0000000e)
0024:trace:file:NtSetInformationFile (0xac,0x666e30,0x666e28,0x00000008,0x0000000e)
0024:trace:file:NtQueryInformationFile (0xac,0x666e20,0x666e18,0x00000008,0x0000000e)
0024:trace:file:NtSetInformationFile (0xac,0x666e20,0x666e18,0x00000008,0x0000000e)
0024:trace:file:ReadFile 000000AC 0066700C 2 00666EA4 00000000
0024:trace:file:NtReadFile (0xac,(nil),(nil),(nil),0x666e60,0x66700c,0x00000002,(nil),(nil))
0024:trace:file:NtReadFile = SUCCESS (2)
0024:trace:file:NtSetInformationFile (0xa8,0x666e30,0x666e28,0x00000008,0x0000000e)
0024:trace:file:NtQueryInformationFile (0xa8,0x666e20,0x666e18,0x00000008,0x0000000e)
0024:trace:file:NtSetInformationFile (0xa8,0x666e20,0x666e18,0x00000008,0x0000000e)
0024:trace:file:ReadFile 000000A8 00667010 4 00666EA4 00000000
0024:trace:file:NtReadFile (0xa8,(nil),(nil),(nil),0x666e60,0x667010,0x00000004,(nil),(nil))
0024:trace:file:NtReadFile = SUCCESS (4)
0024:trace:file:NtSetInformationFile (0xa4,0x666e18,0x666e10,0x00000008,0x0000000e)
0024:trace:file:NtQueryInformationFile (0xa4,0x666e08,0x666e00,0x00000008,0x0000000e)
0024:trace:file:NtSetInformationFile (0xa4,0x666e08,0x666e00,0x00000008,0x0000000e)
0024:trace:file:ReadFile 000000A4 00666F34 27 00666E8C 00000000
0024:trace:file:NtReadFile (0xa4,(nil),(nil),(nil),0x666e48,0x666f34,0x0000001b,(nil),(nil))
0024:trace:file:NtReadFile = SUCCESS (27)
0024:trace:file:NtSetInformationFile (0xa0,0x666fa8,0x666fa0,0x00000008,0x0000000e)
0024:trace:file:NtQueryInformationFile (0xa0,0x666fa0,0x666f98,0x00000008,0x0000000e)
0024:trace:file:NtSetInformationFile (0xa0,0x666fa0,0x666f98,0x00000008,0x0000000e)
0024:trace:file:ReadFile 000000A0 00667188 2 00667020 00000000
0024:trace:file:NtReadFile (0xa0,(nil),(nil),(nil),0x666fd8,0x667188,0x00000002,(nil),(nil))
0024:trace:file:NtReadFile = SUCCESS (2)
0024:trace:file:NtSetInformationFile (0x9c,0x666fa8,0x666fa0,0x00000008,0x0000000e)
0024:trace:file:NtQueryInformationFile (0x9c,0x666fa0,0x666f98,0x00000008,0x0000000e)
0024:trace:file:NtSetInformationFile (0x9c,0x666fa0,0x666f98,0x00000008,0x0000000e)
0024:trace:file:ReadFile 0000009C 0066718C 4 00667020 00000000
0024:trace:file:NtReadFile (0x9c,(nil),(nil),(nil),0x666fd8,0x66718c,0x00000004,(nil),(nil))
0024:trace:file:NtReadFile = SUCCESS (4)
0024:trace:file:NtSetInformationFile (0x98,0x666f90,0x666f88,0x00000008,0x0000000e)
0024:trace:file:NtQueryInformationFile (0x98,0x666f88,0x666f80,0x00000008,0x0000000e)
0024:trace:file:NtSetInformationFile (0x98,0x666f88,0x666f80,0x00000008,0x0000000e)
0024:trace:file:ReadFile 00000098 006670B0 37 00667008 00000000
0024:trace:file:NtReadFile (0x98,(nil),(nil),(nil),0x666fc0,0x6670b0,0x00000025,(nil),(nil))
0024:trace:file:NtReadFile = SUCCESS (37)
0024:trace:file:NtSetInformationFile (0xac,0x666e30,0x666e28,0x00000008,0x0000000e)
0024:trace:file:NtQueryInformationFile (0xac,0x666e20,0x666e18,0x00000008,0x0000000e)
0024:trace:file:NtSetInformationFile (0xac,0x666e20,0x666e18,0x00000008,0x0000000e)
0024:trace:file:ReadFile 000000AC 0066700C 2 00666EA4 00000000
0024:trace:file:NtReadFile (0xac,(nil),(nil),(nil),0x666e60,0x66700c,0x00000002,(nil),(nil))
0024:trace:file:NtReadFile = SUCCESS (2)
0024:trace:file:NtSetInformationFile (0xac,0x666e30,0x666e28,0x00000008,0x0000000e)
0024:trace:file:NtQueryInformationFile (0xac,0x666e20,0x666e18,0x00000008,0x0000000e)
0024:trace:file:NtSetInformationFile (0xac,0x666e20,0x666e18,0x00000008,0x0000000e)
0024:trace:file:ReadFile 000000AC 0066700C 2 00666EA4 00000000
0024:trace:file:NtReadFile (0xac,(nil),(nil),(nil),0x666e60,0x66700c,0x00000002,(nil),(nil))
0024:trace:file:NtReadFile = SUCCESS (2)
0024:trace:file:NtSetInformationFile (0xac,0x666e30,0x666e28,0x00000008,0x0000000e)
0024:trace:file:NtQueryInformationFile (0xac,0x666e20,0x666e18,0x00000008,0x0000000e)
0024:trace:file:NtSetInformationFile (0xac,0x666e20,0x666e18,0x00000008,0x0000000e)
0024:trace:file:ReadFile 000000AC 0066700C 2 00666EA4 00000000
0024:trace:file:NtReadFile (0xac,(nil),(nil),(nil),0x666e60,0x66700c,0x00000002,(nil),(nil))
0024:trace:file:NtReadFile = SUCCESS (2)
0024:trace:file:NtSetInformationFile (0xa0,0x666fa8,0x666fa0,0x00000008,0x0000000e)
0024:trace:file:NtQueryInformationFile (0xa0,0x666fa0,0x666f98,0x00000008,0x0000000e)
0024:trace:file:NtSetInformationFile (0xa0,0x666fa0,0x666f98,0x00000008,0x0000000e)
0024:trace:file:ReadFile 000000A0 00667188 2 00667020 00000000
0024:trace:file:NtReadFile (0xa0,(nil),(nil),(nil),0x666fd8,0x667188,0x00000002,(nil),(nil))
0024:trace:file:NtReadFile = SUCCESS (2)
0024:trace:file:NtSetInformationFile (0x9c,0x666fa8,0x666fa0,0x00000008,0x0000000e)
0024:trace:file:NtQueryInformationFile (0x9c,0x666fa0,0x666f98,0x00000008,0x0000000e)
0024:trace:file:NtSetInformationFile (0x9c,0x666fa0,0x666f98,0x00000008,0x0000000e)
0024:trace:file:ReadFile 0000009C 0066718C 4 00667020 00000000
0024:trace:file:NtReadFile (0x9c,(nil),(nil),(nil),0x666fd8,0x66718c,0x00000004,(nil),(nil))
0024:trace:file:NtReadFile = SUCCESS (4)
0024:trace:file:NtSetInformationFile (0x98,0x666f90,0x666f88,0x00000008,0x0000000e)
0024:trace:file:NtQueryInformationFile (0x98,0x666f88,0x666f80,0x00000008,0x0000000e)
0024:trace:file:NtSetInformationFile (0x98,0x666f88,0x666f80,0x00000008,0x0000000e)
0024:trace:file:ReadFile 00000098 006670B0 37 00667008 00000000
0024:trace:file:NtReadFile (0x98,(nil),(nil),(nil),0x666fc0,0x6670b0,0x00000025,(nil),(nil))
0024:trace:file:NtReadFile = SUCCESS (37)
0024:trace:file:NtSetInformationFile (0xa0,0x667020,0x667018,0x00000008,0x0000000e)
0024:trace:file:NtQueryInformationFile (0xa0,0x667018,0x667010,0x00000008,0x0000000e)
0024:trace:file:NtSetInformationFile (0xa0,0x667018,0x667010,0x00000008,0x0000000e)
0024:trace:file:ReadFile 000000A0 00667200 2 00667098 00000000
0024:trace:file:NtReadFile (0xa0,(nil),(nil),(nil),0x667050,0x667200,0x00000002,(nil),(nil))
0024:trace:file:NtReadFile = SUCCESS (2)
0024:trace:file:NtSetInformationFile (0x9c,0x667020,0x667018,0x00000008,0x0000000e)
0024:trace:file:NtQueryInformationFile (0x9c,0x667018,0x667010,0x00000008,0x0000000e)
0024:trace:file:NtSetInformationFile (0x9c,0x667018,0x667010,0x00000008,0x0000000e)
0024:trace:file:ReadFile 0000009C 00667204 4 00667098 00000000
0024:trace:file:NtReadFile (0x9c,(nil),(nil),(nil),0x667050,0x667204,0x00000004,(nil),(nil))
0024:trace:file:NtReadFile = SUCCESS (4)
0024:trace:file:NtSetInformationFile (0x98,0x667008,0x667000,0x00000008,0x0000000e)
0024:trace:file:NtQueryInformationFile (0x98,0x667000,0x666ff8,0x00000008,0x0000000e)
0024:trace:file:NtSetInformationFile (0x98,0x667000,0x666ff8,0x00000008,0x0000000e)
0024:trace:file:ReadFile 00000098 00667128 37 00667080 00000000
0024:trace:file:NtReadFile (0x98,(nil),(nil),(nil),0x667038,0x667128,0x00000025,(nil),(nil))
0024:trace:file:NtReadFile = SUCCESS (37)
0024:trace:file:NtSetInformationFile (0xa0,0x667020,0x667018,0x00000008,0x0000000e)
0024:trace:file:NtQueryInformationFile (0xa0,0x667018,0x667010,0x00000008,0x0000000e)
0024:trace:file:NtSetInformationFile (0xa0,0x667018,0x667010,0x00000008,0x0000000e)
0024:trace:file:ReadFile 000000A0 00667200 2 00667098 00000000
0024:trace:file:NtReadFile (0xa0,(nil),(nil),(nil),0x667050,0x667200,0x00000002,(nil),(nil))
0024:trace:file:NtReadFile = SUCCESS (2)
0024:trace:file:NtSetInformationFile (0x9c,0x667020,0x667018,0x00000008,0x0000000e)
0024:trace:file:NtQueryInformationFile (0x9c,0x667018,0x667010,0x00000008,0x0000000e)
0024:trace:file:NtSetInformationFile (0x9c,0x667018,0x667010,0x00000008,0x0000000e)
0024:trace:file:ReadFile 0000009C 00667204 4 00667098 00000000
0024:trace:file:NtReadFile (0x9c,(nil),(nil),(nil),0x667050,0x667204,0x00000004,(nil),(nil))
0024:trace:file:NtReadFile = SUCCESS (4)
0024:trace:file:NtSetInformationFile (0x98,0x667008,0x667000,0x00000008,0x0000000e)
0024:trace:file:NtQueryInformationFile (0x98,0x667000,0x666ff8,0x00000008,0x0000000e)
0024:trace:file:NtSetInformationFile (0x98,0x667000,0x666ff8,0x00000008,0x0000000e)
0024:trace:file:ReadFile 00000098 00667128 37 00667080 00000000
0024:trace:file:NtReadFile (0x98,(nil),(nil),(nil),0x667038,0x667128,0x00000025,(nil),(nil))
0024:trace:file:NtReadFile = SUCCESS (37)
0024:trace:file:NtSetInformationFile (0xa0,0x667020,0x667018,0x00000008,0x0000000e)
0024:trace:file:NtQueryInformationFile (0xa0,0x667018,0x667010,0x00000008,0x0000000e)
0024:trace:file:NtSetInformationFile (0xa0,0x667018,0x667010,0x00000008,0x0000000e)
0024:trace:file:ReadFile 000000A0 00667200 2 00667098 00000000
0024:trace:file:NtReadFile (0xa0,(nil),(nil),(nil),0x667050,0x667200,0x00000002,(nil),(nil))
0024:trace:file:NtReadFile = SUCCESS (2)
0024:trace:file:NtSetInformationFile (0xa0,0x667020,0x667018,0x00000008,0x0000000e)
0024:trace:file:NtQueryInformationFile (0xa0,0x667018,0x667010,0x00000008,0x0000000e)
0024:trace:file:NtSetInformationFile (0xa0,0x667018,0x667010,0x00000008,0x0000000e)
0024:trace:file:ReadFile 000000A0 00667200 2 00667098 00000000
0024:trace:file:NtReadFile (0xa0,(nil),(nil),(nil),0x667050,0x667200,0x00000002,(nil),(nil))
0024:trace:file:NtReadFile = SUCCESS (2)
0024:trace:file:NtSetInformationFile (0x9c,0x667020,0x667018,0x00000008,0x0000000e)
0024:trace:file:NtQueryInformationFile (0x9c,0x667018,0x667010,0x00000008,0x0000000e)
0024:trace:file:NtSetInformationFile (0x9c,0x667018,0x667010,0x00000008,0x0000000e)
0024:trace:file:ReadFile 0000009C 00667204 4 00667098 00000000
0024:trace:file:NtReadFile (0x9c,(nil),(nil),(nil),0x667050,0x667204,0x00000004,(nil),(nil))
0024:trace:file:NtReadFile = SUCCESS (4)
0024:trace:file:NtSetInformationFile (0x98,0x667008,0x667000,0x00000008,0x0000000e)
0024:trace:file:NtQueryInformationFile (0x98,0x667000,0x666ff8,0x00000008,0x0000000e)
0024:trace:file:NtSetInformationFile (0x98,0x667000,0x666ff8,0x00000008,0x0000000e)
0024:trace:file:ReadFile 00000098 00667128 37 00667080 00000000
0024:trace:file:NtReadFile (0x98,(nil),(nil),(nil),0x667038,0x667128,0x00000025,(nil),(nil))
0024:trace:file:NtReadFile = SUCCESS (37)
0024:trace:file:NtSetInformationFile (0xa0,0x667020,0x667018,0x00000008,0x0000000e)
0024:trace:file:NtQueryInformationFile (0xa0,0x667018,0x667010,0x00000008,0x0000000e)
0024:trace:file:NtSetInformationFile (0xa0,0x667018,0x667010,0x00000008,0x0000000e)
0024:trace:file:ReadFile 000000A0 00667200 2 00667098 00000000
0024:trace:file:NtReadFile (0xa0,(nil),(nil),(nil),0x667050,0x667200,0x00000002,(nil),(nil))
0024:trace:file:NtReadFile = SUCCESS (2)
0024:trace:file:NtSetInformationFile (0x9c,0x667020,0x667018,0x00000008,0x0000000e)
0024:trace:file:NtQueryInformationFile (0x9c,0x667018,0x667010,0x00000008,0x0000000e)
0024:trace:file:NtSetInformationFile (0x9c,0x667018,0x667010,0x00000008,0x0000000e)
0024:trace:file:ReadFile 0000009C 00667204 4 00667098 00000000
0024:trace:file:NtReadFile (0x9c,(nil),(nil),(nil),0x667050,0x667204,0x00000004,(nil),(nil))
0024:trace:file:NtReadFile = SUCCESS (4)
0024:trace:file:NtSetInformationFile (0x98,0x667008,0x667000,0x00000008,0x0000000e)
0024:trace:file:NtQueryInformationFile (0x98,0x667000,0x666ff8,0x00000008,0x0000000e)
0024:trace:file:NtSetInformationFile (0x98,0x667000,0x666ff8,0x00000008,0x0000000e)
0024:trace:file:ReadFile 00000098 00667128 37 00667080 00000000
0024:trace:file:NtReadFile (0x98,(nil),(nil),(nil),0x667038,0x667128,0x00000025,(nil),(nil))
0024:trace:file:NtReadFile = SUCCESS (37)
0024:trace:file:NtSetInformationFile (0xa0,0x667020,0x667018,0x00000008,0x0000000e)
0024:trace:file:NtQueryInformationFile (0xa0,0x667018,0x667010,0x00000008,0x0000000e)
0024:trace:file:NtSetInformationFile (0xa0,0x667018,0x667010,0x00000008,0x0000000e)
0024:trace:file:ReadFile 000000A0 00667200 2 00667098 00000000
0024:trace:file:NtReadFile (0xa0,(nil),(nil),(nil),0x667050,0x667200,0x00000002,(nil),(nil))
0024:trace:file:NtReadFile = SUCCESS (2)
0024:trace:file:NtSetInformationFile (0x9c,0x667020,0x667018,0x00000008,0x0000000e)
0024:trace:file:NtQueryInformationFile (0x9c,0x667018,0x667010,0x00000008,0x0000000e)
0024:trace:file:NtSetInformationFile (0x9c,0x667018,0x667010,0x00000008,0x0000000e)
0024:trace:file:ReadFile 0000009C 00667204 4 00667098 00000000
0024:trace:file:NtReadFile (0x9c,(nil),(nil),(nil),0x667050,0x667204,0x00000004,(nil),(nil))
0024:trace:file:NtReadFile = SUCCESS (4)
0024:trace:file:NtSetInformationFile (0x98,0x667008,0x667000,0x00000008,0x0000000e)
0024:trace:file:NtQueryInformationFile (0x98,0x667000,0x666ff8,0x00000008,0x0000000e)
0024:trace:file:NtSetInformationFile (0x98,0x667000,0x666ff8,0x00000008,0x0000000e)
0024:trace:file:ReadFile 00000098 00667128 37 00667080 00000000
0024:trace:file:NtReadFile (0x98,(nil),(nil),(nil),0x667038,0x667128,0x00000025,(nil),(nil))
0024:trace:file:NtReadFile = SUCCESS (37)
0024:trace:file:NtSetInformationFile (0xa0,0x667020,0x667018,0x00000008,0x0000000e)
0024:trace:file:NtQueryInformationFile (0xa0,0x667018,0x667010,0x00000008,0x0000000e)
0024:trace:file:NtSetInformationFile (0xa0,0x667018,0x667010,0x00000008,0x0000000e)
0024:trace:file:ReadFile 000000A0 00667200 2 00667098 00000000
0024:trace:file:NtReadFile (0xa0,(nil),(nil),(nil),0x667050,0x667200,0x00000002,(nil),(nil))
0024:trace:file:NtReadFile = SUCCESS (2)
0024:trace:file:NtSetInformationFile (0xa0,0x666f00,0x666ef8,0x00000008,0x0000000e)
0024:trace:file:NtQueryInformationFile (0xa0,0x666ef8,0x666ef0,0x00000008,0x0000000e)
0024:trace:file:NtSetInformationFile (0xa0,0x666ef8,0x666ef0,0x00000008,0x0000000e)
0024:trace:file:ReadFile 000000A0 006670E0 2 00666F78 00000000
0024:trace:file:NtReadFile (0xa0,(nil),(nil),(nil),0x666f30,0x6670e0,0x00000002,(nil),(nil))
0024:trace:file:NtReadFile = SUCCESS (2)
0024:trace:file:NtSetInformationFile (0x9c,0x666f00,0x666ef8,0x00000008,0x0000000e)
0024:trace:file:NtQueryInformationFile (0x9c,0x666ef8,0x666ef0,0x00000008,0x0000000e)
0024:trace:file:NtSetInformationFile (0x9c,0x666ef8,0x666ef0,0x00000008,0x0000000e)
0024:trace:file:ReadFile 0000009C 006670E4 4 00666F78 00000000
0024:trace:file:NtReadFile (0x9c,(nil),(nil),(nil),0x666f30,0x6670e4,0x00000004,(nil),(nil))
0024:trace:file:NtReadFile = SUCCESS (4)
0024:trace:file:NtSetInformationFile (0x98,0x666ee8,0x666ee0,0x00000008,0x0000000e)
0024:trace:file:NtQueryInformationFile (0x98,0x666ee0,0x666ed8,0x00000008,0x0000000e)
0024:trace:file:NtSetInformationFile (0x98,0x666ee0,0x666ed8,0x00000008,0x0000000e)
0024:trace:file:ReadFile 00000098 00667008 37 00666F60 00000000
0024:trace:file:NtReadFile (0x98,(nil),(nil),(nil),0x666f18,0x667008,0x00000025,(nil),(nil))
0024:trace:file:NtReadFile = SUCCESS (37)
0024:trace:file:NtSetInformationFile (0xa0,0x666f00,0x666ef8,0x00000008,0x0000000e)
0024:trace:file:NtQueryInformationFile (0xa0,0x666ef8,0x666ef0,0x00000008,0x0000000e)
0024:trace:file:NtSetInformationFile (0xa0,0x666ef8,0x666ef0,0x00000008,0x0000000e)
0024:trace:file:ReadFile 000000A0 006670E0 2 00666F78 00000000
0024:trace:file:NtReadFile (0xa0,(nil),(nil),(nil),0x666f30,0x6670e0,0x00000002,(nil),(nil))
0024:trace:file:NtReadFile = SUCCESS (2)
0024:trace:file:NtSetInformationFile (0x9c,0x666f00,0x666ef8,0x00000008,0x0000000e)
0024:trace:file:NtQueryInformationFile (0x9c,0x666ef8,0x666ef0,0x00000008,0x0000000e)
0024:trace:file:NtSetInformationFile (0x9c,0x666ef8,0x666ef0,0x00000008,0x0000000e)
0024:trace:file:ReadFile 0000009C 006670E4 4 00666F78 00000000
0024:trace:file:NtReadFile (0x9c,(nil),(nil),(nil),0x666f30,0x6670e4,0x00000004,(nil),(nil))
0024:trace:file:NtReadFile = SUCCESS (4)
0024:trace:file:NtSetInformationFile (0x98,0x666ee8,0x666ee0,0x00000008,0x0000000e)
0024:trace:file:NtQueryInformationFile (0x98,0x666ee0,0x666ed8,0x00000008,0x0000000e)
0024:trace:file:NtSetInformationFile (0x98,0x666ee0,0x666ed8,0x00000008,0x0000000e)
0024:trace:file:ReadFile 00000098 00667008 37 00666F60 00000000
0024:trace:file:NtReadFile (0x98,(nil),(nil),(nil),0x666f18,0x667008,0x00000025,(nil),(nil))
0024:trace:file:NtReadFile = SUCCESS (37)
0024:trace:file:NtSetInformationFile (0xac,0x6670e8,0x6670e0,0x00000008,0x0000000e)
0024:trace:file:NtQueryInformationFile (0xac,0x6670e0,0x6670d8,0x00000008,0x0000000e)
0024:trace:file:NtSetInformationFile (0xac,0x6670e0,0x6670d8,0x00000008,0x0000000e)
0024:trace:file:ReadFile 000000AC 006672C8 2 00667160 00000000
0024:trace:file:NtReadFile (0xac,(nil),(nil),(nil),0x667118,0x6672c8,0x00000002,(nil),(nil))
0024:trace:file:NtReadFile = SUCCESS (2)
0024:trace:file:NtSetInformationFile (0xac,0x6670e8,0x6670e0,0x00000008,0x0000000e)
0024:trace:file:NtQueryInformationFile (0xac,0x6670e0,0x6670d8,0x00000008,0x0000000e)
0024:trace:file:NtSetInformationFile (0xac,0x6670e0,0x6670d8,0x00000008,0x0000000e)
0024:trace:file:ReadFile 000000AC 006672C8 2 00667160 00000000
0024:trace:file:NtReadFile (0xac,(nil),(nil),(nil),0x667118,0x6672c8,0x00000002,(nil),(nil))
0024:trace:file:NtReadFile = SUCCESS (2)
0024:trace:file:NtSetInformationFile (0xac,0x6670e8,0x6670e0,0x00000008,0x0000000e)
0024:trace:file:NtQueryInformationFile (0xac,0x6670e0,0x6670d8,0x00000008,0x0000000e)
0024:trace:file:NtSetInformationFile (0xac,0x6670e0,0x6670d8,0x00000008,0x0000000e)
0024:trace:file:ReadFile 000000AC 006672C8 2 00667160 00000000
0024:trace:file:NtReadFile (0xac,(nil),(nil),(nil),0x667118,0x6672c8,0x00000002,(nil),(nil))
0024:trace:file:NtReadFile = SUCCESS (2)
0024:trace:file:NtSetInformationFile (0xac,0x6670e8,0x6670e0,0x00000008,0x0000000e)
0024:trace:file:NtQueryInformationFile (0xac,0x6670e0,0x6670d8,0x00000008,0x0000000e)
0024:trace:file:NtSetInformationFile (0xac,0x6670e0,0x6670d8,0x00000008,0x0000000e)
0024:trace:file:ReadFile 000000AC 006672C8 2 00667160 00000000
0024:trace:file:NtReadFile (0xac,(nil),(nil),(nil),0x667118,0x6672c8,0x00000002,(nil),(nil))
0024:trace:file:NtReadFile = SUCCESS (2)
0024:trace:file:NtSetInformationFile (0xac,0x6670e8,0x6670e0,0x00000008,0x0000000e)
0024:trace:file:NtQueryInformationFile (0xac,0x6670e0,0x6670d8,0x00000008,0x0000000e)
0024:trace:file:NtSetInformationFile (0xac,0x6670e0,0x6670d8,0x00000008,0x0000000e)
0024:trace:file:ReadFile 000000AC 006672C8 2 00667160 00000000
0024:trace:file:NtReadFile (0xac,(nil),(nil),(nil),0x667118,0x6672c8,0x00000002,(nil),(nil))
0024:trace:file:NtReadFile = SUCCESS (2)
0024:trace:file:NtSetInformationFile (0xac,0x6670e8,0x6670e0,0x00000008,0x0000000e)
0024:trace:file:NtQueryInformationFile (0xac,0x6670e0,0x6670d8,0x00000008,0x0000000e)
0024:trace:file:NtSetInformationFile (0xac,0x6670e0,0x6670d8,0x00000008,0x0000000e)
0024:trace:file:ReadFile 000000AC 006672C8 2 00667160 00000000
0024:trace:file:NtReadFile (0xac,(nil),(nil),(nil),0x667118,0x6672c8,0x00000002,(nil),(nil))
0024:trace:file:NtReadFile = SUCCESS (2)
0024:trace:file:NtSetInformationFile (0xac,0x667150,0x667148,0x00000008,0x0000000e)
0024:trace:file:NtQueryInformationFile (0xac,0x667148,0x667140,0x00000008,0x0000000e)
0024:trace:file:NtSetInformationFile (0xac,0x667148,0x667140,0x00000008,0x0000000e)
0024:trace:file:ReadFile 000000AC 00667330 2 006671C8 00000000
0024:trace:file:NtReadFile (0xac,(nil),(nil),(nil),0x667180,0x667330,0x00000002,(nil),(nil))
0024:trace:file:NtReadFile = SUCCESS (2)
0024:trace:file:NtSetInformationFile (0xa8,0x667150,0x667148,0x00000008,0x0000000e)
0024:trace:file:NtQueryInformationFile (0xa8,0x667148,0x667140,0x00000008,0x0000000e)
0024:trace:file:NtSetInformationFile (0xa8,0x667148,0x667140,0x00000008,0x0000000e)
0024:trace:file:ReadFile 000000A8 00667334 4 006671C8 00000000
0024:trace:file:NtReadFile (0xa8,(nil),(nil),(nil),0x667180,0x667334,0x00000004,(nil),(nil))
0024:trace:file:NtReadFile = SUCCESS (4)
0024:trace:file:NtSetInformationFile (0xa4,0x667138,0x667130,0x00000008,0x0000000e)
0024:trace:file:NtQueryInformationFile (0xa4,0x667130,0x667128,0x00000008,0x0000000e)
0024:trace:file:NtSetInformationFile (0xa4,0x667130,0x667128,0x00000008,0x0000000e)
0024:trace:file:ReadFile 000000A4 00667258 27 006671B0 00000000
0024:trace:file:NtReadFile (0xa4,(nil),(nil),(nil),0x667168,0x667258,0x0000001b,(nil),(nil))
0024:trace:file:NtReadFile = SUCCESS (27)
0024:trace:file:NtSetInformationFile (0xac,0x6670e8,0x6670e0,0x00000008,0x0000000e)
0024:trace:file:NtQueryInformationFile (0xac,0x6670e0,0x6670d8,0x00000008,0x0000000e)
0024:trace:file:NtSetInformationFile (0xac,0x6670e0,0x6670d8,0x00000008,0x0000000e)
0024:trace:file:ReadFile 000000AC 006672C8 2 00667160 00000000
0024:trace:file:NtReadFile (0xac,(nil),(nil),(nil),0x667118,0x6672c8,0x00000002,(nil),(nil))
0024:trace:file:NtReadFile = SUCCESS (2)
0024:trace:file:NtSetInformationFile (0xac,0x6670e8,0x6670e0,0x00000008,0x0000000e)
0024:trace:file:NtQueryInformationFile (0xac,0x6670e0,0x6670d8,0x00000008,0x0000000e)
0024:trace:file:NtSetInformationFile (0xac,0x6670e0,0x6670d8,0x00000008,0x0000000e)
0024:trace:file:ReadFile 000000AC 006672C8 2 00667160 00000000
0024:trace:file:NtReadFile (0xac,(nil),(nil),(nil),0x667118,0x6672c8,0x00000002,(nil),(nil))
0024:trace:file:NtReadFile = SUCCESS (2)
0024:trace:file:NtSetInformationFile (0xac,0x667150,0x667148,0x00000008,0x0000000e)
0024:trace:file:NtQueryInformationFile (0xac,0x667148,0x667140,0x00000008,0x0000000e)
0024:trace:file:NtSetInformationFile (0xac,0x667148,0x667140,0x00000008,0x0000000e)
0024:trace:file:ReadFile 000000AC 00667330 2 006671C8 00000000
0024:trace:file:NtReadFile (0xac,(nil),(nil),(nil),0x667180,0x667330,0x00000002,(nil),(nil))
0024:trace:file:NtReadFile = SUCCESS (2)
0024:trace:file:NtSetInformationFile (0xa8,0x667150,0x667148,0x00000008,0x0000000e)
0024:trace:file:NtQueryInformationFile (0xa8,0x667148,0x667140,0x00000008,0x0000000e)
0024:trace:file:NtSetInformationFile (0xa8,0x667148,0x667140,0x00000008,0x0000000e)
0024:trace:file:ReadFile 000000A8 00667334 4 006671C8 00000000
0024:trace:file:NtReadFile (0xa8,(nil),(nil),(nil),0x667180,0x667334,0x00000004,(nil),(nil))
0024:trace:file:NtReadFile = SUCCESS (4)
0024:trace:file:NtSetInformationFile (0xa4,0x667138,0x667130,0x00000008,0x0000000e)
0024:trace:file:NtQueryInformationFile (0xa4,0x667130,0x667128,0x00000008,0x0000000e)
0024:trace:file:NtSetInformationFile (0xa4,0x667130,0x667128,0x00000008,0x0000000e)
0024:trace:file:ReadFile 000000A4 00667258 27 006671B0 00000000
0024:trace:file:NtReadFile (0xa4,(nil),(nil),(nil),0x667168,0x667258,0x0000001b,(nil),(nil))
0024:trace:file:NtReadFile = SUCCESS (27)
0024:trace:file:NtSetInformationFile (0xac,0x6670e8,0x6670e0,0x00000008,0x0000000e)
0024:trace:file:NtQueryInformationFile (0xac,0x6670e0,0x6670d8,0x00000008,0x0000000e)
0024:trace:file:NtSetInformationFile (0xac,0x6670e0,0x6670d8,0x00000008,0x0000000e)
0024:trace:file:ReadFile 000000AC 006672C8 2 00667160 00000000
0024:trace:file:NtReadFile (0xac,(nil),(nil),(nil),0x667118,0x6672c8,0x00000002,(nil),(nil))
0024:trace:file:NtReadFile = SUCCESS (2)
0024:trace:file:NtSetInformationFile (0xac,0x667150,0x667148,0x00000008,0x0000000e)
0024:trace:file:NtQueryInformationFile (0xac,0x667148,0x667140,0x00000008,0x0000000e)
0024:trace:file:NtSetInformationFile (0xac,0x667148,0x667140,0x00000008,0x0000000e)
0024:trace:file:ReadFile 000000AC 00667330 2 006671C8 00000000
0024:trace:file:NtReadFile (0xac,(nil),(nil),(nil),0x667180,0x667330,0x00000002,(nil),(nil))
0024:trace:file:NtReadFile = SUCCESS (2)
0024:trace:file:NtSetInformationFile (0xac,0x667150,0x667148,0x00000008,0x0000000e)
0024:trace:file:NtQueryInformationFile (0xac,0x667148,0x667140,0x00000008,0x0000000e)
0024:trace:file:NtSetInformationFile (0xac,0x667148,0x667140,0x00000008,0x0000000e)
0024:trace:file:ReadFile 000000AC 00667330 2 006671C8 00000000
0024:trace:file:NtReadFile (0xac,(nil),(nil),(nil),0x667180,0x667330,0x00000002,(nil),(nil))
0024:trace:file:NtReadFile = SUCCESS (2)
0024:trace:file:NtSetInformationFile (0xac,0x6670e8,0x6670e0,0x00000008,0x0000000e)
0024:trace:file:NtQueryInformationFile (0xac,0x6670e0,0x6670d8,0x00000008,0x0000000e)
0024:trace:file:NtSetInformationFile (0xac,0x6670e0,0x6670d8,0x00000008,0x0000000e)
0024:trace:file:ReadFile 000000AC 006672C8 2 00667160 00000000
0024:trace:file:NtReadFile (0xac,(nil),(nil),(nil),0x667118,0x6672c8,0x00000002,(nil),(nil))
0024:trace:file:NtReadFile = SUCCESS (2)
0024:trace:file:NtSetInformationFile (0xac,0x6670e8,0x6670e0,0x00000008,0x0000000e)
0024:trace:file:NtQueryInformationFile (0xac,0x6670e0,0x6670d8,0x00000008,0x0000000e)
0024:trace:file:NtSetInformationFile (0xac,0x6670e0,0x6670d8,0x00000008,0x0000000e)
0024:trace:file:ReadFile 000000AC 006672C8 2 00667160 00000000
0024:trace:file:NtReadFile (0xac,(nil),(nil),(nil),0x667118,0x6672c8,0x00000002,(nil),(nil))
0024:trace:file:NtReadFile = SUCCESS (2)
0024:trace:file:NtSetInformationFile (0xac,0x667150,0x667148,0x00000008,0x0000000e)
0024:trace:file:NtQueryInformationFile (0xac,0x667148,0x667140,0x00000008,0x0000000e)
0024:trace:file:NtSetInformationFile (0xac,0x667148,0x667140,0x00000008,0x0000000e)
0024:trace:file:ReadFile 000000AC 00667330 2 006671C8 00000000
0024:trace:file:NtReadFile (0xac,(nil),(nil),(nil),0x667180,0x667330,0x00000002,(nil),(nil))
0024:trace:file:NtReadFile = SUCCESS (2)
0024:trace:file:NtSetInformationFile (0xa8,0x667150,0x667148,0x00000008,0x0000000e)
0024:trace:file:NtQueryInformationFile (0xa8,0x667148,0x667140,0x00000008,0x0000000e)
0024:trace:file:NtSetInformationFile (0xa8,0x667148,0x667140,0x00000008,0x0000000e)
0024:trace:file:ReadFile 000000A8 00667334 4 006671C8 00000000
0024:trace:file:NtReadFile (0xa8,(nil),(nil),(nil),0x667180,0x667334,0x00000004,(nil),(nil))
0024:trace:file:NtReadFile = SUCCESS (4)
0024:trace:file:NtSetInformationFile (0xa4,0x667138,0x667130,0x00000008,0x0000000e)
0024:trace:file:NtQueryInformationFile (0xa4,0x667130,0x667128,0x00000008,0x0000000e)
0024:trace:file:NtSetInformationFile (0xa4,0x667130,0x667128,0x00000008,0x0000000e)
0024:trace:file:ReadFile 000000A4 00667258 27 006671B0 00000000
0024:trace:file:NtReadFile (0xa4,(nil),(nil),(nil),0x667168,0x667258,0x0000001b,(nil),(nil))
0024:trace:file:NtReadFile = SUCCESS (27)
0024:trace:file:NtSetInformationFile (0xac,0x6670e8,0x6670e0,0x00000008,0x0000000e)
0024:trace:file:NtQueryInformationFile (0xac,0x6670e0,0x6670d8,0x00000008,0x0000000e)
0024:trace:file:NtSetInformationFile (0xac,0x6670e0,0x6670d8,0x00000008,0x0000000e)
0024:trace:file:ReadFile 000000AC 006672C8 2 00667160 00000000
0024:trace:file:NtReadFile (0xac,(nil),(nil),(nil),0x667118,0x6672c8,0x00000002,(nil),(nil))
0024:trace:file:NtReadFile = SUCCESS (2)
0024:trace:file:NtSetInformationFile (0xac,0x667150,0x667148,0x00000008,0x0000000e)
0024:trace:file:NtQueryInformationFile (0xac,0x667148,0x667140,0x00000008,0x0000000e)
0024:trace:file:NtSetInformationFile (0xac,0x667148,0x667140,0x00000008,0x0000000e)
0024:trace:file:ReadFile 000000AC 00667330 2 006671C8 00000000
0024:trace:file:NtReadFile (0xac,(nil),(nil),(nil),0x667180,0x667330,0x00000002,(nil),(nil))
0024:trace:file:NtReadFile = SUCCESS (2)
0024:trace:file:NtSetInformationFile (0xac,0x667150,0x667148,0x00000008,0x0000000e)
0024:trace:file:NtQueryInformationFile (0xac,0x667148,0x667140,0x00000008,0x0000000e)
0024:trace:file:NtSetInformationFile (0xac,0x667148,0x667140,0x00000008,0x0000000e)
0024:trace:file:ReadFile 000000AC 00667330 2 006671C8 00000000
0024:trace:file:NtReadFile (0xac,(nil),(nil),(nil),0x667180,0x667330,0x00000002,(nil),(nil))
0024:trace:file:NtReadFile = SUCCESS (2)
0024:trace:file:WriteFile 000000E0 0255DDB8 4 006676AC 00000000
0024:trace:file:NtWriteFile (0xe0,(nil),(nil),(nil),0x667260,0x255ddb8,0x00000004,(nil),(nil))
0024:trace:file:NtWriteFile = SUCCESS (4)
0024:trace:file:WriteFile 000000E0 0255DDBC 4 00667694 00000000
0024:trace:file:NtWriteFile (0xe0,(nil),(nil),(nil),0x667248,0x255ddbc,0x00000004,(nil),(nil))
0024:trace:file:NtWriteFile = SUCCESS (4)
0024:trace:file:WriteFile 000000E0 0255DDC0 4 0066767C 00000000
0024:trace:file:NtWriteFile (0xe0,(nil),(nil),(nil),0x667230,0x255ddc0,0x00000004,(nil),(nil))
0024:trace:file:NtWriteFile = SUCCESS (4)
0024:trace:file:WriteFile 000000E0 0255DDC4 4 006676AC 00000000
0024:trace:file:NtWriteFile (0xe0,(nil),(nil),(nil),0x667260,0x255ddc4,0x00000004,(nil),(nil))
0024:trace:file:NtWriteFile = SUCCESS (4)
0024:trace:file:WriteFile 000000E0 0255DDC8 4 00667694 00000000
0024:trace:file:NtWriteFile (0xe0,(nil),(nil),(nil),0x667248,0x255ddc8,0x00000004,(nil),(nil))
0024:trace:file:NtWriteFile = SUCCESS (4)
0024:trace:file:WriteFile 000000E0 0255DDCC 2 0066767C 00000000
0024:trace:file:NtWriteFile (0xe0,(nil),(nil),(nil),0x667230,0x255ddcc,0x00000002,(nil),(nil))
0024:trace:file:NtWriteFile = SUCCESS (2)
0024:trace:file:WriteFile 000000E0 0255DDCE 2 006676AC 00000000
0024:trace:file:NtWriteFile (0xe0,(nil),(nil),(nil),0x667260,0x255ddce,0x00000002,(nil),(nil))
0024:trace:file:NtWriteFile = SUCCESS (2)
0024:trace:file:WriteFile 000000E0 0255DDD0 4 00667694 00000000
0024:trace:file:NtWriteFile (0xe0,(nil),(nil),(nil),0x667248,0x255ddd0,0x00000004,(nil),(nil))
0024:trace:file:NtWriteFile = SUCCESS (4)
0024:trace:file:WriteFile 000000E0 0255DDD4 4 0066767C 00000000
0024:trace:file:NtWriteFile (0xe0,(nil),(nil),(nil),0x667230,0x255ddd4,0x00000004,(nil),(nil))
0024:trace:file:NtWriteFile = SUCCESS (4)
0024:trace:file:WriteFile 000000E0 0255DDD8 2 006676AC 00000000
0024:trace:file:NtWriteFile (0xe0,(nil),(nil),(nil),0x667260,0x255ddd8,0x00000002,(nil),(nil))
0024:trace:file:NtWriteFile = SUCCESS (2)
0024:trace:file:WriteFile 000000E0 0255DDDA 2 00667694 00000000
0024:trace:file:NtWriteFile (0xe0,(nil),(nil),(nil),0x667248,0x255ddda,0x00000002,(nil),(nil))
0024:trace:file:NtWriteFile = SUCCESS (2)
0024:trace:file:WriteFile 000000E0 0255DE0C 4 006676AC 00000000
0024:trace:file:NtWriteFile (0xe0,(nil),(nil),(nil),0x667260,0x255de0c,0x00000004,(nil),(nil))
0024:trace:file:NtWriteFile = SUCCESS (4)
0024:trace:file:WriteFile 000000E0 0255DE10 4 00667694 00000000
0024:trace:file:NtWriteFile (0xe0,(nil),(nil),(nil),0x667248,0x255de10,0x00000004,(nil),(nil))
0024:trace:file:NtWriteFile = SUCCESS (4)
0024:trace:file:NtSetInformationFile (0xb0,0x6675b0,0x6675a8,0x00000008,0x0000000e)
0024:trace:file:NtQueryInformationFile (0xb0,0x6675a0,0x667598,0x00000008,0x0000000e)
0024:trace:file:NtSetInformationFile (0xb0,0x6675a0,0x667598,0x00000008,0x0000000e)
0024:trace:file:ReadFile 000000B0 0259102C 19 00667624 00000000
0024:trace:file:NtReadFile (0xb0,(nil),(nil),(nil),0x6675e0,0x259102c,0x00000013,(nil),(nil))
0024:trace:file:NtReadFile = SUCCESS (19)
0024:trace:file:ReadFile 000000B0 0259102C 19 00667624 00000000
0024:trace:file:NtReadFile (0xb0,(nil),(nil),(nil),0x6675e0,0x259102c,0x00000013,(nil),(nil))
0024:trace:file:NtReadFile = SUCCESS (19)
0024:trace:file:NtSetInformationFile (0xb0,0x6675b0,0x6675a8,0x00000008,0x0000000e)
0024:trace:file:NtQueryInformationFile (0xb0,0x6675a0,0x667598,0x00000008,0x0000000e)
0024:trace:file:NtSetInformationFile (0xb0,0x6675a0,0x667598,0x00000008,0x0000000e)
0024:trace:file:ReadFile 000000B0 0259102C 19 00667624 00000000
0024:trace:file:NtReadFile (0xb0,(nil),(nil),(nil),0x6675e0,0x259102c,0x00000013,(nil),(nil))
0024:trace:file:NtReadFile = SUCCESS (19)
0024:trace:file:ReadFile 000000B0 0259102C 19 00667624 00000000
0024:trace:file:NtReadFile (0xb0,(nil),(nil),(nil),0x6675e0,0x259102c,0x00000013,(nil),(nil))
0024:trace:file:NtReadFile = SUCCESS (19)
0024:trace:file:ReadFile 000000B0 0259102C 19 00667624 00000000
0024:trace:file:NtReadFile (0xb0,(nil),(nil),(nil),0x6675e0,0x259102c,0x00000013,(nil),(nil))
0024:trace:file:NtReadFile = SUCCESS (19)
0024:trace:file:NtSetInformationFile (0xb0,0x6675b0,0x6675a8,0x00000008,0x0000000e)
0024:trace:file:NtQueryInformationFile (0xb0,0x6675a0,0x667598,0x00000008,0x0000000e)
0024:trace:file:NtSetInformationFile (0xb0,0x6675a0,0x667598,0x00000008,0x0000000e)
0024:trace:file:ReadFile 000000B0 0259102C 19 00667624 00000000
0024:trace:file:NtReadFile (0xb0,(nil),(nil),(nil),0x6675e0,0x259102c,0x00000013,(nil),(nil))
0024:trace:file:NtReadFile = SUCCESS (19)
0024:trace:file:NtSetInformationFile (0xb0,0x6675b0,0x6675a8,0x00000008,0x0000000e)
0024:trace:file:NtQueryInformationFile (0xb0,0x6675a0,0x667598,0x00000008,0x0000000e)
0024:trace:file:NtSetInformationFile (0xb0,0x6675a0,0x667598,0x00000008,0x0000000e)
0024:trace:file:ReadFile 000000B0 0259102C 19 00667624 00000000
0024:trace:file:NtReadFile (0xb0,(nil),(nil),(nil),0x6675e0,0x259102c,0x00000013,(nil),(nil))
0024:trace:file:NtReadFile = SUCCESS (19)
0024:trace:file:NtSetInformationFile (0xb0,0x6675b0,0x6675a8,0x00000008,0x0000000e)
0024:trace:file:NtQueryInformationFile (0xb0,0x6675a0,0x667598,0x00000008,0x0000000e)
0024:trace:file:NtSetInformationFile (0xb0,0x6675a0,0x667598,0x00000008,0x0000000e)
0024:trace:file:ReadFile 000000B0 0259102C 19 00667624 00000000
0024:trace:file:NtReadFile (0xb0,(nil),(nil),(nil),0x6675e0,0x259102c,0x00000013,(nil),(nil))
0024:trace:file:NtReadFile = SUCCESS (19)
0024:trace:file:NtSetInformationFile (0xb0,0x6675b0,0x6675a8,0x00000008,0x0000000e)
0024:trace:file:NtQueryInformationFile (0xb0,0x6675a0,0x667598,0x00000008,0x0000000e)
0024:trace:file:NtSetInformationFile (0xb0,0x6675a0,0x667598,0x00000008,0x0000000e)
0024:trace:file:ReadFile 000000B0 0259102C 19 00667624 00000000
0024:trace:file:NtReadFile (0xb0,(nil),(nil),(nil),0x6675e0,0x259102c,0x00000013,(nil),(nil))
0024:trace:file:NtReadFile = SUCCESS (19)
0024:trace:file:ReadFile 000000B0 0259102C 19 00667624 00000000
0024:trace:file:NtReadFile (0xb0,(nil),(nil),(nil),0x6675e0,0x259102c,0x00000013,(nil),(nil))
0024:trace:file:NtReadFile = SUCCESS (19)
0024:trace:file:ReadFile 000000B0 0259102C 19 00667624 00000000
0024:trace:file:NtReadFile (0xb0,(nil),(nil),(nil),0x6675e0,0x259102c,0x00000013,(nil),(nil))
0024:trace:file:NtReadFile = SUCCESS (19)
0024:trace:file:ReadFile 000000B0 0259102C 19 00667624 00000000
0024:trace:file:NtReadFile (0xb0,(nil),(nil),(nil),0x6675e0,0x259102c,0x00000013,(nil),(nil))
0024:trace:file:NtReadFile = SUCCESS (19)
0024:trace:file:NtSetInformationFile (0xb0,0x6675b0,0x6675a8,0x00000008,0x0000000e)
0024:trace:file:NtQueryInformationFile (0xb0,0x6675a0,0x667598,0x00000008,0x0000000e)
0024:trace:file:NtSetInformationFile (0xb0,0x6675a0,0x667598,0x00000008,0x0000000e)
0024:trace:file:ReadFile 000000B0 0259102C 19 00667624 00000000
0024:trace:file:NtReadFile (0xb0,(nil),(nil),(nil),0x6675e0,0x259102c,0x00000013,(nil),(nil))
0024:trace:file:NtReadFile = SUCCESS (19)
0024:trace:file:ReadFile 000000B0 0259102C 19 00667624 00000000
0024:trace:file:NtReadFile (0xb0,(nil),(nil),(nil),0x6675e0,0x259102c,0x00000013,(nil),(nil))
0024:trace:file:NtReadFile = SUCCESS (19)
0024:trace:file:ReadFile 000000B0 0259102C 19 00667624 00000000
0024:trace:file:NtReadFile (0xb0,(nil),(nil),(nil),0x6675e0,0x259102c,0x00000013,(nil),(nil))
0024:trace:file:NtReadFile = SUCCESS (19)
0024:trace:file:ReadFile 000000B0 0259102C 19 00667624 00000000
0024:trace:file:NtReadFile (0xb0,(nil),(nil),(nil),0x6675e0,0x259102c,0x00000013,(nil),(nil))
0024:trace:file:NtReadFile = SUCCESS (19)
0024:trace:file:ReadFile 000000B0 0259102C 19 00667624 00000000
0024:trace:file:NtReadFile (0xb0,(nil),(nil),(nil),0x6675e0,0x259102c,0x00000013,(nil),(nil))
0024:trace:file:NtReadFile = SUCCESS (19)
0024:trace:file:ReadFile 000000B0 0259102C 19 00667624 00000000
0024:trace:file:NtReadFile (0xb0,(nil),(nil),(nil),0x6675e0,0x259102c,0x00000013,(nil),(nil))
0024:trace:file:NtReadFile = SUCCESS (19)
0024:trace:file:NtSetInformationFile (0xb0,0x6675b0,0x6675a8,0x00000008,0x0000000e)
0024:trace:file:NtQueryInformationFile (0xb0,0x6675a0,0x667598,0x00000008,0x0000000e)
0024:trace:file:NtSetInformationFile (0xb0,0x6675a0,0x667598,0x00000008,0x0000000e)
0024:trace:file:ReadFile 000000B0 0259102C 19 00667624 00000000
0024:trace:file:NtReadFile (0xb0,(nil),(nil),(nil),0x6675e0,0x259102c,0x00000013,(nil),(nil))
0024:trace:file:NtReadFile = SUCCESS (19)
0024:trace:file:ReadFile 000000B0 0259102C 19 00667624 00000000
0024:trace:file:NtReadFile (0xb0,(nil),(nil),(nil),0x6675e0,0x259102c,0x00000013,(nil),(nil))
0024:trace:file:NtReadFile = SUCCESS (19)
0024:trace:file:NtSetInformationFile (0xb0,0x6675b0,0x6675a8,0x00000008,0x0000000e)
0024:trace:file:NtQueryInformationFile (0xb0,0x6675a0,0x667598,0x00000008,0x0000000e)
0024:trace:file:NtSetInformationFile (0xb0,0x6675a0,0x667598,0x00000008,0x0000000e)
0024:trace:file:ReadFile 000000B0 0259102C 19 00667624 00000000
0024:trace:file:NtReadFile (0xb0,(nil),(nil),(nil),0x6675e0,0x259102c,0x00000013,(nil),(nil))
0024:trace:file:NtReadFile = SUCCESS (19)
0024:trace:file:ReadFile 000000B0 0259102C 19 00667624 00000000
0024:trace:file:NtReadFile (0xb0,(nil),(nil),(nil),0x6675e0,0x259102c,0x00000013,(nil),(nil))
0024:trace:file:NtReadFile = SUCCESS (19)
0024:trace:file:NtSetInformationFile (0xb0,0x6675b0,0x6675a8,0x00000008,0x0000000e)
0024:trace:file:NtQueryInformationFile (0xb0,0x6675a0,0x667598,0x00000008,0x0000000e)
0024:trace:file:NtSetInformationFile (0xb0,0x6675a0,0x667598,0x00000008,0x0000000e)
0024:trace:file:ReadFile 000000B0 0259102C 19 00667624 00000000
0024:trace:file:NtReadFile (0xb0,(nil),(nil),(nil),0x6675e0,0x259102c,0x00000013,(nil),(nil))
0024:trace:file:NtReadFile = SUCCESS (19)
0024:trace:file:NtSetInformationFile (0xb0,0x6675b0,0x6675a8,0x00000008,0x0000000e)
0024:trace:file:NtQueryInformationFile (0xb0,0x6675a0,0x667598,0x00000008,0x0000000e)
0024:trace:file:NtSetInformationFile (0xb0,0x6675a0,0x667598,0x00000008,0x0000000e)
0024:trace:file:ReadFile 000000B0 0259102C 19 00667624 00000000
0024:trace:file:NtReadFile (0xb0,(nil),(nil),(nil),0x6675e0,0x259102c,0x00000013,(nil),(nil))
0024:trace:file:NtReadFile = SUCCESS (19)
0024:trace:file:ReadFile 000000B0 0259102C 19 00667624 00000000
0024:trace:file:NtReadFile (0xb0,(nil),(nil),(nil),0x6675e0,0x259102c,0x00000013,(nil),(nil))
0024:trace:file:NtReadFile = SUCCESS (19)
0024:trace:file:NtSetInformationFile (0xb0,0x6675b0,0x6675a8,0x00000008,0x0000000e)
0024:trace:file:NtQueryInformationFile (0xb0,0x6675a0,0x667598,0x00000008,0x0000000e)
0024:trace:file:NtSetInformationFile (0xb0,0x6675a0,0x667598,0x00000008,0x0000000e)
0024:trace:file:ReadFile 000000B0 0259102C 19 00667624 00000000
0024:trace:file:NtReadFile (0xb0,(nil),(nil),(nil),0x6675e0,0x259102c,0x00000013,(nil),(nil))
0024:trace:file:NtReadFile = SUCCESS (19)
0024:trace:file:NtSetInformationFile (0xb0,0x6675b0,0x6675a8,0x00000008,0x0000000e)
0024:trace:file:NtQueryInformationFile (0xb0,0x6675a0,0x667598,0x00000008,0x0000000e)
0024:trace:file:NtSetInformationFile (0xb0,0x6675a0,0x667598,0x00000008,0x0000000e)
0024:trace:file:ReadFile 000000B0 0259102C 19 00667624 00000000
0024:trace:file:NtReadFile (0xb0,(nil),(nil),(nil),0x6675e0,0x259102c,0x00000013,(nil),(nil))
0024:trace:file:NtReadFile = SUCCESS (19)
0024:trace:file:NtSetInformationFile (0xb0,0x6675b0,0x6675a8,0x00000008,0x0000000e)
0024:trace:file:NtQueryInformationFile (0xb0,0x6675a0,0x667598,0x00000008,0x0000000e)
0024:trace:file:NtSetInformationFile (0xb0,0x6675a0,0x667598,0x00000008,0x0000000e)
0024:trace:file:ReadFile 000000B0 0259102C 19 00667624 00000000
0024:trace:file:NtReadFile (0xb0,(nil),(nil),(nil),0x6675e0,0x259102c,0x00000013,(nil),(nil))
0024:trace:file:NtReadFile = SUCCESS (19)
0024:trace:file:ReadFile 000000B0 0259102C 19 00667624 00000000
0024:trace:file:NtReadFile (0xb0,(nil),(nil),(nil),0x6675e0,0x259102c,0x00000013,(nil),(nil))
0024:trace:file:NtReadFile = SUCCESS (19)
0024:trace:file:NtSetInformationFile (0xb0,0x6675b0,0x6675a8,0x00000008,0x0000000e)
0024:trace:file:NtQueryInformationFile (0xb0,0x6675a0,0x667598,0x00000008,0x0000000e)
0024:trace:file:NtSetInformationFile (0xb0,0x6675a0,0x667598,0x00000008,0x0000000e)
0024:trace:file:ReadFile 000000B0 0259102C 19 00667624 00000000
0024:trace:file:NtReadFile (0xb0,(nil),(nil),(nil),0x6675e0,0x259102c,0x00000013,(nil),(nil))
0024:trace:file:NtReadFile = SUCCESS (19)
0024:trace:file:ReadFile 000000B0 0259102C 19 00667624 00000000
0024:trace:file:NtReadFile (0xb0,(nil),(nil),(nil),0x6675e0,0x259102c,0x00000013,(nil),(nil))
0024:trace:file:NtReadFile = SUCCESS (19)
0024:trace:file:NtSetInformationFile (0xb0,0x6675b0,0x6675a8,0x00000008,0x0000000e)
0024:trace:file:NtQueryInformationFile (0xb0,0x6675a0,0x667598,0x00000008,0x0000000e)
0024:trace:file:NtSetInformationFile (0xb0,0x6675a0,0x667598,0x00000008,0x0000000e)
0024:trace:file:ReadFile 000000B0 0259102C 19 00667624 00000000
0024:trace:file:NtReadFile (0xb0,(nil),(nil),(nil),0x6675e0,0x259102c,0x00000013,(nil),(nil))
0024:trace:file:NtReadFile = SUCCESS (19)
0024:trace:file:NtSetInformationFile (0xb0,0x6675b0,0x6675a8,0x00000008,0x0000000e)
0024:trace:file:NtQueryInformationFile (0xb0,0x6675a0,0x667598,0x00000008,0x0000000e)
0024:trace:file:NtSetInformationFile (0xb0,0x6675a0,0x667598,0x00000008,0x0000000e)
0024:trace:file:ReadFile 000000B0 0259102C 19 00667624 00000000
0024:trace:file:NtReadFile (0xb0,(nil),(nil),(nil),0x6675e0,0x259102c,0x00000013,(nil),(nil))
0024:trace:file:NtReadFile = SUCCESS (19)
0024:trace:file:ReadFile 000000B0 0259102C 19 00667624 00000000
0024:trace:file:NtReadFile (0xb0,(nil),(nil),(nil),0x6675e0,0x259102c,0x00000013,(nil),(nil))
0024:trace:file:NtReadFile = SUCCESS (19)
0024:trace:file:ReadFile 000000B0 0259102C 19 00667624 00000000
0024:trace:file:NtReadFile (0xb0,(nil),(nil),(nil),0x6675e0,0x259102c,0x00000013,(nil),(nil))
0024:trace:file:NtReadFile = SUCCESS (19)
0024:trace:file:ReadFile 000000B0 0259102C 19 00667624 00000000
0024:trace:file:NtReadFile (0xb0,(nil),(nil),(nil),0x6675e0,0x259102c,0x00000013,(nil),(nil))
0024:trace:file:NtReadFile = SUCCESS (19)
0024:trace:file:NtSetInformationFile (0xb0,0x6675b0,0x6675a8,0x00000008,0x0000000e)
0024:trace:file:NtQueryInformationFile (0xb0,0x6675a0,0x667598,0x00000008,0x0000000e)
0024:trace:file:NtSetInformationFile (0xb0,0x6675a0,0x667598,0x00000008,0x0000000e)
0024:trace:file:ReadFile 000000B0 0259102C 19 00667624 00000000
0024:trace:file:NtReadFile (0xb0,(nil),(nil),(nil),0x6675e0,0x259102c,0x00000013,(nil),(nil))
0024:trace:file:NtReadFile = SUCCESS (19)
0024:trace:file:ReadFile 000000B0 0259102C 19 00667624 00000000
0024:trace:file:NtReadFile (0xb0,(nil),(nil),(nil),0x6675e0,0x259102c,0x00000013,(nil),(nil))
0024:trace:file:NtReadFile = SUCCESS (19)
0024:trace:file:NtSetInformationFile (0xb0,0x6675b0,0x6675a8,0x00000008,0x0000000e)
0024:trace:file:NtQueryInformationFile (0xb0,0x6675a0,0x667598,0x00000008,0x0000000e)
0024:trace:file:NtSetInformationFile (0xb0,0x6675a0,0x667598,0x00000008,0x0000000e)
0024:trace:file:ReadFile 000000B0 0259102C 19 00667624 00000000
0024:trace:file:NtReadFile (0xb0,(nil),(nil),(nil),0x6675e0,0x259102c,0x00000013,(nil),(nil))
0024:trace:file:NtReadFile = SUCCESS (19)
0024:trace:file:ReadFile 000000B0 0259102C 19 00667624 00000000
0024:trace:file:NtReadFile (0xb0,(nil),(nil),(nil),0x6675e0,0x259102c,0x00000013,(nil),(nil))
0024:trace:file:NtReadFile = SUCCESS (19)
0024:trace:file:NtSetInformationFile (0xb0,0x6675b0,0x6675a8,0x00000008,0x0000000e)
0024:trace:file:NtQueryInformationFile (0xb0,0x6675a0,0x667598,0x00000008,0x0000000e)
0024:trace:file:NtSetInformationFile (0xb0,0x6675a0,0x667598,0x00000008,0x0000000e)
0024:trace:file:ReadFile 000000B0 0259102C 19 00667624 00000000
0024:trace:file:NtReadFile (0xb0,(nil),(nil),(nil),0x6675e0,0x259102c,0x00000013,(nil),(nil))
0024:trace:file:NtReadFile = SUCCESS (19)
0024:trace:file:ReadFile 000000B0 0259102C 19 00667624 00000000
0024:trace:file:NtReadFile (0xb0,(nil),(nil),(nil),0x6675e0,0x259102c,0x00000013,(nil),(nil))
0024:trace:file:NtReadFile = SUCCESS (19)
0024:trace:file:NtSetInformationFile (0xb0,0x6675b0,0x6675a8,0x00000008,0x0000000e)
0024:trace:file:NtQueryInformationFile (0xb0,0x6675a0,0x667598,0x00000008,0x0000000e)
0024:trace:file:NtSetInformationFile (0xb0,0x6675a0,0x667598,0x00000008,0x0000000e)
0024:trace:file:ReadFile 000000B0 0259102C 19 00667624 00000000
0024:trace:file:NtReadFile (0xb0,(nil),(nil),(nil),0x6675e0,0x259102c,0x00000013,(nil),(nil))
0024:trace:file:NtReadFile = SUCCESS (19)
0024:trace:file:NtSetInformationFile (0xc0,0x6675c0,0x6675b8,0x00000008,0x0000000e)
0024:trace:file:NtQueryInformationFile (0xc0,0x6675b0,0x6675a8,0x00000008,0x0000000e)
0024:trace:file:NtSetInformationFile (0xc0,0x6675b0,0x6675a8,0x00000008,0x0000000e)
0024:trace:file:ReadFile 000000C0 02588B54 560 00667634 00000000
0024:trace:file:NtReadFile (0xc0,(nil),(nil),(nil),0x6675f0,0x2588b54,0x00000230,(nil),(nil))
0024:trace:file:NtReadFile = SUCCESS (560)
0024:trace:file:ReadFile 000000C0 02588B54 400 00667634 00000000
0024:trace:file:NtReadFile (0xc0,(nil),(nil),(nil),0x6675f0,0x2588b54,0x00000190,(nil),(nil))
0024:trace:file:NtReadFile = SUCCESS (400)
0024:trace:file:NtSetInformationFile (0xc0,0x6675c0,0x6675b8,0x00000008,0x0000000e)
0024:trace:file:NtQueryInformationFile (0xc0,0x6675b0,0x6675a8,0x00000008,0x0000000e)
0024:trace:file:NtSetInformationFile (0xc0,0x6675b0,0x6675a8,0x00000008,0x0000000e)
0024:trace:file:ReadFile 000000C0 02588B54 400 00667634 00000000
0024:trace:file:NtReadFile (0xc0,(nil),(nil),(nil),0x6675f0,0x2588b54,0x00000190,(nil),(nil))
0024:trace:file:NtReadFile = SUCCESS (400)
0024:trace:file:ReadFile 000000C0 02588B54 776 00667634 00000000
0024:trace:file:NtReadFile (0xc0,(nil),(nil),(nil),0x6675f0,0x2588b54,0x00000308,(nil),(nil))
0024:trace:file:NtReadFile = SUCCESS (776)
0024:trace:file:ReadFile 000000C0 02588B54 1044 00667524 00000000
0024:trace:file:NtReadFile (0xc0,(nil),(nil),(nil),0x6674e0,0x2588b54,0x00000414,(nil),(nil))
0024:trace:file:NtReadFile = SUCCESS (1044)
0024:trace:file:NtSetInformationFile (0xd0,0x667378,0x667370,0x00000008,0x0000000e)
0024:trace:file:NtQueryInformationFile (0xd0,0x667368,0x667360,0x00000008,0x0000000e)
0024:trace:file:NtSetInformationFile (0xd0,0x667368,0x667360,0x00000008,0x0000000e)
0024:trace:file:ReadFile 000000D0 00667478 9 006673EC 00000000
0024:trace:file:NtReadFile (0xd0,(nil),(nil),(nil),0x6673a8,0x667478,0x00000009,(nil),(nil))
0024:trace:file:NtReadFile = SUCCESS (9)
0024:trace:file:NtSetInformationFile (0xb0,0x667450,0x667448,0x00000008,0x0000000e)
0024:trace:file:NtQueryInformationFile (0xb0,0x667448,0x667440,0x00000008,0x0000000e)
0024:trace:file:NtSetInformationFile (0xb0,0x667448,0x667440,0x00000008,0x0000000e)
0024:trace:file:ReadFile 000000B0 0259102C 19 006674C8 00000000
0024:trace:file:NtReadFile (0xb0,(nil),(nil),(nil),0x667480,0x259102c,0x00000013,(nil),(nil))
0024:trace:file:NtReadFile = SUCCESS (19)
0024:trace:file:NtSetInformationFile (0xc0,0x667450,0x667448,0x00000008,0x0000000e)
0024:trace:file:NtQueryInformationFile (0xc0,0x667448,0x667440,0x00000008,0x0000000e)
0024:trace:file:NtSetInformationFile (0xc0,0x667448,0x667440,0x00000008,0x0000000e)
0024:trace:file:ReadFile 000000C0 02588B54 1204 006674C8 00000000
0024:trace:file:NtReadFile (0xc0,(nil),(nil),(nil),0x667480,0x2588b54,0x000004b4,(nil),(nil))
0024:trace:file:NtReadFile = SUCCESS (1204)
0024:trace:file:NtSetInformationFile (0xd0,0x667318,0x667310,0x00000008,0x0000000e)
0024:trace:file:NtQueryInformationFile (0xd0,0x667310,0x667308,0x00000008,0x0000000e)
0024:trace:file:NtSetInformationFile (0xd0,0x667310,0x667308,0x00000008,0x0000000e)
0024:trace:file:ReadFile 000000D0 0066741C 10 00667390 00000000
0024:trace:file:NtReadFile (0xd0,(nil),(nil),(nil),0x667348,0x66741c,0x0000000a,(nil),(nil))
0024:trace:file:NtReadFile = SUCCESS (10)
0024:trace:file:NtSetInformationFile (0xc0,0x6674b0,0x6674a8,0x00000008,0x0000000e)
0024:trace:file:NtQueryInformationFile (0xc0,0x6674a0,0x667498,0x00000008,0x0000000e)
0024:trace:file:NtSetInformationFile (0xc0,0x6674a0,0x667498,0x00000008,0x0000000e)
0024:trace:file:ReadFile 000000C0 02588B54 1204 00667524 00000000
0024:trace:file:NtReadFile (0xc0,(nil),(nil),(nil),0x6674e0,0x2588b54,0x000004b4,(nil),(nil))
0024:trace:file:NtReadFile = SUCCESS (1204)
0024:trace:file:NtSetInformationFile (0xd0,0x667378,0x667370,0x00000008,0x0000000e)
0024:trace:file:NtQueryInformationFile (0xd0,0x667368,0x667360,0x00000008,0x0000000e)
0024:trace:file:NtSetInformationFile (0xd0,0x667368,0x667360,0x00000008,0x0000000e)
0024:trace:file:ReadFile 000000D0 00667478 9 006673EC 00000000
0024:trace:file:NtReadFile (0xd0,(nil),(nil),(nil),0x6673a8,0x667478,0x00000009,(nil),(nil))
0024:trace:file:NtReadFile = SUCCESS (9)
0024:trace:file:NtSetInformationFile (0xb0,0x667450,0x667448,0x00000008,0x0000000e)
0024:trace:file:NtQueryInformationFile (0xb0,0x667448,0x667440,0x00000008,0x0000000e)
0024:trace:file:NtSetInformationFile (0xb0,0x667448,0x667440,0x00000008,0x0000000e)
0024:trace:file:ReadFile 000000B0 0259102C 19 006674C8 00000000
0024:trace:file:NtReadFile (0xb0,(nil),(nil),(nil),0x667480,0x259102c,0x00000013,(nil),(nil))
0024:trace:file:NtReadFile = SUCCESS (19)
0024:trace:file:NtSetInformationFile (0xc0,0x667450,0x667448,0x00000008,0x0000000e)
0024:trace:file:NtQueryInformationFile (0xc0,0x667448,0x667440,0x00000008,0x0000000e)
0024:trace:file:NtSetInformationFile (0xc0,0x667448,0x667440,0x00000008,0x0000000e)
0024:trace:file:ReadFile 000000C0 02588B54 1044 006674C8 00000000
0024:trace:file:NtReadFile (0xc0,(nil),(nil),(nil),0x667480,0x2588b54,0x00000414,(nil),(nil))
0024:trace:file:NtReadFile = SUCCESS (1044)
0024:trace:file:NtSetInformationFile (0xd0,0x667318,0x667310,0x00000008,0x0000000e)
0024:trace:file:NtQueryInformationFile (0xd0,0x667310,0x667308,0x00000008,0x0000000e)
0024:trace:file:NtSetInformationFile (0xd0,0x667310,0x667308,0x00000008,0x0000000e)
0024:trace:file:ReadFile 000000D0 0066741C 10 00667390 00000000
0024:trace:file:NtReadFile (0xd0,(nil),(nil),(nil),0x667348,0x66741c,0x0000000a,(nil),(nil))
0024:trace:file:NtReadFile = SUCCESS (10)
0024:trace:file:NtSetInformationFile (0xb0,0x667450,0x667448,0x00000008,0x0000000e)
0024:trace:file:NtQueryInformationFile (0xb0,0x667448,0x667440,0x00000008,0x0000000e)
0024:trace:file:NtSetInformationFile (0xb0,0x667448,0x667440,0x00000008,0x0000000e)
0024:trace:file:ReadFile 000000B0 0259102C 19 006674C8 00000000
0024:trace:file:NtReadFile (0xb0,(nil),(nil),(nil),0x667480,0x259102c,0x00000013,(nil),(nil))
0024:trace:file:NtReadFile = SUCCESS (19)
0024:trace:file:NtSetInformationFile (0xc0,0x667450,0x667448,0x00000008,0x0000000e)
0024:trace:file:NtQueryInformationFile (0xc0,0x667448,0x667440,0x00000008,0x0000000e)
0024:trace:file:NtSetInformationFile (0xc0,0x667448,0x667440,0x00000008,0x0000000e)
0024:trace:file:ReadFile 000000C0 02588B54 1316 006674C8 00000000
0024:trace:file:NtReadFile (0xc0,(nil),(nil),(nil),0x667480,0x2588b54,0x00000524,(nil),(nil))
0024:trace:file:NtReadFile = SUCCESS (1316)
0024:trace:file:NtSetInformationFile (0xd0,0x667318,0x667310,0x00000008,0x0000000e)
0024:trace:file:NtQueryInformationFile (0xd0,0x667310,0x667308,0x00000008,0x0000000e)
0024:trace:file:NtSetInformationFile (0xd0,0x667310,0x667308,0x00000008,0x0000000e)
0024:trace:file:ReadFile 000000D0 0066741C 10 00667390 00000000
0024:trace:file:NtReadFile (0xd0,(nil),(nil),(nil),0x667348,0x66741c,0x0000000a,(nil),(nil))
0024:trace:file:NtReadFile = SUCCESS (10)
0024:trace:file:ReadFile 000000C0 02588B54 1132 00667524 00000000
0024:trace:file:NtReadFile (0xc0,(nil),(nil),(nil),0x6674e0,0x2588b54,0x0000046c,(nil),(nil))
0024:trace:file:NtReadFile = SUCCESS (1132)
0024:trace:file:ReadFile 000000D0 00667478 8 006673EC 00000000
0024:trace:file:NtReadFile (0xd0,(nil),(nil),(nil),0x6673a8,0x667478,0x00000008,(nil),(nil))
0024:trace:file:NtReadFile = SUCCESS (8)
0024:trace:file:NtSetInformationFile (0xb0,0x667450,0x667448,0x00000008,0x0000000e)
0024:trace:file:NtQueryInformationFile (0xb0,0x667448,0x667440,0x00000008,0x0000000e)
0024:trace:file:NtSetInformationFile (0xb0,0x667448,0x667440,0x00000008,0x0000000e)
0024:trace:file:ReadFile 000000B0 0259102C 19 006674C8 00000000
0024:trace:file:NtReadFile (0xb0,(nil),(nil),(nil),0x667480,0x259102c,0x00000013,(nil),(nil))
0024:trace:file:NtReadFile = SUCCESS (19)
0024:trace:file:NtSetInformationFile (0xc0,0x667450,0x667448,0x00000008,0x0000000e)
0024:trace:file:NtQueryInformationFile (0xc0,0x667448,0x667440,0x00000008,0x0000000e)
0024:trace:file:NtSetInformationFile (0xc0,0x667448,0x667440,0x00000008,0x0000000e)
0024:trace:file:ReadFile 000000C0 02588B54 984 006674C8 00000000
0024:trace:file:NtReadFile (0xc0,(nil),(nil),(nil),0x667480,0x2588b54,0x000003d8,(nil),(nil))
0024:trace:file:NtReadFile = SUCCESS (984)
0024:trace:file:NtSetInformationFile (0xd0,0x667318,0x667310,0x00000008,0x0000000e)
0024:trace:file:NtQueryInformationFile (0xd0,0x667310,0x667308,0x00000008,0x0000000e)
0024:trace:file:NtSetInformationFile (0xd0,0x667310,0x667308,0x00000008,0x0000000e)
0024:trace:file:ReadFile 000000D0 0066741C 6 00667390 00000000
0024:trace:file:NtReadFile (0xd0,(nil),(nil),(nil),0x667348,0x66741c,0x00000006,(nil),(nil))
0024:trace:file:NtReadFile = SUCCESS (6)
0024:trace:file:NtSetInformationFile (0xb0,0x667450,0x667448,0x00000008,0x0000000e)
0024:trace:file:NtQueryInformationFile (0xb0,0x667448,0x667440,0x00000008,0x0000000e)
0024:trace:file:NtSetInformationFile (0xb0,0x667448,0x667440,0x00000008,0x0000000e)
0024:trace:file:ReadFile 000000B0 0259102C 19 006674C8 00000000
0024:trace:file:NtReadFile (0xb0,(nil),(nil),(nil),0x667480,0x259102c,0x00000013,(nil),(nil))
0024:trace:file:NtReadFile = SUCCESS (19)
0024:trace:file:NtSetInformationFile (0xc0,0x667450,0x667448,0x00000008,0x0000000e)
0024:trace:file:NtQueryInformationFile (0xc0,0x667448,0x667440,0x00000008,0x0000000e)
0024:trace:file:NtSetInformationFile (0xc0,0x667448,0x667440,0x00000008,0x0000000e)
0024:trace:file:ReadFile 000000C0 02588B54 720 006674C8 00000000
0024:trace:file:NtReadFile (0xc0,(nil),(nil),(nil),0x667480,0x2588b54,0x000002d0,(nil),(nil))
0024:trace:file:NtReadFile = SUCCESS (720)
0024:trace:file:NtSetInformationFile (0xd0,0x667318,0x667310,0x00000008,0x0000000e)
0024:trace:file:NtQueryInformationFile (0xd0,0x667310,0x667308,0x00000008,0x0000000e)
0024:trace:file:NtSetInformationFile (0xd0,0x667310,0x667308,0x00000008,0x0000000e)
0024:trace:file:ReadFile 000000D0 0066741C 5 00667390 00000000
0024:trace:file:NtReadFile (0xd0,(nil),(nil),(nil),0x667348,0x66741c,0x00000005,(nil),(nil))
0024:trace:file:NtReadFile = SUCCESS (5)
0024:trace:file:NtSetInformationFile (0xc0,0x6674b0,0x6674a8,0x00000008,0x0000000e)
0024:trace:file:NtQueryInformationFile (0xc0,0x6674a0,0x667498,0x00000008,0x0000000e)
0024:trace:file:NtSetInformationFile (0xc0,0x6674a0,0x667498,0x00000008,0x0000000e)
0024:trace:file:ReadFile 000000C0 02588B54 720 00667524 00000000
0024:trace:file:NtReadFile (0xc0,(nil),(nil),(nil),0x6674e0,0x2588b54,0x000002d0,(nil),(nil))
0024:trace:file:NtReadFile = SUCCESS (720)
0024:trace:file:NtSetInformationFile (0xd0,0x667378,0x667370,0x00000008,0x0000000e)
0024:trace:file:NtQueryInformationFile (0xd0,0x667368,0x667360,0x00000008,0x0000000e)
0024:trace:file:NtSetInformationFile (0xd0,0x667368,0x667360,0x00000008,0x0000000e)
0024:trace:file:ReadFile 000000D0 00667478 6 006673EC 00000000
0024:trace:file:NtReadFile (0xd0,(nil),(nil),(nil),0x6673a8,0x667478,0x00000006,(nil),(nil))
0024:trace:file:NtReadFile = SUCCESS (6)
0024:trace:file:NtSetInformationFile (0xb0,0x667450,0x667448,0x00000008,0x0000000e)
0024:trace:file:NtQueryInformationFile (0xb0,0x667448,0x667440,0x00000008,0x0000000e)
0024:trace:file:NtSetInformationFile (0xb0,0x667448,0x667440,0x00000008,0x0000000e)
0024:trace:file:ReadFile 000000B0 0259102C 19 006674C8 00000000
0024:trace:file:NtReadFile (0xb0,(nil),(nil),(nil),0x667480,0x259102c,0x00000013,(nil),(nil))
0024:trace:file:NtReadFile = SUCCESS (19)
0024:trace:file:NtSetInformationFile (0xc0,0x667450,0x667448,0x00000008,0x0000000e)
0024:trace:file:NtQueryInformationFile (0xc0,0x667448,0x667440,0x00000008,0x0000000e)
0024:trace:file:NtSetInformationFile (0xc0,0x667448,0x667440,0x00000008,0x0000000e)
0024:trace:file:ReadFile 000000C0 02588B54 1132 006674C8 00000000
0024:trace:file:NtReadFile (0xc0,(nil),(nil),(nil),0x667480,0x2588b54,0x0000046c,(nil),(nil))
0024:trace:file:NtReadFile = SUCCESS (1132)
0024:trace:file:NtSetInformationFile (0xd0,0x667318,0x667310,0x00000008,0x0000000e)
0024:trace:file:NtQueryInformationFile (0xd0,0x667310,0x667308,0x00000008,0x0000000e)
0024:trace:file:NtSetInformationFile (0xd0,0x667310,0x667308,0x00000008,0x0000000e)
0024:trace:file:ReadFile 000000D0 0066741C 11 00667390 00000000
0024:trace:file:NtReadFile (0xd0,(nil),(nil),(nil),0x667348,0x66741c,0x0000000b,(nil),(nil))
0024:trace:file:NtReadFile = SUCCESS (11)
0024:trace:file:NtSetInformationFile (0xb0,0x667450,0x667448,0x00000008,0x0000000e)
0024:trace:file:NtQueryInformationFile (0xb0,0x667448,0x667440,0x00000008,0x0000000e)
0024:trace:file:NtSetInformationFile (0xb0,0x667448,0x667440,0x00000008,0x0000000e)
0024:trace:file:ReadFile 000000B0 0259102C 19 006674C8 00000000
0024:trace:file:NtReadFile (0xb0,(nil),(nil),(nil),0x667480,0x259102c,0x00000013,(nil),(nil))
0024:trace:file:NtReadFile = SUCCESS (19)
0024:trace:file:NtSetInformationFile (0xc0,0x667450,0x667448,0x00000008,0x0000000e)
0024:trace:file:NtQueryInformationFile (0xc0,0x667448,0x667440,0x00000008,0x0000000e)
0024:trace:file:NtSetInformationFile (0xc0,0x667448,0x667440,0x00000008,0x0000000e)
0024:trace:file:ReadFile 000000C0 02588B54 580 006674C8 00000000
0024:trace:file:NtReadFile (0xc0,(nil),(nil),(nil),0x667480,0x2588b54,0x00000244,(nil),(nil))
0024:trace:file:NtReadFile = SUCCESS (580)
0024:trace:file:NtSetInformationFile (0xd0,0x667318,0x667310,0x00000008,0x0000000e)
0024:trace:file:NtQueryInformationFile (0xd0,0x667310,0x667308,0x00000008,0x0000000e)
0024:trace:file:NtSetInformationFile (0xd0,0x667310,0x667308,0x00000008,0x0000000e)
0024:trace:file:ReadFile 000000D0 0066741C 5 00667390 00000000
0024:trace:file:NtReadFile (0xd0,(nil),(nil),(nil),0x667348,0x66741c,0x00000005,(nil),(nil))
0024:trace:file:NtReadFile = SUCCESS (5)
0024:trace:file:ReadFile 000000C0 02588B54 284 00667524 00000000
0024:trace:file:NtReadFile (0xc0,(nil),(nil),(nil),0x6674e0,0x2588b54,0x0000011c,(nil),(nil))
0024:trace:file:NtReadFile = SUCCESS (284)
0024:trace:file:ReadFile 000000D0 00667478 4 006673EC 00000000
0024:trace:file:NtReadFile (0xd0,(nil),(nil),(nil),0x6673a8,0x667478,0x00000004,(nil),(nil))
0024:trace:file:NtReadFile = SUCCESS (4)
0024:trace:file:NtSetInformationFile (0xb0,0x667450,0x667448,0x00000008,0x0000000e)
0024:trace:file:NtQueryInformationFile (0xb0,0x667448,0x667440,0x00000008,0x0000000e)
0024:trace:file:NtSetInformationFile (0xb0,0x667448,0x667440,0x00000008,0x0000000e)
0024:trace:file:ReadFile 000000B0 0259102C 19 006674C8 00000000
0024:trace:file:NtReadFile (0xb0,(nil),(nil),(nil),0x667480,0x259102c,0x00000013,(nil),(nil))
0024:trace:file:NtReadFile = SUCCESS (19)
0024:trace:file:NtSetInformationFile (0xc0,0x667450,0x667448,0x00000008,0x0000000e)
0024:trace:file:NtQueryInformationFile (0xc0,0x667448,0x667440,0x00000008,0x0000000e)
0024:trace:file:NtSetInformationFile (0xc0,0x667448,0x667440,0x00000008,0x0000000e)
0024:trace:file:ReadFile 000000C0 02588B54 256 006674C8 00000000
0024:trace:file:NtReadFile (0xc0,(nil),(nil),(nil),0x667480,0x2588b54,0x00000100,(nil),(nil))
0024:trace:file:NtReadFile = SUCCESS (256)
0024:trace:file:NtSetInformationFile (0xd0,0x667318,0x667310,0x00000008,0x0000000e)
0024:trace:file:NtQueryInformationFile (0xd0,0x667310,0x667308,0x00000008,0x0000000e)
0024:trace:file:NtSetInformationFile (0xd0,0x667310,0x667308,0x00000008,0x0000000e)
0024:trace:file:ReadFile 000000D0 0066741C 4 00667390 00000000
0024:trace:file:NtReadFile (0xd0,(nil),(nil),(nil),0x667348,0x66741c,0x00000004,(nil),(nil))
0024:trace:file:NtReadFile = SUCCESS (4)
0024:trace:file:NtSetInformationFile (0xc0,0x6675c0,0x6675b8,0x00000008,0x0000000e)
0024:trace:file:NtQueryInformationFile (0xc0,0x6675b0,0x6675a8,0x00000008,0x0000000e)
0024:trace:file:NtSetInformationFile (0xc0,0x6675b0,0x6675a8,0x00000008,0x0000000e)
0024:trace:file:ReadFile 000000C0 02588B54 320 00667634 00000000
0024:trace:file:NtReadFile (0xc0,(nil),(nil),(nil),0x6675f0,0x2588b54,0x00000140,(nil),(nil))
0024:trace:file:NtReadFile = SUCCESS (320)
0024:trace:file:ReadFile 000000C0 02588B54 412 00667634 00000000
0024:trace:file:NtReadFile (0xc0,(nil),(nil),(nil),0x6675f0,0x2588b54,0x0000019c,(nil),(nil))
0024:trace:file:NtReadFile = SUCCESS (412)
0024:trace:file:ReadFile 000000C0 02588B54 352 00667524 00000000
0024:trace:file:NtReadFile (0xc0,(nil),(nil),(nil),0x6674e0,0x2588b54,0x00000160,(nil),(nil))
0024:trace:file:NtReadFile = SUCCESS (352)
0024:trace:file:NtSetInformationFile (0xd0,0x667378,0x667370,0x00000008,0x0000000e)
0024:trace:file:NtQueryInformationFile (0xd0,0x667368,0x667360,0x00000008,0x0000000e)
0024:trace:file:NtSetInformationFile (0xd0,0x667368,0x667360,0x00000008,0x0000000e)
0024:trace:file:ReadFile 000000D0 00667478 4 006673EC 00000000
0024:trace:file:NtReadFile (0xd0,(nil),(nil),(nil),0x6673a8,0x667478,0x00000004,(nil),(nil))
0024:trace:file:NtReadFile = SUCCESS (4)
0024:trace:file:NtSetInformationFile (0xb0,0x667450,0x667448,0x00000008,0x0000000e)
0024:trace:file:NtQueryInformationFile (0xb0,0x667448,0x667440,0x00000008,0x0000000e)
0024:trace:file:NtSetInformationFile (0xb0,0x667448,0x667440,0x00000008,0x0000000e)
0024:trace:file:ReadFile 000000B0 0259102C 19 006674C8 00000000
0024:trace:file:NtReadFile (0xb0,(nil),(nil),(nil),0x667480,0x259102c,0x00000013,(nil),(nil))
0024:trace:file:NtReadFile = SUCCESS (19)
0024:trace:file:NtSetInformationFile (0xc0,0x667450,0x667448,0x00000008,0x0000000e)
0024:trace:file:NtQueryInformationFile (0xc0,0x667448,0x667440,0x00000008,0x0000000e)
0024:trace:file:NtSetInformationFile (0xc0,0x667448,0x667440,0x00000008,0x0000000e)
0024:trace:file:ReadFile 000000C0 02588B54 388 006674C8 00000000
0024:trace:file:NtReadFile (0xc0,(nil),(nil),(nil),0x667480,0x2588b54,0x00000184,(nil),(nil))
0024:trace:file:NtReadFile = SUCCESS (388)
0024:trace:file:NtSetInformationFile (0xd0,0x667318,0x667310,0x00000008,0x0000000e)
0024:trace:file:NtQueryInformationFile (0xd0,0x667310,0x667308,0x00000008,0x0000000e)
0024:trace:file:NtSetInformationFile (0xd0,0x667310,0x667308,0x00000008,0x0000000e)
0024:trace:file:ReadFile 000000D0 0066741C 4 00667390 00000000
0024:trace:file:NtReadFile (0xd0,(nil),(nil),(nil),0x667348,0x66741c,0x00000004,(nil),(nil))
0024:trace:file:NtReadFile = SUCCESS (4)
0024:trace:file:ReadFile 000000C0 02588B54 516 00667524 00000000
0024:trace:file:NtReadFile (0xc0,(nil),(nil),(nil),0x6674e0,0x2588b54,0x00000204,(nil),(nil))
0024:trace:file:NtReadFile = SUCCESS (516)
0024:trace:file:ReadFile 000000D0 00667478 6 006673EC 00000000
0024:trace:file:NtReadFile (0xd0,(nil),(nil),(nil),0x6673a8,0x667478,0x00000006,(nil),(nil))
0024:trace:file:NtReadFile = SUCCESS (6)
0024:trace:file:NtSetInformationFile (0xb0,0x667450,0x667448,0x00000008,0x0000000e)
0024:trace:file:NtQueryInformationFile (0xb0,0x667448,0x667440,0x00000008,0x0000000e)
0024:trace:file:NtSetInformationFile (0xb0,0x667448,0x667440,0x00000008,0x0000000e)
0024:trace:file:ReadFile 000000B0 0259102C 19 006674C8 00000000
0024:trace:file:NtReadFile (0xb0,(nil),(nil),(nil),0x667480,0x259102c,0x00000013,(nil),(nil))
0024:trace:file:NtReadFile = SUCCESS (19)
0024:trace:file:NtSetInformationFile (0xc0,0x667450,0x667448,0x00000008,0x0000000e)
0024:trace:file:NtQueryInformationFile (0xc0,0x667448,0x667440,0x00000008,0x0000000e)
0024:trace:file:NtSetInformationFile (0xc0,0x667448,0x667440,0x00000008,0x0000000e)
0024:trace:file:ReadFile 000000C0 02588B54 464 006674C8 00000000
0024:trace:file:NtReadFile (0xc0,(nil),(nil),(nil),0x667480,0x2588b54,0x000001d0,(nil),(nil))
0024:trace:file:NtReadFile = SUCCESS (464)
0024:trace:file:NtSetInformationFile (0xd0,0x667318,0x667310,0x00000008,0x0000000e)
0024:trace:file:NtQueryInformationFile (0xd0,0x667310,0x667308,0x00000008,0x0000000e)
0024:trace:file:NtSetInformationFile (0xd0,0x667310,0x667308,0x00000008,0x0000000e)
0024:trace:file:ReadFile 000000D0 0066741C 5 00667390 00000000
0024:trace:file:NtReadFile (0xd0,(nil),(nil),(nil),0x667348,0x66741c,0x00000005,(nil),(nil))
0024:trace:file:NtReadFile = SUCCESS (5)
0024:trace:file:NtSetInformationFile (0xc0,0x6675c0,0x6675b8,0x00000008,0x0000000e)
0024:trace:file:NtQueryInformationFile (0xc0,0x6675b0,0x6675a8,0x00000008,0x0000000e)
0024:trace:file:NtSetInformationFile (0xc0,0x6675b0,0x6675a8,0x00000008,0x0000000e)
0024:trace:file:ReadFile 000000C0 02588B54 992 00667634 00000000
0024:trace:file:NtReadFile (0xc0,(nil),(nil),(nil),0x6675f0,0x2588b54,0x000003e0,(nil),(nil))
0024:trace:file:NtReadFile = SUCCESS (992)
0024:trace:file:ReadFile 000000C0 02588B54 1560 00667634 00000000
0024:trace:file:NtReadFile (0xc0,(nil),(nil),(nil),0x6675f0,0x2588b54,0x00000618,(nil),(nil))
0024:trace:file:NtReadFile = SUCCESS (1560)
0024:trace:file:ReadFile 000000C0 02588B54 856 00667634 00000000
0024:trace:file:NtReadFile (0xc0,(nil),(nil),(nil),0x6675f0,0x2588b54,0x00000358,(nil),(nil))
0024:trace:file:NtReadFile = SUCCESS (856)
0024:trace:file:ReadFile 000000C0 02588B54 724 00667634 00000000
0024:trace:file:NtReadFile (0xc0,(nil),(nil),(nil),0x6675f0,0x2588b54,0x000002d4,(nil),(nil))
0024:trace:file:NtReadFile = SUCCESS (724)
0024:trace:file:ReadFile 000000C0 02588B54 984 00667524 00000000
0024:trace:file:NtReadFile (0xc0,(nil),(nil),(nil),0x6674e0,0x2588b54,0x000003d8,(nil),(nil))
0024:trace:file:NtReadFile = SUCCESS (984)
0024:trace:file:NtSetInformationFile (0xd0,0x667378,0x667370,0x00000008,0x0000000e)
0024:trace:file:NtQueryInformationFile (0xd0,0x667368,0x667360,0x00000008,0x0000000e)
0024:trace:file:NtSetInformationFile (0xd0,0x667368,0x667360,0x00000008,0x0000000e)
0024:trace:file:ReadFile 000000D0 00667478 15 006673EC 00000000
0024:trace:file:NtReadFile (0xd0,(nil),(nil),(nil),0x6673a8,0x667478,0x0000000f,(nil),(nil))
0024:trace:file:NtReadFile = SUCCESS (15)
0024:trace:file:NtSetInformationFile (0xb0,0x667450,0x667448,0x00000008,0x0000000e)
0024:trace:file:NtQueryInformationFile (0xb0,0x667448,0x667440,0x00000008,0x0000000e)
0024:trace:file:NtSetInformationFile (0xb0,0x667448,0x667440,0x00000008,0x0000000e)
0024:trace:file:ReadFile 000000B0 0259102C 19 006674C8 00000000
0024:trace:file:NtReadFile (0xb0,(nil),(nil),(nil),0x667480,0x259102c,0x00000013,(nil),(nil))
0024:trace:file:NtReadFile = SUCCESS (19)
0024:trace:file:NtSetInformationFile (0xc0,0x667450,0x667448,0x00000008,0x0000000e)
0024:trace:file:NtQueryInformationFile (0xc0,0x667448,0x667440,0x00000008,0x0000000e)
0024:trace:file:NtSetInformationFile (0xc0,0x667448,0x667440,0x00000008,0x0000000e)
0024:trace:file:ReadFile 000000C0 02588B54 908 006674C8 00000000
0024:trace:file:NtReadFile (0xc0,(nil),(nil),(nil),0x667480,0x2588b54,0x0000038c,(nil),(nil))
0024:trace:file:NtReadFile = SUCCESS (908)
0024:trace:file:NtSetInformationFile (0xd0,0x667318,0x667310,0x00000008,0x0000000e)
0024:trace:file:NtQueryInformationFile (0xd0,0x667310,0x667308,0x00000008,0x0000000e)
0024:trace:file:NtSetInformationFile (0xd0,0x667310,0x667308,0x00000008,0x0000000e)
0024:trace:file:ReadFile 000000D0 0066741C 15 00667390 00000000
0024:trace:file:NtReadFile (0xd0,(nil),(nil),(nil),0x667348,0x66741c,0x0000000f,(nil),(nil))
0024:trace:file:NtReadFile = SUCCESS (15)
0024:trace:file:ReadFile 000000C0 02588B54 524 00667524 00000000
0024:trace:file:NtReadFile (0xc0,(nil),(nil),(nil),0x6674e0,0x2588b54,0x0000020c,(nil),(nil))
0024:trace:file:NtReadFile = SUCCESS (524)
0024:trace:file:ReadFile 000000D0 00667478 8 006673EC 00000000
0024:trace:file:NtReadFile (0xd0,(nil),(nil),(nil),0x6673a8,0x667478,0x00000008,(nil),(nil))
0024:trace:file:NtReadFile = SUCCESS (8)
0024:trace:file:NtSetInformationFile (0xb0,0x667450,0x667448,0x00000008,0x0000000e)
0024:trace:file:NtQueryInformationFile (0xb0,0x667448,0x667440,0x00000008,0x0000000e)
0024:trace:file:NtSetInformationFile (0xb0,0x667448,0x667440,0x00000008,0x0000000e)
0024:trace:file:ReadFile 000000B0 0259102C 19 006674C8 00000000
0024:trace:file:NtReadFile (0xb0,(nil),(nil),(nil),0x667480,0x259102c,0x00000013,(nil),(nil))
0024:trace:file:NtReadFile = SUCCESS (19)
0024:trace:file:NtSetInformationFile (0xc0,0x667450,0x667448,0x00000008,0x0000000e)
0024:trace:file:NtQueryInformationFile (0xc0,0x667448,0x667440,0x00000008,0x0000000e)
0024:trace:file:NtSetInformationFile (0xc0,0x667448,0x667440,0x00000008,0x0000000e)
0024:trace:file:ReadFile 000000C0 02588B54 568 006674C8 00000000
0024:trace:file:NtReadFile (0xc0,(nil),(nil),(nil),0x667480,0x2588b54,0x00000238,(nil),(nil))
0024:trace:file:NtReadFile = SUCCESS (568)
0024:trace:file:NtSetInformationFile (0xd0,0x667318,0x667310,0x00000008,0x0000000e)
0024:trace:file:NtQueryInformationFile (0xd0,0x667310,0x667308,0x00000008,0x0000000e)
0024:trace:file:NtSetInformationFile (0xd0,0x667310,0x667308,0x00000008,0x0000000e)
0024:trace:file:ReadFile 000000D0 0066741C 9 00667390 00000000
0024:trace:file:NtReadFile (0xd0,(nil),(nil),(nil),0x667348,0x66741c,0x00000009,(nil),(nil))
0024:trace:file:NtReadFile = SUCCESS (9)
0024:trace:file:NtSetInformationFile (0xc0,0x6674b0,0x6674a8,0x00000008,0x0000000e)
0024:trace:file:NtQueryInformationFile (0xc0,0x6674a0,0x667498,0x00000008,0x0000000e)
0024:trace:file:NtSetInformationFile (0xc0,0x6674a0,0x667498,0x00000008,0x0000000e)
0024:trace:file:ReadFile 000000C0 02588B54 428 00667524 00000000
0024:trace:file:NtReadFile (0xc0,(nil),(nil),(nil),0x6674e0,0x2588b54,0x000001ac,(nil),(nil))
0024:trace:file:NtReadFile = SUCCESS (428)
0024:trace:file:NtSetInformationFile (0xd0,0x667378,0x667370,0x00000008,0x0000000e)
0024:trace:file:NtQueryInformationFile (0xd0,0x667368,0x667360,0x00000008,0x0000000e)
0024:trace:file:NtSetInformationFile (0xd0,0x667368,0x667360,0x00000008,0x0000000e)
0024:trace:file:ReadFile 000000D0 00667478 7 006673EC 00000000
0024:trace:file:NtReadFile (0xd0,(nil),(nil),(nil),0x6673a8,0x667478,0x00000007,(nil),(nil))
0024:trace:file:NtReadFile = SUCCESS (7)
0024:trace:file:NtSetInformationFile (0xb0,0x667450,0x667448,0x00000008,0x0000000e)
0024:trace:file:NtQueryInformationFile (0xb0,0x667448,0x667440,0x00000008,0x0000000e)
0024:trace:file:NtSetInformationFile (0xb0,0x667448,0x667440,0x00000008,0x0000000e)
0024:trace:file:ReadFile 000000B0 0259102C 19 006674C8 00000000
0024:trace:file:NtReadFile (0xb0,(nil),(nil),(nil),0x667480,0x259102c,0x00000013,(nil),(nil))
0024:trace:file:NtReadFile = SUCCESS (19)
0024:trace:file:NtSetInformationFile (0xc0,0x667450,0x667448,0x00000008,0x0000000e)
0024:trace:file:NtQueryInformationFile (0xc0,0x667448,0x667440,0x00000008,0x0000000e)
0024:trace:file:NtSetInformationFile (0xc0,0x667448,0x667440,0x00000008,0x0000000e)
0024:trace:file:ReadFile 000000C0 02588B54 480 006674C8 00000000
0024:trace:file:NtReadFile (0xc0,(nil),(nil),(nil),0x667480,0x2588b54,0x000001e0,(nil),(nil))
0024:trace:file:NtReadFile = SUCCESS (480)
0024:trace:file:NtSetInformationFile (0xd0,0x667318,0x667310,0x00000008,0x0000000e)
0024:trace:file:NtQueryInformationFile (0xd0,0x667310,0x667308,0x00000008,0x0000000e)
0024:trace:file:NtSetInformationFile (0xd0,0x667310,0x667308,0x00000008,0x0000000e)
0024:trace:file:ReadFile 000000D0 0066741C 9 00667390 00000000
0024:trace:file:NtReadFile (0xd0,(nil),(nil),(nil),0x667348,0x66741c,0x00000009,(nil),(nil))
0024:trace:file:NtReadFile = SUCCESS (9)
0024:trace:file:ReadFile 000000C0 02588B54 988 00667524 00000000
0024:trace:file:NtReadFile (0xc0,(nil),(nil),(nil),0x6674e0,0x2588b54,0x000003dc,(nil),(nil))
0024:trace:file:NtReadFile = SUCCESS (988)
0024:trace:file:ReadFile 000000D0 00667478 16 006673EC 00000000
0024:trace:file:NtReadFile (0xd0,(nil),(nil),(nil),0x6673a8,0x667478,0x00000010,(nil),(nil))
0024:trace:file:NtReadFile = SUCCESS (16)
0024:trace:file:NtSetInformationFile (0xb0,0x667450,0x667448,0x00000008,0x0000000e)
0024:trace:file:NtQueryInformationFile (0xb0,0x667448,0x667440,0x00000008,0x0000000e)
0024:trace:file:NtSetInformationFile (0xb0,0x667448,0x667440,0x00000008,0x0000000e)
0024:trace:file:ReadFile 000000B0 0259102C 19 006674C8 00000000
0024:trace:file:NtReadFile (0xb0,(nil),(nil),(nil),0x667480,0x259102c,0x00000013,(nil),(nil))
0024:trace:file:NtReadFile = SUCCESS (19)
0024:trace:file:NtSetInformationFile (0xc0,0x667450,0x667448,0x00000008,0x0000000e)
0024:trace:file:NtQueryInformationFile (0xc0,0x667448,0x667440,0x00000008,0x0000000e)
0024:trace:file:NtSetInformationFile (0xc0,0x667448,0x667440,0x00000008,0x0000000e)
0024:trace:file:ReadFile 000000C0 02588B54 652 006674C8 00000000
0024:trace:file:NtReadFile (0xc0,(nil),(nil),(nil),0x667480,0x2588b54,0x0000028c,(nil),(nil))
0024:trace:file:NtReadFile = SUCCESS (652)
0024:trace:file:NtSetInformationFile (0xd0,0x667318,0x667310,0x00000008,0x0000000e)
0024:trace:file:NtQueryInformationFile (0xd0,0x667310,0x667308,0x00000008,0x0000000e)
0024:trace:file:NtSetInformationFile (0xd0,0x667310,0x667308,0x00000008,0x0000000e)
0024:trace:file:ReadFile 000000D0 0066741C 10 00667390 00000000
0024:trace:file:NtReadFile (0xd0,(nil),(nil),(nil),0x667348,0x66741c,0x0000000a,(nil),(nil))
0024:trace:file:NtReadFile = SUCCESS (10)
0024:trace:file:NtSetInformationFile (0xc0,0x6674b0,0x6674a8,0x00000008,0x0000000e)
0024:trace:file:NtQueryInformationFile (0xc0,0x6674a0,0x667498,0x00000008,0x0000000e)
0024:trace:file:NtSetInformationFile (0xc0,0x6674a0,0x667498,0x00000008,0x0000000e)
0024:trace:file:ReadFile 000000C0 02588B54 1028 00667524 00000000
0024:trace:file:NtReadFile (0xc0,(nil),(nil),(nil),0x6674e0,0x2588b54,0x00000404,(nil),(nil))
0024:trace:file:NtReadFile = SUCCESS (1028)
0024:trace:file:NtSetInformationFile (0xd0,0x667378,0x667370,0x00000008,0x0000000e)
0024:trace:file:NtQueryInformationFile (0xd0,0x667368,0x667360,0x00000008,0x0000000e)
0024:trace:file:NtSetInformationFile (0xd0,0x667368,0x667360,0x00000008,0x0000000e)
0024:trace:file:ReadFile 000000D0 00667478 15 006673EC 00000000
0024:trace:file:NtReadFile (0xd0,(nil),(nil),(nil),0x6673a8,0x667478,0x0000000f,(nil),(nil))
0024:trace:file:NtReadFile = SUCCESS (15)
0024:trace:file:NtSetInformationFile (0xb0,0x667450,0x667448,0x00000008,0x0000000e)
0024:trace:file:NtQueryInformationFile (0xb0,0x667448,0x667440,0x00000008,0x0000000e)
0024:trace:file:NtSetInformationFile (0xb0,0x667448,0x667440,0x00000008,0x0000000e)
0024:trace:file:ReadFile 000000B0 0259102C 19 006674C8 00000000
0024:trace:file:NtReadFile (0xb0,(nil),(nil),(nil),0x667480,0x259102c,0x00000013,(nil),(nil))
0024:trace:file:NtReadFile = SUCCESS (19)
0024:trace:file:NtSetInformationFile (0xc0,0x667450,0x667448,0x00000008,0x0000000e)
0024:trace:file:NtQueryInformationFile (0xc0,0x667448,0x667440,0x00000008,0x0000000e)
0024:trace:file:NtSetInformationFile (0xc0,0x667448,0x667440,0x00000008,0x0000000e)
0024:trace:file:ReadFile 000000C0 02588B54 596 006674C8 00000000
0024:trace:file:NtReadFile (0xc0,(nil),(nil),(nil),0x667480,0x2588b54,0x00000254,(nil),(nil))
0024:trace:file:NtReadFile = SUCCESS (596)
0024:trace:file:NtSetInformationFile (0xd0,0x667318,0x667310,0x00000008,0x0000000e)
0024:trace:file:NtQueryInformationFile (0xd0,0x667310,0x667308,0x00000008,0x0000000e)
0024:trace:file:NtSetInformationFile (0xd0,0x667310,0x667308,0x00000008,0x0000000e)
0024:trace:file:ReadFile 000000D0 0066741C 7 00667390 00000000
0024:trace:file:NtReadFile (0xd0,(nil),(nil),(nil),0x667348,0x66741c,0x00000007,(nil),(nil))
0024:trace:file:NtReadFile = SUCCESS (7)
0024:trace:file:ReadFile 000000C0 02588B54 684 00667524 00000000
0024:trace:file:NtReadFile (0xc0,(nil),(nil),(nil),0x6674e0,0x2588b54,0x000002ac,(nil),(nil))
0024:trace:file:NtReadFile = SUCCESS (684)
0024:trace:file:ReadFile 000000D0 00667478 9 006673EC 00000000
0024:trace:file:NtReadFile (0xd0,(nil),(nil),(nil),0x6673a8,0x667478,0x00000009,(nil),(nil))
0024:trace:file:NtReadFile = SUCCESS (9)
0024:trace:file:NtSetInformationFile (0xb0,0x667450,0x667448,0x00000008,0x0000000e)
0024:trace:file:NtQueryInformationFile (0xb0,0x667448,0x667440,0x00000008,0x0000000e)
0024:trace:file:NtSetInformationFile (0xb0,0x667448,0x667440,0x00000008,0x0000000e)
0024:trace:file:ReadFile 000000B0 0259102C 19 006674C8 00000000
0024:trace:file:NtReadFile (0xb0,(nil),(nil),(nil),0x667480,0x259102c,0x00000013,(nil),(nil))
0024:trace:file:NtReadFile = SUCCESS (19)
0024:trace:file:NtSetInformationFile (0xc0,0x667450,0x667448,0x00000008,0x0000000e)
0024:trace:file:NtQueryInformationFile (0xc0,0x667448,0x667440,0x00000008,0x0000000e)
0024:trace:file:NtSetInformationFile (0xc0,0x667448,0x667440,0x00000008,0x0000000e)
0024:trace:file:ReadFile 000000C0 02588B54 560 006674C8 00000000
0024:trace:file:NtReadFile (0xc0,(nil),(nil),(nil),0x667480,0x2588b54,0x00000230,(nil),(nil))
0024:trace:file:NtReadFile = SUCCESS (560)
0024:trace:file:NtSetInformationFile (0xd0,0x667318,0x667310,0x00000008,0x0000000e)
0024:trace:file:NtQueryInformationFile (0xd0,0x667310,0x667308,0x00000008,0x0000000e)
0024:trace:file:NtSetInformationFile (0xd0,0x667310,0x667308,0x00000008,0x0000000e)
0024:trace:file:ReadFile 000000D0 0066741C 7 00667390 00000000
0024:trace:file:NtReadFile (0xd0,(nil),(nil),(nil),0x667348,0x66741c,0x00000007,(nil),(nil))
0024:trace:file:NtReadFile = SUCCESS (7)
0024:trace:file:NtSetInformationFile (0xb0,0x667450,0x667448,0x00000008,0x0000000e)
0024:trace:file:NtQueryInformationFile (0xb0,0x667448,0x667440,0x00000008,0x0000000e)
0024:trace:file:NtSetInformationFile (0xb0,0x667448,0x667440,0x00000008,0x0000000e)
0024:trace:file:ReadFile 000000B0 0259102C 19 006674C8 00000000
0024:trace:file:NtReadFile (0xb0,(nil),(nil),(nil),0x667480,0x259102c,0x00000013,(nil),(nil))
0024:trace:file:NtReadFile = SUCCESS (19)
0024:trace:file:NtSetInformationFile (0xc0,0x667450,0x667448,0x00000008,0x0000000e)
0024:trace:file:NtQueryInformationFile (0xc0,0x667448,0x667440,0x00000008,0x0000000e)
0024:trace:file:NtSetInformationFile (0xc0,0x667448,0x667440,0x00000008,0x0000000e)
0024:trace:file:ReadFile 000000C0 02588B54 572 006674C8 00000000
0024:trace:file:NtReadFile (0xc0,(nil),(nil),(nil),0x667480,0x2588b54,0x0000023c,(nil),(nil))
0024:trace:file:NtReadFile = SUCCESS (572)
0024:trace:file:NtSetInformationFile (0xd0,0x667318,0x667310,0x00000008,0x0000000e)
0024:trace:file:NtQueryInformationFile (0xd0,0x667310,0x667308,0x00000008,0x0000000e)
0024:trace:file:NtSetInformationFile (0xd0,0x667310,0x667308,0x00000008,0x0000000e)
0024:trace:file:ReadFile 000000D0 0066741C 9 00667390 00000000
0024:trace:file:NtReadFile (0xd0,(nil),(nil),(nil),0x667348,0x66741c,0x00000009,(nil),(nil))
0024:trace:file:NtReadFile = SUCCESS (9)
0024:trace:file:ReadFile 000000C0 02588B54 1280 00667524 00000000
0024:trace:file:NtReadFile (0xc0,(nil),(nil),(nil),0x6674e0,0x2588b54,0x00000500,(nil),(nil))
0024:trace:file:NtReadFile = SUCCESS (1280)
0024:trace:file:ReadFile 000000D0 00667478 18 006673EC 00000000
0024:trace:file:NtReadFile (0xd0,(nil),(nil),(nil),0x6673a8,0x667478,0x00000012,(nil),(nil))
0024:trace:file:NtReadFile = SUCCESS (18)
0024:trace:file:NtSetInformationFile (0xb0,0x667450,0x667448,0x00000008,0x0000000e)
0024:trace:file:NtQueryInformationFile (0xb0,0x667448,0x667440,0x00000008,0x0000000e)
0024:trace:file:NtSetInformationFile (0xb0,0x667448,0x667440,0x00000008,0x0000000e)
0024:trace:file:ReadFile 000000B0 0259102C 19 006674C8 00000000
0024:trace:file:NtReadFile (0xb0,(nil),(nil),(nil),0x667480,0x259102c,0x00000013,(nil),(nil))
0024:trace:file:NtReadFile = SUCCESS (19)
0024:trace:file:NtSetInformationFile (0xc0,0x667450,0x667448,0x00000008,0x0000000e)
0024:trace:file:NtQueryInformationFile (0xc0,0x667448,0x667440,0x00000008,0x0000000e)
0024:trace:file:NtSetInformationFile (0xc0,0x667448,0x667440,0x00000008,0x0000000e)
0024:trace:file:ReadFile 000000C0 02588B54 1776 006674C8 00000000
0024:trace:file:NtReadFile (0xc0,(nil),(nil),(nil),0x667480,0x2588b54,0x000006f0,(nil),(nil))
0024:trace:file:NtReadFile = SUCCESS (1776)
0024:trace:file:NtSetInformationFile (0xd0,0x667318,0x667310,0x00000008,0x0000000e)
0024:trace:file:NtQueryInformationFile (0xd0,0x667310,0x667308,0x00000008,0x0000000e)
0024:trace:file:NtSetInformationFile (0xd0,0x667310,0x667308,0x00000008,0x0000000e)
0024:trace:file:ReadFile 000000D0 0066741C 26 00667390 00000000
0024:trace:file:NtReadFile (0xd0,(nil),(nil),(nil),0x667348,0x66741c,0x0000001a,(nil),(nil))
0024:trace:file:NtReadFile = SUCCESS (26)
0024:trace:file:NtSetInformationFile (0xc0,0x6675c0,0x6675b8,0x00000008,0x0000000e)
0024:trace:file:NtQueryInformationFile (0xc0,0x6675b0,0x6675a8,0x00000008,0x0000000e)
0024:trace:file:NtSetInformationFile (0xc0,0x6675b0,0x6675a8,0x00000008,0x0000000e)
0024:trace:file:ReadFile 000000C0 02588B54 504 00667634 00000000
0024:trace:file:NtReadFile (0xc0,(nil),(nil),(nil),0x6675f0,0x2588b54,0x000001f8,(nil),(nil))
0024:trace:file:NtReadFile = SUCCESS (504)
0024:trace:file:NtSetInformationFile (0xc0,0x6674b0,0x6674a8,0x00000008,0x0000000e)
0024:trace:file:NtQueryInformationFile (0xc0,0x6674a0,0x667498,0x00000008,0x0000000e)
0024:trace:file:NtSetInformationFile (0xc0,0x6674a0,0x667498,0x00000008,0x0000000e)
0024:trace:file:ReadFile 000000C0 02588B54 504 00667524 00000000
0024:trace:file:NtReadFile (0xc0,(nil),(nil),(nil),0x6674e0,0x2588b54,0x000001f8,(nil),(nil))
0024:trace:file:NtReadFile = SUCCESS (504)
0024:trace:file:NtSetInformationFile (0xd0,0x667378,0x667370,0x00000008,0x0000000e)
0024:trace:file:NtQueryInformationFile (0xd0,0x667368,0x667360,0x00000008,0x0000000e)
0024:trace:file:NtSetInformationFile (0xd0,0x667368,0x667360,0x00000008,0x0000000e)
0024:trace:file:ReadFile 000000D0 00667478 4 006673EC 00000000
0024:trace:file:NtReadFile (0xd0,(nil),(nil),(nil),0x6673a8,0x667478,0x00000004,(nil),(nil))
0024:trace:file:NtReadFile = SUCCESS (4)
0024:trace:file:NtSetInformationFile (0xb0,0x667450,0x667448,0x00000008,0x0000000e)
0024:trace:file:NtQueryInformationFile (0xb0,0x667448,0x667440,0x00000008,0x0000000e)
0024:trace:file:NtSetInformationFile (0xb0,0x667448,0x667440,0x00000008,0x0000000e)
0024:trace:file:ReadFile 000000B0 0259102C 19 006674C8 00000000
0024:trace:file:NtReadFile (0xb0,(nil),(nil),(nil),0x667480,0x259102c,0x00000013,(nil),(nil))
0024:trace:file:NtReadFile = SUCCESS (19)
0024:trace:file:NtSetInformationFile (0xc0,0x667450,0x667448,0x00000008,0x0000000e)
0024:trace:file:NtQueryInformationFile (0xc0,0x667448,0x667440,0x00000008,0x0000000e)
0024:trace:file:NtSetInformationFile (0xc0,0x667448,0x667440,0x00000008,0x0000000e)
0024:trace:file:ReadFile 000000C0 02588B54 820 006674C8 00000000
0024:trace:file:NtReadFile (0xc0,(nil),(nil),(nil),0x667480,0x2588b54,0x00000334,(nil),(nil))
0024:trace:file:NtReadFile = SUCCESS (820)
0024:trace:file:NtSetInformationFile (0xd0,0x667318,0x667310,0x00000008,0x0000000e)
0024:trace:file:NtQueryInformationFile (0xd0,0x667310,0x667308,0x00000008,0x0000000e)
0024:trace:file:NtSetInformationFile (0xd0,0x667310,0x667308,0x00000008,0x0000000e)
0024:trace:file:ReadFile 000000D0 0066741C 6 00667390 00000000
0024:trace:file:NtReadFile (0xd0,(nil),(nil),(nil),0x667348,0x66741c,0x00000006,(nil),(nil))
0024:trace:file:NtReadFile = SUCCESS (6)
0024:trace:file:ReadFile 000000C0 02588B54 960 00667524 00000000
0024:trace:file:NtReadFile (0xc0,(nil),(nil),(nil),0x6674e0,0x2588b54,0x000003c0,(nil),(nil))
0024:trace:file:NtReadFile = SUCCESS (960)
0024:trace:file:ReadFile 000000D0 00667478 7 006673EC 00000000
0024:trace:file:NtReadFile (0xd0,(nil),(nil),(nil),0x6673a8,0x667478,0x00000007,(nil),(nil))
0024:trace:file:NtReadFile = SUCCESS (7)
0024:trace:file:NtSetInformationFile (0xb0,0x667450,0x667448,0x00000008,0x0000000e)
0024:trace:file:NtQueryInformationFile (0xb0,0x667448,0x667440,0x00000008,0x0000000e)
0024:trace:file:NtSetInformationFile (0xb0,0x667448,0x667440,0x00000008,0x0000000e)
0024:trace:file:ReadFile 000000B0 0259102C 19 006674C8 00000000
0024:trace:file:NtReadFile (0xb0,(nil),(nil),(nil),0x667480,0x259102c,0x00000013,(nil),(nil))
0024:trace:file:NtReadFile = SUCCESS (19)
0024:trace:file:NtSetInformationFile (0xc0,0x667450,0x667448,0x00000008,0x0000000e)
0024:trace:file:NtQueryInformationFile (0xc0,0x667448,0x667440,0x00000008,0x0000000e)
0024:trace:file:NtSetInformationFile (0xc0,0x667448,0x667440,0x00000008,0x0000000e)
0024:trace:file:ReadFile 000000C0 02588B54 920 006674C8 00000000
0024:trace:file:NtReadFile (0xc0,(nil),(nil),(nil),0x667480,0x2588b54,0x00000398,(nil),(nil))
0024:trace:file:NtReadFile = SUCCESS (920)
0024:trace:file:NtSetInformationFile (0xd0,0x667318,0x667310,0x00000008,0x0000000e)
0024:trace:file:NtQueryInformationFile (0xd0,0x667310,0x667308,0x00000008,0x0000000e)
0024:trace:file:NtSetInformationFile (0xd0,0x667310,0x667308,0x00000008,0x0000000e)
0024:trace:file:ReadFile 000000D0 0066741C 7 00667390 00000000
0024:trace:file:NtReadFile (0xd0,(nil),(nil),(nil),0x667348,0x66741c,0x00000007,(nil),(nil))
0024:trace:file:NtReadFile = SUCCESS (7)
0024:trace:file:NtSetInformationFile (0xe0,0x667638,0x667630,0x00000008,0x0000000e)
0024:trace:file:NtQueryInformationFile (0xe0,0x667630,0x667628,0x00000008,0x0000000e)
0024:trace:file:NtSetInformationFile (0xe0,0x667630,0x667628,0x00000008,0x0000000e)
0024:trace:file:WriteFile 000000E0 0255DDB8 4 006676B0 00000000
0024:trace:file:NtWriteFile (0xe0,(nil),(nil),(nil),0x667260,0x255ddb8,0x00000004,(nil),(nil))
0024:trace:file:NtWriteFile = SUCCESS (4)
0024:trace:file:WriteFile 000000E0 0255DDBC 4 00667698 00000000
0024:trace:file:NtWriteFile (0xe0,(nil),(nil),(nil),0x667248,0x255ddbc,0x00000004,(nil),(nil))
0024:trace:file:NtWriteFile = SUCCESS (4)
0024:trace:file:WriteFile 000000E0 0255DDC0 4 00667680 00000000
0024:trace:file:NtWriteFile (0xe0,(nil),(nil),(nil),0x667230,0x255ddc0,0x00000004,(nil),(nil))
0024:trace:file:NtWriteFile = SUCCESS (4)
0024:trace:file:WriteFile 000000E0 0255DDC4 4 006676B0 00000000
0024:trace:file:NtWriteFile (0xe0,(nil),(nil),(nil),0x667260,0x255ddc4,0x00000004,(nil),(nil))
0024:trace:file:NtWriteFile = SUCCESS (4)
0024:trace:file:WriteFile 000000E0 0255DDC8 4 00667698 00000000
0024:trace:file:NtWriteFile (0xe0,(nil),(nil),(nil),0x667248,0x255ddc8,0x00000004,(nil),(nil))
0024:trace:file:NtWriteFile = SUCCESS (4)
0024:trace:file:WriteFile 000000E0 0255DDCC 2 00667680 00000000
0024:trace:file:NtWriteFile (0xe0,(nil),(nil),(nil),0x667230,0x255ddcc,0x00000002,(nil),(nil))
0024:trace:file:NtWriteFile = SUCCESS (2)
0024:trace:file:WriteFile 000000E0 0255DDCE 2 006676B0 00000000
0024:trace:file:NtWriteFile (0xe0,(nil),(nil),(nil),0x667260,0x255ddce,0x00000002,(nil),(nil))
0024:trace:file:NtWriteFile = SUCCESS (2)
0024:trace:file:WriteFile 000000E0 0255DDD0 4 00667698 00000000
0024:trace:file:NtWriteFile (0xe0,(nil),(nil),(nil),0x667248,0x255ddd0,0x00000004,(nil),(nil))
0024:trace:file:NtWriteFile = SUCCESS (4)
0024:trace:file:WriteFile 000000E0 0255DDD4 4 00667680 00000000
0024:trace:file:NtWriteFile (0xe0,(nil),(nil),(nil),0x667230,0x255ddd4,0x00000004,(nil),(nil))
0024:trace:file:NtWriteFile = SUCCESS (4)
0024:trace:file:WriteFile 000000E0 0255DDD8 2 006676B0 00000000
0024:trace:file:NtWriteFile (0xe0,(nil),(nil),(nil),0x667260,0x255ddd8,0x00000002,(nil),(nil))
0024:trace:file:NtWriteFile = SUCCESS (2)
0024:trace:file:WriteFile 000000E0 0255DDDA 2 00667698 00000000
0024:trace:file:NtWriteFile (0xe0,(nil),(nil),(nil),0x667248,0x255ddda,0x00000002,(nil),(nil))
0024:trace:file:NtWriteFile = SUCCESS (2)
0024:trace:file:WriteFile 000000E0 0255DE0C 4 006676B0 00000000
0024:trace:file:NtWriteFile (0xe0,(nil),(nil),(nil),0x667260,0x255de0c,0x00000004,(nil),(nil))
0024:trace:file:NtWriteFile = SUCCESS (4)
0024:trace:file:WriteFile 000000E0 0255DE10 4 00667698 00000000
0024:trace:file:NtWriteFile (0xe0,(nil),(nil),(nil),0x667248,0x255de10,0x00000004,(nil),(nil))
0024:trace:file:NtWriteFile = SUCCESS (4)
0024:trace:file:NtQueryInformationFile (0xe0,0x667660,0x667668,0x00000018,0x00000005)
0024:trace:file:NtSetInformationFile (0xe0,0x667660,0x667658,0x00000008,0x0000000e)
0024:trace:file:NtQueryInformationFile (0xe0,0x667658,0x667650,0x00000008,0x0000000e)
0024:trace:file:NtSetInformationFile (0xe0,0x667658,0x667650,0x00000008,0x0000000e)
0024:trace:file:WriteFile 000000E0 01F35EF0 56358 006676D8 00000000
0024:trace:file:NtWriteFile (0xe0,(nil),(nil),(nil),0x667288,0x1f35ef0,0x0000dc26,(nil),(nil))
0024:trace:file:NtWriteFile = SUCCESS (56358)
0024:trace:file:NtSetInformationFile (0xc0,0x6675c0,0x6675b8,0x00000008,0x0000000e)
0024:trace:file:NtQueryInformationFile (0xc0,0x6675b0,0x6675a8,0x00000008,0x0000000e)
0024:trace:file:NtSetInformationFile (0xc0,0x6675b0,0x6675a8,0x00000008,0x0000000e)
0024:trace:file:ReadFile 000000C0 02588B54 960 00667634 00000000
0024:trace:file:NtReadFile (0xc0,(nil),(nil),(nil),0x6675f0,0x2588b54,0x000003c0,(nil),(nil))
0024:trace:file:NtReadFile = SUCCESS (960)
0024:trace:file:ReadFile 000000C0 02588B54 696 00667524 00000000
0024:trace:file:NtReadFile (0xc0,(nil),(nil),(nil),0x6674e0,0x2588b54,0x000002b8,(nil),(nil))
0024:trace:file:NtReadFile = SUCCESS (696)
0024:trace:file:NtSetInformationFile (0xd0,0x667378,0x667370,0x00000008,0x0000000e)
0024:trace:file:NtQueryInformationFile (0xd0,0x667368,0x667360,0x00000008,0x0000000e)
0024:trace:file:NtSetInformationFile (0xd0,0x667368,0x667360,0x00000008,0x0000000e)
0024:trace:file:ReadFile 000000D0 00667478 8 006673EC 00000000
0024:trace:file:NtReadFile (0xd0,(nil),(nil),(nil),0x6673a8,0x667478,0x00000008,(nil),(nil))
0024:trace:file:NtReadFile = SUCCESS (8)
0024:trace:file:NtSetInformationFile (0xb0,0x667450,0x667448,0x00000008,0x0000000e)
0024:trace:file:NtQueryInformationFile (0xb0,0x667448,0x667440,0x00000008,0x0000000e)
0024:trace:file:NtSetInformationFile (0xb0,0x667448,0x667440,0x00000008,0x0000000e)
0024:trace:file:ReadFile 000000B0 0259102C 19 006674C8 00000000
0024:trace:file:NtReadFile (0xb0,(nil),(nil),(nil),0x667480,0x259102c,0x00000013,(nil),(nil))
0024:trace:file:NtReadFile = SUCCESS (19)
0024:trace:file:NtSetInformationFile (0xc0,0x667450,0x667448,0x00000008,0x0000000e)
0024:trace:file:NtQueryInformationFile (0xc0,0x667448,0x667440,0x00000008,0x0000000e)
0024:trace:file:NtSetInformationFile (0xc0,0x667448,0x667440,0x00000008,0x0000000e)
0024:trace:file:ReadFile 000000C0 02588B54 348 006674C8 00000000
0024:trace:file:NtReadFile (0xc0,(nil),(nil),(nil),0x667480,0x2588b54,0x0000015c,(nil),(nil))
0024:trace:file:NtReadFile = SUCCESS (348)
0024:trace:file:NtSetInformationFile (0xd0,0x667318,0x667310,0x00000008,0x0000000e)
0024:trace:file:NtQueryInformationFile (0xd0,0x667310,0x667308,0x00000008,0x0000000e)
0024:trace:file:NtSetInformationFile (0xd0,0x667310,0x667308,0x00000008,0x0000000e)
0024:trace:file:ReadFile 000000D0 0066741C 5 00667390 00000000
0024:trace:file:NtReadFile (0xd0,(nil),(nil),(nil),0x667348,0x66741c,0x00000005,(nil),(nil))
0024:trace:file:NtReadFile = SUCCESS (5)
0024:trace:file:ReadFile 000000C0 02588B54 552 00667524 00000000
0024:trace:file:NtReadFile (0xc0,(nil),(nil),(nil),0x6674e0,0x2588b54,0x00000228,(nil),(nil))
0024:trace:file:NtReadFile = SUCCESS (552)
0024:trace:file:ReadFile 000000D0 00667478 7 006673EC 00000000
0024:trace:file:NtReadFile (0xd0,(nil),(nil),(nil),0x6673a8,0x667478,0x00000007,(nil),(nil))
0024:trace:file:NtReadFile = SUCCESS (7)
0024:trace:file:NtSetInformationFile (0xb0,0x667450,0x667448,0x00000008,0x0000000e)
0024:trace:file:NtQueryInformationFile (0xb0,0x667448,0x667440,0x00000008,0x0000000e)
0024:trace:file:NtSetInformationFile (0xb0,0x667448,0x667440,0x00000008,0x0000000e)
0024:trace:file:ReadFile 000000B0 0259102C 19 006674C8 00000000
0024:trace:file:NtReadFile (0xb0,(nil),(nil),(nil),0x667480,0x259102c,0x00000013,(nil),(nil))
0024:trace:file:NtReadFile = SUCCESS (19)
0024:trace:file:NtSetInformationFile (0xc0,0x667450,0x667448,0x00000008,0x0000000e)
0024:trace:file:NtQueryInformationFile (0xc0,0x667448,0x667440,0x00000008,0x0000000e)
0024:trace:file:NtSetInformationFile (0xc0,0x667448,0x667440,0x00000008,0x0000000e)
0024:trace:file:ReadFile 000000C0 02588B54 752 006674C8 00000000
0024:trace:file:NtReadFile (0xc0,(nil),(nil),(nil),0x667480,0x2588b54,0x000002f0,(nil),(nil))
0024:trace:file:NtReadFile = SUCCESS (752)
0024:trace:file:NtSetInformationFile (0xd0,0x667318,0x667310,0x00000008,0x0000000e)
0024:trace:file:NtQueryInformationFile (0xd0,0x667310,0x667308,0x00000008,0x0000000e)
0024:trace:file:NtSetInformationFile (0xd0,0x667310,0x667308,0x00000008,0x0000000e)
0024:trace:file:ReadFile 000000D0 0066741C 9 00667390 00000000
0024:trace:file:NtReadFile (0xd0,(nil),(nil),(nil),0x667348,0x66741c,0x00000009,(nil),(nil))
0024:trace:file:NtReadFile = SUCCESS (9)
0024:trace:file:NtSetInformationFile (0xc0,0x6674b0,0x6674a8,0x00000008,0x0000000e)
0024:trace:file:NtQueryInformationFile (0xc0,0x6674a0,0x667498,0x00000008,0x0000000e)
0024:trace:file:NtSetInformationFile (0xc0,0x6674a0,0x667498,0x00000008,0x0000000e)
0024:trace:file:ReadFile 000000C0 02588B54 788 00667524 00000000
0024:trace:file:NtReadFile (0xc0,(nil),(nil),(nil),0x6674e0,0x2588b54,0x00000314,(nil),(nil))
0024:trace:file:NtReadFile = SUCCESS (788)
0024:trace:file:NtSetInformationFile (0xd0,0x667378,0x667370,0x00000008,0x0000000e)
0024:trace:file:NtQueryInformationFile (0xd0,0x667368,0x667360,0x00000008,0x0000000e)
0024:trace:file:NtSetInformationFile (0xd0,0x667368,0x667360,0x00000008,0x0000000e)
0024:trace:file:ReadFile 000000D0 00667478 10 006673EC 00000000
0024:trace:file:NtReadFile (0xd0,(nil),(nil),(nil),0x6673a8,0x667478,0x0000000a,(nil),(nil))
0024:trace:file:NtReadFile = SUCCESS (10)
0024:trace:file:NtSetInformationFile (0xb0,0x667450,0x667448,0x00000008,0x0000000e)
0024:trace:file:NtQueryInformationFile (0xb0,0x667448,0x667440,0x00000008,0x0000000e)
0024:trace:file:NtSetInformationFile (0xb0,0x667448,0x667440,0x00000008,0x0000000e)
0024:trace:file:ReadFile 000000B0 0259102C 19 006674C8 00000000
0024:trace:file:NtReadFile (0xb0,(nil),(nil),(nil),0x667480,0x259102c,0x00000013,(nil),(nil))
0024:trace:file:NtReadFile = SUCCESS (19)
0024:trace:file:NtSetInformationFile (0xc0,0x667450,0x667448,0x00000008,0x0000000e)
0024:trace:file:NtQueryInformationFile (0xc0,0x667448,0x667440,0x00000008,0x0000000e)
0024:trace:file:NtSetInformationFile (0xc0,0x667448,0x667440,0x00000008,0x0000000e)
0024:trace:file:ReadFile 000000C0 02588B54 1172 006674C8 00000000
0024:trace:file:NtReadFile (0xc0,(nil),(nil),(nil),0x667480,0x2588b54,0x00000494,(nil),(nil))
0024:trace:file:NtReadFile = SUCCESS (1172)
0024:trace:file:NtSetInformationFile (0xd0,0x667318,0x667310,0x00000008,0x0000000e)
0024:trace:file:NtQueryInformationFile (0xd0,0x667310,0x667308,0x00000008,0x0000000e)
0024:trace:file:NtSetInformationFile (0xd0,0x667310,0x667308,0x00000008,0x0000000e)
0024:trace:file:ReadFile 000000D0 0066741C 12 00667390 00000000
0024:trace:file:NtReadFile (0xd0,(nil),(nil),(nil),0x667348,0x66741c,0x0000000c,(nil),(nil))
0024:trace:file:NtReadFile = SUCCESS (12)
0024:trace:file:ReadFile 000000C0 02588B54 1056 00667524 00000000
0024:trace:file:NtReadFile (0xc0,(nil),(nil),(nil),0x6674e0,0x2588b54,0x00000420,(nil),(nil))
0024:trace:file:NtReadFile = SUCCESS (1056)
0024:trace:file:ReadFile 000000D0 00667478 15 006673EC 00000000
0024:trace:file:NtReadFile (0xd0,(nil),(nil),(nil),0x6673a8,0x667478,0x0000000f,(nil),(nil))
0024:trace:file:NtReadFile = SUCCESS (15)
0024:trace:file:NtSetInformationFile (0xb0,0x667450,0x667448,0x00000008,0x0000000e)
0024:trace:file:NtQueryInformationFile (0xb0,0x667448,0x667440,0x00000008,0x0000000e)
0024:trace:file:NtSetInformationFile (0xb0,0x667448,0x667440,0x00000008,0x0000000e)
0024:trace:file:ReadFile 000000B0 0259102C 19 006674C8 00000000
0024:trace:file:NtReadFile (0xb0,(nil),(nil),(nil),0x667480,0x259102c,0x00000013,(nil),(nil))
0024:trace:file:NtReadFile = SUCCESS (19)
0024:trace:file:NtSetInformationFile (0xc0,0x667450,0x667448,0x00000008,0x0000000e)
0024:trace:file:NtQueryInformationFile (0xc0,0x667448,0x667440,0x00000008,0x0000000e)
0024:trace:file:NtSetInformationFile (0xc0,0x667448,0x667440,0x00000008,0x0000000e)
0024:trace:file:ReadFile 000000C0 02588B54 644 006674C8 00000000
0024:trace:file:NtReadFile (0xc0,(nil),(nil),(nil),0x667480,0x2588b54,0x00000284,(nil),(nil))
0024:trace:file:NtReadFile = SUCCESS (644)
0024:trace:file:NtSetInformationFile (0xd0,0x667318,0x667310,0x00000008,0x0000000e)
0024:trace:file:NtQueryInformationFile (0xd0,0x667310,0x667308,0x00000008,0x0000000e)
0024:trace:file:NtSetInformationFile (0xd0,0x667310,0x667308,0x00000008,0x0000000e)
0024:trace:file:ReadFile 000000D0 0066741C 8 00667390 00000000
0024:trace:file:NtReadFile (0xd0,(nil),(nil),(nil),0x667348,0x66741c,0x00000008,(nil),(nil))
0024:trace:file:NtReadFile = SUCCESS (8)
0024:trace:file:NtSetInformationFile (0xb0,0x667450,0x667448,0x00000008,0x0000000e)
0024:trace:file:NtQueryInformationFile (0xb0,0x667448,0x667440,0x00000008,0x0000000e)
0024:trace:file:NtSetInformationFile (0xb0,0x667448,0x667440,0x00000008,0x0000000e)
0024:trace:file:ReadFile 000000B0 0259102C 19 006674C8 00000000
0024:trace:file:NtReadFile (0xb0,(nil),(nil),(nil),0x667480,0x259102c,0x00000013,(nil),(nil))
0024:trace:file:NtReadFile = SUCCESS (19)
0024:trace:file:NtSetInformationFile (0xc0,0x667450,0x667448,0x00000008,0x0000000e)
0024:trace:file:NtQueryInformationFile (0xc0,0x667448,0x667440,0x00000008,0x0000000e)
0024:trace:file:NtSetInformationFile (0xc0,0x667448,0x667440,0x00000008,0x0000000e)
0024:trace:file:ReadFile 000000C0 02588B54 780 006674C8 00000000
0024:trace:file:NtReadFile (0xc0,(nil),(nil),(nil),0x667480,0x2588b54,0x0000030c,(nil),(nil))
0024:trace:file:NtReadFile = SUCCESS (780)
0024:trace:file:NtSetInformationFile (0xd0,0x667318,0x667310,0x00000008,0x0000000e)
0024:trace:file:NtQueryInformationFile (0xd0,0x667310,0x667308,0x00000008,0x0000000e)
0024:trace:file:NtSetInformationFile (0xd0,0x667310,0x667308,0x00000008,0x0000000e)
0024:trace:file:ReadFile 000000D0 0066741C 13 00667390 00000000
0024:trace:file:NtReadFile (0xd0,(nil),(nil),(nil),0x667348,0x66741c,0x0000000d,(nil),(nil))
0024:trace:file:NtReadFile = SUCCESS (13)
0024:trace:file:ReadFile 000000C0 02588B54 792 00667524 00000000
0024:trace:file:NtReadFile (0xc0,(nil),(nil),(nil),0x6674e0,0x2588b54,0x00000318,(nil),(nil))
0024:trace:file:NtReadFile = SUCCESS (792)
0024:trace:file:ReadFile 000000D0 00667478 13 006673EC 00000000
0024:trace:file:NtReadFile (0xd0,(nil),(nil),(nil),0x6673a8,0x667478,0x0000000d,(nil),(nil))
0024:trace:file:NtReadFile = SUCCESS (13)
0024:trace:file:NtSetInformationFile (0xb0,0x667450,0x667448,0x00000008,0x0000000e)
0024:trace:file:NtQueryInformationFile (0xb0,0x667448,0x667440,0x00000008,0x0000000e)
0024:trace:file:NtSetInformationFile (0xb0,0x667448,0x667440,0x00000008,0x0000000e)
0024:trace:file:ReadFile 000000B0 0259102C 19 006674C8 00000000
0024:trace:file:NtReadFile (0xb0,(nil),(nil),(nil),0x667480,0x259102c,0x00000013,(nil),(nil))
0024:trace:file:NtReadFile = SUCCESS (19)
0024:trace:file:NtSetInformationFile (0xc0,0x667450,0x667448,0x00000008,0x0000000e)
0024:trace:file:NtQueryInformationFile (0xc0,0x667448,0x667440,0x00000008,0x0000000e)
0024:trace:file:NtSetInformationFile (0xc0,0x667448,0x667440,0x00000008,0x0000000e)
0024:trace:file:ReadFile 000000C0 02588B54 1208 006674C8 00000000
0024:trace:file:NtReadFile (0xc0,(nil),(nil),(nil),0x667480,0x2588b54,0x000004b8,(nil),(nil))
0024:trace:file:NtReadFile = SUCCESS (1208)
0024:trace:file:NtSetInformationFile (0xd0,0x667318,0x667310,0x00000008,0x0000000e)
0024:trace:file:NtQueryInformationFile (0xd0,0x667310,0x667308,0x00000008,0x0000000e)
0024:trace:file:NtSetInformationFile (0xd0,0x667310,0x667308,0x00000008,0x0000000e)
0024:trace:file:ReadFile 000000D0 0066741C 18 00667390 00000000
0024:trace:file:NtReadFile (0xd0,(nil),(nil),(nil),0x667348,0x66741c,0x00000012,(nil),(nil))
0024:trace:file:NtReadFile = SUCCESS (18)
0024:trace:file:NtSetInformationFile (0xc0,0x6675c0,0x6675b8,0x00000008,0x0000000e)
0024:trace:file:NtQueryInformationFile (0xc0,0x6675b0,0x6675a8,0x00000008,0x0000000e)
0024:trace:file:NtSetInformationFile (0xc0,0x6675b0,0x6675a8,0x00000008,0x0000000e)
0024:trace:file:ReadFile 000000C0 02588B54 752 00667634 00000000
0024:trace:file:NtReadFile (0xc0,(nil),(nil),(nil),0x6675f0,0x2588b54,0x000002f0,(nil),(nil))
0024:trace:file:NtReadFile = SUCCESS (752)
0024:trace:file:ReadFile 000000C0 02588B54 1368 00667634 00000000
0024:trace:file:NtReadFile (0xc0,(nil),(nil),(nil),0x6675f0,0x2588b54,0x00000558,(nil),(nil))
0024:trace:file:NtReadFile = SUCCESS (1368)
0024:trace:file:ReadFile 000000C0 02588B54 696 00667634 00000000
0024:trace:file:NtReadFile (0xc0,(nil),(nil),(nil),0x6675f0,0x2588b54,0x000002b8,(nil),(nil))
0024:trace:file:NtReadFile = SUCCESS (696)
0024:trace:file:NtSetInformationFile (0xc0,0x6675c0,0x6675b8,0x00000008,0x0000000e)
0024:trace:file:NtQueryInformationFile (0xc0,0x6675b0,0x6675a8,0x00000008,0x0000000e)
0024:trace:file:NtSetInformationFile (0xc0,0x6675b0,0x6675a8,0x00000008,0x0000000e)
0024:trace:file:ReadFile 000000C0 02588B54 696 00667634 00000000
0024:trace:file:NtReadFile (0xc0,(nil),(nil),(nil),0x6675f0,0x2588b54,0x000002b8,(nil),(nil))
0024:trace:file:NtReadFile = SUCCESS (696)
0024:trace:file:ReadFile 000000C0 02588B54 972 00667524 00000000
0024:trace:file:NtReadFile (0xc0,(nil),(nil),(nil),0x6674e0,0x2588b54,0x000003cc,(nil),(nil))
0024:trace:file:NtReadFile = SUCCESS (972)
0024:trace:file:NtSetInformationFile (0xd0,0x667378,0x667370,0x00000008,0x0000000e)
0024:trace:file:NtQueryInformationFile (0xd0,0x667368,0x667360,0x00000008,0x0000000e)
0024:trace:file:NtSetInformationFile (0xd0,0x667368,0x667360,0x00000008,0x0000000e)
0024:trace:file:ReadFile 000000D0 00667478 7 006673EC 00000000
0024:trace:file:NtReadFile (0xd0,(nil),(nil),(nil),0x6673a8,0x667478,0x00000007,(nil),(nil))
0024:trace:file:NtReadFile = SUCCESS (7)
0024:trace:file:NtSetInformationFile (0xb0,0x667450,0x667448,0x00000008,0x0000000e)
0024:trace:file:NtQueryInformationFile (0xb0,0x667448,0x667440,0x00000008,0x0000000e)
0024:trace:file:NtSetInformationFile (0xb0,0x667448,0x667440,0x00000008,0x0000000e)
0024:trace:file:ReadFile 000000B0 0259102C 19 006674C8 00000000
0024:trace:file:NtReadFile (0xb0,(nil),(nil),(nil),0x667480,0x259102c,0x00000013,(nil),(nil))
0024:trace:file:NtReadFile = SUCCESS (19)
0024:trace:file:NtSetInformationFile (0xc0,0x667450,0x667448,0x00000008,0x0000000e)
0024:trace:file:NtQueryInformationFile (0xc0,0x667448,0x667440,0x00000008,0x0000000e)
0024:trace:file:NtSetInformationFile (0xc0,0x667448,0x667440,0x00000008,0x0000000e)
0024:trace:file:ReadFile 000000C0 02588B54 800 006674C8 00000000
0024:trace:file:NtReadFile (0xc0,(nil),(nil),(nil),0x667480,0x2588b54,0x00000320,(nil),(nil))
0024:trace:file:NtReadFile = SUCCESS (800)
0024:trace:file:NtSetInformationFile (0xd0,0x667318,0x667310,0x00000008,0x0000000e)
0024:trace:file:NtQueryInformationFile (0xd0,0x667310,0x667308,0x00000008,0x0000000e)
0024:trace:file:NtSetInformationFile (0xd0,0x667310,0x667308,0x00000008,0x0000000e)
0024:trace:file:ReadFile 000000D0 0066741C 6 00667390 00000000
0024:trace:file:NtReadFile (0xd0,(nil),(nil),(nil),0x667348,0x66741c,0x00000006,(nil),(nil))
0024:trace:file:NtReadFile = SUCCESS (6)
0024:trace:file:NtSetInformationFile (0xc0,0x6674b0,0x6674a8,0x00000008,0x0000000e)
0024:trace:file:NtQueryInformationFile (0xc0,0x6674a0,0x667498,0x00000008,0x0000000e)
0024:trace:file:NtSetInformationFile (0xc0,0x6674a0,0x667498,0x00000008,0x0000000e)
0024:trace:file:ReadFile 000000C0 02588B54 800 00667524 00000000
0024:trace:file:NtReadFile (0xc0,(nil),(nil),(nil),0x6674e0,0x2588b54,0x00000320,(nil),(nil))
0024:trace:file:NtReadFile = SUCCESS (800)
0024:trace:file:NtSetInformationFile (0xd0,0x667378,0x667370,0x00000008,0x0000000e)
0024:trace:file:NtQueryInformationFile (0xd0,0x667368,0x667360,0x00000008,0x0000000e)
0024:trace:file:NtSetInformationFile (0xd0,0x667368,0x667360,0x00000008,0x0000000e)
0024:trace:file:ReadFile 000000D0 00667478 6 006673EC 00000000
0024:trace:file:NtReadFile (0xd0,(nil),(nil),(nil),0x6673a8,0x667478,0x00000006,(nil),(nil))
0024:trace:file:NtReadFile = SUCCESS (6)
0024:trace:file:NtSetInformationFile (0xb0,0x667450,0x667448,0x00000008,0x0000000e)
0024:trace:file:NtQueryInformationFile (0xb0,0x667448,0x667440,0x00000008,0x0000000e)
0024:trace:file:NtSetInformationFile (0xb0,0x667448,0x667440,0x00000008,0x0000000e)
0024:trace:file:ReadFile 000000B0 0259102C 19 006674C8 00000000
0024:trace:file:NtReadFile (0xb0,(nil),(nil),(nil),0x667480,0x259102c,0x00000013,(nil),(nil))
0024:trace:file:NtReadFile = SUCCESS (19)
0024:trace:file:NtSetInformationFile (0xc0,0x667450,0x667448,0x00000008,0x0000000e)
0024:trace:file:NtQueryInformationFile (0xc0,0x667448,0x667440,0x00000008,0x0000000e)
0024:trace:file:NtSetInformationFile (0xc0,0x667448,0x667440,0x00000008,0x0000000e)
0024:trace:file:ReadFile 000000C0 02588B54 972 006674C8 00000000
0024:trace:file:NtReadFile (0xc0,(nil),(nil),(nil),0x667480,0x2588b54,0x000003cc,(nil),(nil))
0024:trace:file:NtReadFile = SUCCESS (972)
0024:trace:file:NtSetInformationFile (0xd0,0x667318,0x667310,0x00000008,0x0000000e)
0024:trace:file:NtQueryInformationFile (0xd0,0x667310,0x667308,0x00000008,0x0000000e)
0024:trace:file:NtSetInformationFile (0xd0,0x667310,0x667308,0x00000008,0x0000000e)
0024:trace:file:ReadFile 000000D0 0066741C 7 00667390 00000000
0024:trace:file:NtReadFile (0xd0,(nil),(nil),(nil),0x667348,0x66741c,0x00000007,(nil),(nil))
0024:trace:file:NtReadFile = SUCCESS (7)
0024:trace:file:NtSetInformationFile (0xc0,0x6675c0,0x6675b8,0x00000008,0x0000000e)
0024:trace:file:NtQueryInformationFile (0xc0,0x6675b0,0x6675a8,0x00000008,0x0000000e)
0024:trace:file:NtSetInformationFile (0xc0,0x6675b0,0x6675a8,0x00000008,0x0000000e)
0024:trace:file:ReadFile 000000C0 02588B54 1412 00667634 00000000
0024:trace:file:NtReadFile (0xc0,(nil),(nil),(nil),0x6675f0,0x2588b54,0x00000584,(nil),(nil))
0024:trace:file:NtReadFile = SUCCESS (1412)
0024:trace:file:NtSetInformationFile (0xc0,0x6675c0,0x6675b8,0x00000008,0x0000000e)
0024:trace:file:NtQueryInformationFile (0xc0,0x6675b0,0x6675a8,0x00000008,0x0000000e)
0024:trace:file:NtSetInformationFile (0xc0,0x6675b0,0x6675a8,0x00000008,0x0000000e)
0024:trace:file:ReadFile 000000C0 02588B54 1412 00667634 00000000
0024:trace:file:NtReadFile (0xc0,(nil),(nil),(nil),0x6675f0,0x2588b54,0x00000584,(nil),(nil))
0024:trace:file:NtReadFile = SUCCESS (1412)
0024:trace:file:ReadFile 000000C0 02588B54 1416 00667634 00000000
0024:trace:file:NtReadFile (0xc0,(nil),(nil),(nil),0x6675f0,0x2588b54,0x00000588,(nil),(nil))
0024:trace:file:NtReadFile = SUCCESS (1416)
0024:trace:file:NtSetInformationFile (0xc0,0x6675c0,0x6675b8,0x00000008,0x0000000e)
0024:trace:file:NtQueryInformationFile (0xc0,0x6675b0,0x6675a8,0x00000008,0x0000000e)
0024:trace:file:NtSetInformationFile (0xc0,0x6675b0,0x6675a8,0x00000008,0x0000000e)
0024:trace:file:ReadFile 000000C0 02588B54 1416 00667634 00000000
0024:trace:file:NtReadFile (0xc0,(nil),(nil),(nil),0x6675f0,0x2588b54,0x00000588,(nil),(nil))
0024:trace:file:NtReadFile = SUCCESS (1416)
0024:trace:file:NtSetInformationFile (0xe0,0x667638,0x667630,0x00000008,0x0000000e)
0024:trace:file:NtQueryInformationFile (0xe0,0x667630,0x667628,0x00000008,0x0000000e)
0024:trace:file:NtSetInformationFile (0xe0,0x667630,0x667628,0x00000008,0x0000000e)
0024:trace:file:WriteFile 000000E0 0255DDB8 4 006676B0 00000000
0024:trace:file:NtWriteFile (0xe0,(nil),(nil),(nil),0x667260,0x255ddb8,0x00000004,(nil),(nil))
0024:trace:file:NtWriteFile = SUCCESS (4)
0024:trace:file:WriteFile 000000E0 0255DDBC 4 00667698 00000000
0024:trace:file:NtWriteFile (0xe0,(nil),(nil),(nil),0x667248,0x255ddbc,0x00000004,(nil),(nil))
0024:trace:file:NtWriteFile = SUCCESS (4)
0024:trace:file:WriteFile 000000E0 0255DDC0 4 00667680 00000000
0024:trace:file:NtWriteFile (0xe0,(nil),(nil),(nil),0x667230,0x255ddc0,0x00000004,(nil),(nil))
0024:trace:file:NtWriteFile = SUCCESS (4)
0024:trace:file:WriteFile 000000E0 0255DDC4 4 006676B0 00000000
0024:trace:file:NtWriteFile (0xe0,(nil),(nil),(nil),0x667260,0x255ddc4,0x00000004,(nil),(nil))
0024:trace:file:NtWriteFile = SUCCESS (4)
0024:trace:file:WriteFile 000000E0 0255DDC8 4 00667698 00000000
0024:trace:file:NtWriteFile (0xe0,(nil),(nil),(nil),0x667248,0x255ddc8,0x00000004,(nil),(nil))
0024:trace:file:NtWriteFile = SUCCESS (4)
0024:trace:file:WriteFile 000000E0 0255DDCC 2 00667680 00000000
0024:trace:file:NtWriteFile (0xe0,(nil),(nil),(nil),0x667230,0x255ddcc,0x00000002,(nil),(nil))
0024:trace:file:NtWriteFile = SUCCESS (2)
0024:trace:file:WriteFile 000000E0 0255DDCE 2 006676B0 00000000
0024:trace:file:NtWriteFile (0xe0,(nil),(nil),(nil),0x667260,0x255ddce,0x00000002,(nil),(nil))
0024:trace:file:NtWriteFile = SUCCESS (2)
0024:trace:file:WriteFile 000000E0 0255DDD0 4 00667698 00000000
0024:trace:file:NtWriteFile (0xe0,(nil),(nil),(nil),0x667248,0x255ddd0,0x00000004,(nil),(nil))
0024:trace:file:NtWriteFile = SUCCESS (4)
0024:trace:file:WriteFile 000000E0 0255DDD4 4 00667680 00000000
0024:trace:file:NtWriteFile (0xe0,(nil),(nil),(nil),0x667230,0x255ddd4,0x00000004,(nil),(nil))
0024:trace:file:NtWriteFile = SUCCESS (4)
0024:trace:file:WriteFile 000000E0 0255DDD8 2 006676B0 00000000
0024:trace:file:NtWriteFile (0xe0,(nil),(nil),(nil),0x667260,0x255ddd8,0x00000002,(nil),(nil))
0024:trace:file:NtWriteFile = SUCCESS (2)
0024:trace:file:WriteFile 000000E0 0255DDDA 2 00667698 00000000
0024:trace:file:NtWriteFile (0xe0,(nil),(nil),(nil),0x667248,0x255ddda,0x00000002,(nil),(nil))
0024:trace:file:NtWriteFile = SUCCESS (2)
0024:trace:file:WriteFile 000000E0 0255DE0C 4 006676B0 00000000
0024:trace:file:NtWriteFile (0xe0,(nil),(nil),(nil),0x667260,0x255de0c,0x00000004,(nil),(nil))
0024:trace:file:NtWriteFile = SUCCESS (4)
0024:trace:file:WriteFile 000000E0 0255DE10 4 00667698 00000000
0024:trace:file:NtWriteFile (0xe0,(nil),(nil),(nil),0x667248,0x255de10,0x00000004,(nil),(nil))
0024:trace:file:NtWriteFile = SUCCESS (4)
0024:trace:file:NtQueryInformationFile (0xe0,0x667660,0x667668,0x00000018,0x00000005)
0024:trace:file:NtSetInformationFile (0xe0,0x667660,0x667658,0x00000008,0x0000000e)
0024:trace:file:NtQueryInformationFile (0xe0,0x667658,0x667650,0x00000008,0x0000000e)
0024:trace:file:NtSetInformationFile (0xe0,0x667658,0x667650,0x00000008,0x0000000e)
0024:trace:file:WriteFile 000000E0 01F35EF0 40794 006676D8 00000000
0024:trace:file:NtWriteFile (0xe0,(nil),(nil),(nil),0x667288,0x1f35ef0,0x00009f5a,(nil),(nil))
0024:trace:file:NtWriteFile = SUCCESS (40794)
0024:trace:file:RtlDosPathNameToNtPathName_U_WithStatus (L"Z:\\samples\\mscoree.dll",00667728,00000000,00000000)
0024:trace:file:RtlGetFullPathName_U (L"Z:\\samples\\mscoree.dll" 520 0066740C 00000000)
0024:trace:file:NtCreateFile handle=0x66759c access=80100000 name=L"\\??\\Z:\\samples\\mscoree.dll" objattr=00000040 root=(nil) sec=(nil) io=0x6675a8 alloc_size=(nil) attr=00000000 sharing=00000005 disp=1 options=00000060 ea=(nil).0x00000000
0024:trace:file:nt_to_unix_file_name_no_root L"samples\\mscoree.dll" not found in "/work/stage2-copy/wineprefix/dosdevices/z:"
0024:warn:file:NtCreateFile L"\\??\\Z:\\samples\\mscoree.dll" not found (c0000034)
0024:trace:file:RtlDosPathNameToNtPathName_U_WithStatus (L"C:\\windows\\system32\\mscoree.dll",00667728,00000000,00000000)
0024:trace:file:RtlGetFullPathName_U (L"C:\\windows\\system32\\mscoree.dll" 520 0066740C 00000000)
0024:trace:file:NtCreateFile handle=0x66759c access=80100000 name=L"\\??\\C:\\windows\\system32\\mscoree.dll" objattr=00000040 root=(nil) sec=(nil) io=0x6675a8 alloc_size=(nil) attr=00000000 sharing=00000005 disp=1 options=00000060 ea=(nil).0x00000000
0024:trace:file:nt_to_unix_file_name_no_root L"\\??\\C:\\windows\\system32\\mscoree.dll" -> "/work/stage2-copy/wineprefix/dosdevices/c:/windows/system32/mscoree.dll"
0024:trace:file:NtFsControlFile (0x98,(nil),(nil),(nil),0x6675a8,0x0009009c,(nil),0x00000000,0x6675c8,0x00000040)
0024:trace:file:WriteFile 0000000C 00666568 2 00666564 00000000
0024:trace:file:NtWriteFile (0xc,(nil),(nil),(nil),0x666508,0x666568,0x00000002,(nil),(nil))

0024:trace:file:NtWriteFile = SUCCESS (2)
