GNU gdb (Ubuntu 15.1-1ubuntu1~24.04.1) 15.1
Copyright (C) 2024 Free Software Foundation, Inc.
License GPLv3+: GNU GPL version 3 or later <http://gnu.org/licenses/gpl.html>
This is free software: you are free to change and redistribute it.
There is NO WARRANTY, to the extent permitted by law.
Type "show copying" and "show warranty" for details.
This GDB was configured as "x86_64-linux-gnu".
Type "show configuration" for configuration details.
For bug reporting instructions, please see:
<https://www.gnu.org/software/gdb/bugs/>.
Find the GDB manual and other documentation resources online at:
    <http://www.gnu.org/software/gdb/documentation/>.

For help, type "help".
Type "apropos word" to search for commands related to "word".
warning: remote target does not support file transfer, attempting to access files from local filesystem.
Reading symbols from /samples/voicetext_kate.exe...
0x7bd64525 in DbgBreakPoint@0 ()
   from /usr/lib/i386-linux-gnu/wine/i386-windows/ntdll.dll
Wine-gdb> Wine-gdb> Wine-gdb> Wine-gdb> Signal        Stop	Print	Pass to program	Description
SIGSEGV       No	No	Yes		Segmentation fault
Wine-gdb> Wine-gdb> Wine-gdb> Wine-gdb> Hardware assisted breakpoint 1 at 0x10023dc0
Wine-gdb> >>>>>>>>>>> > > > > >>>Wine-gdb> Wine-gdb> Breakpoint 2 at 0x100235f6
Wine-gdb> >>>>>>> > > > >>>>Wine-gdb> Wine-gdb> Hardware assisted breakpoint 3 at 0x10018c80
Wine-gdb> >>>>>>> > > > > >  >  >  > > > >>>Wine-gdb> Wine-gdb> Hardware assisted breakpoint 4 at 0x1001b200
Wine-gdb> >>>>>Wine-gdb> Wine-gdb> Breakpoint 5 at 0x10023c81
Wine-gdb> >>>>Wine-gdb> Wine-gdb> Hardware assisted breakpoint 6 at 0x408187
Wine-gdb> >>>>Wine-gdb> Wine-gdb> Continuing.
Temporary breakpoint 7 at 0x1001896a
BRIDGET_2013_QUERY call=1 signature=5a,5a,22,17,2b,a0,00 key=5a,22,17,a0,00 count=0
Temporary breakpoint 8 at 0x10018a45
BRIDGET_2013_QUERY call=2 signature=61,61,22,17,2b,98,00 key=5a,22,17,98,00 count=0
BRIDGET_RELAXED_CLASS_INPUT args=0000000a,00002710,0313c190,006675e4,00000001,00667584,03050020,014bf1c8
BRIDGET_RELAXED_CLASS_INPUT args=0000001e,00002710,0313c190,03050752,00000001,00667660,03050020,014bf1c8
BRIDGET_RELAXED_CLASS_INPUT args=0000000a,00002710,0313c190,006675e4,00000002,00667584,03050020,014bf1c8
BRIDGET_RELAXED_CLASS_INPUT args=0000000a,00002710,0313c1b8,006675e4,00000002,00667584,03050020,014bf1c8
BRIDGET_RELAXED_CLASS_INPUT args=0000001e,00002710,0313c190,03050752,00000002,00667660,03050020,014bf1c8
Temporary breakpoint 9 at 0x1001896a
BRIDGET_2013_QUERY call=3 signature=5a,22,17,2b,30,20,00 key=22,17,2b,20,00 count=0
Temporary breakpoint 10 at 0x10018a45
BRIDGET_2013_QUERY call=4 signature=5a,22,17,2b,30,18,00 key=22,17,2b,18,00 count=0
Temporary breakpoint 11 at 0x10018a45
BRIDGET_2013_QUERY call=5 signature=5a,22,17,2b,30,10,00 key=22,17,2b,10,00 count=0
Temporary breakpoint 12 at 0x10018a45
BRIDGET_2013_QUERY call=6 signature=5a,22,17,2b,30,08,00 key=22,17,2b,08,00 count=0
BRIDGET_RELAXED_CLASS_INPUT args=0000000a,00002710,0313c190,006675e4,00000001,00667584,03050020,014bf1c8
BRIDGET_RELAXED_CLASS_INPUT args=0000000a,00002710,0313c190,006675e4,00660001,00667584,03050020,014bf1c8
BRIDGET_RELAXED_CLASS_INPUT args=0000000a,00002710,0313c190,006675e4,00660001,00667584,03050020,014bf1c8
BRIDGET_RELAXED_CLASS_INPUT args=0000000a,00002710,0313c1b8,006675e4,00000001,00667584,03050020,014bf1c8
BRIDGET_RELAXED_CLASS_INPUT args=0000000a,00002710,0313c1b8,006675e4,00000001,00667584,03050020,014bf1c8
BRIDGET_RELAXED_CLASS_INPUT args=0000000a,00002710,0313c1b8,006675e4,00000001,00667584,03050020,014bf1c8
BRIDGET_RELAXED_CLASS_INPUT args=0000001e,00002710,0313c190,03050759,00000001,00667660,03050020,014bf1c8
BRIDGET_RELAXED_CLASS_INPUT args=0000000a,00002710,0313c190,006675e4,00000002,00667584,03050020,014bf1c8
BRIDGET_RELAXED_CLASS_INPUT args=0000000a,00002710,0313c190,006675e4,00660002,00667584,03050020,014bf1c8
BRIDGET_RELAXED_CLASS_INPUT args=0000000a,00002710,0313c190,006675e4,00660002,00667584,03050020,014bf1c8
BRIDGET_RELAXED_CLASS_INPUT args=0000000a,00002710,0313c1b8,006675e4,00000002,00667584,03050020,014bf1c8
BRIDGET_RELAXED_CLASS_INPUT args=0000000a,00002710,0313c1b8,006675e4,00000002,00667584,03050020,014bf1c8
BRIDGET_RELAXED_CLASS_INPUT args=0000000a,00002710,0313c1b8,006675e4,00000002,00667584,03050020,014bf1c8
BRIDGET_RELAXED_CLASS_INPUT args=0000001e,00002710,0313c190,03050759,00000002,00667660,03050020,014bf1c8
Temporary breakpoint 13 at 0x1001896a
BRIDGET_2013_QUERY call=7 signature=22,17,2b,30,5a,00,00 key=17,2b,2f,00,00 count=0
Temporary breakpoint 14 at 0x10018a45
BRIDGET_2013_QUERY call=8 signature=22,17,2b,30,5a,08,00 key=17,2b,2f,08,00 count=0
BRIDGET_RELAXED_CLASS_INPUT args=0000000a,00002710,0313c190,006675e4,00000001,00667584,03050020,014bf1c8
BRIDGET_RELAXED_CLASS_INPUT args=0000000a,00002710,0313c1b8,006675e4,00000001,00667584,03050020,014bf1c8
BRIDGET_RELAXED_CLASS_INPUT args=0000001e,00002710,0313c190,03050760,00000001,00667660,03050020,014bf1c8
BRIDGET_RELAXED_CLASS_INPUT args=0000000a,00002710,0313c190,006675e4,00000002,00667584,03050020,014bf1c8
BRIDGET_RELAXED_CLASS_INPUT args=0000000a,00002710,0313c1a4,006675e4,00000002,00667584,03050020,014bf1c8
BRIDGET_RELAXED_CLASS_INPUT args=0000001e,00002710,0313c190,03050760,00000002,00667660,03050020,014bf1c8
Temporary breakpoint 15 at 0x1001896a
BRIDGET_2013_QUERY call=9 signature=17,2b,30,5a,5a,45,00 key=2b,30,5a,45,00 count=0
Temporary breakpoint 16 at 0x10018a45
BRIDGET_2013_QUERY call=10 signature=17,2b,30,5a,5a,4d,00 key=2b,30,5a,4d,00 count=0
BRIDGET_RELAXED_CLASS_INPUT args=0000000a,00002710,0313c190,006675e4,00000001,00667584,03050020,014bf1c8
BRIDGET_RELAXED_CLASS_INPUT args=0000000a,00002710,0313c1b8,006675e4,00000001,00667584,03050020,014bf1c8
BRIDGET_RELAXED_CLASS_INPUT args=0000001e,00002710,0313c190,03050767,00000001,00667660,03050020,014bf1c8
BRIDGET_RELAXED_CLASS_INPUT args=0000000a,00002710,0313c190,006675e4,00000002,00667584,03050020,014bf1c8
BRIDGET_RELAXED_CLASS_INPUT args=0000001e,00002710,0313c190,03050767,00000002,00667660,03050020,014bf1c8
BRIDGET_CANDIDATE_LIST position=0 count=416 [0]=2234(span=1,weighted=0,key=-1)
 [1]=674909(span=1,weighted=0,key=-1) [2]=672925(span=1,weighted=0,key=-1)
 [3]=671259(span=1,weighted=0,key=-1) [4]=670845(span=1,weighted=0,key=-1)
 [5]=669812(span=1,weighted=0,key=-1) [6]=667760(span=1,weighted=0,key=-1)
 [7]=667733(span=1,weighted=0,key=-1) [8]=665611(span=1,weighted=0,key=-1)
 [9]=664025(span=1,weighted=0,key=-1) [10]=662389(span=1,weighted=0,key=-1)
 [11]=659923(span=1,weighted=0,key=-1) [12]=656876(span=1,weighted=0,key=-1)
 [13]=649486(span=1,weighted=0,key=-1) [14]=648494(span=1,weighted=0,key=-1)
 [15]=640173(span=1,weighted=0,key=-1) [16]=640092(span=1,weighted=0,key=-1)
 [17]=639696(span=1,weighted=0,key=-1) [18]=637302(span=1,weighted=0,key=-1)
 [19]=632896(span=1,weighted=0,key=-1) [20]=629861(span=1,weighted=0,key=-1)
 [21]=628278(span=1,weighted=0,key=-1) [22]=628036(span=1,weighted=0,key=-1)
 [23]=627862(span=1,weighted=0,key=-1) [24]=627178(span=1,weighted=0,key=-1)
 [25]=682341(span=1,weighted=0,key=-1) [26]=684622(span=1,weighted=0,key=-1)
 [27]=721717(span=1,weighted=0,key=-1) [28]=721511(span=1,weighted=0,key=-1)
 [29]=720838(span=1,weighted=0,key=-1) [30]=719537(span=1,weighted=0,key=-1)
 [31]=719315(span=1,weighted=0,key=-1) [32]=719282(span=1,weighted=0,key=-1)
 [33]=718314(span=1,weighted=0,key=-1) [34]=718145(span=1,weighted=0,key=-1)
 [35]=718096(span=1,weighted=0,key=-1) [36]=714238(span=1,weighted=0,key=-1)
 [37]=713765(span=1,weighted=0,key=-1) [38]=713636(span=1,weighted=0,key=-1)
 [39]=713599(span=1,weighted=0,key=-1) [40]=711193(span=1,weighted=0,key=-1)
 [41]=708062(span=1,weighted=0,key=-1) [42]=703628(span=1,weighted=0,key=-1)
 [43]=703349(span=1,weighted=0,key=-1) [44]=700830(span=1,weighted=0,key=-1)
 [45]=698647(span=1,weighted=0,key=-1) [46]=697566(span=1,weighted=0,key=-1)
 [47]=697137(span=1,weighted=0,key=-1) [48]=694808(span=1,weighted=0,key=-1)
 [49]=692492(span=1,weighted=0,key=-1) [50]=684957(span=1,weighted=0,key=-1)
 [51]=625591(span=1,weighted=0,key=-1) [52]=625424(span=1,weighted=0,key=-1)
 [53]=555327(span=1,weighted=0,key=-1) [54]=543569(span=1,weighted=0,key=-1)
 [55]=542840(span=1,weighted=0,key=-1) [56]=541164(span=1,weighted=0,key=-1)
 [57]=540676(span=1,weighted=0,key=-1) [58]=538662(span=1,weighted=0,key=-1)
 [59]=537846(span=1,weighted=0,key=-1) [60]=535679(span=1,weighted=0,key=-1)
 [61]=532999(span=1,weighted=0,key=-1) [62]=532814(span=1,weighted=0,key=-1)
 [63]=523221(span=1,weighted=0,key=-1) [64]=523030(span=1,weighted=0,key=-1)
 [65]=522349(span=1,weighted=0,key=-1) [66]=515504(span=1,weighted=0,key=-1)
 [67]=515166(span=1,weighted=0,key=-1) [68]=507483(span=1,weighted=0,key=-1)
 [69]=506583(span=1,weighted=0,key=-1) [70]=504233(span=1,weighted=0,key=-1)
 [71]=502783(span=1,weighted=0,key=-1) [72]=492153(span=1,weighted=0,key=-1)
 [73]=492059(span=1,weighted=0,key=-1) [74]=491074(span=1,weighted=0,key=-1)
 [75]=488068(span=1,weighted=0,key=-1) [76]=484185(span=1,weighted=0,key=-1)
 [77]=560789(span=1,weighted=0,key=-1) [78]=562984(span=1,weighted=0,key=-1)
 [79]=621360(span=1,weighted=0,key=-1) [80]=619653(span=1,weighted=0,key=-1)
 [81]=614350(span=1,weighted=0,key=-1) [82]=613150(span=1,weighted=0,key=-1)
 [83]=612395(span=1,weighted=0,key=-1) [84]=611796(span=1,weighted=0,key=-1)
 [85]=610629(span=1,weighted=0,key=-1) [86]=609378(span=1,weighted=0,key=-1)
 [87]=608342(span=1,weighted=0,key=-1) [88]=606624(span=1,weighted=0,key=-1)
 [89]=601124(span=1,weighted=0,key=-1) [90]=595232(span=1,weighted=0,key=-1)
 [91]=589459(span=1,weighted=0,key=-1) [92]=588582(span=1,weighted=0,key=-1)
 [93]=583760(span=1,weighted=0,key=-1) [94]=582311(span=1,weighted=0,key=-1)
 [95]=581938(span=1,weighted=0,key=-1) [96]=576588(span=1,weighted=0,key=-1)
 [97]=574262(span=1,weighted=0,key=-1) [98]=573166(span=1,weighted=0,key=-1)
 [99]=570652(span=1,weighted=0,key=-1) [100]=570502(span=1,weighted=0,key=-1)
 [101]=567428(span=1,weighted=0,key=-1) [102]=564317(span=1,weighted=0,key=-1)
 [103]=740353(span=1,weighted=0,key=-1) [104]=740357(span=1,weighted=0,key=-1)
 [105]=523643(span=1,weighted=0,key=-1) [106]=523210(span=1,weighted=0,key=-1)
 [107]=513781(span=1,weighted=0,key=-1) [108]=509130(span=1,weighted=0,key=-1)
 [109]=509089(span=1,weighted=0,key=-1) [110]=507815(span=1,weighted=0,key=-1)
 [111]=505085(span=1,weighted=0,key=-1) [112]=494781(span=1,weighted=0,key=-1)
 [113]=489605(span=1,weighted=0,key=-1) [114]=478395(span=1,weighted=0,key=-1)
 [115]=459277(span=1,weighted=0,key=-1) [116]=454903(span=1,weighted=0,key=-1)
 [117]=454233(span=1,weighted=0,key=-1) [118]=436849(span=1,weighted=0,key=-1)
 [119]=435944(span=1,weighted=0,key=-1) [120]=428346(span=1,weighted=0,key=-1)
 [121]=415468(span=1,weighted=0,key=-1) [122]=357035(span=1,weighted=0,key=-1)
 [123]=355052(span=1,weighted=0,key=-1) [124]=327362(span=1,weighted=0,key=-1)
 [125]=323673(span=1,weighted=0,key=-1) [126]=313140(span=1,weighted=0,key=-1)
 [127]=311957(span=1,weighted=0,key=-1) [128]=292959(span=1,weighted=0,key=-1)
 [129]=540175(span=1,weighted=0,key=-1) [130]=546077(span=1,weighted=0,key=-1)
 [131]=468508(span=1,weighted=0,key=-1) [132]=676835(span=1,weighted=0,key=-1)
 [133]=667382(span=1,weighted=0,key=-1) [134]=657965(span=1,weighted=0,key=-1)
 [135]=64433(span=1,weighted=0,key=-1) [136]=456048(span=1,weighted=0,key=-1)
 [137]=138282(span=1,weighted=0,key=-1) [138]=759383(span=1,weighted=0,key=-1)
 [139]=758854(span=1,weighted=0,key=-1) [140]=755691(span=1,weighted=0,key=-1)
 [141]=755681(span=1,weighted=0,key=-1) [142]=746038(span=1,weighted=0,key=-1)
 [143]=736783(span=1,weighted=0,key=-1) [144]=735996(span=1,weighted=0,key=-1)
 [145]=701498(span=1,weighted=0,key=-1) [146]=693144(span=1,weighted=0,key=-1)
 [147]=689278(span=1,weighted=0,key=-1) [148]=678846(span=1,weighted=0,key=-1)
 [149]=621686(span=1,weighted=0,key=-1) [150]=619464(span=1,weighted=0,key=-1)
 [151]=609980(span=1,weighted=0,key=-1) [152]=595895(span=1,weighted=0,key=-1)
 [153]=594448(span=1,weighted=0,key=-1) [154]=583947(span=1,weighted=0,key=-1)
 [155]=228060(span=1,weighted=0,key=-1) [156]=211041(span=1,weighted=0,key=-1)
 [157]=503954(span=1,weighted=0,key=-1) [158]=499211(span=1,weighted=0,key=-1)
 [159]=415777(span=1,weighted=0,key=-1) [160]=392804(span=1,weighted=0,key=-1)
 [161]=380674(span=1,weighted=0,key=-1) [162]=380411(span=1,weighted=0,key=-1)
 [163]=372591(span=1,weighted=0,key=-1) [164]=372486(span=1,weighted=0,key=-1)
 [165]=359587(span=1,weighted=0,key=-1) [166]=333405(span=1,weighted=0,key=-1)
 [167]=291647(span=1,weighted=0,key=-1) [168]=273372(span=1,weighted=0,key=-1)
 [169]=230766(span=1,weighted=0,key=-1) [170]=226529(span=1,weighted=0,key=-1)
 [171]=203561(span=1,weighted=0,key=-1) [172]=173785(span=1,weighted=0,key=-1)
 [173]=140565(span=1,weighted=0,key=-1) [174]=121014(span=1,weighted=0,key=-1)
 [175]=19237(span=1,weighted=0,key=-1) [176]=768766(span=1,weighted=0,key=-1)
 [177]=762257(span=1,weighted=0,key=-1) [178]=755499(span=1,weighted=0,key=-1)
 [179]=751684(span=1,weighted=0,key=-1) [180]=740677(span=1,weighted=0,key=-1)
 [181]=529900(span=1,weighted=0,key=-1) [182]=544328(span=1,weighted=0,key=-1)
 [183]=201027(span=1,weighted=0,key=-1) [184]=189059(span=1,weighted=0,key=-1)
 [185]=160280(span=1,weighted=0,key=-1) [186]=147090(span=1,weighted=0,key=-1)
 [187]=119636(span=1,weighted=0,key=-1) [188]=107999(span=1,weighted=0,key=-1)
 [189]=90344(span=1,weighted=0,key=-1) [190]=69139(span=1,weighted=0,key=-1)
 [191]=41065(span=1,weighted=0,key=-1) [192]=25985(span=1,weighted=0,key=-1)
 [193]=399755(span=1,weighted=0,key=-1) [194]=673849(span=1,weighted=0,key=-1)
 [195]=318579(span=1,weighted=0,key=-1) [196]=162415(span=1,weighted=0,key=-1)
 [197]=749806(span=1,weighted=0,key=-1) [198]=749801(span=1,weighted=0,key=-1)
 [199]=710505(span=1,weighted=0,key=-1) [200]=693189(span=1,weighted=0,key=-1)
 [201]=636344(span=1,weighted=0,key=-1) [202]=623731(span=1,weighted=0,key=-1)
 [203]=621222(span=1,weighted=0,key=-1) [204]=612627(span=1,weighted=0,key=-1)
 [205]=573633(span=1,weighted=0,key=-1) [206]=565079(span=1,weighted=0,key=-1)
 [207]=479507(span=1,weighted=0,key=-1) [208]=452530(span=1,weighted=0,key=-1)
 [209]=64943(span=1,weighted=0,key=-1) [210]=64741(span=1,weighted=0,key=-1)
 [211]=64715(span=1,weighted=0,key=-1) [212]=64420(span=1,weighted=0,key=-1)
 [213]=64122(span=1,weighted=0,key=-1) [214]=63157(span=1,weighted=0,key=-1)
 [215]=55864(span=1,weighted=0,key=-1) [216]=54223(span=1,weighted=0,key=-1)
 [217]=50597(span=1,weighted=0,key=-1) [218]=41970(span=1,weighted=0,key=-1)
 [219]=40110(span=1,weighted=0,key=-1) [220]=39681(span=1,weighted=0,key=-1)
 [221]=36701(span=1,weighted=0,key=-1) [222]=35298(span=1,weighted=0,key=-1)
 [223]=34629(span=1,weighted=0,key=-1) [224]=34601(span=1,weighted=0,key=-1)
 [225]=33457(span=1,weighted=0,key=-1) [226]=32252(span=1,weighted=0,key=-1)
 [227]=32076(span=1,weighted=0,key=-1) [228]=30275(span=1,weighted=0,key=-1)
 [229]=28682(span=1,weighted=0,key=-1) [230]=28202(span=1,weighted=0,key=-1)
 [231]=24791(span=1,weighted=0,key=-1) [232]=24439(span=1,weighted=0,key=-1)
 [233]=69161(span=1,weighted=0,key=-1) [234]=71029(span=1,weighted=0,key=-1)
 [235]=159160(span=1,weighted=0,key=-1) [236]=154365(span=1,weighted=0,key=-1)
 [237]=152825(span=1,weighted=0,key=-1) [238]=145730(span=1,weighted=0,key=-1)
 [239]=139097(span=1,weighted=0,key=-1) [240]=138381(span=1,weighted=0,key=-1)
 [241]=135591(span=1,weighted=0,key=-1) [242]=131797(span=1,weighted=0,key=-1)
 [243]=130072(span=1,weighted=0,key=-1) [244]=129081(span=1,weighted=0,key=-1)
 [245]=121039(span=1,weighted=0,key=-1) [246]=116803(span=1,weighted=0,key=-1)
 [247]=104886(span=1,weighted=0,key=-1) [248]=104872(span=1,weighted=0,key=-1)
 [249]=104579(span=1,weighted=0,key=-1) [250]=102035(span=1,weighted=0,key=-1)
 [251]=93932(span=1,weighted=0,key=-1) [252]=86762(span=1,weighted=0,key=-1)
 [253]=86742(span=1,weighted=0,key=-1) [254]=83040(span=1,weighted=0,key=-1)
 [255]=79535(span=1,weighted=0,key=-1) [256]=77082(span=1,weighted=0,key=-1)
 [257]=76095(span=1,weighted=0,key=-1) [258]=71746(span=1,weighted=0,key=-1)
 [259]=21600(span=1,weighted=0,key=-1) [260]=20479(span=1,weighted=0,key=-1)
 [261]=389316(span=1,weighted=0,key=-1) [262]=371871(span=1,weighted=0,key=-1)
 [263]=367955(span=1,weighted=0,key=-1) [264]=362094(span=1,weighted=0,key=-1)
 [265]=255437(span=1,weighted=0,key=-1) [266]=249540(span=1,weighted=0,key=-1)
 [267]=202184(span=1,weighted=0,key=-1) [268]=132281(span=1,weighted=0,key=-1)
 [269]=100654(span=1,weighted=0,key=-1) [270]=100599(span=1,weighted=0,key=-1)
 [271]=95809(span=1,weighted=0,key=-1) [272]=69266(span=1,weighted=0,key=-1)
 [273]=50759(span=1,weighted=0,key=-1) [274]=12297(span=1,weighted=0,key=-1)
 [275]=8009(span=1,weighted=0,key=-1) [276]=7986(span=1,weighted=0,key=-1)
 [277]=7970(span=1,weighted=0,key=-1) [278]=7959(span=1,weighted=0,key=-1)
 [279]=7943(span=1,weighted=0,key=-1) [280]=7927(span=1,weighted=0,key=-1)
 [281]=7915(span=1,weighted=0,key=-1) [282]=7902(span=1,weighted=0,key=-1)
 [283]=7891(span=1,weighted=0,key=-1) [284]=5968(span=1,weighted=0,key=-1)
 [285]=401623(span=1,weighted=0,key=-1) [286]=414538(span=1,weighted=0,key=-1)
 [287]=20414(span=1,weighted=0,key=-1) [288]=19914(span=1,weighted=0,key=-1)
 [289]=16584(span=1,weighted=0,key=-1) [290]=588154(span=1,weighted=0,key=-1)
 [291]=757235(span=1,weighted=0,key=-1) [292]=757224(span=1,weighted=0,key=-1)
 [293]=757218(span=1,weighted=0,key=-1) [294]=751860(span=1,weighted=0,key=-1)
 [295]=735235(span=1,weighted=0,key=-1) [296]=718258(span=1,weighted=0,key=-1)
 [297]=703186(span=1,weighted=0,key=-1) [298]=693078(span=1,weighted=0,key=-1)
 [299]=679839(span=1,weighted=0,key=-1) [300]=668219(span=1,weighted=0,key=-1)
 [301]=658103(span=1,weighted=0,key=-1) [302]=626790(span=1,weighted=0,key=-1)
 [303]=626305(span=1,weighted=0,key=-1) [304]=619691(span=1,weighted=0,key=-1)
 [305]=609785(span=1,weighted=0,key=-1) [306]=594885(span=1,weighted=0,key=-1)
 [307]=592742(span=1,weighted=0,key=-1) [308]=572418(span=1,weighted=0,key=-1)
 [309]=554663(span=1,weighted=0,key=-1) [310]=463866(span=1,weighted=0,key=-1)
 [311]=159414(span=1,weighted=0,key=-1) [312]=159445(span=1,weighted=0,key=-1)
 [313]=357586(span=1,weighted=0,key=-1) [314]=352554(span=1,weighted=0,key=-1)
 [315]=347076(span=1,weighted=0,key=-1) [316]=346720(span=1,weighted=0,key=-1)
 [317]=345553(span=1,weighted=0,key=-1) [318]=341710(span=1,weighted=0,key=-1)
 [319]=341335(span=1,weighted=0,key=-1) [320]=340458(span=1,weighted=0,key=-1)
 [321]=340021(span=1,weighted=0,key=-1) [322]=335986(span=1,weighted=0,key=-1)
 [323]=335185(span=1,weighted=0,key=-1) [324]=330803(span=1,weighted=0,key=-1)
 [325]=329928(span=1,weighted=0,key=-1) [326]=328287(span=1,weighted=0,key=-1)
 [327]=324773(span=1,weighted=0,key=-1) [328]=322274(span=1,weighted=0,key=-1)
 [329]=320272(span=1,weighted=0,key=-1) [330]=319355(span=1,weighted=0,key=-1)
 [331]=316296(span=1,weighted=0,key=-1) [332]=316102(span=1,weighted=0,key=-1)
 [333]=313043(span=1,weighted=0,key=-1) [334]=304250(span=1,weighted=0,key=-1)
 [335]=302829(span=1,weighted=0,key=-1) [336]=299957(span=1,weighted=0,key=-1)
 [337]=363466(span=1,weighted=0,key=-1) [338]=368142(span=1,weighted=0,key=-1)
 [339]=427095(span=1,weighted=0,key=-1) [340]=424636(span=1,weighted=0,key=-1)
 [341]=423896(span=1,weighted=0,key=-1) [342]=419395(span=1,weighted=0,key=-1)
 [343]=419222(span=1,weighted=0,key=-1) [344]=413486(span=1,weighted=0,key=-1)
 [345]=407062(span=1,weighted=0,key=-1) [346]=406317(span=1,weighted=0,key=-1)
 [347]=406081(span=1,weighted=0,key=-1) [348]=404022(span=1,weighted=0,key=-1)
 [349]=388675(span=1,weighted=0,key=-1) [350]=385976(span=1,weighted=0,key=-1)
 [351]=383130(span=1,weighted=0,key=-1) [352]=382376(span=1,weighted=0,key=-1)
 [353]=382041(span=1,weighted=0,key=-1) [354]=381820(span=1,weighted=0,key=-1)
 [355]=381453(span=1,weighted=0,key=-1) [356]=378172(span=1,weighted=0,key=-1)
 [357]=377387(span=1,weighted=0,key=-1) [358]=375999(span=1,weighted=0,key=-1)
 [359]=373991(span=1,weighted=0,key=-1) [360]=373183(span=1,weighted=0,key=-1)
 [361]=369987(span=1,weighted=0,key=-1) [362]=368302(span=1,weighted=0,key=-1)
 [363]=298430(span=1,weighted=0,key=-1) [364]=292807(span=1,weighted=0,key=-1)
 [365]=242139(span=1,weighted=0,key=-1) [366]=240290(span=1,weighted=0,key=-1)
 [367]=227905(span=1,weighted=0,key=-1) [368]=223703(span=1,weighted=0,key=-1)
 [369]=223311(span=1,weighted=0,key=-1) [370]=215320(span=1,weighted=0,key=-1)
 [371]=213804(span=1,weighted=0,key=-1) [372]=211466(span=1,weighted=0,key=-1)
 [373]=204682(span=1,weighted=0,key=-1) [374]=201769(span=1,weighted=0,key=-1)
 [375]=198649(span=1,weighted=0,key=-1) [376]=195076(span=1,weighted=0,key=-1)
 [377]=194939(span=1,weighted=0,key=-1) [378]=192704(span=1,weighted=0,key=-1)
 [379]=188451(span=1,weighted=0,key=-1) [380]=187994(span=1,weighted=0,key=-1)
 [381]=186111(span=1,weighted=0,key=-1) [382]=179592(span=1,weighted=0,key=-1)
 [383]=178904(span=1,weighted=0,key=-1) [384]=178593(span=1,weighted=0,key=-1)
 [385]=178130(span=1,weighted=0,key=-1) [386]=171380(span=1,weighted=0,key=-1)
 [387]=170410(span=1,weighted=0,key=-1) [388]=160682(span=1,weighted=0,key=-1)
 [389]=243390(span=1,weighted=0,key=-1) [390]=243805(span=1,weighted=0,key=-1)
 [391]=292302(span=1,weighted=0,key=-1) [392]=289130(span=1,weighted=0,key=-1)
 [393]=287108(span=1,weighted=0,key=-1) [394]=283579(span=1,weighted=0,key=-1)
 [395]=282522(span=1,weighted=0,key=-1) [396]=281766(span=1,weighted=0,key=-1)
 [397]=278818(span=1,weighted=0,key=-1) [398]=277998(span=1,weighted=0,key=-1)
 [399]=276743(span=1,weighted=0,key=-1) [400]=276598(span=1,weighted=0,key=-1)
 [401]=271493(span=1,weighted=0,key=-1) [402]=269871(span=1,weighted=0,key=-1)
 [403]=266783(span=1,weighted=0,key=-1) [404]=266033(span=1,weighted=0,key=-1)
 [405]=265754(span=1,weighted=0,key=-1) [406]=265275(span=1,weighted=0,key=-1)
 [407]=264056(span=1,weighted=0,key=-1) [408]=262529(span=1,weighted=0,key=-1)
 [409]=258574(span=1,weighted=0,key=-1) [410]=255584(span=1,weighted=0,key=-1)
 [411]=251954(span=1,weighted=0,key=-1) [412]=249466(span=1,weighted=0,key=-1)
 [413]=248673(span=1,weighted=0,key=-1) [414]=247129(span=1,weighted=0,key=-1)
 [415]=746055(span=1,weighted=0,key=-1)
BRIDGET_CANDIDATE_LIST position=1 count=238 [0]=24266(span=1,weighted=0,key=-1)
 [1]=472921(span=1,weighted=0,key=-1) [2]=482808(span=1,weighted=0,key=-1)
 [3]=485172(span=1,weighted=0,key=-1) [4]=504834(span=1,weighted=0,key=-1)
 [5]=507080(span=1,weighted=0,key=-1) [6]=512263(span=1,weighted=0,key=-1)
 [7]=528367(span=1,weighted=0,key=-1) [8]=566103(span=1,weighted=0,key=-1)
 [9]=584848(span=1,weighted=0,key=-1) [10]=601490(span=1,weighted=0,key=-1)
 [11]=603152(span=1,weighted=0,key=-1) [12]=604983(span=1,weighted=0,key=-1)
 [13]=616696(span=1,weighted=0,key=-1) [14]=621943(span=1,weighted=0,key=-1)
 [15]=662591(span=1,weighted=0,key=-1) [16]=667048(span=1,weighted=0,key=-1)
 [17]=669164(span=1,weighted=0,key=-1) [18]=688619(span=1,weighted=0,key=-1)
 [19]=696679(span=1,weighted=0,key=-1) [20]=700644(span=1,weighted=0,key=-1)
 [21]=709363(span=1,weighted=0,key=-1) [22]=711888(span=1,weighted=0,key=-1)
 [23]=714200(span=1,weighted=0,key=-1) [24]=714692(span=1,weighted=0,key=-1)
 [25]=714808(span=1,weighted=0,key=-1) [26]=24747(span=1,weighted=0,key=-1)
 [27]=27543(span=1,weighted=0,key=-1) [28]=29060(span=1,weighted=0,key=-1)
 [29]=449546(span=1,weighted=0,key=-1) [30]=448717(span=1,weighted=0,key=-1)
 [31]=235293(span=1,weighted=0,key=-1) [32]=243779(span=1,weighted=0,key=-1)
 [33]=245778(span=1,weighted=0,key=-1) [34]=257065(span=1,weighted=0,key=-1)
 [35]=261297(span=1,weighted=0,key=-1) [36]=261400(span=1,weighted=0,key=-1)
 [37]=262996(span=1,weighted=0,key=-1) [38]=264312(span=1,weighted=0,key=-1)
 [39]=278047(span=1,weighted=0,key=-1) [40]=303342(span=1,weighted=0,key=-1)
 [41]=304482(span=1,weighted=0,key=-1) [42]=314161(span=1,weighted=0,key=-1)
 [43]=320483(span=1,weighted=0,key=-1) [44]=325582(span=1,weighted=0,key=-1)
 [45]=331039(span=1,weighted=0,key=-1) [46]=339652(span=1,weighted=0,key=-1)
 [47]=340615(span=1,weighted=0,key=-1) [48]=346346(span=1,weighted=0,key=-1)
 [49]=350865(span=1,weighted=0,key=-1) [50]=353377(span=1,weighted=0,key=-1)
 [51]=360992(span=1,weighted=0,key=-1) [52]=361604(span=1,weighted=0,key=-1)
 [53]=375103(span=1,weighted=0,key=-1) [54]=384612(span=1,weighted=0,key=-1)
 [55]=402241(span=1,weighted=0,key=-1) [56]=436446(span=1,weighted=0,key=-1)
 [57]=439102(span=1,weighted=0,key=-1) [58]=442833(span=1,weighted=0,key=-1)
 [59]=38087(span=1,weighted=0,key=-1) [60]=52889(span=1,weighted=0,key=-1)
 [61]=454346(span=1,weighted=0,key=-1) [62]=519926(span=1,weighted=0,key=-1)
 [63]=522702(span=1,weighted=0,key=-1) [64]=557054(span=1,weighted=0,key=-1)
 [65]=569711(span=1,weighted=0,key=-1) [66]=597091(span=1,weighted=0,key=-1)
 [67]=630106(span=1,weighted=0,key=-1) [68]=659142(span=1,weighted=0,key=-1)
 [69]=674122(span=1,weighted=0,key=-1) [70]=679810(span=1,weighted=0,key=-1)
 [71]=694684(span=1,weighted=0,key=-1) [72]=716022(span=1,weighted=0,key=-1)
 [73]=731738(span=1,weighted=0,key=-1) [74]=732197(span=1,weighted=0,key=-1)
 [75]=732260(span=1,weighted=0,key=-1) [76]=732286(span=1,weighted=0,key=-1)
 [77]=732343(span=1,weighted=0,key=-1) [78]=732408(span=1,weighted=0,key=-1)
 [79]=752187(span=1,weighted=0,key=-1) [80]=752190(span=1,weighted=0,key=-1)
 [81]=752221(span=1,weighted=0,key=-1) [82]=752280(span=1,weighted=0,key=-1)
 [83]=752283(span=1,weighted=0,key=-1) [84]=752299(span=1,weighted=0,key=-1)
 [85]=752302(span=1,weighted=0,key=-1) [86]=752304(span=1,weighted=0,key=-1)
 [87]=752428(span=1,weighted=0,key=-1) [88]=752965(span=1,weighted=0,key=-1)
 [89]=444165(span=1,weighted=0,key=-1) [90]=366550(span=1,weighted=0,key=-1)
 [91]=82580(span=1,weighted=0,key=-1) [92]=102892(span=1,weighted=0,key=-1)
 [93]=106109(span=1,weighted=0,key=-1) [94]=116992(span=1,weighted=0,key=-1)
 [95]=239277(span=1,weighted=0,key=-1) [96]=257789(span=1,weighted=0,key=-1)
 [97]=267062(span=1,weighted=0,key=-1) [98]=270916(span=1,weighted=0,key=-1)
 [99]=271597(span=1,weighted=0,key=-1) [100]=302163(span=1,weighted=0,key=-1)
 [101]=346592(span=1,weighted=0,key=-1) [102]=356971(span=1,weighted=0,key=-1)
 [103]=412223(span=1,weighted=0,key=-1) [104]=541946(span=1,weighted=0,key=-1)
 [105]=566750(span=1,weighted=0,key=-1) [106]=608561(span=1,weighted=0,key=-1)
 [107]=622202(span=1,weighted=0,key=-1) [108]=720652(span=1,weighted=0,key=-1)
 [109]=16447(span=1,weighted=0,key=-1) [110]=27473(span=1,weighted=0,key=-1)
 [111]=37059(span=1,weighted=0,key=-1) [112]=39521(span=1,weighted=0,key=-1)
 [113]=43728(span=1,weighted=0,key=-1) [114]=163068(span=1,weighted=0,key=-1)
 [115]=299960(span=1,weighted=0,key=-1) [116]=341150(span=1,weighted=0,key=-1)
 [117]=350502(span=1,weighted=0,key=-1) [118]=232365(span=1,weighted=0,key=-1)
 [119]=227938(span=1,weighted=0,key=-1) [120]=299844(span=1,weighted=0,key=-1)
 [121]=357594(span=1,weighted=0,key=-1) [122]=402891(span=1,weighted=0,key=-1)
 [123]=541437(span=1,weighted=0,key=-1) [124]=568522(span=1,weighted=0,key=-1)
 [125]=676219(span=1,weighted=0,key=-1) [126]=697542(span=1,weighted=0,key=-1)
 [127]=23906(span=1,weighted=0,key=-1) [128]=27616(span=1,weighted=0,key=-1)
 [129]=43699(span=1,weighted=0,key=-1) [130]=50960(span=1,weighted=0,key=-1)
 [131]=62445(span=1,weighted=0,key=-1) [132]=100895(span=1,weighted=0,key=-1)
 [133]=106876(span=1,weighted=0,key=-1) [134]=107430(span=1,weighted=0,key=-1)
 [135]=108890(span=1,weighted=0,key=-1) [136]=111643(span=1,weighted=0,key=-1)
 [137]=114305(span=1,weighted=0,key=-1) [138]=119127(span=1,weighted=0,key=-1)
 [139]=123618(span=1,weighted=0,key=-1) [140]=135093(span=1,weighted=0,key=-1)
 [141]=138846(span=1,weighted=0,key=-1) [142]=158791(span=1,weighted=0,key=-1)
 [143]=178892(span=1,weighted=0,key=-1) [144]=183260(span=1,weighted=0,key=-1)
 [145]=193093(span=1,weighted=0,key=-1) [146]=221334(span=1,weighted=0,key=-1)
 [147]=222509(span=1,weighted=0,key=-1) [148]=64006(span=1,weighted=0,key=-1)
 [149]=628522(span=1,weighted=0,key=-1) [150]=78251(span=1,weighted=0,key=-1)
 [151]=92234(span=1,weighted=0,key=-1) [152]=112240(span=1,weighted=0,key=-1)
 [153]=126305(span=1,weighted=0,key=-1) [154]=235301(span=1,weighted=0,key=-1)
 [155]=235310(span=1,weighted=0,key=-1) [156]=259649(span=1,weighted=0,key=-1)
 [157]=268830(span=1,weighted=0,key=-1) [158]=305177(span=1,weighted=0,key=-1)
 [159]=335164(span=1,weighted=0,key=-1) [160]=347872(span=1,weighted=0,key=-1)
 [161]=433385(span=1,weighted=0,key=-1) [162]=528754(span=1,weighted=0,key=-1)
 [163]=560240(span=1,weighted=0,key=-1) [164]=591202(span=1,weighted=0,key=-1)
 [165]=601293(span=1,weighted=0,key=-1) [166]=622620(span=1,weighted=0,key=-1)
 [167]=261809(span=1,weighted=0,key=-1) [168]=526255(span=1,weighted=0,key=-1)
 [169]=275556(span=1,weighted=0,key=-1) [170]=673924(span=1,weighted=0,key=-1)
 [171]=49545(span=1,weighted=0,key=-1) [172]=62189(span=1,weighted=0,key=-1)
 [173]=63800(span=1,weighted=0,key=-1) [174]=221751(span=1,weighted=0,key=-1)
 [175]=332577(span=1,weighted=0,key=-1) [176]=436426(span=1,weighted=0,key=-1)
 [177]=592874(span=1,weighted=0,key=-1) [178]=223063(span=1,weighted=0,key=-1)
 [179]=264348(span=1,weighted=0,key=-1) [180]=377426(span=1,weighted=0,key=-1)
 [181]=16599(span=1,weighted=0,key=-1) [182]=17325(span=1,weighted=0,key=-1)
 [183]=21272(span=1,weighted=0,key=-1) [184]=21568(span=1,weighted=0,key=-1)
 [185]=26251(span=1,weighted=0,key=-1) [186]=28806(span=1,weighted=0,key=-1)
 [187]=29554(span=1,weighted=0,key=-1) [188]=32481(span=1,weighted=0,key=-1)
 [189]=32863(span=1,weighted=0,key=-1) [190]=36309(span=1,weighted=0,key=-1)
 [191]=36569(span=1,weighted=0,key=-1) [192]=38014(span=1,weighted=0,key=-1)
 [193]=55488(span=1,weighted=0,key=-1) [194]=85842(span=1,weighted=0,key=-1)
 [195]=112281(span=1,weighted=0,key=-1) [196]=119824(span=1,weighted=0,key=-1)
 [197]=151254(span=1,weighted=0,key=-1) [198]=156348(span=1,weighted=0,key=-1)
 [199]=164919(span=1,weighted=0,key=-1) [200]=165043(span=1,weighted=0,key=-1)
 [201]=175489(span=1,weighted=0,key=-1) [202]=176765(span=1,weighted=0,key=-1)
 [203]=187433(span=1,weighted=0,key=-1) [204]=194029(span=1,weighted=0,key=-1)
 [205]=201889(span=1,weighted=0,key=-1) [206]=215382(span=1,weighted=0,key=-1)
 [207]=221175(span=1,weighted=0,key=-1) [208]=97711(span=1,weighted=0,key=-1)
 [209]=97693(span=1,weighted=0,key=-1) [210]=275098(span=1,weighted=0,key=-1)
 [211]=286101(span=1,weighted=0,key=-1) [212]=287568(span=1,weighted=0,key=-1)
 [213]=296445(span=1,weighted=0,key=-1) [214]=300593(span=1,weighted=0,key=-1)
 [215]=316262(span=1,weighted=0,key=-1) [216]=334456(span=1,weighted=0,key=-1)
 [217]=342263(span=1,weighted=0,key=-1) [218]=399378(span=1,weighted=0,key=-1)
 [219]=399849(span=1,weighted=0,key=-1) [220]=409572(span=1,weighted=0,key=-1)
 [221]=469726(span=1,weighted=0,key=-1) [222]=514651(span=1,weighted=0,key=-1)
 [223]=525446(span=1,weighted=0,key=-1) [224]=533545(span=1,weighted=0,key=-1)
 [225]=566013(span=1,weighted=0,key=-1) [226]=583633(span=1,weighted=0,key=-1)
 [227]=597741(span=1,weighted=0,key=-1) [228]=613568(span=1,weighted=0,key=-1)
 [229]=614778(span=1,weighted=0,key=-1) [230]=619040(span=1,weighted=0,key=-1)
 [231]=620380(span=1,weighted=0,key=-1) [232]=636414(span=1,weighted=0,key=-1)
 [233]=651062(span=1,weighted=0,key=-1) [234]=680637(span=1,weighted=0,key=-1)
 [235]=691410(span=1,weighted=0,key=-1) [236]=707005(span=1,weighted=0,key=-1)
 [237]=752968(span=1,weighted=0,key=-1)
Temporary breakpoint 17 at 0x100248d6
BRIDGET_TRANSITION context=1 count=30 units: 264348 29554 32481 257789 267062
 270916 271597 32863 346592 356971 412223 541946 566750 608561 622202 720652
 215382 106109 28806 533545 525446 469726 399378 17325 334456 316262 300593
 21272 287568 286101
BRIDGET_CANDIDATE_LIST position=2 count=47 [0]=260196(span=2,weighted=0,key=-2)
 [1]=150964(span=2,weighted=0,key=-2) [2]=191959(span=2,weighted=0,key=-2)
 [3]=244844(span=2,weighted=0,key=-2) [4]=249610(span=2,weighted=0,key=-2)
 [5]=325514(span=2,weighted=0,key=-2) [6]=346207(span=2,weighted=0,key=-2)
 [7]=354582(span=2,weighted=0,key=-2) [8]=371608(span=2,weighted=0,key=-2)
 [9]=386148(span=2,weighted=0,key=-2) [10]=388241(span=2,weighted=0,key=-2)
 [11]=474424(span=2,weighted=0,key=-2) [12]=479288(span=2,weighted=0,key=-2)
 [13]=480361(span=2,weighted=0,key=-2) [14]=482481(span=2,weighted=0,key=-2)
 [15]=572515(span=2,weighted=0,key=-2) [16]=574406(span=2,weighted=0,key=-2)
 [17]=610201(span=2,weighted=0,key=-2) [18]=628748(span=2,weighted=0,key=-2)
 [19]=734810(span=2,weighted=0,key=-2) [20]=770154(span=2,weighted=0,key=-2)
 [21]=770914(span=2,weighted=0,key=-2) [22]=770923(span=2,weighted=0,key=-2)
 [23]=104076(span=2,weighted=0,key=-2) [24]=93129(span=2,weighted=0,key=-2)
 [25]=660071(span=2,weighted=0,key=-2) [26]=199707(span=2,weighted=0,key=-2)
 [27]=57824(span=2,weighted=0,key=-2) [28]=82369(span=2,weighted=0,key=-2)
 [29]=234107(span=2,weighted=0,key=-2) [30]=565921(span=2,weighted=0,key=-2)
 [31]=594908(span=2,weighted=0,key=-2) [32]=607109(span=2,weighted=0,key=-2)
 [33]=682208(span=2,weighted=0,key=-2) [34]=768404(span=2,weighted=0,key=-2)
 [35]=639877(span=2,weighted=0,key=-2) [36]=209832(span=2,weighted=0,key=-2)
 [37]=286582(span=2,weighted=0,key=-2) [38]=593092(span=2,weighted=0,key=-2)
 [39]=751015(span=2,weighted=0,key=-2) [40]=369078(span=2,weighted=0,key=-2)
 [41]=27655(span=2,weighted=0,key=-2) [42]=180852(span=2,weighted=0,key=-2)
 [43]=641369(span=2,weighted=0,key=-2) [44]=641847(span=2,weighted=0,key=-2)
 [45]=770931(span=2,weighted=0,key=-2) [46]=193531(span=1,weighted=0,key=-1)
Temporary breakpoint 18 at 0x100248d6
BRIDGET_TRANSITION context=2 count=30 units: 572515 371608 325514 388241 479288
 574406 93129 482481 593092 260196 565921 607109 191959 150964 480361 286582
 474424 346207 82369 682208 594908 180852 641847 641369 639877 244844 27655
 209832 660071 354582
BRIDGET_CANDIDATE_LIST position=3 count=49 [0]=260196(span=2,weighted=0,key=-2)
 [1]=641369(span=2,weighted=0,key=-2) [2]=641847(span=2,weighted=0,key=-2)
 [3]=93129(span=2,weighted=0,key=-2) [4]=150964(span=2,weighted=0,key=-2)
 [5]=191959(span=2,weighted=0,key=-2) [6]=244844(span=2,weighted=0,key=-2)
 [7]=325514(span=2,weighted=0,key=-2) [8]=346207(span=2,weighted=0,key=-2)
 [9]=354582(span=2,weighted=0,key=-2) [10]=371608(span=2,weighted=0,key=-2)
 [11]=388241(span=2,weighted=0,key=-2) [12]=474424(span=2,weighted=0,key=-2)
 [13]=479288(span=2,weighted=0,key=-2) [14]=480361(span=2,weighted=0,key=-2)
 [15]=482481(span=2,weighted=0,key=-2) [16]=572515(span=2,weighted=0,key=-2)
 [17]=574406(span=2,weighted=0,key=-2) [18]=180852(span=2,weighted=0,key=-2)
 [19]=27655(span=2,weighted=0,key=-2) [20]=660071(span=2,weighted=0,key=-2)
 [21]=82369(span=2,weighted=0,key=-2) [22]=565921(span=2,weighted=0,key=-2)
 [23]=594908(span=2,weighted=0,key=-2) [24]=607109(span=2,weighted=0,key=-2)
 [25]=682208(span=2,weighted=0,key=-2) [26]=639877(span=2,weighted=0,key=-2)
 [27]=209832(span=2,weighted=0,key=-2) [28]=286582(span=2,weighted=0,key=-2)
 [29]=593092(span=2,weighted=0,key=-2) [30]=249610(span=1,weighted=0,key=-1)
 [31]=504532(span=1,weighted=0,key=-1) [32]=333375(span=1,weighted=0,key=-1)
 [33]=770931(span=1,weighted=0,key=-1) [34]=770923(span=1,weighted=0,key=-1)
 [35]=770914(span=1,weighted=0,key=-1) [36]=770154(span=1,weighted=0,key=-1)
 [37]=734810(span=1,weighted=0,key=-1) [38]=628748(span=1,weighted=0,key=-1)
 [39]=610201(span=1,weighted=0,key=-1) [40]=369078(span=1,weighted=0,key=-1)
 [41]=199707(span=1,weighted=0,key=-1) [42]=57824(span=1,weighted=0,key=-1)
 [43]=751015(span=1,weighted=0,key=-1) [44]=234107(span=1,weighted=0,key=-1)
 [45]=104076(span=1,weighted=0,key=-1) [46]=386148(span=1,weighted=0,key=-1)
 [47]=768404(span=1,weighted=0,key=-1) [48]=640976(span=1,weighted=0,key=-1)
Temporary breakpoint 19 at 0x100248d6
BRIDGET_TRANSITION context=3 count=30 units: 260196 641369 641847 93129 150964
 191959 244844 325514 346207 354582 371608 388241 474424 479288 480361 482481
 572515 574406 180852 27655 660071 82369 565921 594908 607109 682208 639877
 209832 286582 593092
BRIDGET_CANDIDATE_LIST position=4 count=1848
 [0]=492659(span=2,weighted=0,key=-2) [1]=518511(span=2,weighted=0,key=-2)
 [2]=518293(span=2,weighted=0,key=-2) [3]=516848(span=2,weighted=0,key=-2)
 [4]=513343(span=2,weighted=0,key=-2) [5]=508059(span=2,weighted=0,key=-2)
 [6]=505402(span=2,weighted=0,key=-2) [7]=500625(span=2,weighted=0,key=-2)
 [8]=500518(span=2,weighted=0,key=-2) [9]=500224(span=2,weighted=0,key=-2)
 [10]=498788(span=2,weighted=0,key=-2) [11]=497097(span=2,weighted=0,key=-2)
 [12]=495362(span=2,weighted=0,key=-2) [13]=494230(span=2,weighted=0,key=-2)
 [14]=450870(span=2,weighted=0,key=-2) [15]=491488(span=2,weighted=0,key=-2)
 [16]=491466(span=2,weighted=0,key=-2) [17]=490543(span=2,weighted=0,key=-2)
 [18]=488125(span=2,weighted=0,key=-2) [19]=487681(span=2,weighted=0,key=-2)
 [20]=487418(span=2,weighted=0,key=-2) [21]=529475(span=2,weighted=0,key=-2)
 [22]=531264(span=2,weighted=0,key=-2) [23]=565387(span=2,weighted=0,key=-2)
 [24]=564748(span=2,weighted=0,key=-2) [25]=563709(span=2,weighted=0,key=-2)
 [26]=561204(span=2,weighted=0,key=-2) [27]=558995(span=2,weighted=0,key=-2)
 [28]=555672(span=2,weighted=0,key=-2) [29]=551201(span=2,weighted=0,key=-2)
 [30]=548269(span=2,weighted=0,key=-2) [31]=548226(span=2,weighted=0,key=-2)
 [32]=547410(span=2,weighted=0,key=-2) [33]=547301(span=2,weighted=0,key=-2)
 [34]=546488(span=2,weighted=0,key=-2) [35]=543606(span=2,weighted=0,key=-2)
 [36]=543345(span=2,weighted=0,key=-2) [37]=543316(span=2,weighted=0,key=-2)
 [38]=539206(span=2,weighted=0,key=-2) [39]=538754(span=2,weighted=0,key=-2)
 [40]=537975(span=2,weighted=0,key=-2) [41]=537754(span=2,weighted=0,key=-2)
 [42]=536337(span=2,weighted=0,key=-2) [43]=486266(span=2,weighted=0,key=-2)
 [44]=485541(span=2,weighted=0,key=-2) [45]=456745(span=2,weighted=0,key=-2)
 [46]=456648(span=2,weighted=0,key=-2) [47]=456343(span=2,weighted=0,key=-2)
 [48]=455555(span=2,weighted=0,key=-2) [49]=454626(span=2,weighted=0,key=-2)
 [50]=453260(span=2,weighted=0,key=-2) [51]=452588(span=2,weighted=0,key=-2)
 [52]=452559(span=2,weighted=0,key=-2) [53]=452263(span=2,weighted=0,key=-2)
 [54]=450731(span=2,weighted=0,key=-2) [55]=450080(span=2,weighted=0,key=-2)
 [56]=448813(span=2,weighted=0,key=-2) [57]=448469(span=2,weighted=0,key=-2)
 [58]=446705(span=2,weighted=0,key=-2) [59]=446473(span=2,weighted=0,key=-2)
 [60]=446452(span=2,weighted=0,key=-2) [61]=446165(span=2,weighted=0,key=-2)
 [62]=445231(span=2,weighted=0,key=-2) [63]=444251(span=2,weighted=0,key=-2)
 [64]=440392(span=2,weighted=0,key=-2) [65]=456968(span=2,weighted=0,key=-2)
 [66]=462046(span=2,weighted=0,key=-2) [67]=483852(span=2,weighted=0,key=-2)
 [68]=483294(span=2,weighted=0,key=-2) [69]=483099(span=2,weighted=0,key=-2)
 [70]=482311(span=2,weighted=0,key=-2) [71]=481143(span=2,weighted=0,key=-2)
 [72]=481009(span=2,weighted=0,key=-2) [73]=480972(span=2,weighted=0,key=-2)
 [74]=480909(span=2,weighted=0,key=-2) [75]=479686(span=2,weighted=0,key=-2)
 [76]=478503(span=2,weighted=0,key=-2) [77]=476509(span=2,weighted=0,key=-2)
 [78]=475939(span=2,weighted=0,key=-2) [79]=473334(span=2,weighted=0,key=-2)
 [80]=472762(span=2,weighted=0,key=-2) [81]=465591(span=2,weighted=0,key=-2)
 [82]=464600(span=2,weighted=0,key=-2) [83]=464371(span=2,weighted=0,key=-2)
 [84]=464304(span=2,weighted=0,key=-2) [85]=464049(span=2,weighted=0,key=-2)
 [86]=462202(span=2,weighted=0,key=-2) [87]=568020(span=2,weighted=0,key=-2)
 [88]=569171(span=2,weighted=0,key=-2) [89]=685648(span=2,weighted=0,key=-2)
 [90]=680463(span=2,weighted=0,key=-2) [91]=679231(span=2,weighted=0,key=-2)
 [92]=677079(span=2,weighted=0,key=-2) [93]=677008(span=2,weighted=0,key=-2)
 [94]=669595(span=2,weighted=0,key=-2) [95]=668129(span=2,weighted=0,key=-2)
 [96]=664612(span=2,weighted=0,key=-2) [97]=662540(span=2,weighted=0,key=-2)
 [98]=662200(span=2,weighted=0,key=-2) [99]=660966(span=2,weighted=0,key=-2)
 [100]=659868(span=2,weighted=0,key=-2) [101]=658748(span=2,weighted=0,key=-2)
 [102]=658719(span=2,weighted=0,key=-2) [103]=658665(span=2,weighted=0,key=-2)
 [104]=656320(span=2,weighted=0,key=-2) [105]=646748(span=2,weighted=0,key=-2)
 [106]=642264(span=2,weighted=0,key=-2) [107]=641944(span=2,weighted=0,key=-2)
 [108]=641624(span=2,weighted=0,key=-2) [109]=687382(span=2,weighted=0,key=-2)
 [110]=687864(span=2,weighted=0,key=-2) [111]=708585(span=2,weighted=0,key=-2)
 [112]=707816(span=2,weighted=0,key=-2) [113]=706085(span=2,weighted=0,key=-2)
 [114]=701881(span=2,weighted=0,key=-2) [115]=699847(span=2,weighted=0,key=-2)
 [116]=699818(span=2,weighted=0,key=-2) [117]=699650(span=2,weighted=0,key=-2)
 [118]=698782(span=2,weighted=0,key=-2) [119]=698720(span=2,weighted=0,key=-2)
 [120]=697916(span=2,weighted=0,key=-2) [121]=697488(span=2,weighted=0,key=-2)
 [122]=696518(span=2,weighted=0,key=-2) [123]=696468(span=2,weighted=0,key=-2)
 [124]=696313(span=2,weighted=0,key=-2) [125]=694198(span=2,weighted=0,key=-2)
 [126]=690236(span=2,weighted=0,key=-2) [127]=690178(span=2,weighted=0,key=-2)
 [128]=689953(span=2,weighted=0,key=-2) [129]=689793(span=2,weighted=0,key=-2)
 [130]=688371(span=2,weighted=0,key=-2) [131]=640152(span=2,weighted=0,key=-2)
 [132]=639895(span=2,weighted=0,key=-2) [133]=607411(span=2,weighted=0,key=-2)
 [134]=607340(span=2,weighted=0,key=-2) [135]=604769(span=2,weighted=0,key=-2)
 [136]=604548(span=2,weighted=0,key=-2) [137]=604541(span=2,weighted=0,key=-2)
 [138]=602544(span=2,weighted=0,key=-2) [139]=602465(span=2,weighted=0,key=-2)
 [140]=600529(span=2,weighted=0,key=-2) [141]=596206(span=2,weighted=0,key=-2)
 [142]=594842(span=2,weighted=0,key=-2) [143]=594777(span=2,weighted=0,key=-2)
 [144]=592248(span=2,weighted=0,key=-2) [145]=591237(span=2,weighted=0,key=-2)
 [146]=583024(span=2,weighted=0,key=-2) [147]=582264(span=2,weighted=0,key=-2)
 [148]=582255(span=2,weighted=0,key=-2) [149]=577976(span=2,weighted=0,key=-2)
 [150]=576828(span=2,weighted=0,key=-2) [151]=573054(span=2,weighted=0,key=-2)
 [152]=571541(span=2,weighted=0,key=-2) [153]=607768(span=2,weighted=0,key=-2)
 [154]=611016(span=2,weighted=0,key=-2) [155]=637571(span=2,weighted=0,key=-2)
 [156]=637401(span=2,weighted=0,key=-2) [157]=636873(span=2,weighted=0,key=-2)
 [158]=634794(span=2,weighted=0,key=-2) [159]=633816(span=2,weighted=0,key=-2)
 [160]=632749(span=2,weighted=0,key=-2) [161]=632003(span=2,weighted=0,key=-2)
 [162]=630958(span=2,weighted=0,key=-2) [163]=629240(span=2,weighted=0,key=-2)
 [164]=626183(span=2,weighted=0,key=-2) [165]=625478(span=2,weighted=0,key=-2)
 [166]=622212(span=2,weighted=0,key=-2) [167]=621665(span=2,weighted=0,key=-2)
 [168]=616753(span=2,weighted=0,key=-2) [169]=616102(span=2,weighted=0,key=-2)
 [170]=615313(span=2,weighted=0,key=-2) [171]=614643(span=2,weighted=0,key=-2)
 [172]=612636(span=2,weighted=0,key=-2) [173]=612034(span=2,weighted=0,key=-2)
 [174]=437020(span=2,weighted=0,key=-2) [175]=436297(span=2,weighted=0,key=-2)
 [176]=250392(span=2,weighted=0,key=-2) [177]=240476(span=2,weighted=0,key=-2)
 [178]=237137(span=2,weighted=0,key=-2) [179]=236946(span=2,weighted=0,key=-2)
 [180]=236142(span=2,weighted=0,key=-2) [181]=234177(span=2,weighted=0,key=-2)
 [182]=233663(span=2,weighted=0,key=-2) [183]=232752(span=2,weighted=0,key=-2)
 [184]=232649(span=2,weighted=0,key=-2) [185]=231591(span=2,weighted=0,key=-2)
 [186]=230197(span=2,weighted=0,key=-2) [187]=228584(span=2,weighted=0,key=-2)
 [188]=226094(span=2,weighted=0,key=-2) [189]=225533(span=2,weighted=0,key=-2)
 [190]=224238(span=2,weighted=0,key=-2) [191]=224036(span=2,weighted=0,key=-2)
 [192]=222374(span=2,weighted=0,key=-2) [193]=221161(span=2,weighted=0,key=-2)
 [194]=219310(span=2,weighted=0,key=-2) [195]=216724(span=2,weighted=0,key=-2)
 [196]=252269(span=2,weighted=0,key=-2) [197]=252621(span=2,weighted=0,key=-2)
 [198]=293035(span=2,weighted=0,key=-2) [199]=292290(span=2,weighted=0,key=-2)
 [200]=291686(span=2,weighted=0,key=-2) [201]=281321(span=2,weighted=0,key=-2)
 [202]=281158(span=2,weighted=0,key=-2) [203]=279672(span=2,weighted=0,key=-2)
 [204]=278680(span=2,weighted=0,key=-2) [205]=277498(span=2,weighted=0,key=-2)
 [206]=273151(span=2,weighted=0,key=-2) [207]=272705(span=2,weighted=0,key=-2)
 [208]=271172(span=2,weighted=0,key=-2) [209]=269004(span=2,weighted=0,key=-2)
 [210]=267970(span=2,weighted=0,key=-2) [211]=265889(span=2,weighted=0,key=-2)
 [212]=264465(span=2,weighted=0,key=-2) [213]=262549(span=2,weighted=0,key=-2)
 [214]=262354(span=2,weighted=0,key=-2) [215]=261767(span=2,weighted=0,key=-2)
 [216]=257039(span=2,weighted=0,key=-2) [217]=255494(span=2,weighted=0,key=-2)
 [218]=213635(span=2,weighted=0,key=-2) [219]=211810(span=2,weighted=0,key=-2)
 [220]=173778(span=2,weighted=0,key=-2) [221]=172741(span=2,weighted=0,key=-2)
 [222]=168540(span=2,weighted=0,key=-2) [223]=167974(span=2,weighted=0,key=-2)
 [224]=167034(span=2,weighted=0,key=-2) [225]=166051(span=2,weighted=0,key=-2)
 [226]=164946(span=2,weighted=0,key=-2) [227]=162078(span=2,weighted=0,key=-2)
 [228]=160877(span=2,weighted=0,key=-2) [229]=159983(span=2,weighted=0,key=-2)
 [230]=159588(span=2,weighted=0,key=-2) [231]=159382(span=2,weighted=0,key=-2)
 [232]=156482(span=2,weighted=0,key=-2) [233]=156276(span=2,weighted=0,key=-2)
 [234]=154897(span=2,weighted=0,key=-2) [235]=153420(span=2,weighted=0,key=-2)
 [236]=148916(span=2,weighted=0,key=-2) [237]=146163(span=2,weighted=0,key=-2)
 [238]=144920(span=2,weighted=0,key=-2) [239]=143247(span=2,weighted=0,key=-2)
 [240]=174534(span=2,weighted=0,key=-2) [241]=176152(span=2,weighted=0,key=-2)
 [242]=210832(span=2,weighted=0,key=-2) [243]=210755(span=2,weighted=0,key=-2)
 [244]=209170(span=2,weighted=0,key=-2) [245]=208531(span=2,weighted=0,key=-2)
 [246]=207163(span=2,weighted=0,key=-2) [247]=206086(span=2,weighted=0,key=-2)
 [248]=205153(span=2,weighted=0,key=-2) [249]=203257(span=2,weighted=0,key=-2)
 [250]=200207(span=2,weighted=0,key=-2) [251]=198770(span=2,weighted=0,key=-2)
 [252]=195548(span=2,weighted=0,key=-2) [253]=193661(span=2,weighted=0,key=-2)
 [254]=190676(span=2,weighted=0,key=-2) [255]=189899(span=2,weighted=0,key=-2)
 [256]=183601(span=2,weighted=0,key=-2) [257]=183210(span=2,weighted=0,key=-2)
 [258]=182295(span=2,weighted=0,key=-2) [259]=180884(span=2,weighted=0,key=-2)
 [260]=179480(span=2,weighted=0,key=-2) [261]=293901(span=2,weighted=0,key=-2)
 [262]=294515(span=2,weighted=0,key=-2) [263]=397345(span=2,weighted=0,key=-2)
 [264]=394098(span=2,weighted=0,key=-2) [265]=393739(span=2,weighted=0,key=-2)
 [266]=393247(span=2,weighted=0,key=-2) [267]=391444(span=2,weighted=0,key=-2)
 [268]=389158(span=2,weighted=0,key=-2) [269]=386674(span=2,weighted=0,key=-2)
 [270]=386134(span=2,weighted=0,key=-2) [271]=383001(span=2,weighted=0,key=-2)
 [272]=382140(span=2,weighted=0,key=-2) [273]=381300(span=2,weighted=0,key=-2)
 [274]=381097(span=2,weighted=0,key=-2) [275]=380300(span=2,weighted=0,key=-2)
 [276]=380126(span=2,weighted=0,key=-2) [277]=379484(span=2,weighted=0,key=-2)
 [278]=379445(span=2,weighted=0,key=-2) [279]=375737(span=2,weighted=0,key=-2)
 [280]=374842(span=2,weighted=0,key=-2) [281]=372604(span=2,weighted=0,key=-2)
 [282]=372256(span=2,weighted=0,key=-2) [283]=403373(span=2,weighted=0,key=-2)
 [284]=405538(span=2,weighted=0,key=-2) [285]=435174(span=2,weighted=0,key=-2)
 [286]=433327(span=2,weighted=0,key=-2) [287]=432674(span=2,weighted=0,key=-2)
 [288]=431411(span=2,weighted=0,key=-2) [289]=430734(span=2,weighted=0,key=-2)
 [290]=427983(span=2,weighted=0,key=-2) [291]=427337(span=2,weighted=0,key=-2)
 [292]=426454(span=2,weighted=0,key=-2) [293]=423932(span=2,weighted=0,key=-2)
 [294]=419493(span=2,weighted=0,key=-2) [295]=417958(span=2,weighted=0,key=-2)
 [296]=414989(span=2,weighted=0,key=-2) [297]=413312(span=2,weighted=0,key=-2)
 [298]=413003(span=2,weighted=0,key=-2) [299]=412186(span=2,weighted=0,key=-2)
 [300]=411563(span=2,weighted=0,key=-2) [301]=410860(span=2,weighted=0,key=-2)
 [302]=410242(span=2,weighted=0,key=-2) [303]=409987(span=2,weighted=0,key=-2)
 [304]=407291(span=2,weighted=0,key=-2) [305]=365757(span=2,weighted=0,key=-2)
 [306]=365035(span=2,weighted=0,key=-2) [307]=327786(span=2,weighted=0,key=-2)
 [308]=327305(span=2,weighted=0,key=-2) [309]=325527(span=2,weighted=0,key=-2)
 [310]=324584(span=2,weighted=0,key=-2) [311]=320642(span=2,weighted=0,key=-2)
 [312]=320521(span=2,weighted=0,key=-2) [313]=319020(span=2,weighted=0,key=-2)
 [314]=318595(span=2,weighted=0,key=-2) [315]=318421(span=2,weighted=0,key=-2)
 [316]=310036(span=2,weighted=0,key=-2) [317]=309439(span=2,weighted=0,key=-2)
 [318]=307754(span=2,weighted=0,key=-2) [319]=307742(span=2,weighted=0,key=-2)
 [320]=306368(span=2,weighted=0,key=-2) [321]=305713(span=2,weighted=0,key=-2)
 [322]=303501(span=2,weighted=0,key=-2) [323]=299327(span=2,weighted=0,key=-2)
 [324]=296014(span=2,weighted=0,key=-2) [325]=295528(span=2,weighted=0,key=-2)
 [326]=294665(span=2,weighted=0,key=-2) [327]=328980(span=2,weighted=0,key=-2)
 [328]=331600(span=2,weighted=0,key=-2) [329]=364962(span=2,weighted=0,key=-2)
 [330]=363846(span=2,weighted=0,key=-2) [331]=363324(span=2,weighted=0,key=-2)
 [332]=360823(span=2,weighted=0,key=-2) [333]=358777(span=2,weighted=0,key=-2)
 [334]=355868(span=2,weighted=0,key=-2) [335]=353609(span=2,weighted=0,key=-2)
 [336]=351723(span=2,weighted=0,key=-2) [337]=350459(span=2,weighted=0,key=-2)
 [338]=348118(span=2,weighted=0,key=-2) [339]=346471(span=2,weighted=0,key=-2)
 [340]=345864(span=2,weighted=0,key=-2) [341]=344613(span=2,weighted=0,key=-2)
 [342]=344099(span=2,weighted=0,key=-2) [343]=342487(span=2,weighted=0,key=-2)
 [344]=340042(span=2,weighted=0,key=-2) [345]=337303(span=2,weighted=0,key=-2)
 [346]=336282(span=2,weighted=0,key=-2) [347]=335947(span=2,weighted=0,key=-2)
 [348]=711537(span=2,weighted=0,key=-2) [349]=713522(span=2,weighted=0,key=-2)
 [350]=198831(span=2,weighted=0,key=-2) [351]=198889(span=2,weighted=0,key=-2)
 [352]=199704(span=2,weighted=0,key=-2) [353]=200951(span=2,weighted=0,key=-2)
 [354]=208067(span=2,weighted=0,key=-2) [355]=208920(span=2,weighted=0,key=-2)
 [356]=211727(span=2,weighted=0,key=-2) [357]=213537(span=2,weighted=0,key=-2)
 [358]=215302(span=2,weighted=0,key=-2) [359]=215939(span=2,weighted=0,key=-2)
 [360]=216564(span=2,weighted=0,key=-2) [361]=216805(span=2,weighted=0,key=-2)
 [362]=222676(span=2,weighted=0,key=-2) [363]=226019(span=2,weighted=0,key=-2)
 [364]=228877(span=2,weighted=0,key=-2) [365]=229499(span=2,weighted=0,key=-2)
 [366]=235069(span=2,weighted=0,key=-2) [367]=237221(span=2,weighted=0,key=-2)
 [368]=244878(span=2,weighted=0,key=-2) [369]=245407(span=2,weighted=0,key=-2)
 [370]=196247(span=2,weighted=0,key=-2) [371]=194423(span=2,weighted=0,key=-2)
 [372]=174261(span=2,weighted=0,key=-2) [373]=176887(span=2,weighted=0,key=-2)
 [374]=177661(span=2,weighted=0,key=-2) [375]=178397(span=2,weighted=0,key=-2)
 [376]=180167(span=2,weighted=0,key=-2) [377]=183870(span=2,weighted=0,key=-2)
 [378]=185061(span=2,weighted=0,key=-2) [379]=187390(span=2,weighted=0,key=-2)
 [380]=187463(span=2,weighted=0,key=-2) [381]=188433(span=2,weighted=0,key=-2)
 [382]=190555(span=2,weighted=0,key=-2) [383]=190718(span=2,weighted=0,key=-2)
 [384]=190904(span=2,weighted=0,key=-2) [385]=191566(span=2,weighted=0,key=-2)
 [386]=191872(span=2,weighted=0,key=-2) [387]=193123(span=2,weighted=0,key=-2)
 [388]=193805(span=2,weighted=0,key=-2) [389]=194085(span=2,weighted=0,key=-2)
 [390]=194199(span=2,weighted=0,key=-2) [391]=194233(span=2,weighted=0,key=-2)
 [392]=245425(span=2,weighted=0,key=-2) [393]=246651(span=2,weighted=0,key=-2)
 [394]=299337(span=2,weighted=0,key=-2) [395]=299494(span=2,weighted=0,key=-2)
 [396]=300576(span=2,weighted=0,key=-2) [397]=302550(span=2,weighted=0,key=-2)
 [398]=302651(span=2,weighted=0,key=-2) [399]=307167(span=2,weighted=0,key=-2)
 [400]=308801(span=2,weighted=0,key=-2) [401]=313167(span=2,weighted=0,key=-2)
 [402]=314257(span=2,weighted=0,key=-2) [403]=318827(span=2,weighted=0,key=-2)
 [404]=319184(span=2,weighted=0,key=-2) [405]=321758(span=2,weighted=0,key=-2)
 [406]=322070(span=2,weighted=0,key=-2) [407]=322166(span=2,weighted=0,key=-2)
 [408]=322232(span=2,weighted=0,key=-2) [409]=323142(span=2,weighted=0,key=-2)
 [410]=323656(span=2,weighted=0,key=-2) [411]=326943(span=2,weighted=0,key=-2)
 [412]=328892(span=2,weighted=0,key=-2) [413]=329613(span=2,weighted=0,key=-2)
 [414]=295231(span=2,weighted=0,key=-2) [415]=294656(span=2,weighted=0,key=-2)
 [416]=248206(span=2,weighted=0,key=-2) [417]=253473(span=2,weighted=0,key=-2)
 [418]=255784(span=2,weighted=0,key=-2) [419]=256971(span=2,weighted=0,key=-2)
 [420]=257015(span=2,weighted=0,key=-2) [421]=265117(span=2,weighted=0,key=-2)
 [422]=265689(span=2,weighted=0,key=-2) [423]=267493(span=2,weighted=0,key=-2)
 [424]=269156(span=2,weighted=0,key=-2) [425]=271590(span=2,weighted=0,key=-2)
 [426]=272930(span=2,weighted=0,key=-2) [427]=273769(span=2,weighted=0,key=-2)
 [428]=278928(span=2,weighted=0,key=-2) [429]=280933(span=2,weighted=0,key=-2)
 [430]=281454(span=2,weighted=0,key=-2) [431]=284368(span=2,weighted=0,key=-2)
 [432]=285517(span=2,weighted=0,key=-2) [433]=287657(span=2,weighted=0,key=-2)
 [434]=290376(span=2,weighted=0,key=-2) [435]=291445(span=2,weighted=0,key=-2)
 [436]=170722(span=2,weighted=0,key=-2) [437]=169501(span=2,weighted=0,key=-2)
 [438]=49560(span=2,weighted=0,key=-2) [439]=50419(span=2,weighted=0,key=-2)
 [440]=50944(span=2,weighted=0,key=-2) [441]=51445(span=2,weighted=0,key=-2)
 [442]=51649(span=2,weighted=0,key=-2) [443]=51816(span=2,weighted=0,key=-2)
 [444]=52738(span=2,weighted=0,key=-2) [445]=56767(span=2,weighted=0,key=-2)
 [446]=57787(span=2,weighted=0,key=-2) [447]=60246(span=2,weighted=0,key=-2)
 [448]=61296(span=2,weighted=0,key=-2) [449]=62605(span=2,weighted=0,key=-2)
 [450]=64812(span=2,weighted=0,key=-2) [451]=66374(span=2,weighted=0,key=-2)
 [452]=69472(span=2,weighted=0,key=-2) [453]=70070(span=2,weighted=0,key=-2)
 [454]=72149(span=2,weighted=0,key=-2) [455]=72864(span=2,weighted=0,key=-2)
 [456]=74851(span=2,weighted=0,key=-2) [457]=76794(span=2,weighted=0,key=-2)
 [458]=48205(span=2,weighted=0,key=-2) [459]=46085(span=2,weighted=0,key=-2)
 [460]=17881(span=2,weighted=0,key=-2) [461]=17433(span=2,weighted=0,key=-2)
 [462]=16200(span=2,weighted=0,key=-2) [463]=15663(span=2,weighted=0,key=-2)
 [464]=1161(span=2,weighted=0,key=-2) [465]=313(span=2,weighted=0,key=-2)
 [466]=18599(span=2,weighted=0,key=-2) [467]=18672(span=2,weighted=0,key=-2)
 [468]=19296(span=2,weighted=0,key=-2) [469]=20888(span=2,weighted=0,key=-2)
 [470]=20937(span=2,weighted=0,key=-2) [471]=22633(span=2,weighted=0,key=-2)
 [472]=24308(span=2,weighted=0,key=-2) [473]=26993(span=2,weighted=0,key=-2)
 [474]=27234(span=2,weighted=0,key=-2) [475]=28840(span=2,weighted=0,key=-2)
 [476]=33301(span=2,weighted=0,key=-2) [477]=40773(span=2,weighted=0,key=-2)
 [478]=40882(span=2,weighted=0,key=-2) [479]=44990(span=2,weighted=0,key=-2)
 [480]=77725(span=2,weighted=0,key=-2) [481]=78470(span=2,weighted=0,key=-2)
 [482]=125771(span=2,weighted=0,key=-2) [483]=126329(span=2,weighted=0,key=-2)
 [484]=128438(span=2,weighted=0,key=-2) [485]=128462(span=2,weighted=0,key=-2)
 [486]=130236(span=2,weighted=0,key=-2) [487]=131166(span=2,weighted=0,key=-2)
 [488]=137298(span=2,weighted=0,key=-2) [489]=139715(span=2,weighted=0,key=-2)
 [490]=141316(span=2,weighted=0,key=-2) [491]=143537(span=2,weighted=0,key=-2)
 [492]=145805(span=2,weighted=0,key=-2) [493]=150308(span=2,weighted=0,key=-2)
 [494]=153127(span=2,weighted=0,key=-2) [495]=157998(span=2,weighted=0,key=-2)
 [496]=159226(span=2,weighted=0,key=-2) [497]=159572(span=2,weighted=0,key=-2)
 [498]=163392(span=2,weighted=0,key=-2) [499]=163693(span=2,weighted=0,key=-2)
 [500]=164138(span=2,weighted=0,key=-2) [501]=166758(span=2,weighted=0,key=-2)
 [502]=124700(span=2,weighted=0,key=-2) [503]=123998(span=2,weighted=0,key=-2)
 [504]=81672(span=2,weighted=0,key=-2) [505]=84204(span=2,weighted=0,key=-2)
 [506]=86957(span=2,weighted=0,key=-2) [507]=87598(span=2,weighted=0,key=-2)
 [508]=87977(span=2,weighted=0,key=-2) [509]=90767(span=2,weighted=0,key=-2)
 [510]=97645(span=2,weighted=0,key=-2) [511]=98941(span=2,weighted=0,key=-2)
 [512]=100435(span=2,weighted=0,key=-2) [513]=102767(span=2,weighted=0,key=-2)
 [514]=103644(span=2,weighted=0,key=-2) [515]=109296(span=2,weighted=0,key=-2)
 [516]=110287(span=2,weighted=0,key=-2) [517]=110420(span=2,weighted=0,key=-2)
 [518]=111045(span=2,weighted=0,key=-2) [519]=112600(span=2,weighted=0,key=-2)
 [520]=115717(span=2,weighted=0,key=-2) [521]=115745(span=2,weighted=0,key=-2)
 [522]=119491(span=2,weighted=0,key=-2) [523]=331592(span=2,weighted=0,key=-2)
 [524]=331618(span=2,weighted=0,key=-2) [525]=195793(span=2,weighted=0,key=-2)
 [526]=173162(span=2,weighted=0,key=-2) [527]=172966(span=2,weighted=0,key=-2)
 [528]=162423(span=2,weighted=0,key=-2) [529]=145299(span=2,weighted=0,key=-2)
 [530]=123881(span=2,weighted=0,key=-2) [531]=104539(span=2,weighted=0,key=-2)
 [532]=77358(span=2,weighted=0,key=-2) [533]=12565(span=2,weighted=0,key=-2)
 [534]=450074(span=2,weighted=0,key=-2) [535]=690723(span=2,weighted=0,key=-2)
 [536]=675996(span=2,weighted=0,key=-2) [537]=636497(span=2,weighted=0,key=-2)
 [538]=636301(span=2,weighted=0,key=-2) [539]=623277(span=2,weighted=0,key=-2)
 [540]=607237(span=2,weighted=0,key=-2) [541]=599405(span=2,weighted=0,key=-2)
 [542]=598242(span=2,weighted=0,key=-2) [543]=580504(span=2,weighted=0,key=-2)
 [544]=511715(span=2,weighted=0,key=-2) [545]=205667(span=2,weighted=0,key=-2)
 [546]=219068(span=2,weighted=0,key=-2) [547]=510799(span=2,weighted=0,key=-2)
 [548]=461863(span=2,weighted=0,key=-2) [549]=460829(span=2,weighted=0,key=-2)
 [550]=459019(span=2,weighted=0,key=-2) [551]=448888(span=2,weighted=0,key=-2)
 [552]=416730(span=2,weighted=0,key=-2) [553]=410811(span=2,weighted=0,key=-2)
 [554]=394305(span=2,weighted=0,key=-2) [555]=392056(span=2,weighted=0,key=-2)
 [556]=384546(span=2,weighted=0,key=-2) [557]=347172(span=2,weighted=0,key=-2)
 [558]=341224(span=2,weighted=0,key=-2) [559]=336419(span=2,weighted=0,key=-2)
 [560]=331090(span=2,weighted=0,key=-2) [561]=329505(span=2,weighted=0,key=-2)
 [562]=317784(span=2,weighted=0,key=-2) [563]=299202(span=2,weighted=0,key=-2)
 [564]=271827(span=2,weighted=0,key=-2) [565]=237392(span=2,weighted=0,key=-2)
 [566]=226219(span=2,weighted=0,key=-2) [567]=506861(span=2,weighted=0,key=-2)
 [568]=503538(span=2,weighted=0,key=-2) [569]=80760(span=2,weighted=0,key=-2)
 [570]=45660(span=2,weighted=0,key=-2) [571]=26433(span=2,weighted=0,key=-2)
 [572]=23295(span=2,weighted=0,key=-2) [573]=18838(span=2,weighted=0,key=-2)
 [574]=769786(span=2,weighted=0,key=-2) [575]=768062(span=2,weighted=0,key=-2)
 [576]=742568(span=2,weighted=0,key=-2) [577]=739898(span=2,weighted=0,key=-2)
 [578]=739894(span=2,weighted=0,key=-2) [579]=737483(span=2,weighted=0,key=-2)
 [580]=734881(span=2,weighted=0,key=-2) [581]=721031(span=2,weighted=0,key=-2)
 [582]=721009(span=2,weighted=0,key=-2) [583]=720165(span=2,weighted=0,key=-2)
 [584]=718839(span=2,weighted=0,key=-2) [585]=715983(span=2,weighted=0,key=-2)
 [586]=715918(span=2,weighted=0,key=-2) [587]=715810(span=2,weighted=0,key=-2)
 [588]=715252(span=2,weighted=0,key=-2) [589]=91749(span=2,weighted=0,key=-2)
 [590]=115629(span=2,weighted=0,key=-2) [591]=481086(span=2,weighted=0,key=-2)
 [592]=480697(span=2,weighted=0,key=-2) [593]=469606(span=2,weighted=0,key=-2)
 [594]=450486(span=2,weighted=0,key=-2) [595]=387609(span=2,weighted=0,key=-2)
 [596]=384084(span=2,weighted=0,key=-2) [597]=370120(span=2,weighted=0,key=-2)
 [598]=370027(span=2,weighted=0,key=-2) [599]=366261(span=2,weighted=0,key=-2)
 [600]=349352(span=2,weighted=0,key=-2) [601]=332712(span=2,weighted=0,key=-2)
 [602]=310587(span=2,weighted=0,key=-2) [603]=282081(span=2,weighted=0,key=-2)
 [604]=282068(span=2,weighted=0,key=-2) [605]=273125(span=2,weighted=0,key=-2)
 [606]=150652(span=2,weighted=0,key=-2) [607]=144735(span=2,weighted=0,key=-2)
 [608]=129205(span=2,weighted=0,key=-2) [609]=117387(span=2,weighted=0,key=-2)
 [610]=512602(span=2,weighted=0,key=-2) [611]=540333(span=2,weighted=0,key=-2)
 [612]=369306(span=2,weighted=0,key=-2) [613]=370080(span=2,weighted=0,key=-2)
 [614]=373616(span=2,weighted=0,key=-2) [615]=376680(span=2,weighted=0,key=-2)
 [616]=377534(span=2,weighted=0,key=-2) [617]=377782(span=2,weighted=0,key=-2)
 [618]=382433(span=2,weighted=0,key=-2) [619]=382699(span=2,weighted=0,key=-2)
 [620]=383672(span=2,weighted=0,key=-2) [621]=384198(span=2,weighted=0,key=-2)
 [622]=384273(span=2,weighted=0,key=-2) [623]=384926(span=2,weighted=0,key=-2)
 [624]=387227(span=2,weighted=0,key=-2) [625]=389835(span=2,weighted=0,key=-2)
 [626]=390262(span=2,weighted=0,key=-2) [627]=391604(span=2,weighted=0,key=-2)
 [628]=391704(span=2,weighted=0,key=-2) [629]=393105(span=2,weighted=0,key=-2)
 [630]=393552(span=2,weighted=0,key=-2) [631]=393724(span=2,weighted=0,key=-2)
 [632]=367535(span=2,weighted=0,key=-2) [633]=367184(span=2,weighted=0,key=-2)
 [634]=334824(span=2,weighted=0,key=-2) [635]=335065(span=2,weighted=0,key=-2)
 [636]=336165(span=2,weighted=0,key=-2) [637]=347967(span=2,weighted=0,key=-2)
 [638]=349644(span=2,weighted=0,key=-2) [639]=350929(span=2,weighted=0,key=-2)
 [640]=353995(span=2,weighted=0,key=-2) [641]=355847(span=2,weighted=0,key=-2)
 [642]=356614(span=2,weighted=0,key=-2) [643]=359369(span=2,weighted=0,key=-2)
 [644]=359411(span=2,weighted=0,key=-2) [645]=359829(span=2,weighted=0,key=-2)
 [646]=360048(span=2,weighted=0,key=-2) [647]=360123(span=2,weighted=0,key=-2)
 [648]=360732(span=2,weighted=0,key=-2) [649]=362815(span=2,weighted=0,key=-2)
 [650]=364130(span=2,weighted=0,key=-2) [651]=364816(span=2,weighted=0,key=-2)
 [652]=364934(span=2,weighted=0,key=-2) [653]=366230(span=2,weighted=0,key=-2)
 [654]=401632(span=2,weighted=0,key=-2) [655]=402322(span=2,weighted=0,key=-2)
 [656]=434250(span=2,weighted=0,key=-2) [657]=434274(span=2,weighted=0,key=-2)
 [658]=440317(span=2,weighted=0,key=-2) [659]=440667(span=2,weighted=0,key=-2)
 [660]=441701(span=2,weighted=0,key=-2) [661]=445751(span=2,weighted=0,key=-2)
 [662]=447244(span=2,weighted=0,key=-2) [663]=448261(span=2,weighted=0,key=-2)
 [664]=449648(span=2,weighted=0,key=-2) [665]=763526(span=2,weighted=0,key=-2)
 [666]=741217(span=2,weighted=0,key=-2) [667]=712614(span=2,weighted=0,key=-2)
 [668]=710996(span=2,weighted=0,key=-2) [669]=681746(span=2,weighted=0,key=-2)
 [670]=668539(span=2,weighted=0,key=-2) [671]=626665(span=2,weighted=0,key=-2)
 [672]=612699(span=2,weighted=0,key=-2) [673]=553784(span=2,weighted=0,key=-2)
 [674]=553447(span=2,weighted=0,key=-2) [675]=552759(span=2,weighted=0,key=-2)
 [676]=433360(span=2,weighted=0,key=-2) [677]=428517(span=2,weighted=0,key=-2)
 [678]=403102(span=2,weighted=0,key=-2) [679]=403697(span=2,weighted=0,key=-2)
 [680]=406526(span=2,weighted=0,key=-2) [681]=406533(span=2,weighted=0,key=-2)
 [682]=408052(span=2,weighted=0,key=-2) [683]=408871(span=2,weighted=0,key=-2)
 [684]=408929(span=2,weighted=0,key=-2) [685]=409577(span=2,weighted=0,key=-2)
 [686]=410746(span=2,weighted=0,key=-2) [687]=413000(span=2,weighted=0,key=-2)
 [688]=413742(span=2,weighted=0,key=-2) [689]=416789(span=2,weighted=0,key=-2)
 [690]=416872(span=2,weighted=0,key=-2) [691]=418425(span=2,weighted=0,key=-2)
 [692]=420266(span=2,weighted=0,key=-2) [693]=420638(span=2,weighted=0,key=-2)
 [694]=422149(span=2,weighted=0,key=-2) [695]=422609(span=2,weighted=0,key=-2)
 [696]=423876(span=2,weighted=0,key=-2) [697]=142523(span=2,weighted=0,key=-2)
 [698]=142384(span=2,weighted=0,key=-2) [699]=375607(span=2,weighted=0,key=-2)
 [700]=372539(span=2,weighted=0,key=-2) [701]=371350(span=2,weighted=0,key=-2)
 [702]=370328(span=2,weighted=0,key=-2) [703]=369898(span=2,weighted=0,key=-2)
 [704]=369578(span=2,weighted=0,key=-2) [705]=369392(span=2,weighted=0,key=-2)
 [706]=365789(span=2,weighted=0,key=-2) [707]=365019(span=2,weighted=0,key=-2)
 [708]=364693(span=2,weighted=0,key=-2) [709]=363298(span=2,weighted=0,key=-2)
 [710]=362120(span=2,weighted=0,key=-2) [711]=360973(span=2,weighted=0,key=-2)
 [712]=359855(span=2,weighted=0,key=-2) [713]=358131(span=2,weighted=0,key=-2)
 [714]=356705(span=2,weighted=0,key=-2) [715]=354599(span=2,weighted=0,key=-2)
 [716]=353433(span=2,weighted=0,key=-2) [717]=351278(span=2,weighted=0,key=-2)
 [718]=376505(span=2,weighted=0,key=-2) [719]=377018(span=2,weighted=0,key=-2)
 [720]=412197(span=2,weighted=0,key=-2) [721]=412182(span=2,weighted=0,key=-2)
 [722]=409981(span=2,weighted=0,key=-2) [723]=409882(span=2,weighted=0,key=-2)
 [724]=409686(span=2,weighted=0,key=-2) [725]=406540(span=2,weighted=0,key=-2)
 [726]=404830(span=2,weighted=0,key=-2) [727]=401589(span=2,weighted=0,key=-2)
 [728]=400734(span=2,weighted=0,key=-2) [729]=400185(span=2,weighted=0,key=-2)
 [730]=394859(span=2,weighted=0,key=-2) [731]=394373(span=2,weighted=0,key=-2)
 [732]=387391(span=2,weighted=0,key=-2) [733]=383098(span=2,weighted=0,key=-2)
 [734]=383052(span=2,weighted=0,key=-2) [735]=382197(span=2,weighted=0,key=-2)
 [736]=379902(span=2,weighted=0,key=-2) [737]=377375(span=2,weighted=0,key=-2)
 [738]=350546(span=2,weighted=0,key=-2) [739]=349895(span=2,weighted=0,key=-2)
 [740]=297273(span=2,weighted=0,key=-2) [741]=296878(span=2,weighted=0,key=-2)
 [742]=295787(span=2,weighted=0,key=-2) [743]=295300(span=2,weighted=0,key=-2)
 [744]=293731(span=2,weighted=0,key=-2) [745]=292667(span=2,weighted=0,key=-2)
 [746]=291475(span=2,weighted=0,key=-2) [747]=291457(span=2,weighted=0,key=-2)
 [748]=290882(span=2,weighted=0,key=-2) [749]=289220(span=2,weighted=0,key=-2)
 [750]=286960(span=2,weighted=0,key=-2) [751]=285179(span=2,weighted=0,key=-2)
 [752]=282254(span=2,weighted=0,key=-2) [753]=281487(span=2,weighted=0,key=-2)
 [754]=280268(span=2,weighted=0,key=-2) [755]=277021(span=2,weighted=0,key=-2)
 [756]=276340(span=2,weighted=0,key=-2) [757]=271183(span=2,weighted=0,key=-2)
 [758]=269897(span=2,weighted=0,key=-2) [759]=301094(span=2,weighted=0,key=-2)
 [760]=302722(span=2,weighted=0,key=-2) [761]=342353(span=2,weighted=0,key=-2)
 [762]=341346(span=2,weighted=0,key=-2) [763]=339640(span=2,weighted=0,key=-2)
 [764]=337266(span=2,weighted=0,key=-2) [765]=336672(span=2,weighted=0,key=-2)
 [766]=332033(span=2,weighted=0,key=-2) [767]=330546(span=2,weighted=0,key=-2)
 [768]=330298(span=2,weighted=0,key=-2) [769]=329188(span=2,weighted=0,key=-2)
 [770]=323286(span=2,weighted=0,key=-2) [771]=321236(span=2,weighted=0,key=-2)
 [772]=318335(span=2,weighted=0,key=-2) [773]=310827(span=2,weighted=0,key=-2)
 [774]=310811(span=2,weighted=0,key=-2) [775]=310167(span=2,weighted=0,key=-2)
 [776]=309219(span=2,weighted=0,key=-2) [777]=308097(span=2,weighted=0,key=-2)
 [778]=303813(span=2,weighted=0,key=-2) [779]=412308(span=2,weighted=0,key=-2)
 [780]=414964(span=2,weighted=0,key=-2) [781]=564725(span=2,weighted=0,key=-2)
 [782]=564698(span=2,weighted=0,key=-2) [783]=563432(span=2,weighted=0,key=-2)
 [784]=562548(span=2,weighted=0,key=-2) [785]=554052(span=2,weighted=0,key=-2)
 [786]=552107(span=2,weighted=0,key=-2) [787]=547383(span=2,weighted=0,key=-2)
 [788]=545874(span=2,weighted=0,key=-2) [789]=542447(span=2,weighted=0,key=-2)
 [790]=539109(span=2,weighted=0,key=-2) [791]=533734(span=2,weighted=0,key=-2)
 [792]=533339(span=2,weighted=0,key=-2) [793]=531653(span=2,weighted=0,key=-2)
 [794]=529387(span=2,weighted=0,key=-2) [795]=526764(span=2,weighted=0,key=-2)
 [796]=516663(span=2,weighted=0,key=-2) [797]=511534(span=2,weighted=0,key=-2)
 [798]=506803(span=2,weighted=0,key=-2) [799]=504992(span=2,weighted=0,key=-2)
 [800]=565085(span=2,weighted=0,key=-2) [801]=566037(span=2,weighted=0,key=-2)
 [802]=582345(span=2,weighted=0,key=-2) [803]=581292(span=2,weighted=0,key=-2)
 [804]=581105(span=2,weighted=0,key=-2) [805]=581070(span=2,weighted=0,key=-2)
 [806]=578577(span=2,weighted=0,key=-2) [807]=577457(span=2,weighted=0,key=-2)
 [808]=576700(span=2,weighted=0,key=-2) [809]=576137(span=2,weighted=0,key=-2)
 [810]=575176(span=2,weighted=0,key=-2) [811]=574281(span=2,weighted=0,key=-2)
 [812]=574210(span=2,weighted=0,key=-2) [813]=573790(span=2,weighted=0,key=-2)
 [814]=573251(span=2,weighted=0,key=-2) [815]=571770(span=2,weighted=0,key=-2)
 [816]=571604(span=2,weighted=0,key=-2) [817]=570918(span=2,weighted=0,key=-2)
 [818]=570862(span=2,weighted=0,key=-2) [819]=568219(span=2,weighted=0,key=-2)
 [820]=502809(span=2,weighted=0,key=-2) [821]=502409(span=2,weighted=0,key=-2)
 [822]=454986(span=2,weighted=0,key=-2) [823]=451260(span=2,weighted=0,key=-2)
 [824]=450604(span=2,weighted=0,key=-2) [825]=448236(span=2,weighted=0,key=-2)
 [826]=447439(span=2,weighted=0,key=-2) [827]=447127(span=2,weighted=0,key=-2)
 [828]=445346(span=2,weighted=0,key=-2) [829]=441634(span=2,weighted=0,key=-2)
 [830]=437259(span=2,weighted=0,key=-2) [831]=434823(span=2,weighted=0,key=-2)
 [832]=433963(span=2,weighted=0,key=-2) [833]=433282(span=2,weighted=0,key=-2)
 [834]=433250(span=2,weighted=0,key=-2) [835]=428017(span=2,weighted=0,key=-2)
 [836]=425564(span=2,weighted=0,key=-2) [837]=421936(span=2,weighted=0,key=-2)
 [838]=420645(span=2,weighted=0,key=-2) [839]=417085(span=2,weighted=0,key=-2)
 [840]=455205(span=2,weighted=0,key=-2) [841]=457165(span=2,weighted=0,key=-2)
 [842]=501571(span=2,weighted=0,key=-2) [843]=500136(span=2,weighted=0,key=-2)
 [844]=495845(span=2,weighted=0,key=-2) [845]=494564(span=2,weighted=0,key=-2)
 [846]=493208(span=2,weighted=0,key=-2) [847]=492426(span=2,weighted=0,key=-2)
 [848]=491149(span=2,weighted=0,key=-2) [849]=488554(span=2,weighted=0,key=-2)
 [850]=477894(span=2,weighted=0,key=-2) [851]=474698(span=2,weighted=0,key=-2)
 [852]=474299(span=2,weighted=0,key=-2) [853]=472850(span=2,weighted=0,key=-2)
 [854]=468896(span=2,weighted=0,key=-2) [855]=466600(span=2,weighted=0,key=-2)
 [856]=466489(span=2,weighted=0,key=-2) [857]=461740(span=2,weighted=0,key=-2)
 [858]=460103(span=2,weighted=0,key=-2) [859]=459055(span=2,weighted=0,key=-2)
 [860]=269617(span=2,weighted=0,key=-2) [861]=268907(span=2,weighted=0,key=-2)
 [862]=84023(span=2,weighted=0,key=-2) [863]=81064(span=2,weighted=0,key=-2)
 [864]=79211(span=2,weighted=0,key=-2) [865]=76921(span=2,weighted=0,key=-2)
 [866]=73876(span=2,weighted=0,key=-2) [867]=70735(span=2,weighted=0,key=-2)
 [868]=69575(span=2,weighted=0,key=-2) [869]=68897(span=2,weighted=0,key=-2)
 [870]=66656(span=2,weighted=0,key=-2) [871]=66049(span=2,weighted=0,key=-2)
 [872]=63767(span=2,weighted=0,key=-2) [873]=61707(span=2,weighted=0,key=-2)
 [874]=56514(span=2,weighted=0,key=-2) [875]=54834(span=2,weighted=0,key=-2)
 [876]=53777(span=2,weighted=0,key=-2) [877]=51429(span=2,weighted=0,key=-2)
 [878]=49861(span=2,weighted=0,key=-2) [879]=45333(span=2,weighted=0,key=-2)
 [880]=45273(span=2,weighted=0,key=-2) [881]=88273(span=2,weighted=0,key=-2)
 [882]=92606(span=2,weighted=0,key=-2) [883]=124751(span=2,weighted=0,key=-2)
 [884]=124734(span=2,weighted=0,key=-2) [885]=124034(span=2,weighted=0,key=-2)
 [886]=119111(span=2,weighted=0,key=-2) [887]=115520(span=2,weighted=0,key=-2)
 [888]=115256(span=2,weighted=0,key=-2) [889]=114218(span=2,weighted=0,key=-2)
 [890]=106974(span=2,weighted=0,key=-2) [891]=105500(span=2,weighted=0,key=-2)
 [892]=103989(span=2,weighted=0,key=-2) [893]=102993(span=2,weighted=0,key=-2)
 [894]=102539(span=2,weighted=0,key=-2) [895]=102163(span=2,weighted=0,key=-2)
 [896]=98628(span=2,weighted=0,key=-2) [897]=97953(span=2,weighted=0,key=-2)
 [898]=97409(span=2,weighted=0,key=-2) [899]=94982(span=2,weighted=0,key=-2)
 [900]=94231(span=2,weighted=0,key=-2) [901]=43764(span=2,weighted=0,key=-2)
 [902]=43526(span=2,weighted=0,key=-2) [903]=27578(span=2,weighted=0,key=-2)
 [904]=27308(span=2,weighted=0,key=-2) [905]=26355(span=2,weighted=0,key=-2)
 [906]=24454(span=2,weighted=0,key=-2) [907]=23947(span=2,weighted=0,key=-2)
 [908]=22099(span=2,weighted=0,key=-2) [909]=21842(span=2,weighted=0,key=-2)
 [910]=21764(span=2,weighted=0,key=-2) [911]=20422(span=2,weighted=0,key=-2)
 [912]=20182(span=2,weighted=0,key=-2) [913]=19823(span=2,weighted=0,key=-2)
 [914]=18954(span=2,weighted=0,key=-2) [915]=18627(span=2,weighted=0,key=-2)
 [916]=16897(span=2,weighted=0,key=-2) [917]=16678(span=2,weighted=0,key=-2)
 [918]=16223(span=2,weighted=0,key=-2) [919]=12717(span=2,weighted=0,key=-2)
 [920]=11200(span=2,weighted=0,key=-2) [921]=1358(span=2,weighted=0,key=-2)
 [922]=27690(span=2,weighted=0,key=-2) [923]=27925(span=2,weighted=0,key=-2)
 [924]=40377(span=2,weighted=0,key=-2) [925]=40057(span=2,weighted=0,key=-2)
 [926]=39041(span=2,weighted=0,key=-2) [927]=38775(span=2,weighted=0,key=-2)
 [928]=36820(span=2,weighted=0,key=-2) [929]=36671(span=2,weighted=0,key=-2)
 [930]=36200(span=2,weighted=0,key=-2) [931]=36192(span=2,weighted=0,key=-2)
 [932]=35097(span=2,weighted=0,key=-2) [933]=34131(span=2,weighted=0,key=-2)
 [934]=33874(span=2,weighted=0,key=-2) [935]=33378(span=2,weighted=0,key=-2)
 [936]=33168(span=2,weighted=0,key=-2) [937]=33060(span=2,weighted=0,key=-2)
 [938]=33042(span=2,weighted=0,key=-2) [939]=30869(span=2,weighted=0,key=-2)
 [940]=29879(span=2,weighted=0,key=-2) [941]=28981(span=2,weighted=0,key=-2)
 [942]=125733(span=2,weighted=0,key=-2) [943]=127273(span=2,weighted=0,key=-2)
 [944]=217060(span=2,weighted=0,key=-2) [945]=215467(span=2,weighted=0,key=-2)
 [946]=215325(span=2,weighted=0,key=-2) [947]=214858(span=2,weighted=0,key=-2)
 [948]=214658(span=2,weighted=0,key=-2) [949]=213662(span=2,weighted=0,key=-2)
 [950]=213234(span=2,weighted=0,key=-2) [951]=211390(span=2,weighted=0,key=-2)
 [952]=207531(span=2,weighted=0,key=-2) [953]=207490(span=2,weighted=0,key=-2)
 [954]=202207(span=2,weighted=0,key=-2) [955]=201089(span=2,weighted=0,key=-2)
 [956]=200015(span=2,weighted=0,key=-2) [957]=199394(span=2,weighted=0,key=-2)
 [958]=198944(span=2,weighted=0,key=-2) [959]=192830(span=2,weighted=0,key=-2)
 [960]=190171(span=2,weighted=0,key=-2) [961]=188406(span=2,weighted=0,key=-2)
 [962]=187176(span=2,weighted=0,key=-2) [963]=217677(span=2,weighted=0,key=-2)
 [964]=217826(span=2,weighted=0,key=-2) [965]=267577(span=2,weighted=0,key=-2)
 [966]=262857(span=2,weighted=0,key=-2) [967]=258744(span=2,weighted=0,key=-2)
 [968]=257694(span=2,weighted=0,key=-2) [969]=257430(span=2,weighted=0,key=-2)
 [970]=252210(span=2,weighted=0,key=-2) [971]=247517(span=2,weighted=0,key=-2)
 [972]=243442(span=2,weighted=0,key=-2) [973]=243248(span=2,weighted=0,key=-2)
 [974]=241763(span=2,weighted=0,key=-2) [975]=239565(span=2,weighted=0,key=-2)
 [976]=237770(span=2,weighted=0,key=-2) [977]=233161(span=2,weighted=0,key=-2)
 [978]=232051(span=2,weighted=0,key=-2) [979]=231180(span=2,weighted=0,key=-2)
 [980]=229627(span=2,weighted=0,key=-2) [981]=227813(span=2,weighted=0,key=-2)
 [982]=225258(span=2,weighted=0,key=-2) [983]=186921(span=2,weighted=0,key=-2)
 [984]=186861(span=2,weighted=0,key=-2) [985]=159146(span=2,weighted=0,key=-2)
 [986]=158958(span=2,weighted=0,key=-2) [987]=158312(span=2,weighted=0,key=-2)
 [988]=158122(span=2,weighted=0,key=-2) [989]=154416(span=2,weighted=0,key=-2)
 [990]=150875(span=2,weighted=0,key=-2) [991]=150278(span=2,weighted=0,key=-2)
 [992]=149193(span=2,weighted=0,key=-2) [993]=147977(span=2,weighted=0,key=-2)
 [994]=147643(span=2,weighted=0,key=-2) [995]=142277(span=2,weighted=0,key=-2)
 [996]=139817(span=2,weighted=0,key=-2) [997]=138601(span=2,weighted=0,key=-2)
 [998]=136189(span=2,weighted=0,key=-2) [999]=132174(span=2,weighted=0,key=-2)
 [1000]=129726(span=2,weighted=0,key=-2)
 [1001]=128274(span=2,weighted=0,key=-2)
 [1002]=127546(span=2,weighted=0,key=-2)
 [1003]=159553(span=2,weighted=0,key=-2)
 [1004]=160440(span=2,weighted=0,key=-2)
 [1005]=186711(span=2,weighted=0,key=-2)
 [1006]=183741(span=2,weighted=0,key=-2)
 [1007]=183008(span=2,weighted=0,key=-2)
 [1008]=182713(span=2,weighted=0,key=-2)
 [1009]=177964(span=2,weighted=0,key=-2)
 [1010]=177939(span=2,weighted=0,key=-2)
 [1011]=176706(span=2,weighted=0,key=-2)
 [1012]=175659(span=2,weighted=0,key=-2)
 [1013]=175031(span=2,weighted=0,key=-2)
 [1014]=172837(span=2,weighted=0,key=-2)
 [1015]=172372(span=2,weighted=0,key=-2)
 [1016]=172118(span=2,weighted=0,key=-2)
 [1017]=171769(span=2,weighted=0,key=-2)
 [1018]=164419(span=2,weighted=0,key=-2)
 [1019]=164290(span=2,weighted=0,key=-2)
 [1020]=163476(span=2,weighted=0,key=-2)
 [1021]=162298(span=2,weighted=0,key=-2)
 [1022]=160887(span=2,weighted=0,key=-2)
 [1023]=583354(span=2,weighted=0,key=-2)
 [1024]=585477(span=2,weighted=0,key=-2)
 [1025]=509680(span=2,weighted=0,key=-2)
 [1026]=511179(span=2,weighted=0,key=-2)
 [1027]=511811(span=2,weighted=0,key=-2)
 [1028]=512624(span=2,weighted=0,key=-2)
 [1029]=514379(span=2,weighted=0,key=-2)
 [1030]=515280(span=2,weighted=0,key=-2)
 [1031]=518617(span=2,weighted=0,key=-2)
 [1032]=523298(span=2,weighted=0,key=-2)
 [1033]=523338(span=2,weighted=0,key=-2)
 [1034]=523494(span=2,weighted=0,key=-2)
 [1035]=523827(span=2,weighted=0,key=-2)
 [1036]=525128(span=2,weighted=0,key=-2)
 [1037]=527837(span=2,weighted=0,key=-2)
 [1038]=530320(span=2,weighted=0,key=-2)
 [1039]=531830(span=2,weighted=0,key=-2)
 [1040]=532483(span=2,weighted=0,key=-2)
 [1041]=533162(span=2,weighted=0,key=-2)
 [1042]=533218(span=2,weighted=0,key=-2)
 [1043]=535473(span=2,weighted=0,key=-2)
 [1044]=509292(span=2,weighted=0,key=-2)
 [1045]=507119(span=2,weighted=0,key=-2)
 [1046]=473767(span=2,weighted=0,key=-2)
 [1047]=474633(span=2,weighted=0,key=-2)
 [1048]=474822(span=2,weighted=0,key=-2)
 [1049]=474844(span=2,weighted=0,key=-2)
 [1050]=481831(span=2,weighted=0,key=-2)
 [1051]=483607(span=2,weighted=0,key=-2)
 [1052]=485697(span=2,weighted=0,key=-2)
 [1053]=486829(span=2,weighted=0,key=-2)
 [1054]=487396(span=2,weighted=0,key=-2)
 [1055]=489878(span=2,weighted=0,key=-2)
 [1056]=490201(span=2,weighted=0,key=-2)
 [1057]=491024(span=2,weighted=0,key=-2)
 [1058]=491786(span=2,weighted=0,key=-2)
 [1059]=493957(span=2,weighted=0,key=-2)
 [1060]=494929(span=2,weighted=0,key=-2)
 [1061]=494975(span=2,weighted=0,key=-2)
 [1062]=497064(span=2,weighted=0,key=-2)
 [1063]=503732(span=2,weighted=0,key=-2)
 [1064]=535595(span=2,weighted=0,key=-2)
 [1065]=536946(span=2,weighted=0,key=-2)
 [1066]=562279(span=2,weighted=0,key=-2)
 [1067]=563947(span=2,weighted=0,key=-2)
 [1068]=564326(span=2,weighted=0,key=-2)
 [1069]=566607(span=2,weighted=0,key=-2)
 [1070]=572117(span=2,weighted=0,key=-2)
 [1071]=572877(span=2,weighted=0,key=-2)
 [1072]=573301(span=2,weighted=0,key=-2)
 [1073]=573370(span=2,weighted=0,key=-2)
 [1074]=575225(span=2,weighted=0,key=-2)
 [1075]=576411(span=2,weighted=0,key=-2)
 [1076]=578293(span=2,weighted=0,key=-2)
 [1077]=578813(span=2,weighted=0,key=-2)
 [1078]=578922(span=2,weighted=0,key=-2)
 [1079]=579980(span=2,weighted=0,key=-2)
 [1080]=581430(span=2,weighted=0,key=-2)
 [1081]=581961(span=2,weighted=0,key=-2)
 [1082]=589067(span=2,weighted=0,key=-2)
 [1083]=594052(span=2,weighted=0,key=-2)
 [1084]=596075(span=2,weighted=0,key=-2)
 [1085]=562061(span=2,weighted=0,key=-2)
 [1086]=561650(span=2,weighted=0,key=-2)
 [1087]=538195(span=2,weighted=0,key=-2)
 [1088]=541474(span=2,weighted=0,key=-2)
 [1089]=541762(span=2,weighted=0,key=-2)
 [1090]=541832(span=2,weighted=0,key=-2)
 [1091]=543600(span=2,weighted=0,key=-2)
 [1092]=544232(span=2,weighted=0,key=-2)
 [1093]=545191(span=2,weighted=0,key=-2)
 [1094]=546357(span=2,weighted=0,key=-2)
 [1095]=546485(span=2,weighted=0,key=-2)
 [1096]=547235(span=2,weighted=0,key=-2)
 [1097]=549146(span=2,weighted=0,key=-2)
 [1098]=551726(span=2,weighted=0,key=-2)
 [1099]=552923(span=2,weighted=0,key=-2)
 [1100]=555469(span=2,weighted=0,key=-2)
 [1101]=558264(span=2,weighted=0,key=-2)
 [1102]=559797(span=2,weighted=0,key=-2)
 [1103]=560592(span=2,weighted=0,key=-2)
 [1104]=561634(span=2,weighted=0,key=-2)
 [1105]=473510(span=2,weighted=0,key=-2)
 [1106]=471832(span=2,weighted=0,key=-2)
 [1107]=104382(span=2,weighted=0,key=-2)
 [1108]=104255(span=2,weighted=0,key=-2)
 [1109]=103392(span=2,weighted=0,key=-2)
 [1110]=103233(span=2,weighted=0,key=-2) [1111]=98284(span=2,weighted=0,key=-2)
 [1112]=96759(span=2,weighted=0,key=-2) [1113]=96744(span=2,weighted=0,key=-2)
 [1114]=95491(span=2,weighted=0,key=-2) [1115]=95482(span=2,weighted=0,key=-2)
 [1116]=94642(span=2,weighted=0,key=-2) [1117]=94390(span=2,weighted=0,key=-2)
 [1118]=94051(span=2,weighted=0,key=-2) [1119]=92054(span=2,weighted=0,key=-2)
 [1120]=90441(span=2,weighted=0,key=-2) [1121]=87648(span=2,weighted=0,key=-2)
 [1122]=87040(span=2,weighted=0,key=-2) [1123]=86571(span=2,weighted=0,key=-2)
 [1124]=85317(span=2,weighted=0,key=-2) [1125]=83211(span=2,weighted=0,key=-2)
 [1126]=104518(span=2,weighted=0,key=-2)
 [1127]=105562(span=2,weighted=0,key=-2)
 [1128]=141481(span=2,weighted=0,key=-2)
 [1129]=141477(span=2,weighted=0,key=-2)
 [1130]=138264(span=2,weighted=0,key=-2)
 [1131]=137568(span=2,weighted=0,key=-2)
 [1132]=136107(span=2,weighted=0,key=-2)
 [1133]=134696(span=2,weighted=0,key=-2)
 [1134]=133874(span=2,weighted=0,key=-2)
 [1135]=132595(span=2,weighted=0,key=-2)
 [1136]=126738(span=2,weighted=0,key=-2)
 [1137]=126652(span=2,weighted=0,key=-2)
 [1138]=124358(span=2,weighted=0,key=-2)
 [1139]=123641(span=2,weighted=0,key=-2)
 [1140]=117205(span=2,weighted=0,key=-2)
 [1141]=112699(span=2,weighted=0,key=-2)
 [1142]=109299(span=2,weighted=0,key=-2)
 [1143]=108934(span=2,weighted=0,key=-2)
 [1144]=107361(span=2,weighted=0,key=-2)
 [1145]=107085(span=2,weighted=0,key=-2) [1146]=81370(span=2,weighted=0,key=-2)
 [1147]=80035(span=2,weighted=0,key=-2) [1148]=44629(span=2,weighted=0,key=-2)
 [1149]=43921(span=2,weighted=0,key=-2) [1150]=43900(span=2,weighted=0,key=-2)
 [1151]=37725(span=2,weighted=0,key=-2) [1152]=36526(span=2,weighted=0,key=-2)
 [1153]=36469(span=2,weighted=0,key=-2) [1154]=34579(span=2,weighted=0,key=-2)
 [1155]=32829(span=2,weighted=0,key=-2) [1156]=32640(span=2,weighted=0,key=-2)
 [1157]=32046(span=2,weighted=0,key=-2) [1158]=25738(span=2,weighted=0,key=-2)
 [1159]=21371(span=2,weighted=0,key=-2) [1160]=21117(span=2,weighted=0,key=-2)
 [1161]=15033(span=2,weighted=0,key=-2) [1162]=13625(span=2,weighted=0,key=-2)
 [1163]=10136(span=2,weighted=0,key=-2) [1164]=6294(span=2,weighted=0,key=-2)
 [1165]=464252(span=2,weighted=0,key=-2) [1166]=45378(span=2,weighted=0,key=-2)
 [1167]=48003(span=2,weighted=0,key=-2) [1168]=79671(span=2,weighted=0,key=-2)
 [1169]=77191(span=2,weighted=0,key=-2) [1170]=76451(span=2,weighted=0,key=-2)
 [1171]=75581(span=2,weighted=0,key=-2) [1172]=74862(span=2,weighted=0,key=-2)
 [1173]=74238(span=2,weighted=0,key=-2) [1174]=73941(span=2,weighted=0,key=-2)
 [1175]=67206(span=2,weighted=0,key=-2) [1176]=67021(span=2,weighted=0,key=-2)
 [1177]=65068(span=2,weighted=0,key=-2) [1178]=63257(span=2,weighted=0,key=-2)
 [1179]=61647(span=2,weighted=0,key=-2) [1180]=56779(span=2,weighted=0,key=-2)
 [1181]=52362(span=2,weighted=0,key=-2) [1182]=52075(span=2,weighted=0,key=-2)
 [1183]=52047(span=2,weighted=0,key=-2) [1184]=51401(span=2,weighted=0,key=-2)
 [1185]=49384(span=2,weighted=0,key=-2) [1186]=597724(span=2,weighted=0,key=-2)
 [1187]=600767(span=2,weighted=0,key=-2)
 [1188]=695694(span=2,weighted=0,key=-2)
 [1189]=692083(span=2,weighted=0,key=-2)
 [1190]=691079(span=2,weighted=0,key=-2)
 [1191]=690664(span=2,weighted=0,key=-2)
 [1192]=688135(span=2,weighted=0,key=-2)
 [1193]=685058(span=2,weighted=0,key=-2)
 [1194]=684409(span=2,weighted=0,key=-2)
 [1195]=684209(span=2,weighted=0,key=-2)
 [1196]=682299(span=2,weighted=0,key=-2)
 [1197]=680393(span=2,weighted=0,key=-2)
 [1198]=677952(span=2,weighted=0,key=-2)
 [1199]=676316(span=2,weighted=0,key=-2)
 [1200]=675657(span=2,weighted=0,key=-2)
 [1201]=675288(span=2,weighted=0,key=-2)
 [1202]=671188(span=2,weighted=0,key=-2)
 [1203]=670741(span=2,weighted=0,key=-2)
 [1204]=670566(span=2,weighted=0,key=-2)
 [1205]=670302(span=2,weighted=0,key=-2)
 [1206]=670070(span=2,weighted=0,key=-2)
 [1207]=696770(span=2,weighted=0,key=-2)
 [1208]=698369(span=2,weighted=0,key=-2)
 [1209]=744937(span=2,weighted=0,key=-2)
 [1210]=742705(span=2,weighted=0,key=-2)
 [1211]=739001(span=2,weighted=0,key=-2)
 [1212]=735102(span=2,weighted=0,key=-2)
 [1213]=721842(span=2,weighted=0,key=-2)
 [1214]=717349(span=2,weighted=0,key=-2)
 [1215]=713725(span=2,weighted=0,key=-2)
 [1216]=713208(span=2,weighted=0,key=-2)
 [1217]=713020(span=2,weighted=0,key=-2)
 [1218]=712905(span=2,weighted=0,key=-2)
 [1219]=712516(span=2,weighted=0,key=-2)
 [1220]=712208(span=2,weighted=0,key=-2)
 [1221]=710438(span=2,weighted=0,key=-2)
 [1222]=705475(span=2,weighted=0,key=-2)
 [1223]=703440(span=2,weighted=0,key=-2)
 [1224]=702767(span=2,weighted=0,key=-2)
 [1225]=701860(span=2,weighted=0,key=-2)
 [1226]=698638(span=2,weighted=0,key=-2)
 [1227]=669526(span=2,weighted=0,key=-2)
 [1228]=668183(span=2,weighted=0,key=-2)
 [1229]=608324(span=2,weighted=0,key=-2)
 [1230]=606237(span=2,weighted=0,key=-2)
 [1231]=603728(span=2,weighted=0,key=-2)
 [1232]=603698(span=2,weighted=0,key=-2)
 [1233]=603521(span=2,weighted=0,key=-2)
 [1234]=603262(span=2,weighted=0,key=-2)
 [1235]=602711(span=2,weighted=0,key=-2)
 [1236]=600254(span=2,weighted=0,key=-2)
 [1237]=599155(span=2,weighted=0,key=-2)
 [1238]=597766(span=2,weighted=0,key=-2)
 [1239]=597196(span=2,weighted=0,key=-2)
 [1240]=594856(span=2,weighted=0,key=-2)
 [1241]=593351(span=2,weighted=0,key=-2)
 [1242]=591091(span=2,weighted=0,key=-2)
 [1243]=589942(span=2,weighted=0,key=-2)
 [1244]=587786(span=2,weighted=0,key=-2)
 [1245]=587742(span=2,weighted=0,key=-2)
 [1246]=586349(span=2,weighted=0,key=-2)
 [1247]=586089(span=2,weighted=0,key=-2)
 [1248]=608767(span=2,weighted=0,key=-2)
 [1249]=610282(span=2,weighted=0,key=-2)
 [1250]=662614(span=2,weighted=0,key=-2)
 [1251]=659298(span=2,weighted=0,key=-2)
 [1252]=652964(span=2,weighted=0,key=-2)
 [1253]=652539(span=2,weighted=0,key=-2)
 [1254]=638306(span=2,weighted=0,key=-2)
 [1255]=636703(span=2,weighted=0,key=-2)
 [1256]=635581(span=2,weighted=0,key=-2)
 [1257]=630765(span=2,weighted=0,key=-2)
 [1258]=628540(span=2,weighted=0,key=-2)
 [1259]=628255(span=2,weighted=0,key=-2)
 [1260]=626930(span=2,weighted=0,key=-2)
 [1261]=624620(span=2,weighted=0,key=-2)
 [1262]=624004(span=2,weighted=0,key=-2)
 [1263]=621120(span=2,weighted=0,key=-2)
 [1264]=619799(span=2,weighted=0,key=-2)
 [1265]=615949(span=2,weighted=0,key=-2)
 [1266]=612928(span=2,weighted=0,key=-2)
 [1267]=612428(span=2,weighted=0,key=-2)
 [1268]=744942(span=2,weighted=0,key=-2)
 [1269]=757623(span=2,weighted=0,key=-2)
 [1270]=641252(span=2,weighted=0,key=-2)
 [1271]=648329(span=2,weighted=0,key=-2)
 [1272]=648465(span=2,weighted=0,key=-2)
 [1273]=648516(span=2,weighted=0,key=-2)
 [1274]=651830(span=2,weighted=0,key=-2)
 [1275]=651881(span=2,weighted=0,key=-2)
 [1276]=652439(span=2,weighted=0,key=-2)
 [1277]=655511(span=2,weighted=0,key=-2)
 [1278]=656955(span=2,weighted=0,key=-2)
 [1279]=658901(span=2,weighted=0,key=-2)
 [1280]=662267(span=2,weighted=0,key=-2)
 [1281]=663436(span=2,weighted=0,key=-2)
 [1282]=664387(span=2,weighted=0,key=-2)
 [1283]=667890(span=2,weighted=0,key=-2)
 [1284]=667953(span=2,weighted=0,key=-2)
 [1285]=668481(span=2,weighted=0,key=-2)
 [1286]=670450(span=2,weighted=0,key=-2)
 [1287]=680139(span=2,weighted=0,key=-2)
 [1288]=682064(span=2,weighted=0,key=-2)
 [1289]=639532(span=2,weighted=0,key=-2)
 [1290]=636911(span=2,weighted=0,key=-2)
 [1291]=600836(span=2,weighted=0,key=-2)
 [1292]=602765(span=2,weighted=0,key=-2)
 [1293]=607662(span=2,weighted=0,key=-2)
 [1294]=607722(span=2,weighted=0,key=-2)
 [1295]=609131(span=2,weighted=0,key=-2)
 [1296]=613204(span=2,weighted=0,key=-2)
 [1297]=613221(span=2,weighted=0,key=-2)
 [1298]=613689(span=2,weighted=0,key=-2)
 [1299]=614729(span=2,weighted=0,key=-2)
 [1300]=624037(span=2,weighted=0,key=-2)
 [1301]=625544(span=2,weighted=0,key=-2)
 [1302]=629389(span=2,weighted=0,key=-2)
 [1303]=631186(span=2,weighted=0,key=-2)
 [1304]=632636(span=2,weighted=0,key=-2)
 [1305]=633352(span=2,weighted=0,key=-2)
 [1306]=635423(span=2,weighted=0,key=-2)
 [1307]=635451(span=2,weighted=0,key=-2)
 [1308]=636744(span=2,weighted=0,key=-2)
 [1309]=683486(span=2,weighted=0,key=-2)
 [1310]=684071(span=2,weighted=0,key=-2) [1311]=18076(span=2,weighted=0,key=-2)
 [1312]=757632(span=2,weighted=0,key=-2)
 [1313]=757638(span=2,weighted=0,key=-2)
 [1314]=763414(span=2,weighted=0,key=-2)
 [1315]=771723(span=2,weighted=0,key=-2)
 [1316]=770803(span=2,weighted=0,key=-2)
 [1317]=770792(span=2,weighted=0,key=-2)
 [1318]=770745(span=2,weighted=0,key=-2)
 [1319]=770740(span=2,weighted=0,key=-2)
 [1320]=763851(span=2,weighted=0,key=-2)
 [1321]=755545(span=2,weighted=0,key=-2)
 [1322]=754580(span=2,weighted=0,key=-2)
 [1323]=754568(span=2,weighted=0,key=-2)
 [1324]=746568(span=2,weighted=0,key=-2)
 [1325]=746558(span=2,weighted=0,key=-2)
 [1326]=742806(span=2,weighted=0,key=-2)
 [1327]=736282(span=2,weighted=0,key=-2)
 [1328]=684648(span=2,weighted=0,key=-2)
 [1329]=687682(span=2,weighted=0,key=-2)
 [1330]=687849(span=2,weighted=0,key=-2)
 [1331]=688160(span=2,weighted=0,key=-2)
 [1332]=690809(span=2,weighted=0,key=-2)
 [1333]=693542(span=2,weighted=0,key=-2)
 [1334]=694719(span=2,weighted=0,key=-2)
 [1335]=698927(span=2,weighted=0,key=-2)
 [1336]=698955(span=2,weighted=0,key=-2)
 [1337]=734600(span=2,weighted=0,key=-2)
 [1338]=719833(span=2,weighted=0,key=-2)
 [1339]=707655(span=2,weighted=0,key=-2)
 [1340]=706111(span=2,weighted=0,key=-2)
 [1341]=702569(span=2,weighted=0,key=-2)
 [1342]=702204(span=2,weighted=0,key=-2) [1343]=43455(span=1,weighted=0,key=-1)
 [1344]=219812(span=1,weighted=0,key=-1)
 [1345]=239387(span=1,weighted=0,key=-1)
 [1346]=280564(span=1,weighted=0,key=-1)
 [1347]=306588(span=1,weighted=0,key=-1)
 [1348]=326212(span=1,weighted=0,key=-1)
 [1349]=341372(span=1,weighted=0,key=-1)
 [1350]=367135(span=1,weighted=0,key=-1)
 [1351]=378469(span=1,weighted=0,key=-1)
 [1352]=445172(span=1,weighted=0,key=-1)
 [1353]=458316(span=1,weighted=0,key=-1)
 [1354]=468612(span=1,weighted=0,key=-1)
 [1355]=483386(span=1,weighted=0,key=-1)
 [1356]=544421(span=1,weighted=0,key=-1)
 [1357]=551253(span=1,weighted=0,key=-1)
 [1358]=609159(span=1,weighted=0,key=-1)
 [1359]=316166(span=1,weighted=0,key=-1)
 [1360]=403263(span=1,weighted=0,key=-1)
 [1361]=480528(span=1,weighted=0,key=-1)
 [1362]=606436(span=1,weighted=0,key=-1)
 [1363]=491026(span=1,weighted=0,key=-1)
 [1364]=320516(span=1,weighted=0,key=-1)
 [1365]=171334(span=1,weighted=0,key=-1)
 [1366]=474108(span=1,weighted=0,key=-1)
 [1367]=673126(span=1,weighted=0,key=-1)
 [1368]=157661(span=1,weighted=0,key=-1)
 [1369]=151222(span=1,weighted=0,key=-1) [1370]=69081(span=1,weighted=0,key=-1)
 [1371]=80157(span=1,weighted=0,key=-1) [1372]=100673(span=1,weighted=0,key=-1)
 [1373]=144737(span=1,weighted=0,key=-1)
 [1374]=245004(span=1,weighted=0,key=-1)
 [1375]=309591(span=1,weighted=0,key=-1)
 [1376]=348759(span=1,weighted=0,key=-1)
 [1377]=357496(span=1,weighted=0,key=-1)
 [1378]=414139(span=1,weighted=0,key=-1)
 [1379]=460401(span=1,weighted=0,key=-1)
 [1380]=584833(span=1,weighted=0,key=-1)
 [1381]=685136(span=1,weighted=0,key=-1)
 [1382]=124557(span=1,weighted=0,key=-1)
 [1383]=396772(span=1,weighted=0,key=-1)
 [1384]=415862(span=1,weighted=0,key=-1)
 [1385]=608141(span=1,weighted=0,key=-1)
 [1386]=227825(span=1,weighted=0,key=-1) [1387]=25079(span=1,weighted=0,key=-1)
 [1388]=62871(span=1,weighted=0,key=-1) [1389]=68118(span=1,weighted=0,key=-1)
 [1390]=76878(span=1,weighted=0,key=-1) [1391]=102574(span=1,weighted=0,key=-1)
 [1392]=114684(span=1,weighted=0,key=-1)
 [1393]=136389(span=1,weighted=0,key=-1)
 [1394]=145760(span=1,weighted=0,key=-1)
 [1395]=576237(span=1,weighted=0,key=-1)
 [1396]=760534(span=1,weighted=0,key=-1)
 [1397]=364838(span=1,weighted=0,key=-1)
 [1398]=365281(span=1,weighted=0,key=-1)
 [1399]=368043(span=1,weighted=0,key=-1)
 [1400]=375794(span=1,weighted=0,key=-1)
 [1401]=393655(span=1,weighted=0,key=-1)
 [1402]=434191(span=1,weighted=0,key=-1)
 [1403]=434343(span=1,weighted=0,key=-1)
 [1404]=446112(span=1,weighted=0,key=-1)
 [1405]=448187(span=1,weighted=0,key=-1)
 [1406]=455265(span=1,weighted=0,key=-1)
 [1407]=470779(span=1,weighted=0,key=-1)
 [1408]=474500(span=1,weighted=0,key=-1)
 [1409]=477143(span=1,weighted=0,key=-1)
 [1410]=479992(span=1,weighted=0,key=-1)
 [1411]=481881(span=1,weighted=0,key=-1)
 [1412]=520635(span=1,weighted=0,key=-1)
 [1413]=520638(span=1,weighted=0,key=-1)
 [1414]=524600(span=1,weighted=0,key=-1)
 [1415]=540109(span=1,weighted=0,key=-1)
 [1416]=544263(span=1,weighted=0,key=-1)
 [1417]=565466(span=1,weighted=0,key=-1)
 [1418]=567054(span=1,weighted=0,key=-1)
 [1419]=567420(span=1,weighted=0,key=-1)
 [1420]=576772(span=1,weighted=0,key=-1)
 [1421]=580971(span=1,weighted=0,key=-1)
 [1422]=582990(span=1,weighted=0,key=-1)
 [1423]=586582(span=1,weighted=0,key=-1)
 [1424]=360755(span=1,weighted=0,key=-1)
 [1425]=359956(span=1,weighted=0,key=-1)
 [1426]=235018(span=1,weighted=0,key=-1)
 [1427]=235458(span=1,weighted=0,key=-1)
 [1428]=235711(span=1,weighted=0,key=-1)
 [1429]=242263(span=1,weighted=0,key=-1)
 [1430]=242400(span=1,weighted=0,key=-1)
 [1431]=250745(span=1,weighted=0,key=-1)
 [1432]=251711(span=1,weighted=0,key=-1)
 [1433]=252890(span=1,weighted=0,key=-1)
 [1434]=257536(span=1,weighted=0,key=-1)
 [1435]=277971(span=1,weighted=0,key=-1)
 [1436]=282991(span=1,weighted=0,key=-1)
 [1437]=302188(span=1,weighted=0,key=-1)
 [1438]=302263(span=1,weighted=0,key=-1)
 [1439]=302736(span=1,weighted=0,key=-1)
 [1440]=306790(span=1,weighted=0,key=-1)
 [1441]=309315(span=1,weighted=0,key=-1)
 [1442]=314010(span=1,weighted=0,key=-1)
 [1443]=321481(span=1,weighted=0,key=-1)
 [1444]=326142(span=1,weighted=0,key=-1)
 [1445]=330024(span=1,weighted=0,key=-1)
 [1446]=330286(span=1,weighted=0,key=-1)
 [1447]=337272(span=1,weighted=0,key=-1)
 [1448]=338812(span=1,weighted=0,key=-1)
 [1449]=341122(span=1,weighted=0,key=-1)
 [1450]=352698(span=1,weighted=0,key=-1)
 [1451]=357400(span=1,weighted=0,key=-1)
 [1452]=586906(span=1,weighted=0,key=-1)
 [1453]=590715(span=1,weighted=0,key=-1)
 [1454]=715887(span=1,weighted=0,key=-1)
 [1455]=720669(span=1,weighted=0,key=-1)
 [1456]=734726(span=1,weighted=0,key=-1)
 [1457]=741679(span=1,weighted=0,key=-1)
 [1458]=756056(span=1,weighted=0,key=-1)
 [1459]=756060(span=1,weighted=0,key=-1)
 [1460]=765815(span=1,weighted=0,key=-1)
 [1461]=765821(span=1,weighted=0,key=-1) [1462]=2260(span=1,weighted=0,key=-1)
 [1463]=435436(span=1,weighted=0,key=-1) [1464]=16638(span=1,weighted=0,key=-1)
 [1465]=19854(span=1,weighted=0,key=-1) [1466]=24397(span=1,weighted=0,key=-1)
 [1467]=26927(span=1,weighted=0,key=-1) [1468]=29100(span=1,weighted=0,key=-1)
 [1469]=32449(span=1,weighted=0,key=-1) [1470]=43535(span=1,weighted=0,key=-1)
 [1471]=49867(span=1,weighted=0,key=-1) [1472]=50062(span=1,weighted=0,key=-1)
 [1473]=54779(span=1,weighted=0,key=-1) [1474]=55223(span=1,weighted=0,key=-1)
 [1475]=57717(span=1,weighted=0,key=-1) [1476]=63006(span=1,weighted=0,key=-1)
 [1477]=64145(span=1,weighted=0,key=-1) [1478]=66057(span=1,weighted=0,key=-1)
 [1479]=68731(span=1,weighted=0,key=-1) [1480]=712072(span=1,weighted=0,key=-1)
 [1481]=711948(span=1,weighted=0,key=-1)
 [1482]=597114(span=1,weighted=0,key=-1)
 [1483]=609716(span=1,weighted=0,key=-1)
 [1484]=618488(span=1,weighted=0,key=-1)
 [1485]=631127(span=1,weighted=0,key=-1)
 [1486]=638837(span=1,weighted=0,key=-1)
 [1487]=643468(span=1,weighted=0,key=-1)
 [1488]=643474(span=1,weighted=0,key=-1)
 [1489]=646614(span=1,weighted=0,key=-1)
 [1490]=647935(span=1,weighted=0,key=-1)
 [1491]=647984(span=1,weighted=0,key=-1)
 [1492]=647994(span=1,weighted=0,key=-1)
 [1493]=648040(span=1,weighted=0,key=-1)
 [1494]=653992(span=1,weighted=0,key=-1)
 [1495]=654248(span=1,weighted=0,key=-1)
 [1496]=673369(span=1,weighted=0,key=-1)
 [1497]=673941(span=1,weighted=0,key=-1)
 [1498]=677620(span=1,weighted=0,key=-1)
 [1499]=680016(span=1,weighted=0,key=-1)
 [1500]=680672(span=1,weighted=0,key=-1)
 [1501]=682715(span=1,weighted=0,key=-1)
 [1502]=684936(span=1,weighted=0,key=-1)
 [1503]=685863(span=1,weighted=0,key=-1)
 [1504]=687779(span=1,weighted=0,key=-1)
 [1505]=690124(span=1,weighted=0,key=-1)
 [1506]=706687(span=1,weighted=0,key=-1)
 [1507]=708490(span=1,weighted=0,key=-1)
 [1508]=231745(span=1,weighted=0,key=-1)
 [1509]=229954(span=1,weighted=0,key=-1)
 [1510]=673118(span=1,weighted=0,key=-1)
 [1511]=681398(span=1,weighted=0,key=-1)
 [1512]=711677(span=1,weighted=0,key=-1)
 [1513]=711777(span=1,weighted=0,key=-1)
 [1514]=711910(span=1,weighted=0,key=-1)
 [1515]=712178(span=1,weighted=0,key=-1)
 [1516]=139265(span=1,weighted=0,key=-1)
 [1517]=169162(span=1,weighted=0,key=-1)
 [1518]=394297(span=1,weighted=0,key=-1)
 [1519]=403558(span=1,weighted=0,key=-1)
 [1520]=414863(span=1,weighted=0,key=-1)
 [1521]=416382(span=1,weighted=0,key=-1)
 [1522]=621046(span=1,weighted=0,key=-1)
 [1523]=659248(span=1,weighted=0,key=-1)
 [1524]=671355(span=1,weighted=0,key=-1)
 [1525]=671695(span=1,weighted=0,key=-1)
 [1526]=675578(span=1,weighted=0,key=-1)
 [1527]=689343(span=1,weighted=0,key=-1) [1528]=15983(span=1,weighted=0,key=-1)
 [1529]=16257(span=1,weighted=0,key=-1) [1530]=19938(span=1,weighted=0,key=-1)
 [1531]=21670(span=1,weighted=0,key=-1) [1532]=22978(span=1,weighted=0,key=-1)
 [1533]=25279(span=1,weighted=0,key=-1) [1534]=29252(span=1,weighted=0,key=-1)
 [1535]=31014(span=1,weighted=0,key=-1) [1536]=34747(span=1,weighted=0,key=-1)
 [1537]=672747(span=1,weighted=0,key=-1)
 [1538]=671489(span=1,weighted=0,key=-1) [1539]=8066(span=1,weighted=0,key=-1)
 [1540]=8075(span=1,weighted=0,key=-1) [1541]=8084(span=1,weighted=0,key=-1)
 [1542]=8090(span=1,weighted=0,key=-1) [1543]=8101(span=1,weighted=0,key=-1)
 [1544]=8110(span=1,weighted=0,key=-1) [1545]=8120(span=1,weighted=0,key=-1)
 [1546]=8376(span=1,weighted=0,key=-1) [1547]=8387(span=1,weighted=0,key=-1)
 [1548]=12305(span=1,weighted=0,key=-1) [1549]=76594(span=1,weighted=0,key=-1)
 [1550]=98900(span=1,weighted=0,key=-1) [1551]=116817(span=1,weighted=0,key=-1)
 [1552]=140612(span=1,weighted=0,key=-1)
 [1553]=153276(span=1,weighted=0,key=-1)
 [1554]=224770(span=1,weighted=0,key=-1)
 [1555]=316758(span=1,weighted=0,key=-1)
 [1556]=421704(span=1,weighted=0,key=-1)
 [1557]=431073(span=1,weighted=0,key=-1)
 [1558]=440220(span=1,weighted=0,key=-1)
 [1559]=566690(span=1,weighted=0,key=-1)
 [1560]=588498(span=1,weighted=0,key=-1)
 [1561]=592706(span=1,weighted=0,key=-1)
 [1562]=624566(span=1,weighted=0,key=-1)
 [1563]=658274(span=1,weighted=0,key=-1)
 [1564]=661729(span=1,weighted=0,key=-1) [1565]=37219(span=1,weighted=0,key=-1)
 [1566]=38608(span=1,weighted=0,key=-1) [1567]=138597(span=1,weighted=0,key=-1)
 [1568]=142328(span=1,weighted=0,key=-1)
 [1569]=143113(span=1,weighted=0,key=-1)
 [1570]=159235(span=1,weighted=0,key=-1)
 [1571]=166601(span=1,weighted=0,key=-1)
 [1572]=166614(span=1,weighted=0,key=-1)
 [1573]=166779(span=1,weighted=0,key=-1)
 [1574]=167689(span=1,weighted=0,key=-1)
 [1575]=169312(span=1,weighted=0,key=-1)
 [1576]=173338(span=1,weighted=0,key=-1)
 [1577]=174398(span=1,weighted=0,key=-1)
 [1578]=177029(span=1,weighted=0,key=-1)
 [1579]=180195(span=1,weighted=0,key=-1)
 [1580]=189294(span=1,weighted=0,key=-1)
 [1581]=192650(span=1,weighted=0,key=-1)
 [1582]=195495(span=1,weighted=0,key=-1)
 [1583]=201222(span=1,weighted=0,key=-1)
 [1584]=202517(span=1,weighted=0,key=-1)
 [1585]=216683(span=1,weighted=0,key=-1)
 [1586]=217760(span=1,weighted=0,key=-1)
 [1587]=220407(span=1,weighted=0,key=-1)
 [1588]=225266(span=1,weighted=0,key=-1)
 [1589]=225522(span=1,weighted=0,key=-1)
 [1590]=225712(span=1,weighted=0,key=-1)
 [1591]=227719(span=1,weighted=0,key=-1)
 [1592]=229143(span=1,weighted=0,key=-1)
 [1593]=136796(span=1,weighted=0,key=-1)
 [1594]=130429(span=1,weighted=0,key=-1) [1595]=41260(span=1,weighted=0,key=-1)
 [1596]=47527(span=1,weighted=0,key=-1) [1597]=50006(span=1,weighted=0,key=-1)
 [1598]=53658(span=1,weighted=0,key=-1) [1599]=56120(span=1,weighted=0,key=-1)
 [1600]=60240(span=1,weighted=0,key=-1) [1601]=64157(span=1,weighted=0,key=-1)
 [1602]=66175(span=1,weighted=0,key=-1) [1603]=69034(span=1,weighted=0,key=-1)
 [1604]=76524(span=1,weighted=0,key=-1) [1605]=80647(span=1,weighted=0,key=-1)
 [1606]=83379(span=1,weighted=0,key=-1) [1607]=84600(span=1,weighted=0,key=-1)
 [1608]=89574(span=1,weighted=0,key=-1) [1609]=91913(span=1,weighted=0,key=-1)
 [1610]=92819(span=1,weighted=0,key=-1) [1611]=97455(span=1,weighted=0,key=-1)
 [1612]=98740(span=1,weighted=0,key=-1) [1613]=106571(span=1,weighted=0,key=-1)
 [1614]=110952(span=1,weighted=0,key=-1)
 [1615]=117877(span=1,weighted=0,key=-1)
 [1616]=118168(span=1,weighted=0,key=-1)
 [1617]=121997(span=1,weighted=0,key=-1)
 [1618]=125962(span=1,weighted=0,key=-1)
 [1619]=126642(span=1,weighted=0,key=-1)
 [1620]=129359(span=1,weighted=0,key=-1) [1621]=71163(span=1,weighted=0,key=-1)
 [1622]=75508(span=1,weighted=0,key=-1) [1623]=455210(span=1,weighted=0,key=-1)
 [1624]=458994(span=1,weighted=0,key=-1)
 [1625]=459907(span=1,weighted=0,key=-1)
 [1626]=460336(span=1,weighted=0,key=-1)
 [1627]=464042(span=1,weighted=0,key=-1)
 [1628]=464786(span=1,weighted=0,key=-1)
 [1629]=468789(span=1,weighted=0,key=-1)
 [1630]=469421(span=1,weighted=0,key=-1)
 [1631]=471117(span=1,weighted=0,key=-1)
 [1632]=471408(span=1,weighted=0,key=-1)
 [1633]=472522(span=1,weighted=0,key=-1)
 [1634]=473877(span=1,weighted=0,key=-1)
 [1635]=475190(span=1,weighted=0,key=-1)
 [1636]=475536(span=1,weighted=0,key=-1)
 [1637]=476360(span=1,weighted=0,key=-1)
 [1638]=476446(span=1,weighted=0,key=-1)
 [1639]=484002(span=1,weighted=0,key=-1)
 [1640]=485160(span=1,weighted=0,key=-1)
 [1641]=486989(span=1,weighted=0,key=-1)
 [1642]=487375(span=1,weighted=0,key=-1)
 [1643]=489034(span=1,weighted=0,key=-1)
 [1644]=495134(span=1,weighted=0,key=-1)
 [1645]=496288(span=1,weighted=0,key=-1)
 [1646]=498006(span=1,weighted=0,key=-1)
 [1647]=501315(span=1,weighted=0,key=-1)
 [1648]=502517(span=1,weighted=0,key=-1)
 [1649]=502545(span=1,weighted=0,key=-1)
 [1650]=454598(span=1,weighted=0,key=-1)
 [1651]=453835(span=1,weighted=0,key=-1)
 [1652]=394235(span=1,weighted=0,key=-1)
 [1653]=394837(span=1,weighted=0,key=-1)
 [1654]=396327(span=1,weighted=0,key=-1)
 [1655]=398507(span=1,weighted=0,key=-1)
 [1656]=401476(span=1,weighted=0,key=-1)
 [1657]=402299(span=1,weighted=0,key=-1)
 [1658]=406652(span=1,weighted=0,key=-1)
 [1659]=410342(span=1,weighted=0,key=-1)
 [1660]=416936(span=1,weighted=0,key=-1)
 [1661]=417434(span=1,weighted=0,key=-1)
 [1662]=419656(span=1,weighted=0,key=-1)
 [1663]=421767(span=1,weighted=0,key=-1)
 [1664]=425366(span=1,weighted=0,key=-1)
 [1665]=430925(span=1,weighted=0,key=-1)
 [1666]=432964(span=1,weighted=0,key=-1)
 [1667]=434217(span=1,weighted=0,key=-1)
 [1668]=438396(span=1,weighted=0,key=-1)
 [1669]=438451(span=1,weighted=0,key=-1)
 [1670]=440774(span=1,weighted=0,key=-1)
 [1671]=442671(span=1,weighted=0,key=-1)
 [1672]=442991(span=1,weighted=0,key=-1)
 [1673]=443918(span=1,weighted=0,key=-1)
 [1674]=446273(span=1,weighted=0,key=-1)
 [1675]=447476(span=1,weighted=0,key=-1)
 [1676]=451932(span=1,weighted=0,key=-1)
 [1677]=453428(span=1,weighted=0,key=-1)
 [1678]=504134(span=1,weighted=0,key=-1)
 [1679]=504796(span=1,weighted=0,key=-1)
 [1680]=618519(span=1,weighted=0,key=-1)
 [1681]=619515(span=1,weighted=0,key=-1)
 [1682]=621355(span=1,weighted=0,key=-1)
 [1683]=634776(span=1,weighted=0,key=-1)
 [1684]=641311(span=1,weighted=0,key=-1)
 [1685]=650067(span=1,weighted=0,key=-1)
 [1686]=651088(span=1,weighted=0,key=-1)
 [1687]=662045(span=1,weighted=0,key=-1)
 [1688]=664156(span=1,weighted=0,key=-1)
 [1689]=668080(span=1,weighted=0,key=-1)
 [1690]=681282(span=1,weighted=0,key=-1)
 [1691]=688954(span=1,weighted=0,key=-1)
 [1692]=690170(span=1,weighted=0,key=-1)
 [1693]=694149(span=1,weighted=0,key=-1)
 [1694]=694533(span=1,weighted=0,key=-1)
 [1695]=695452(span=1,weighted=0,key=-1)
 [1696]=697707(span=1,weighted=0,key=-1)
 [1697]=697818(span=1,weighted=0,key=-1)
 [1698]=700510(span=1,weighted=0,key=-1)
 [1699]=701295(span=1,weighted=0,key=-1)
 [1700]=702416(span=1,weighted=0,key=-1)
 [1701]=702779(span=1,weighted=0,key=-1)
 [1702]=703379(span=1,weighted=0,key=-1)
 [1703]=704260(span=1,weighted=0,key=-1)
 [1704]=704954(span=1,weighted=0,key=-1)
 [1705]=706894(span=1,weighted=0,key=-1)
 [1706]=613367(span=1,weighted=0,key=-1)
 [1707]=608676(span=1,weighted=0,key=-1)
 [1708]=509971(span=1,weighted=0,key=-1)
 [1709]=516745(span=1,weighted=0,key=-1)
 [1710]=517339(span=1,weighted=0,key=-1)
 [1711]=522547(span=1,weighted=0,key=-1)
 [1712]=523706(span=1,weighted=0,key=-1)
 [1713]=528494(span=1,weighted=0,key=-1)
 [1714]=531662(span=1,weighted=0,key=-1)
 [1715]=533602(span=1,weighted=0,key=-1)
 [1716]=534490(span=1,weighted=0,key=-1)
 [1717]=536578(span=1,weighted=0,key=-1)
 [1718]=537687(span=1,weighted=0,key=-1)
 [1719]=546168(span=1,weighted=0,key=-1)
 [1720]=547834(span=1,weighted=0,key=-1)
 [1721]=551426(span=1,weighted=0,key=-1)
 [1722]=551510(span=1,weighted=0,key=-1)
 [1723]=554520(span=1,weighted=0,key=-1)
 [1724]=564548(span=1,weighted=0,key=-1)
 [1725]=567648(span=1,weighted=0,key=-1)
 [1726]=568793(span=1,weighted=0,key=-1)
 [1727]=569957(span=1,weighted=0,key=-1)
 [1728]=570271(span=1,weighted=0,key=-1)
 [1729]=571296(span=1,weighted=0,key=-1)
 [1730]=578750(span=1,weighted=0,key=-1)
 [1731]=583094(span=1,weighted=0,key=-1)
 [1732]=591384(span=1,weighted=0,key=-1)
 [1733]=602738(span=1,weighted=0,key=-1)
 [1734]=392488(span=1,weighted=0,key=-1)
 [1735]=387114(span=1,weighted=0,key=-1)
 [1736]=144934(span=1,weighted=0,key=-1)
 [1737]=145200(span=1,weighted=0,key=-1)
 [1738]=147810(span=1,weighted=0,key=-1)
 [1739]=149727(span=1,weighted=0,key=-1)
 [1740]=155503(span=1,weighted=0,key=-1)
 [1741]=155598(span=1,weighted=0,key=-1)
 [1742]=155671(span=1,weighted=0,key=-1)
 [1743]=158949(span=1,weighted=0,key=-1)
 [1744]=159827(span=1,weighted=0,key=-1)
 [1745]=169416(span=1,weighted=0,key=-1)
 [1746]=177195(span=1,weighted=0,key=-1)
 [1747]=180781(span=1,weighted=0,key=-1)
 [1748]=186035(span=1,weighted=0,key=-1)
 [1749]=187047(span=1,weighted=0,key=-1)
 [1750]=187830(span=1,weighted=0,key=-1)
 [1751]=191900(span=1,weighted=0,key=-1)
 [1752]=198820(span=1,weighted=0,key=-1)
 [1753]=204422(span=1,weighted=0,key=-1)
 [1754]=206953(span=1,weighted=0,key=-1)
 [1755]=213968(span=1,weighted=0,key=-1)
 [1756]=218995(span=1,weighted=0,key=-1)
 [1757]=225018(span=1,weighted=0,key=-1)
 [1758]=226064(span=1,weighted=0,key=-1)
 [1759]=229715(span=1,weighted=0,key=-1)
 [1760]=231420(span=1,weighted=0,key=-1)
 [1761]=231562(span=1,weighted=0,key=-1)
 [1762]=233448(span=1,weighted=0,key=-1)
 [1763]=144705(span=1,weighted=0,key=-1)
 [1764]=143403(span=1,weighted=0,key=-1) [1765]=76980(span=1,weighted=0,key=-1)
 [1766]=77144(span=1,weighted=0,key=-1) [1767]=85062(span=1,weighted=0,key=-1)
 [1768]=89652(span=1,weighted=0,key=-1) [1769]=90584(span=1,weighted=0,key=-1)
 [1770]=96672(span=1,weighted=0,key=-1) [1771]=96732(span=1,weighted=0,key=-1)
 [1772]=102605(span=1,weighted=0,key=-1)
 [1773]=104659(span=1,weighted=0,key=-1)
 [1774]=109273(span=1,weighted=0,key=-1)
 [1775]=110853(span=1,weighted=0,key=-1)
 [1776]=111163(span=1,weighted=0,key=-1)
 [1777]=118327(span=1,weighted=0,key=-1)
 [1778]=119240(span=1,weighted=0,key=-1)
 [1779]=120541(span=1,weighted=0,key=-1)
 [1780]=125788(span=1,weighted=0,key=-1)
 [1781]=126153(span=1,weighted=0,key=-1)
 [1782]=128480(span=1,weighted=0,key=-1)
 [1783]=131475(span=1,weighted=0,key=-1)
 [1784]=133125(span=1,weighted=0,key=-1)
 [1785]=137659(span=1,weighted=0,key=-1)
 [1786]=137775(span=1,weighted=0,key=-1)
 [1787]=139425(span=1,weighted=0,key=-1)
 [1788]=139966(span=1,weighted=0,key=-1)
 [1789]=141625(span=1,weighted=0,key=-1)
 [1790]=142267(span=1,weighted=0,key=-1)
 [1791]=234929(span=1,weighted=0,key=-1)
 [1792]=238927(span=1,weighted=0,key=-1)
 [1793]=294427(span=1,weighted=0,key=-1)
 [1794]=296484(span=1,weighted=0,key=-1)
 [1795]=297073(span=1,weighted=0,key=-1)
 [1796]=299040(span=1,weighted=0,key=-1)
 [1797]=302680(span=1,weighted=0,key=-1)
 [1798]=305833(span=1,weighted=0,key=-1)
 [1799]=307111(span=1,weighted=0,key=-1)
 [1800]=313658(span=1,weighted=0,key=-1)
 [1801]=313859(span=1,weighted=0,key=-1)
 [1802]=319527(span=1,weighted=0,key=-1)
 [1803]=323837(span=1,weighted=0,key=-1)
 [1804]=329208(span=1,weighted=0,key=-1)
 [1805]=330392(span=1,weighted=0,key=-1)
 [1806]=331346(span=1,weighted=0,key=-1)
 [1807]=332188(span=1,weighted=0,key=-1)
 [1808]=335053(span=1,weighted=0,key=-1)
 [1809]=335437(span=1,weighted=0,key=-1)
 [1810]=336318(span=1,weighted=0,key=-1)
 [1811]=338927(span=1,weighted=0,key=-1)
 [1812]=346499(span=1,weighted=0,key=-1)
 [1813]=352366(span=1,weighted=0,key=-1)
 [1814]=353424(span=1,weighted=0,key=-1)
 [1815]=361314(span=1,weighted=0,key=-1)
 [1816]=362127(span=1,weighted=0,key=-1)
 [1817]=362295(span=1,weighted=0,key=-1)
 [1818]=365346(span=1,weighted=0,key=-1)
 [1819]=292338(span=1,weighted=0,key=-1)
 [1820]=288907(span=1,weighted=0,key=-1)
 [1821]=245131(span=1,weighted=0,key=-1)
 [1822]=246582(span=1,weighted=0,key=-1)
 [1823]=253090(span=1,weighted=0,key=-1)
 [1824]=255523(span=1,weighted=0,key=-1)
 [1825]=255578(span=1,weighted=0,key=-1)
 [1826]=256214(span=1,weighted=0,key=-1)
 [1827]=258909(span=1,weighted=0,key=-1)
 [1828]=260615(span=1,weighted=0,key=-1)
 [1829]=261052(span=1,weighted=0,key=-1)
 [1830]=261101(span=1,weighted=0,key=-1)
 [1831]=264617(span=1,weighted=0,key=-1)
 [1832]=264974(span=1,weighted=0,key=-1)
 [1833]=266496(span=1,weighted=0,key=-1)
 [1834]=267087(span=1,weighted=0,key=-1)
 [1835]=267181(span=1,weighted=0,key=-1)
 [1836]=268485(span=1,weighted=0,key=-1)
 [1837]=272381(span=1,weighted=0,key=-1)
 [1838]=273875(span=1,weighted=0,key=-1)
 [1839]=274285(span=1,weighted=0,key=-1)
 [1840]=279361(span=1,weighted=0,key=-1)
 [1841]=281827(span=1,weighted=0,key=-1)
 [1842]=282634(span=1,weighted=0,key=-1)
 [1843]=283042(span=1,weighted=0,key=-1)
 [1844]=284848(span=1,weighted=0,key=-1)
 [1845]=286107(span=1,weighted=0,key=-1)
 [1846]=287004(span=1,weighted=0,key=-1)
 [1847]=136441(span=1,weighted=0,key=-1)
Temporary breakpoint 20 at 0x100248d6
BRIDGET_TRANSITION context=4 count=30 units: 273125 366261 13625 370120 576411
 422609 310587 18838 581961 662267 607237 391444 6294 216724 685648 511715
 658665 10136 117387 144735 393724 272930 44629 282081 235069 602465 51401
 45660 129205 593351
BRIDGET_CANDIDATE_LIST position=5 count=2015
 [0]=391444(span=2,weighted=0,key=-2) [1]=235069(span=2,weighted=0,key=-2)
 [2]=658665(span=2,weighted=0,key=-2) [3]=272930(span=2,weighted=0,key=-2)
 [4]=685648(span=2,weighted=0,key=-2) [5]=393724(span=2,weighted=0,key=-2)
 [6]=593351(span=2,weighted=0,key=-2) [7]=51401(span=2,weighted=0,key=-2)
 [8]=44629(span=2,weighted=0,key=-2) [9]=13625(span=2,weighted=0,key=-2)
 [10]=10136(span=2,weighted=0,key=-2) [11]=6294(span=2,weighted=0,key=-2)
 [12]=422609(span=2,weighted=0,key=-2) [13]=18838(span=2,weighted=0,key=-2)
 [14]=45660(span=2,weighted=0,key=-2) [15]=117387(span=2,weighted=0,key=-2)
 [16]=129205(span=2,weighted=0,key=-2) [17]=144735(span=2,weighted=0,key=-2)
 [18]=273125(span=2,weighted=0,key=-2) [19]=282081(span=2,weighted=0,key=-2)
 [20]=310587(span=2,weighted=0,key=-2) [21]=366261(span=2,weighted=0,key=-2)
 [22]=607237(span=2,weighted=0,key=-2) [23]=370120(span=2,weighted=0,key=-2)
 [24]=511715(span=2,weighted=0,key=-2) [25]=662267(span=2,weighted=0,key=-2)
 [26]=216724(span=2,weighted=0,key=-2) [27]=581961(span=2,weighted=0,key=-2)
 [28]=602465(span=2,weighted=0,key=-2) [29]=576411(span=2,weighted=0,key=-2)
 [30]=636911(span=1,weighted=0,key=-1) [31]=120330(span=1,weighted=0,key=-1)
 [32]=111844(span=1,weighted=0,key=-1) [33]=613689(span=1,weighted=0,key=-1)
 [34]=107600(span=1,weighted=0,key=-1) [35]=95275(span=1,weighted=0,key=-1)
 [36]=93619(span=1,weighted=0,key=-1) [37]=614729(span=1,weighted=0,key=-1)
 [38]=624037(span=1,weighted=0,key=-1) [39]=77947(span=1,weighted=0,key=-1)
 [40]=72764(span=1,weighted=0,key=-1) [41]=71189(span=1,weighted=0,key=-1)
 [42]=69517(span=1,weighted=0,key=-1) [43]=64498(span=1,weighted=0,key=-1)
 [44]=54327(span=1,weighted=0,key=-1) [45]=48271(span=1,weighted=0,key=-1)
 [46]=42121(span=1,weighted=0,key=-1) [47]=40018(span=1,weighted=0,key=-1)
 [48]=34439(span=1,weighted=0,key=-1) [49]=30182(span=1,weighted=0,key=-1)
 [50]=27291(span=1,weighted=0,key=-1) [51]=18104(span=1,weighted=0,key=-1)
 [52]=625544(span=1,weighted=0,key=-1) [53]=11000(span=1,weighted=0,key=-1)
 [54]=10989(span=1,weighted=0,key=-1) [55]=121577(span=1,weighted=0,key=-1)
 [56]=121673(span=1,weighted=0,key=-1) [57]=174265(span=1,weighted=0,key=-1)
 [58]=172897(span=1,weighted=0,key=-1) [59]=171071(span=1,weighted=0,key=-1)
 [60]=165080(span=1,weighted=0,key=-1) [61]=596075(span=1,weighted=0,key=-1)
 [62]=163893(span=1,weighted=0,key=-1) [63]=597724(span=1,weighted=0,key=-1)
 [64]=600767(span=1,weighted=0,key=-1) [65]=162357(span=1,weighted=0,key=-1)
 [66]=152616(span=1,weighted=0,key=-1) [67]=600836(span=1,weighted=0,key=-1)
 [68]=602765(span=1,weighted=0,key=-1) [69]=151351(span=1,weighted=0,key=-1)
 [70]=149863(span=1,weighted=0,key=-1) [71]=607662(span=1,weighted=0,key=-1)
 [72]=607722(span=1,weighted=0,key=-1) [73]=609131(span=1,weighted=0,key=-1)
 [74]=149810(span=1,weighted=0,key=-1) [75]=137935(span=1,weighted=0,key=-1)
 [76]=132707(span=1,weighted=0,key=-1) [77]=613204(span=1,weighted=0,key=-1)
 [78]=128915(span=1,weighted=0,key=-1) [79]=128375(span=1,weighted=0,key=-1)
 [80]=613221(span=1,weighted=0,key=-1) [81]=128164(span=1,weighted=0,key=-1)
 [82]=6606(span=1,weighted=0,key=-1) [83]=629389(span=1,weighted=0,key=-1)
 [84]=687849(span=1,weighted=0,key=-1) [85]=687682(span=1,weighted=0,key=-1)
 [86]=684648(span=1,weighted=0,key=-1) [87]=684071(span=1,weighted=0,key=-1)
 [88]=683486(span=1,weighted=0,key=-1) [89]=682064(span=1,weighted=0,key=-1)
 [90]=680139(span=1,weighted=0,key=-1) [91]=635451(span=1,weighted=0,key=-1)
 [92]=670450(span=1,weighted=0,key=-1) [93]=668481(span=1,weighted=0,key=-1)
 [94]=667953(span=1,weighted=0,key=-1) [95]=667890(span=1,weighted=0,key=-1)
 [96]=664387(span=1,weighted=0,key=-1) [97]=663436(span=1,weighted=0,key=-1)
 [98]=636744(span=1,weighted=0,key=-1) [99]=658901(span=1,weighted=0,key=-1)
 [100]=656955(span=1,weighted=0,key=-1) [101]=655511(span=1,weighted=0,key=-1)
 [102]=652439(span=1,weighted=0,key=-1) [103]=651881(span=1,weighted=0,key=-1)
 [104]=651830(span=1,weighted=0,key=-1) [105]=648516(span=1,weighted=0,key=-1)
 [106]=648465(span=1,weighted=0,key=-1) [107]=648329(span=1,weighted=0,key=-1)
 [108]=641252(span=1,weighted=0,key=-1) [109]=639532(span=1,weighted=0,key=-1)
 [110]=688160(span=1,weighted=0,key=-1) [111]=690809(span=1,weighted=0,key=-1)
 [112]=76(span=1,weighted=0,key=-1) [113]=770803(span=1,weighted=0,key=-1)
 [114]=770792(span=1,weighted=0,key=-1) [115]=770745(span=1,weighted=0,key=-1)
 [116]=770740(span=1,weighted=0,key=-1) [117]=763851(span=1,weighted=0,key=-1)
 [118]=755545(span=1,weighted=0,key=-1) [119]=754580(span=1,weighted=0,key=-1)
 [120]=631186(span=1,weighted=0,key=-1) [121]=754568(span=1,weighted=0,key=-1)
 [122]=746568(span=1,weighted=0,key=-1) [123]=746558(span=1,weighted=0,key=-1)
 [124]=632636(span=1,weighted=0,key=-1) [125]=736282(span=1,weighted=0,key=-1)
 [126]=633352(span=1,weighted=0,key=-1) [127]=734600(span=1,weighted=0,key=-1)
 [128]=719833(span=1,weighted=0,key=-1) [129]=707655(span=1,weighted=0,key=-1)
 [130]=706111(span=1,weighted=0,key=-1) [131]=702569(span=1,weighted=0,key=-1)
 [132]=635423(span=1,weighted=0,key=-1) [133]=702204(span=1,weighted=0,key=-1)
 [134]=698955(span=1,weighted=0,key=-1) [135]=698927(span=1,weighted=0,key=-1)
 [136]=694719(span=1,weighted=0,key=-1) [137]=693542(span=1,weighted=0,key=-1)
 [138]=742806(span=1,weighted=0,key=-1) [139]=175622(span=1,weighted=0,key=-1)
 [140]=515935(span=1,weighted=0,key=-1) [141]=513011(span=1,weighted=0,key=-1)
 [142]=509716(span=1,weighted=0,key=-1) [143]=505499(span=1,weighted=0,key=-1)
 [144]=504471(span=1,weighted=0,key=-1) [145]=503965(span=1,weighted=0,key=-1)
 [146]=503937(span=1,weighted=0,key=-1) [147]=503671(span=1,weighted=0,key=-1)
 [148]=501239(span=1,weighted=0,key=-1) [149]=501072(span=1,weighted=0,key=-1)
 [150]=497413(span=1,weighted=0,key=-1) [151]=486304(span=1,weighted=0,key=-1)
 [152]=485779(span=1,weighted=0,key=-1) [153]=477999(span=1,weighted=0,key=-1)
 [154]=475241(span=1,weighted=0,key=-1) [155]=475085(span=1,weighted=0,key=-1)
 [156]=473717(span=1,weighted=0,key=-1) [157]=473503(span=1,weighted=0,key=-1)
 [158]=466351(span=1,weighted=0,key=-1) [159]=459571(span=1,weighted=0,key=-1)
 [160]=456732(span=1,weighted=0,key=-1) [161]=456164(span=1,weighted=0,key=-1)
 [162]=453709(span=1,weighted=0,key=-1) [163]=448856(span=1,weighted=0,key=-1)
 [164]=448828(span=1,weighted=0,key=-1) [165]=447382(span=1,weighted=0,key=-1)
 [166]=447212(span=1,weighted=0,key=-1) [167]=444734(span=1,weighted=0,key=-1)
 [168]=439642(span=1,weighted=0,key=-1) [169]=427307(span=1,weighted=0,key=-1)
 [170]=519993(span=1,weighted=0,key=-1) [171]=521863(span=1,weighted=0,key=-1)
 [172]=671720(span=1,weighted=0,key=-1) [173]=671478(span=1,weighted=0,key=-1)
 [174]=670772(span=1,weighted=0,key=-1) [175]=670551(span=1,weighted=0,key=-1)
 [176]=669245(span=1,weighted=0,key=-1) [177]=665521(span=1,weighted=0,key=-1)
 [178]=664531(span=1,weighted=0,key=-1) [179]=658757(span=1,weighted=0,key=-1)
 [180]=642471(span=1,weighted=0,key=-1) [181]=642322(span=1,weighted=0,key=-1)
 [182]=642230(span=1,weighted=0,key=-1) [183]=640809(span=1,weighted=0,key=-1)
 [184]=633185(span=1,weighted=0,key=-1) [185]=629200(span=1,weighted=0,key=-1)
 [186]=628846(span=1,weighted=0,key=-1) [187]=626480(span=1,weighted=0,key=-1)
 [188]=619276(span=1,weighted=0,key=-1) [189]=609904(span=1,weighted=0,key=-1)
 [190]=606154(span=1,weighted=0,key=-1) [191]=599261(span=1,weighted=0,key=-1)
 [192]=597429(span=1,weighted=0,key=-1) [193]=587051(span=1,weighted=0,key=-1)
 [194]=581812(span=1,weighted=0,key=-1) [195]=571259(span=1,weighted=0,key=-1)
 [196]=560502(span=1,weighted=0,key=-1) [197]=559482(span=1,weighted=0,key=-1)
 [198]=554310(span=1,weighted=0,key=-1) [199]=537533(span=1,weighted=0,key=-1)
 [200]=529324(span=1,weighted=0,key=-1) [201]=523831(span=1,weighted=0,key=-1)
 [202]=426268(span=1,weighted=0,key=-1) [203]=426223(span=1,weighted=0,key=-1)
 [204]=302700(span=1,weighted=0,key=-1) [205]=301482(span=1,weighted=0,key=-1)
 [206]=301053(span=1,weighted=0,key=-1) [207]=299966(span=1,weighted=0,key=-1)
 [208]=299516(span=1,weighted=0,key=-1) [209]=298351(span=1,weighted=0,key=-1)
 [210]=297578(span=1,weighted=0,key=-1) [211]=292235(span=1,weighted=0,key=-1)
 [212]=291785(span=1,weighted=0,key=-1) [213]=270348(span=1,weighted=0,key=-1)
 [214]=263972(span=1,weighted=0,key=-1) [215]=259030(span=1,weighted=0,key=-1)
 [216]=251910(span=1,weighted=0,key=-1) [217]=247198(span=1,weighted=0,key=-1)
 [218]=243598(span=1,weighted=0,key=-1) [219]=229071(span=1,weighted=0,key=-1)
 [220]=220646(span=1,weighted=0,key=-1) [221]=219745(span=1,weighted=0,key=-1)
 [222]=219722(span=1,weighted=0,key=-1) [223]=217552(span=1,weighted=0,key=-1)
 [224]=208355(span=1,weighted=0,key=-1) [225]=204074(span=1,weighted=0,key=-1)
 [226]=200088(span=1,weighted=0,key=-1) [227]=199203(span=1,weighted=0,key=-1)
 [228]=197589(span=1,weighted=0,key=-1) [229]=193202(span=1,weighted=0,key=-1)
 [230]=186193(span=1,weighted=0,key=-1) [231]=1358(span=1,weighted=0,key=-1)
 [232]=184430(span=1,weighted=0,key=-1) [233]=179673(span=1,weighted=0,key=-1)
 [234]=309794(span=1,weighted=0,key=-1) [235]=319212(span=1,weighted=0,key=-1)
 [236]=425280(span=1,weighted=0,key=-1) [237]=421307(span=1,weighted=0,key=-1)
 [238]=420743(span=1,weighted=0,key=-1) [239]=418030(span=1,weighted=0,key=-1)
 [240]=415822(span=1,weighted=0,key=-1) [241]=412778(span=1,weighted=0,key=-1)
 [242]=412683(span=1,weighted=0,key=-1) [243]=411980(span=1,weighted=0,key=-1)
 [244]=402319(span=1,weighted=0,key=-1) [245]=401330(span=1,weighted=0,key=-1)
 [246]=400787(span=1,weighted=0,key=-1) [247]=397551(span=1,weighted=0,key=-1)
 [248]=395375(span=1,weighted=0,key=-1) [249]=393569(span=1,weighted=0,key=-1)
 [250]=387626(span=1,weighted=0,key=-1) [251]=381593(span=1,weighted=0,key=-1)
 [252]=380421(span=1,weighted=0,key=-1) [253]=379107(span=1,weighted=0,key=-1)
 [254]=378573(span=1,weighted=0,key=-1) [255]=376826(span=1,weighted=0,key=-1)
 [256]=374146(span=1,weighted=0,key=-1) [257]=372224(span=1,weighted=0,key=-1)
 [258]=371707(span=1,weighted=0,key=-1) [259]=370834(span=1,weighted=0,key=-1)
 [260]=354836(span=1,weighted=0,key=-1) [261]=351717(span=1,weighted=0,key=-1)
 [262]=349019(span=1,weighted=0,key=-1) [263]=348719(span=1,weighted=0,key=-1)
 [264]=338700(span=1,weighted=0,key=-1) [265]=333700(span=1,weighted=0,key=-1)
 [266]=594052(span=1,weighted=0,key=-1) [267]=589067(span=1,weighted=0,key=-1)
 [268]=329613(span=1,weighted=0,key=-1) [269]=328892(span=1,weighted=0,key=-1)
 [270]=326943(span=1,weighted=0,key=-1) [271]=323656(span=1,weighted=0,key=-1)
 [272]=323142(span=1,weighted=0,key=-1) [273]=322232(span=1,weighted=0,key=-1)
 [274]=322166(span=1,weighted=0,key=-1) [275]=322070(span=1,weighted=0,key=-1)
 [276]=321758(span=1,weighted=0,key=-1) [277]=319184(span=1,weighted=0,key=-1)
 [278]=318827(span=1,weighted=0,key=-1) [279]=314257(span=1,weighted=0,key=-1)
 [280]=313167(span=1,weighted=0,key=-1) [281]=308801(span=1,weighted=0,key=-1)
 [282]=307167(span=1,weighted=0,key=-1) [283]=302651(span=1,weighted=0,key=-1)
 [284]=302550(span=1,weighted=0,key=-1) [285]=300576(span=1,weighted=0,key=-1)
 [286]=299494(span=1,weighted=0,key=-1) [287]=299337(span=1,weighted=0,key=-1)
 [288]=295231(span=1,weighted=0,key=-1) [289]=294656(span=1,weighted=0,key=-1)
 [290]=291445(span=1,weighted=0,key=-1) [291]=290376(span=1,weighted=0,key=-1)
 [292]=287657(span=1,weighted=0,key=-1) [293]=285517(span=1,weighted=0,key=-1)
 [294]=284368(span=1,weighted=0,key=-1) [295]=281454(span=1,weighted=0,key=-1)
 [296]=280933(span=1,weighted=0,key=-1) [297]=331592(span=1,weighted=0,key=-1)
 [298]=331618(span=1,weighted=0,key=-1) [299]=382433(span=1,weighted=0,key=-1)
 [300]=377782(span=1,weighted=0,key=-1) [301]=377534(span=1,weighted=0,key=-1)
 [302]=376680(span=1,weighted=0,key=-1) [303]=373616(span=1,weighted=0,key=-1)
 [304]=370080(span=1,weighted=0,key=-1) [305]=369306(span=1,weighted=0,key=-1)
 [306]=367535(span=1,weighted=0,key=-1) [307]=367184(span=1,weighted=0,key=-1)
 [308]=366230(span=1,weighted=0,key=-1) [309]=364934(span=1,weighted=0,key=-1)
 [310]=364816(span=1,weighted=0,key=-1) [311]=364130(span=1,weighted=0,key=-1)
 [312]=362815(span=1,weighted=0,key=-1) [313]=360732(span=1,weighted=0,key=-1)
 [314]=360123(span=1,weighted=0,key=-1) [315]=360048(span=1,weighted=0,key=-1)
 [316]=359829(span=1,weighted=0,key=-1) [317]=359411(span=1,weighted=0,key=-1)
 [318]=359369(span=1,weighted=0,key=-1) [319]=356614(span=1,weighted=0,key=-1)
 [320]=355847(span=1,weighted=0,key=-1) [321]=353995(span=1,weighted=0,key=-1)
 [322]=350929(span=1,weighted=0,key=-1) [323]=349644(span=1,weighted=0,key=-1)
 [324]=347967(span=1,weighted=0,key=-1) [325]=336165(span=1,weighted=0,key=-1)
 [326]=335065(span=1,weighted=0,key=-1) [327]=334824(span=1,weighted=0,key=-1)
 [328]=278928(span=1,weighted=0,key=-1) [329]=273769(span=1,weighted=0,key=-1)
 [330]=198831(span=1,weighted=0,key=-1) [331]=196247(span=1,weighted=0,key=-1)
 [332]=194423(span=1,weighted=0,key=-1) [333]=194233(span=1,weighted=0,key=-1)
 [334]=194199(span=1,weighted=0,key=-1) [335]=194085(span=1,weighted=0,key=-1)
 [336]=193805(span=1,weighted=0,key=-1) [337]=193123(span=1,weighted=0,key=-1)
 [338]=191872(span=1,weighted=0,key=-1) [339]=191566(span=1,weighted=0,key=-1)
 [340]=190904(span=1,weighted=0,key=-1) [341]=190718(span=1,weighted=0,key=-1)
 [342]=190555(span=1,weighted=0,key=-1) [343]=188433(span=1,weighted=0,key=-1)
 [344]=187463(span=1,weighted=0,key=-1) [345]=187390(span=1,weighted=0,key=-1)
 [346]=185061(span=1,weighted=0,key=-1) [347]=183870(span=1,weighted=0,key=-1)
 [348]=180167(span=1,weighted=0,key=-1) [349]=178397(span=1,weighted=0,key=-1)
 [350]=177661(span=1,weighted=0,key=-1) [351]=176887(span=1,weighted=0,key=-1)
 [352]=174261(span=1,weighted=0,key=-1) [353]=170722(span=1,weighted=0,key=-1)
 [354]=169501(span=1,weighted=0,key=-1) [355]=166758(span=1,weighted=0,key=-1)
 [356]=164138(span=1,weighted=0,key=-1) [357]=163693(span=1,weighted=0,key=-1)
 [358]=163392(span=1,weighted=0,key=-1) [359]=198889(span=1,weighted=0,key=-1)
 [360]=199704(span=1,weighted=0,key=-1) [361]=271590(span=1,weighted=0,key=-1)
 [362]=269156(span=1,weighted=0,key=-1) [363]=267493(span=1,weighted=0,key=-1)
 [364]=265689(span=1,weighted=0,key=-1) [365]=265117(span=1,weighted=0,key=-1)
 [366]=257015(span=1,weighted=0,key=-1) [367]=256971(span=1,weighted=0,key=-1)
 [368]=255784(span=1,weighted=0,key=-1) [369]=253473(span=1,weighted=0,key=-1)
 [370]=248206(span=1,weighted=0,key=-1) [371]=246651(span=1,weighted=0,key=-1)
 [372]=245425(span=1,weighted=0,key=-1) [373]=245407(span=1,weighted=0,key=-1)
 [374]=244878(span=1,weighted=0,key=-1) [375]=237221(span=1,weighted=0,key=-1)
 [376]=229499(span=1,weighted=0,key=-1) [377]=228877(span=1,weighted=0,key=-1)
 [378]=226019(span=1,weighted=0,key=-1) [379]=222676(span=1,weighted=0,key=-1)
 [380]=216805(span=1,weighted=0,key=-1) [381]=216564(span=1,weighted=0,key=-1)
 [382]=215939(span=1,weighted=0,key=-1) [383]=215302(span=1,weighted=0,key=-1)
 [384]=213537(span=1,weighted=0,key=-1) [385]=211727(span=1,weighted=0,key=-1)
 [386]=208920(span=1,weighted=0,key=-1) [387]=208067(span=1,weighted=0,key=-1)
 [388]=200951(span=1,weighted=0,key=-1) [389]=382699(span=1,weighted=0,key=-1)
 [390]=383672(span=1,weighted=0,key=-1) [391]=541762(span=1,weighted=0,key=-1)
 [392]=541474(span=1,weighted=0,key=-1) [393]=538195(span=1,weighted=0,key=-1)
 [394]=536946(span=1,weighted=0,key=-1) [395]=535595(span=1,weighted=0,key=-1)
 [396]=535473(span=1,weighted=0,key=-1) [397]=533218(span=1,weighted=0,key=-1)
 [398]=533162(span=1,weighted=0,key=-1) [399]=532483(span=1,weighted=0,key=-1)
 [400]=531830(span=1,weighted=0,key=-1) [401]=530320(span=1,weighted=0,key=-1)
 [402]=527837(span=1,weighted=0,key=-1) [403]=525128(span=1,weighted=0,key=-1)
 [404]=523827(span=1,weighted=0,key=-1) [405]=523494(span=1,weighted=0,key=-1)
 [406]=523338(span=1,weighted=0,key=-1) [407]=523298(span=1,weighted=0,key=-1)
 [408]=518617(span=1,weighted=0,key=-1) [409]=515280(span=1,weighted=0,key=-1)
 [410]=514379(span=1,weighted=0,key=-1) [411]=512624(span=1,weighted=0,key=-1)
 [412]=511811(span=1,weighted=0,key=-1) [413]=511179(span=1,weighted=0,key=-1)
 [414]=509680(span=1,weighted=0,key=-1) [415]=509292(span=1,weighted=0,key=-1)
 [416]=507119(span=1,weighted=0,key=-1) [417]=503732(span=1,weighted=0,key=-1)
 [418]=497064(span=1,weighted=0,key=-1) [419]=494975(span=1,weighted=0,key=-1)
 [420]=541832(span=1,weighted=0,key=-1) [421]=543600(span=1,weighted=0,key=-1)
 [422]=581430(span=1,weighted=0,key=-1) [423]=579980(span=1,weighted=0,key=-1)
 [424]=578922(span=1,weighted=0,key=-1) [425]=578813(span=1,weighted=0,key=-1)
 [426]=578293(span=1,weighted=0,key=-1) [427]=575225(span=1,weighted=0,key=-1)
 [428]=573370(span=1,weighted=0,key=-1) [429]=573301(span=1,weighted=0,key=-1)
 [430]=572877(span=1,weighted=0,key=-1) [431]=572117(span=1,weighted=0,key=-1)
 [432]=566607(span=1,weighted=0,key=-1) [433]=564326(span=1,weighted=0,key=-1)
 [434]=563947(span=1,weighted=0,key=-1) [435]=562279(span=1,weighted=0,key=-1)
 [436]=562061(span=1,weighted=0,key=-1) [437]=561650(span=1,weighted=0,key=-1)
 [438]=561634(span=1,weighted=0,key=-1) [439]=560592(span=1,weighted=0,key=-1)
 [440]=559797(span=1,weighted=0,key=-1) [441]=558264(span=1,weighted=0,key=-1)
 [442]=555469(span=1,weighted=0,key=-1) [443]=552923(span=1,weighted=0,key=-1)
 [444]=551726(span=1,weighted=0,key=-1) [445]=549146(span=1,weighted=0,key=-1)
 [446]=547235(span=1,weighted=0,key=-1) [447]=546485(span=1,weighted=0,key=-1)
 [448]=546357(span=1,weighted=0,key=-1) [449]=545191(span=1,weighted=0,key=-1)
 [450]=544232(span=1,weighted=0,key=-1) [451]=494929(span=1,weighted=0,key=-1)
 [452]=493957(span=1,weighted=0,key=-1) [453]=422149(span=1,weighted=0,key=-1)
 [454]=420638(span=1,weighted=0,key=-1) [455]=420266(span=1,weighted=0,key=-1)
 [456]=418425(span=1,weighted=0,key=-1) [457]=416872(span=1,weighted=0,key=-1)
 [458]=416789(span=1,weighted=0,key=-1) [459]=413742(span=1,weighted=0,key=-1)
 [460]=413000(span=1,weighted=0,key=-1) [461]=410746(span=1,weighted=0,key=-1)
 [462]=409577(span=1,weighted=0,key=-1) [463]=408929(span=1,weighted=0,key=-1)
 [464]=408871(span=1,weighted=0,key=-1) [465]=408052(span=1,weighted=0,key=-1)
 [466]=406533(span=1,weighted=0,key=-1) [467]=406526(span=1,weighted=0,key=-1)
 [468]=403697(span=1,weighted=0,key=-1) [469]=403102(span=1,weighted=0,key=-1)
 [470]=402322(span=1,weighted=0,key=-1) [471]=401632(span=1,weighted=0,key=-1)
 [472]=393552(span=1,weighted=0,key=-1) [473]=393105(span=1,weighted=0,key=-1)
 [474]=391704(span=1,weighted=0,key=-1) [475]=391604(span=1,weighted=0,key=-1)
 [476]=390262(span=1,weighted=0,key=-1) [477]=389835(span=1,weighted=0,key=-1)
 [478]=387227(span=1,weighted=0,key=-1) [479]=384926(span=1,weighted=0,key=-1)
 [480]=384273(span=1,weighted=0,key=-1) [481]=384198(span=1,weighted=0,key=-1)
 [482]=423876(span=1,weighted=0,key=-1) [483]=428517(span=1,weighted=0,key=-1)
 [484]=491786(span=1,weighted=0,key=-1) [485]=491024(span=1,weighted=0,key=-1)
 [486]=490201(span=1,weighted=0,key=-1) [487]=489878(span=1,weighted=0,key=-1)
 [488]=487396(span=1,weighted=0,key=-1) [489]=486829(span=1,weighted=0,key=-1)
 [490]=485697(span=1,weighted=0,key=-1) [491]=483607(span=1,weighted=0,key=-1)
 [492]=481831(span=1,weighted=0,key=-1) [493]=474844(span=1,weighted=0,key=-1)
 [494]=474822(span=1,weighted=0,key=-1) [495]=474633(span=1,weighted=0,key=-1)
 [496]=473767(span=1,weighted=0,key=-1) [497]=473510(span=1,weighted=0,key=-1)
 [498]=471832(span=1,weighted=0,key=-1) [499]=464252(span=1,weighted=0,key=-1)
 [500]=450870(span=1,weighted=0,key=-1) [501]=450074(span=1,weighted=0,key=-1)
 [502]=449648(span=1,weighted=0,key=-1) [503]=448261(span=1,weighted=0,key=-1)
 [504]=447244(span=1,weighted=0,key=-1) [505]=445751(span=1,weighted=0,key=-1)
 [506]=441701(span=1,weighted=0,key=-1) [507]=440667(span=1,weighted=0,key=-1)
 [508]=440317(span=1,weighted=0,key=-1) [509]=434274(span=1,weighted=0,key=-1)
 [510]=434250(span=1,weighted=0,key=-1) [511]=433360(span=1,weighted=0,key=-1)
 [512]=674649(span=1,weighted=0,key=-1) [513]=675225(span=1,weighted=0,key=-1)
 [514]=414333(span=1,weighted=0,key=-1) [515]=414016(span=1,weighted=0,key=-1)
 [516]=405739(span=1,weighted=0,key=-1) [517]=404421(span=1,weighted=0,key=-1)
 [518]=403770(span=1,weighted=0,key=-1) [519]=400464(span=1,weighted=0,key=-1)
 [520]=396649(span=1,weighted=0,key=-1) [521]=394786(span=1,weighted=0,key=-1)
 [522]=394678(span=1,weighted=0,key=-1) [523]=394455(span=1,weighted=0,key=-1)
 [524]=394149(span=1,weighted=0,key=-1) [525]=393491(span=1,weighted=0,key=-1)
 [526]=392920(span=1,weighted=0,key=-1) [527]=392039(span=1,weighted=0,key=-1)
 [528]=388609(span=1,weighted=0,key=-1) [529]=388044(span=1,weighted=0,key=-1)
 [530]=375841(span=1,weighted=0,key=-1) [531]=369702(span=1,weighted=0,key=-1)
 [532]=368386(span=1,weighted=0,key=-1) [533]=366944(span=1,weighted=0,key=-1)
 [534]=366482(span=1,weighted=0,key=-1) [535]=364269(span=1,weighted=0,key=-1)
 [536]=361424(span=1,weighted=0,key=-1) [537]=360020(span=1,weighted=0,key=-1)
 [538]=359252(span=1,weighted=0,key=-1) [539]=358608(span=1,weighted=0,key=-1)
 [540]=358533(span=1,weighted=0,key=-1) [541]=352973(span=1,weighted=0,key=-1)
 [542]=351064(span=1,weighted=0,key=-1) [543]=350662(span=1,weighted=0,key=-1)
 [544]=419501(span=1,weighted=0,key=-1) [545]=421321(span=1,weighted=0,key=-1)
 [546]=487684(span=1,weighted=0,key=-1) [547]=486635(span=1,weighted=0,key=-1)
 [548]=475923(span=1,weighted=0,key=-1) [549]=475876(span=1,weighted=0,key=-1)
 [550]=475517(span=1,weighted=0,key=-1) [551]=474315(span=1,weighted=0,key=-1)
 [552]=474142(span=1,weighted=0,key=-1) [553]=471863(span=1,weighted=0,key=-1)
 [554]=469281(span=1,weighted=0,key=-1) [555]=468418(span=1,weighted=0,key=-1)
 [556]=467265(span=1,weighted=0,key=-1) [557]=463398(span=1,weighted=0,key=-1)
 [558]=462750(span=1,weighted=0,key=-1) [559]=458983(span=1,weighted=0,key=-1)
 [560]=458085(span=1,weighted=0,key=-1) [561]=458065(span=1,weighted=0,key=-1)
 [562]=455506(span=1,weighted=0,key=-1) [563]=447722(span=1,weighted=0,key=-1)
 [564]=446160(span=1,weighted=0,key=-1) [565]=445743(span=1,weighted=0,key=-1)
 [566]=439609(span=1,weighted=0,key=-1) [567]=437419(span=1,weighted=0,key=-1)
 [568]=435772(span=1,weighted=0,key=-1) [569]=434089(span=1,weighted=0,key=-1)
 [570]=432921(span=1,weighted=0,key=-1) [571]=427550(span=1,weighted=0,key=-1)
 [572]=425981(span=1,weighted=0,key=-1) [573]=425523(span=1,weighted=0,key=-1)
 [574]=425303(span=1,weighted=0,key=-1) [575]=424962(span=1,weighted=0,key=-1)
 [576]=347724(span=1,weighted=0,key=-1) [577]=347148(span=1,weighted=0,key=-1)
 [578]=302135(span=1,weighted=0,key=-1) [579]=301890(span=1,weighted=0,key=-1)
 [580]=297261(span=1,weighted=0,key=-1) [581]=292243(span=1,weighted=0,key=-1)
 [582]=289269(span=1,weighted=0,key=-1) [583]=289183(span=1,weighted=0,key=-1)
 [584]=288796(span=1,weighted=0,key=-1) [585]=288762(span=1,weighted=0,key=-1)
 [586]=287389(span=1,weighted=0,key=-1) [587]=284697(span=1,weighted=0,key=-1)
 [588]=282797(span=1,weighted=0,key=-1) [589]=281659(span=1,weighted=0,key=-1)
 [590]=281506(span=1,weighted=0,key=-1) [591]=280176(span=1,weighted=0,key=-1)
 [592]=280116(span=1,weighted=0,key=-1) [593]=279921(span=1,weighted=0,key=-1)
 [594]=278211(span=1,weighted=0,key=-1) [595]=277785(span=1,weighted=0,key=-1)
 [596]=276146(span=1,weighted=0,key=-1) [597]=271796(span=1,weighted=0,key=-1)
 [598]=270359(span=1,weighted=0,key=-1) [599]=270297(span=1,weighted=0,key=-1)
 [600]=268443(span=1,weighted=0,key=-1) [601]=267429(span=1,weighted=0,key=-1)
 [602]=265494(span=1,weighted=0,key=-1) [603]=263078(span=1,weighted=0,key=-1)
 [604]=260303(span=1,weighted=0,key=-1) [605]=257966(span=1,weighted=0,key=-1)
 [606]=256011(span=1,weighted=0,key=-1) [607]=255841(span=1,weighted=0,key=-1)
 [608]=303521(span=1,weighted=0,key=-1) [609]=305230(span=1,weighted=0,key=-1)
 [610]=345589(span=1,weighted=0,key=-1) [611]=344023(span=1,weighted=0,key=-1)
 [612]=343517(span=1,weighted=0,key=-1) [613]=337402(span=1,weighted=0,key=-1)
 [614]=337354(span=1,weighted=0,key=-1) [615]=337081(span=1,weighted=0,key=-1)
 [616]=336264(span=1,weighted=0,key=-1) [617]=335226(span=1,weighted=0,key=-1)
 [618]=334875(span=1,weighted=0,key=-1) [619]=334768(span=1,weighted=0,key=-1)
 [620]=330617(span=1,weighted=0,key=-1) [621]=330193(span=1,weighted=0,key=-1)
 [622]=329852(span=1,weighted=0,key=-1) [623]=329017(span=1,weighted=0,key=-1)
 [624]=329004(span=1,weighted=0,key=-1) [625]=325906(span=1,weighted=0,key=-1)
 [626]=320317(span=1,weighted=0,key=-1) [627]=320019(span=1,weighted=0,key=-1)
 [628]=319742(span=1,weighted=0,key=-1) [629]=318390(span=1,weighted=0,key=-1)
 [630]=318124(span=1,weighted=0,key=-1) [631]=317094(span=1,weighted=0,key=-1)
 [632]=316469(span=1,weighted=0,key=-1) [633]=315321(span=1,weighted=0,key=-1)
 [634]=315087(span=1,weighted=0,key=-1) [635]=314026(span=1,weighted=0,key=-1)
 [636]=313866(span=1,weighted=0,key=-1) [637]=309835(span=1,weighted=0,key=-1)
 [638]=306155(span=1,weighted=0,key=-1) [639]=490010(span=1,weighted=0,key=-1)
 [640]=492729(span=1,weighted=0,key=-1) [641]=672313(span=1,weighted=0,key=-1)
 [642]=671650(span=1,weighted=0,key=-1) [643]=670453(span=1,weighted=0,key=-1)
 [644]=669090(span=1,weighted=0,key=-1) [645]=668179(span=1,weighted=0,key=-1)
 [646]=664741(span=1,weighted=0,key=-1) [647]=663173(span=1,weighted=0,key=-1)
 [648]=662573(span=1,weighted=0,key=-1) [649]=662349(span=1,weighted=0,key=-1)
 [650]=662078(span=1,weighted=0,key=-1) [651]=657668(span=1,weighted=0,key=-1)
 [652]=655110(span=1,weighted=0,key=-1) [653]=639740(span=1,weighted=0,key=-1)
 [654]=639471(span=1,weighted=0,key=-1) [655]=639344(span=1,weighted=0,key=-1)
 [656]=630953(span=1,weighted=0,key=-1) [657]=628605(span=1,weighted=0,key=-1)
 [658]=625039(span=1,weighted=0,key=-1) [659]=624233(span=1,weighted=0,key=-1)
 [660]=624128(span=1,weighted=0,key=-1) [661]=622748(span=1,weighted=0,key=-1)
 [662]=621656(span=1,weighted=0,key=-1) [663]=618954(span=1,weighted=0,key=-1)
 [664]=617956(span=1,weighted=0,key=-1) [665]=616157(span=1,weighted=0,key=-1)
 [666]=609354(span=1,weighted=0,key=-1) [667]=607456(span=1,weighted=0,key=-1)
 [668]=604944(span=1,weighted=0,key=-1) [669]=603061(span=1,weighted=0,key=-1)
 [670]=600506(span=1,weighted=0,key=-1) [671]=672672(span=1,weighted=0,key=-1)
 [672]=678449(span=1,weighted=0,key=-1) [673]=765039(span=1,weighted=0,key=-1)
 [674]=764955(span=1,weighted=0,key=-1) [675]=764837(span=1,weighted=0,key=-1)
 [676]=764822(span=1,weighted=0,key=-1) [677]=764815(span=1,weighted=0,key=-1)
 [678]=764594(span=1,weighted=0,key=-1) [679]=763008(span=1,weighted=0,key=-1)
 [680]=763003(span=1,weighted=0,key=-1) [681]=760547(span=1,weighted=0,key=-1)
 [682]=747534(span=1,weighted=0,key=-1) [683]=745770(span=1,weighted=0,key=-1)
 [684]=744201(span=1,weighted=0,key=-1) [685]=720594(span=1,weighted=0,key=-1)
 [686]=719696(span=1,weighted=0,key=-1) [687]=719432(span=1,weighted=0,key=-1)
 [688]=719389(span=1,weighted=0,key=-1) [689]=717467(span=1,weighted=0,key=-1)
 [690]=717131(span=1,weighted=0,key=-1) [691]=713541(span=1,weighted=0,key=-1)
 [692]=707125(span=1,weighted=0,key=-1) [693]=705515(span=1,weighted=0,key=-1)
 [694]=704973(span=1,weighted=0,key=-1) [695]=701091(span=1,weighted=0,key=-1)
 [696]=700604(span=1,weighted=0,key=-1) [697]=695897(span=1,weighted=0,key=-1)
 [698]=687620(span=1,weighted=0,key=-1) [699]=684524(span=1,weighted=0,key=-1)
 [700]=683592(span=1,weighted=0,key=-1) [701]=681388(span=1,weighted=0,key=-1)
 [702]=599145(span=1,weighted=0,key=-1) [703]=598776(span=1,weighted=0,key=-1)
 [704]=543412(span=1,weighted=0,key=-1) [705]=540166(span=1,weighted=0,key=-1)
 [706]=538394(span=1,weighted=0,key=-1) [707]=537827(span=1,weighted=0,key=-1)
 [708]=534393(span=1,weighted=0,key=-1) [709]=533991(span=1,weighted=0,key=-1)
 [710]=533177(span=1,weighted=0,key=-1) [711]=531267(span=1,weighted=0,key=-1)
 [712]=530590(span=1,weighted=0,key=-1) [713]=530550(span=1,weighted=0,key=-1)
 [714]=528983(span=1,weighted=0,key=-1) [715]=525928(span=1,weighted=0,key=-1)
 [716]=524840(span=1,weighted=0,key=-1) [717]=523891(span=1,weighted=0,key=-1)
 [718]=523661(span=1,weighted=0,key=-1) [719]=522479(span=1,weighted=0,key=-1)
 [720]=522436(span=1,weighted=0,key=-1) [721]=520334(span=1,weighted=0,key=-1)
 [722]=516419(span=1,weighted=0,key=-1) [723]=516372(span=1,weighted=0,key=-1)
 [724]=515197(span=1,weighted=0,key=-1) [725]=512672(span=1,weighted=0,key=-1)
 [726]=505929(span=1,weighted=0,key=-1) [727]=505758(span=1,weighted=0,key=-1)
 [728]=504199(span=1,weighted=0,key=-1) [729]=503535(span=1,weighted=0,key=-1)
 [730]=502654(span=1,weighted=0,key=-1) [731]=496544(span=1,weighted=0,key=-1)
 [732]=495462(span=1,weighted=0,key=-1) [733]=494261(span=1,weighted=0,key=-1)
 [734]=543796(span=1,weighted=0,key=-1) [735]=544848(span=1,weighted=0,key=-1)
 [736]=595578(span=1,weighted=0,key=-1) [737]=594195(span=1,weighted=0,key=-1)
 [738]=594005(span=1,weighted=0,key=-1) [739]=593988(span=1,weighted=0,key=-1)
 [740]=591301(span=1,weighted=0,key=-1) [741]=590736(span=1,weighted=0,key=-1)
 [742]=589601(span=1,weighted=0,key=-1) [743]=589107(span=1,weighted=0,key=-1)
 [744]=588918(span=1,weighted=0,key=-1) [745]=588797(span=1,weighted=0,key=-1)
 [746]=588476(span=1,weighted=0,key=-1) [747]=582778(span=1,weighted=0,key=-1)
 [748]=580265(span=1,weighted=0,key=-1) [749]=577916(span=1,weighted=0,key=-1)
 [750]=574622(span=1,weighted=0,key=-1) [751]=573616(span=1,weighted=0,key=-1)
 [752]=572046(span=1,weighted=0,key=-1) [753]=571171(span=1,weighted=0,key=-1)
 [754]=570157(span=1,weighted=0,key=-1) [755]=569018(span=1,weighted=0,key=-1)
 [756]=568356(span=1,weighted=0,key=-1) [757]=567660(span=1,weighted=0,key=-1)
 [758]=565849(span=1,weighted=0,key=-1) [759]=565094(span=1,weighted=0,key=-1)
 [760]=561394(span=1,weighted=0,key=-1) [761]=560576(span=1,weighted=0,key=-1)
 [762]=548532(span=1,weighted=0,key=-1) [763]=548339(span=1,weighted=0,key=-1)
 [764]=548002(span=1,weighted=0,key=-1) [765]=254005(span=1,weighted=0,key=-1)
 [766]=249687(span=1,weighted=0,key=-1) [767]=752354(span=1,weighted=0,key=-1)
 [768]=717635(span=1,weighted=0,key=-1) [769]=717557(span=1,weighted=0,key=-1)
 [770]=717396(span=1,weighted=0,key=-1) [771]=717296(span=1,weighted=0,key=-1)
 [772]=717194(span=1,weighted=0,key=-1) [773]=709306(span=1,weighted=0,key=-1)
 [774]=709295(span=1,weighted=0,key=-1) [775]=673799(span=1,weighted=0,key=-1)
 [776]=670275(span=1,weighted=0,key=-1) [777]=670268(span=1,weighted=0,key=-1)
 [778]=583557(span=1,weighted=0,key=-1) [779]=572780(span=1,weighted=0,key=-1)
 [780]=569584(span=1,weighted=0,key=-1) [781]=568276(span=1,weighted=0,key=-1)
 [782]=561665(span=1,weighted=0,key=-1) [783]=508095(span=1,weighted=0,key=-1)
 [784]=472083(span=1,weighted=0,key=-1) [785]=434864(span=1,weighted=0,key=-1)
 [786]=408075(span=1,weighted=0,key=-1) [787]=406255(span=1,weighted=0,key=-1)
 [788]=401224(span=1,weighted=0,key=-1) [789]=391648(span=1,weighted=0,key=-1)
 [790]=370224(span=1,weighted=0,key=-1) [791]=250016(span=1,weighted=0,key=-1)
 [792]=248304(span=1,weighted=0,key=-1) [793]=244412(span=1,weighted=0,key=-1)
 [794]=225590(span=1,weighted=0,key=-1) [795]=216874(span=1,weighted=0,key=-1)
 [796]=208673(span=1,weighted=0,key=-1) [797]=754938(span=1,weighted=0,key=-1)
 [798]=1641(span=1,weighted=0,key=-1) [799]=82133(span=1,weighted=0,key=-1)
 [800]=79601(span=1,weighted=0,key=-1) [801]=78327(span=1,weighted=0,key=-1)
 [802]=75912(span=1,weighted=0,key=-1) [803]=75714(span=1,weighted=0,key=-1)
 [804]=75549(span=1,weighted=0,key=-1) [805]=73163(span=1,weighted=0,key=-1)
 [806]=66207(span=1,weighted=0,key=-1) [807]=65440(span=1,weighted=0,key=-1)
 [808]=60497(span=1,weighted=0,key=-1) [809]=60230(span=1,weighted=0,key=-1)
 [810]=58313(span=1,weighted=0,key=-1) [811]=58069(span=1,weighted=0,key=-1)
 [812]=57790(span=1,weighted=0,key=-1) [813]=57460(span=1,weighted=0,key=-1)
 [814]=57144(span=1,weighted=0,key=-1) [815]=51897(span=1,weighted=0,key=-1)
 [816]=48611(span=1,weighted=0,key=-1) [817]=48483(span=1,weighted=0,key=-1)
 [818]=42300(span=1,weighted=0,key=-1) [819]=41751(span=1,weighted=0,key=-1)
 [820]=41714(span=1,weighted=0,key=-1) [821]=37826(span=1,weighted=0,key=-1)
 [822]=34704(span=1,weighted=0,key=-1) [823]=33398(span=1,weighted=0,key=-1)
 [824]=29498(span=1,weighted=0,key=-1) [825]=21346(span=1,weighted=0,key=-1)
 [826]=21167(span=1,weighted=0,key=-1) [827]=20276(span=1,weighted=0,key=-1)
 [828]=17689(span=1,weighted=0,key=-1) [829]=198523(span=1,weighted=0,key=-1)
 [830]=195622(span=1,weighted=0,key=-1) [831]=766259(span=1,weighted=0,key=-1)
 [832]=765677(span=1,weighted=0,key=-1) [833]=765670(span=1,weighted=0,key=-1)
 [834]=760823(span=1,weighted=0,key=-1) [835]=757193(span=1,weighted=0,key=-1)
 [836]=750157(span=1,weighted=0,key=-1) [837]=736001(span=1,weighted=0,key=-1)
 [838]=735885(span=1,weighted=0,key=-1) [839]=734164(span=1,weighted=0,key=-1)
 [840]=728847(span=1,weighted=0,key=-1) [841]=728597(span=1,weighted=0,key=-1)
 [842]=725649(span=1,weighted=0,key=-1) [843]=724982(span=1,weighted=0,key=-1)
 [844]=724810(span=1,weighted=0,key=-1) [845]=716804(span=1,weighted=0,key=-1)
 [846]=713566(span=1,weighted=0,key=-1) [847]=713182(span=1,weighted=0,key=-1)
 [848]=712486(span=1,weighted=0,key=-1) [849]=712460(span=1,weighted=0,key=-1)
 [850]=711363(span=1,weighted=0,key=-1) [851]=709456(span=1,weighted=0,key=-1)
 [852]=708791(span=1,weighted=0,key=-1) [853]=708574(span=1,weighted=0,key=-1)
 [854]=708301(span=1,weighted=0,key=-1) [855]=705788(span=1,weighted=0,key=-1)
 [856]=698771(span=1,weighted=0,key=-1) [857]=697861(span=1,weighted=0,key=-1)
 [858]=687705(span=1,weighted=0,key=-1) [859]=681009(span=1,weighted=0,key=-1)
 [860]=678468(span=1,weighted=0,key=-1) [861]=766264(span=1,weighted=0,key=-1)
 [862]=766811(span=1,weighted=0,key=-1) [863]=165429(span=1,weighted=0,key=-1)
 [864]=161212(span=1,weighted=0,key=-1) [865]=79757(span=1,weighted=0,key=-1)
 [866]=52825(span=1,weighted=0,key=-1) [867]=24850(span=1,weighted=0,key=-1)
 [868]=757710(span=1,weighted=0,key=-1) [869]=757688(span=1,weighted=0,key=-1)
 [870]=216243(span=1,weighted=0,key=-1) [871]=682379(span=1,weighted=0,key=-1)
 [872]=661069(span=1,weighted=0,key=-1) [873]=415669(span=1,weighted=0,key=-1)
 [874]=331611(span=1,weighted=0,key=-1) [875]=82965(span=1,weighted=0,key=-1)
 [876]=12313(span=1,weighted=0,key=-1) [877]=9834(span=1,weighted=0,key=-1)
 [878]=8304(span=1,weighted=0,key=-1) [879]=8287(span=1,weighted=0,key=-1)
 [880]=8273(span=1,weighted=0,key=-1) [881]=8255(span=1,weighted=0,key=-1)
 [882]=8242(span=1,weighted=0,key=-1) [883]=8227(span=1,weighted=0,key=-1)
 [884]=8213(span=1,weighted=0,key=-1) [885]=8198(span=1,weighted=0,key=-1)
 [886]=8183(span=1,weighted=0,key=-1) [887]=8168(span=1,weighted=0,key=-1)
 [888]=8153(span=1,weighted=0,key=-1) [889]=8135(span=1,weighted=0,key=-1)
 [890]=2277(span=1,weighted=0,key=-1) [891]=766818(span=1,weighted=0,key=-1)
 [892]=82342(span=1,weighted=0,key=-1) [893]=82380(span=1,weighted=0,key=-1)
 [894]=218729(span=1,weighted=0,key=-1) [895]=217997(span=1,weighted=0,key=-1)
 [896]=217654(span=1,weighted=0,key=-1) [897]=217117(span=1,weighted=0,key=-1)
 [898]=216629(span=1,weighted=0,key=-1) [899]=216599(span=1,weighted=0,key=-1)
 [900]=214455(span=1,weighted=0,key=-1) [901]=213551(span=1,weighted=0,key=-1)
 [902]=212830(span=1,weighted=0,key=-1) [903]=210565(span=1,weighted=0,key=-1)
 [904]=208577(span=1,weighted=0,key=-1) [905]=206643(span=1,weighted=0,key=-1)
 [906]=202715(span=1,weighted=0,key=-1) [907]=202662(span=1,weighted=0,key=-1)
 [908]=201216(span=1,weighted=0,key=-1) [909]=200526(span=1,weighted=0,key=-1)
 [910]=199128(span=1,weighted=0,key=-1) [911]=197804(span=1,weighted=0,key=-1)
 [912]=195251(span=1,weighted=0,key=-1) [913]=194665(span=1,weighted=0,key=-1)
 [914]=193572(span=1,weighted=0,key=-1) [915]=192915(span=1,weighted=0,key=-1)
 [916]=190878(span=1,weighted=0,key=-1) [917]=190396(span=1,weighted=0,key=-1)
 [918]=190186(span=1,weighted=0,key=-1) [919]=188460(span=1,weighted=0,key=-1)
 [920]=188288(span=1,weighted=0,key=-1) [921]=188062(span=1,weighted=0,key=-1)
 [922]=187087(span=1,weighted=0,key=-1) [923]=186850(span=1,weighted=0,key=-1)
 [924]=218933(span=1,weighted=0,key=-1) [925]=219605(span=1,weighted=0,key=-1)
 [926]=249434(span=1,weighted=0,key=-1) [927]=249258(span=1,weighted=0,key=-1)
 [928]=247687(span=1,weighted=0,key=-1) [929]=247270(span=1,weighted=0,key=-1)
 [930]=246908(span=1,weighted=0,key=-1) [931]=243303(span=1,weighted=0,key=-1)
 [932]=243211(span=1,weighted=0,key=-1) [933]=243186(span=1,weighted=0,key=-1)
 [934]=242816(span=1,weighted=0,key=-1) [935]=242331(span=1,weighted=0,key=-1)
 [936]=239855(span=1,weighted=0,key=-1) [937]=239780(span=1,weighted=0,key=-1)
 [938]=239755(span=1,weighted=0,key=-1) [939]=237341(span=1,weighted=0,key=-1)
 [940]=236768(span=1,weighted=0,key=-1) [941]=236665(span=1,weighted=0,key=-1)
 [942]=236099(span=1,weighted=0,key=-1) [943]=231692(span=1,weighted=0,key=-1)
 [944]=228902(span=1,weighted=0,key=-1) [945]=226779(span=1,weighted=0,key=-1)
 [946]=226546(span=1,weighted=0,key=-1) [947]=225819(span=1,weighted=0,key=-1)
 [948]=225040(span=1,weighted=0,key=-1) [949]=224871(span=1,weighted=0,key=-1)
 [950]=224271(span=1,weighted=0,key=-1) [951]=223908(span=1,weighted=0,key=-1)
 [952]=222949(span=1,weighted=0,key=-1) [953]=222660(span=1,weighted=0,key=-1)
 [954]=220911(span=1,weighted=0,key=-1) [955]=186597(span=1,weighted=0,key=-1)
 [956]=186334(span=1,weighted=0,key=-1) [957]=141441(span=1,weighted=0,key=-1)
 [958]=141162(span=1,weighted=0,key=-1) [959]=140001(span=1,weighted=0,key=-1)
 [960]=139042(span=1,weighted=0,key=-1) [961]=136656(span=1,weighted=0,key=-1)
 [962]=133265(span=1,weighted=0,key=-1) [963]=129095(span=1,weighted=0,key=-1)
 [964]=127951(span=1,weighted=0,key=-1) [965]=124937(span=1,weighted=0,key=-1)
 [966]=122561(span=1,weighted=0,key=-1) [967]=120894(span=1,weighted=0,key=-1)
 [968]=118493(span=1,weighted=0,key=-1) [969]=116185(span=1,weighted=0,key=-1)
 [970]=115109(span=1,weighted=0,key=-1) [971]=113618(span=1,weighted=0,key=-1)
 [972]=111414(span=1,weighted=0,key=-1) [973]=109782(span=1,weighted=0,key=-1)
 [974]=107486(span=1,weighted=0,key=-1) [975]=106463(span=1,weighted=0,key=-1)
 [976]=102192(span=1,weighted=0,key=-1) [977]=100987(span=1,weighted=0,key=-1)
 [978]=99976(span=1,weighted=0,key=-1) [979]=99596(span=1,weighted=0,key=-1)
 [980]=99185(span=1,weighted=0,key=-1) [981]=97500(span=1,weighted=0,key=-1)
 [982]=89926(span=1,weighted=0,key=-1) [983]=88226(span=1,weighted=0,key=-1)
 [984]=84787(span=1,weighted=0,key=-1) [985]=83094(span=1,weighted=0,key=-1)
 [986]=82605(span=1,weighted=0,key=-1) [987]=142144(span=1,weighted=0,key=-1)
 [988]=142251(span=1,weighted=0,key=-1) [989]=185931(span=1,weighted=0,key=-1)
 [990]=185214(span=1,weighted=0,key=-1) [991]=183446(span=1,weighted=0,key=-1)
 [992]=183373(span=1,weighted=0,key=-1) [993]=182309(span=1,weighted=0,key=-1)
 [994]=181482(span=1,weighted=0,key=-1) [995]=181364(span=1,weighted=0,key=-1)
 [996]=180887(span=1,weighted=0,key=-1) [997]=174493(span=1,weighted=0,key=-1)
 [998]=174120(span=1,weighted=0,key=-1) [999]=173731(span=1,weighted=0,key=-1)
 [1000]=171248(span=1,weighted=0,key=-1)
 [1001]=169322(span=1,weighted=0,key=-1)
 [1002]=166651(span=1,weighted=0,key=-1)
 [1003]=166037(span=1,weighted=0,key=-1)
 [1004]=164831(span=1,weighted=0,key=-1)
 [1005]=163586(span=1,weighted=0,key=-1)
 [1006]=163328(span=1,weighted=0,key=-1)
 [1007]=163056(span=1,weighted=0,key=-1)
 [1008]=157912(span=1,weighted=0,key=-1)
 [1009]=157291(span=1,weighted=0,key=-1)
 [1010]=157239(span=1,weighted=0,key=-1)
 [1011]=152335(span=1,weighted=0,key=-1)
 [1012]=148854(span=1,weighted=0,key=-1)
 [1013]=148017(span=1,weighted=0,key=-1)
 [1014]=147543(span=1,weighted=0,key=-1)
 [1015]=145496(span=1,weighted=0,key=-1)
 [1016]=145148(span=1,weighted=0,key=-1)
 [1017]=144187(span=1,weighted=0,key=-1)
 [1018]=159572(span=1,weighted=0,key=-1)
 [1019]=159226(span=1,weighted=0,key=-1)
 [1020]=603728(span=1,weighted=0,key=-1)
 [1021]=603698(span=1,weighted=0,key=-1)
 [1022]=603521(span=1,weighted=0,key=-1)
 [1023]=603262(span=1,weighted=0,key=-1)
 [1024]=602711(span=1,weighted=0,key=-1)
 [1025]=600254(span=1,weighted=0,key=-1)
 [1026]=599155(span=1,weighted=0,key=-1)
 [1027]=597766(span=1,weighted=0,key=-1)
 [1028]=597196(span=1,weighted=0,key=-1)
 [1029]=594856(span=1,weighted=0,key=-1)
 [1030]=591091(span=1,weighted=0,key=-1)
 [1031]=589942(span=1,weighted=0,key=-1)
 [1032]=587786(span=1,weighted=0,key=-1)
 [1033]=587742(span=1,weighted=0,key=-1)
 [1034]=586349(span=1,weighted=0,key=-1)
 [1035]=586089(span=1,weighted=0,key=-1)
 [1036]=585477(span=1,weighted=0,key=-1)
 [1037]=583354(span=1,weighted=0,key=-1)
 [1038]=582345(span=1,weighted=0,key=-1)
 [1039]=581292(span=1,weighted=0,key=-1)
 [1040]=581105(span=1,weighted=0,key=-1)
 [1041]=581070(span=1,weighted=0,key=-1)
 [1042]=578577(span=1,weighted=0,key=-1)
 [1043]=577457(span=1,weighted=0,key=-1)
 [1044]=576700(span=1,weighted=0,key=-1)
 [1045]=576137(span=1,weighted=0,key=-1)
 [1046]=575176(span=1,weighted=0,key=-1)
 [1047]=574281(span=1,weighted=0,key=-1)
 [1048]=574210(span=1,weighted=0,key=-1)
 [1049]=573790(span=1,weighted=0,key=-1)
 [1050]=606237(span=1,weighted=0,key=-1)
 [1051]=608324(span=1,weighted=0,key=-1)
 [1052]=675657(span=1,weighted=0,key=-1)
 [1053]=675288(span=1,weighted=0,key=-1)
 [1054]=671188(span=1,weighted=0,key=-1)
 [1055]=670741(span=1,weighted=0,key=-1)
 [1056]=670566(span=1,weighted=0,key=-1)
 [1057]=670302(span=1,weighted=0,key=-1)
 [1058]=670070(span=1,weighted=0,key=-1)
 [1059]=669526(span=1,weighted=0,key=-1)
 [1060]=668183(span=1,weighted=0,key=-1)
 [1061]=662614(span=1,weighted=0,key=-1)
 [1062]=659298(span=1,weighted=0,key=-1)
 [1063]=652964(span=1,weighted=0,key=-1)
 [1064]=652539(span=1,weighted=0,key=-1)
 [1065]=638306(span=1,weighted=0,key=-1)
 [1066]=636703(span=1,weighted=0,key=-1)
 [1067]=635581(span=1,weighted=0,key=-1)
 [1068]=630765(span=1,weighted=0,key=-1)
 [1069]=628540(span=1,weighted=0,key=-1)
 [1070]=628255(span=1,weighted=0,key=-1)
 [1071]=626930(span=1,weighted=0,key=-1)
 [1072]=624620(span=1,weighted=0,key=-1)
 [1073]=624004(span=1,weighted=0,key=-1)
 [1074]=621120(span=1,weighted=0,key=-1)
 [1075]=619799(span=1,weighted=0,key=-1)
 [1076]=615949(span=1,weighted=0,key=-1)
 [1077]=612928(span=1,weighted=0,key=-1)
 [1078]=612428(span=1,weighted=0,key=-1)
 [1079]=610282(span=1,weighted=0,key=-1)
 [1080]=608767(span=1,weighted=0,key=-1)
 [1081]=573251(span=1,weighted=0,key=-1)
 [1082]=571770(span=1,weighted=0,key=-1)
 [1083]=493208(span=1,weighted=0,key=-1)
 [1084]=492426(span=1,weighted=0,key=-1)
 [1085]=491149(span=1,weighted=0,key=-1)
 [1086]=488554(span=1,weighted=0,key=-1)
 [1087]=477894(span=1,weighted=0,key=-1)
 [1088]=474698(span=1,weighted=0,key=-1)
 [1089]=474299(span=1,weighted=0,key=-1)
 [1090]=472850(span=1,weighted=0,key=-1)
 [1091]=468896(span=1,weighted=0,key=-1)
 [1092]=466600(span=1,weighted=0,key=-1)
 [1093]=466489(span=1,weighted=0,key=-1)
 [1094]=461740(span=1,weighted=0,key=-1)
 [1095]=460103(span=1,weighted=0,key=-1)
 [1096]=459055(span=1,weighted=0,key=-1)
 [1097]=457165(span=1,weighted=0,key=-1)
 [1098]=455205(span=1,weighted=0,key=-1)
 [1099]=454986(span=1,weighted=0,key=-1)
 [1100]=451260(span=1,weighted=0,key=-1)
 [1101]=450604(span=1,weighted=0,key=-1)
 [1102]=448236(span=1,weighted=0,key=-1)
 [1103]=447439(span=1,weighted=0,key=-1)
 [1104]=447127(span=1,weighted=0,key=-1)
 [1105]=445346(span=1,weighted=0,key=-1)
 [1106]=441634(span=1,weighted=0,key=-1)
 [1107]=437259(span=1,weighted=0,key=-1)
 [1108]=434823(span=1,weighted=0,key=-1)
 [1109]=433963(span=1,weighted=0,key=-1)
 [1110]=433282(span=1,weighted=0,key=-1)
 [1111]=433250(span=1,weighted=0,key=-1)
 [1112]=494564(span=1,weighted=0,key=-1)
 [1113]=495845(span=1,weighted=0,key=-1)
 [1114]=571604(span=1,weighted=0,key=-1)
 [1115]=570918(span=1,weighted=0,key=-1)
 [1116]=570862(span=1,weighted=0,key=-1)
 [1117]=568219(span=1,weighted=0,key=-1)
 [1118]=566037(span=1,weighted=0,key=-1)
 [1119]=565085(span=1,weighted=0,key=-1)
 [1120]=564725(span=1,weighted=0,key=-1)
 [1121]=564698(span=1,weighted=0,key=-1)
 [1122]=563432(span=1,weighted=0,key=-1)
 [1123]=562548(span=1,weighted=0,key=-1)
 [1124]=554052(span=1,weighted=0,key=-1)
 [1125]=552107(span=1,weighted=0,key=-1)
 [1126]=547383(span=1,weighted=0,key=-1)
 [1127]=545874(span=1,weighted=0,key=-1)
 [1128]=542447(span=1,weighted=0,key=-1)
 [1129]=539109(span=1,weighted=0,key=-1)
 [1130]=533734(span=1,weighted=0,key=-1)
 [1131]=533339(span=1,weighted=0,key=-1)
 [1132]=531653(span=1,weighted=0,key=-1)
 [1133]=529387(span=1,weighted=0,key=-1)
 [1134]=526764(span=1,weighted=0,key=-1)
 [1135]=516663(span=1,weighted=0,key=-1)
 [1136]=511534(span=1,weighted=0,key=-1)
 [1137]=506803(span=1,weighted=0,key=-1)
 [1138]=504992(span=1,weighted=0,key=-1)
 [1139]=502809(span=1,weighted=0,key=-1)
 [1140]=502409(span=1,weighted=0,key=-1)
 [1141]=501571(span=1,weighted=0,key=-1)
 [1142]=500136(span=1,weighted=0,key=-1)
 [1143]=676316(span=1,weighted=0,key=-1)
 [1144]=677952(span=1,weighted=0,key=-1)
 [1145]=105562(span=1,weighted=0,key=-1)
 [1146]=104518(span=1,weighted=0,key=-1)
 [1147]=104382(span=1,weighted=0,key=-1)
 [1148]=104255(span=1,weighted=0,key=-1)
 [1149]=103392(span=1,weighted=0,key=-1)
 [1150]=103233(span=1,weighted=0,key=-1) [1151]=98284(span=1,weighted=0,key=-1)
 [1152]=96759(span=1,weighted=0,key=-1) [1153]=96744(span=1,weighted=0,key=-1)
 [1154]=95491(span=1,weighted=0,key=-1) [1155]=95482(span=1,weighted=0,key=-1)
 [1156]=94642(span=1,weighted=0,key=-1) [1157]=94390(span=1,weighted=0,key=-1)
 [1158]=94051(span=1,weighted=0,key=-1) [1159]=92054(span=1,weighted=0,key=-1)
 [1160]=90441(span=1,weighted=0,key=-1) [1161]=87648(span=1,weighted=0,key=-1)
 [1162]=87040(span=1,weighted=0,key=-1) [1163]=86571(span=1,weighted=0,key=-1)
 [1164]=85317(span=1,weighted=0,key=-1) [1165]=83211(span=1,weighted=0,key=-1)
 [1166]=81370(span=1,weighted=0,key=-1) [1167]=80035(span=1,weighted=0,key=-1)
 [1168]=79671(span=1,weighted=0,key=-1) [1169]=77191(span=1,weighted=0,key=-1)
 [1170]=76451(span=1,weighted=0,key=-1) [1171]=75581(span=1,weighted=0,key=-1)
 [1172]=74862(span=1,weighted=0,key=-1) [1173]=74238(span=1,weighted=0,key=-1)
 [1174]=107085(span=1,weighted=0,key=-1)
 [1175]=107361(span=1,weighted=0,key=-1)
 [1176]=159983(span=1,weighted=0,key=-1)
 [1177]=159588(span=1,weighted=0,key=-1)
 [1178]=159382(span=1,weighted=0,key=-1)
 [1179]=156482(span=1,weighted=0,key=-1)
 [1180]=156276(span=1,weighted=0,key=-1)
 [1181]=154897(span=1,weighted=0,key=-1)
 [1182]=153420(span=1,weighted=0,key=-1)
 [1183]=148916(span=1,weighted=0,key=-1)
 [1184]=146163(span=1,weighted=0,key=-1)
 [1185]=144920(span=1,weighted=0,key=-1)
 [1186]=143247(span=1,weighted=0,key=-1)
 [1187]=142523(span=1,weighted=0,key=-1)
 [1188]=142384(span=1,weighted=0,key=-1)
 [1189]=141481(span=1,weighted=0,key=-1)
 [1190]=141477(span=1,weighted=0,key=-1)
 [1191]=138264(span=1,weighted=0,key=-1)
 [1192]=137568(span=1,weighted=0,key=-1)
 [1193]=136107(span=1,weighted=0,key=-1)
 [1194]=134696(span=1,weighted=0,key=-1)
 [1195]=133874(span=1,weighted=0,key=-1)
 [1196]=132595(span=1,weighted=0,key=-1)
 [1197]=126738(span=1,weighted=0,key=-1)
 [1198]=126652(span=1,weighted=0,key=-1)
 [1199]=124358(span=1,weighted=0,key=-1)
 [1200]=123641(span=1,weighted=0,key=-1)
 [1201]=117205(span=1,weighted=0,key=-1)
 [1202]=112699(span=1,weighted=0,key=-1)
 [1203]=109299(span=1,weighted=0,key=-1)
 [1204]=108934(span=1,weighted=0,key=-1) [1205]=73941(span=1,weighted=0,key=-1)
 [1206]=67206(span=1,weighted=0,key=-1) [1207]=742705(span=1,weighted=0,key=-1)
 [1208]=739001(span=1,weighted=0,key=-1)
 [1209]=735102(span=1,weighted=0,key=-1)
 [1210]=721842(span=1,weighted=0,key=-1)
 [1211]=717349(span=1,weighted=0,key=-1)
 [1212]=713725(span=1,weighted=0,key=-1)
 [1213]=713208(span=1,weighted=0,key=-1)
 [1214]=713020(span=1,weighted=0,key=-1)
 [1215]=712905(span=1,weighted=0,key=-1)
 [1216]=712516(span=1,weighted=0,key=-1)
 [1217]=712208(span=1,weighted=0,key=-1)
 [1218]=710438(span=1,weighted=0,key=-1)
 [1219]=705475(span=1,weighted=0,key=-1)
 [1220]=703440(span=1,weighted=0,key=-1)
 [1221]=702767(span=1,weighted=0,key=-1)
 [1222]=701860(span=1,weighted=0,key=-1)
 [1223]=698638(span=1,weighted=0,key=-1)
 [1224]=698369(span=1,weighted=0,key=-1)
 [1225]=696770(span=1,weighted=0,key=-1)
 [1226]=695694(span=1,weighted=0,key=-1)
 [1227]=692083(span=1,weighted=0,key=-1)
 [1228]=691079(span=1,weighted=0,key=-1)
 [1229]=690664(span=1,weighted=0,key=-1)
 [1230]=688135(span=1,weighted=0,key=-1)
 [1231]=685058(span=1,weighted=0,key=-1)
 [1232]=684409(span=1,weighted=0,key=-1)
 [1233]=684209(span=1,weighted=0,key=-1)
 [1234]=682299(span=1,weighted=0,key=-1)
 [1235]=680393(span=1,weighted=0,key=-1)
 [1236]=744937(span=1,weighted=0,key=-1)
 [1237]=744942(span=1,weighted=0,key=-1) [1238]=67021(span=1,weighted=0,key=-1)
 [1239]=65068(span=1,weighted=0,key=-1) [1240]=63257(span=1,weighted=0,key=-1)
 [1241]=61647(span=1,weighted=0,key=-1) [1242]=56779(span=1,weighted=0,key=-1)
 [1243]=52362(span=1,weighted=0,key=-1) [1244]=52075(span=1,weighted=0,key=-1)
 [1245]=52047(span=1,weighted=0,key=-1) [1246]=49384(span=1,weighted=0,key=-1)
 [1247]=48003(span=1,weighted=0,key=-1) [1248]=45378(span=1,weighted=0,key=-1)
 [1249]=43921(span=1,weighted=0,key=-1) [1250]=43900(span=1,weighted=0,key=-1)
 [1251]=37725(span=1,weighted=0,key=-1) [1252]=36526(span=1,weighted=0,key=-1)
 [1253]=36469(span=1,weighted=0,key=-1) [1254]=34579(span=1,weighted=0,key=-1)
 [1255]=32829(span=1,weighted=0,key=-1) [1256]=32640(span=1,weighted=0,key=-1)
 [1257]=32046(span=1,weighted=0,key=-1) [1258]=25738(span=1,weighted=0,key=-1)
 [1259]=21371(span=1,weighted=0,key=-1) [1260]=21117(span=1,weighted=0,key=-1)
 [1261]=15033(span=1,weighted=0,key=-1) [1262]=771723(span=1,weighted=0,key=-1)
 [1263]=763414(span=1,weighted=0,key=-1)
 [1264]=757638(span=1,weighted=0,key=-1)
 [1265]=757632(span=1,weighted=0,key=-1)
 [1266]=757623(span=1,weighted=0,key=-1)
 [1267]=428017(span=1,weighted=0,key=-1)
 [1268]=425564(span=1,weighted=0,key=-1)
 [1269]=149193(span=1,weighted=0,key=-1)
 [1270]=147977(span=1,weighted=0,key=-1)
 [1271]=147643(span=1,weighted=0,key=-1)
 [1272]=142277(span=1,weighted=0,key=-1)
 [1273]=139817(span=1,weighted=0,key=-1)
 [1274]=138601(span=1,weighted=0,key=-1)
 [1275]=136189(span=1,weighted=0,key=-1)
 [1276]=132174(span=1,weighted=0,key=-1)
 [1277]=129726(span=1,weighted=0,key=-1)
 [1278]=128274(span=1,weighted=0,key=-1)
 [1279]=127546(span=1,weighted=0,key=-1)
 [1280]=127273(span=1,weighted=0,key=-1)
 [1281]=125733(span=1,weighted=0,key=-1)
 [1282]=124751(span=1,weighted=0,key=-1)
 [1283]=124734(span=1,weighted=0,key=-1)
 [1284]=124034(span=1,weighted=0,key=-1)
 [1285]=119111(span=1,weighted=0,key=-1)
 [1286]=115520(span=1,weighted=0,key=-1)
 [1287]=115256(span=1,weighted=0,key=-1)
 [1288]=114218(span=1,weighted=0,key=-1)
 [1289]=106974(span=1,weighted=0,key=-1)
 [1290]=105500(span=1,weighted=0,key=-1)
 [1291]=103989(span=1,weighted=0,key=-1)
 [1292]=102993(span=1,weighted=0,key=-1)
 [1293]=102539(span=1,weighted=0,key=-1)
 [1294]=102163(span=1,weighted=0,key=-1) [1295]=98628(span=1,weighted=0,key=-1)
 [1296]=97953(span=1,weighted=0,key=-1) [1297]=97409(span=1,weighted=0,key=-1)
 [1298]=94982(span=1,weighted=0,key=-1) [1299]=150278(span=1,weighted=0,key=-1)
 [1300]=150875(span=1,weighted=0,key=-1)
 [1301]=188406(span=1,weighted=0,key=-1)
 [1302]=187176(span=1,weighted=0,key=-1)
 [1303]=186921(span=1,weighted=0,key=-1)
 [1304]=186861(span=1,weighted=0,key=-1)
 [1305]=186711(span=1,weighted=0,key=-1)
 [1306]=183741(span=1,weighted=0,key=-1)
 [1307]=183008(span=1,weighted=0,key=-1)
 [1308]=182713(span=1,weighted=0,key=-1)
 [1309]=177964(span=1,weighted=0,key=-1)
 [1310]=177939(span=1,weighted=0,key=-1)
 [1311]=176706(span=1,weighted=0,key=-1)
 [1312]=175659(span=1,weighted=0,key=-1)
 [1313]=175031(span=1,weighted=0,key=-1)
 [1314]=172837(span=1,weighted=0,key=-1)
 [1315]=172372(span=1,weighted=0,key=-1)
 [1316]=172118(span=1,weighted=0,key=-1)
 [1317]=171769(span=1,weighted=0,key=-1)
 [1318]=164419(span=1,weighted=0,key=-1)
 [1319]=164290(span=1,weighted=0,key=-1)
 [1320]=163476(span=1,weighted=0,key=-1)
 [1321]=162298(span=1,weighted=0,key=-1)
 [1322]=160887(span=1,weighted=0,key=-1)
 [1323]=160440(span=1,weighted=0,key=-1)
 [1324]=159553(span=1,weighted=0,key=-1)
 [1325]=159146(span=1,weighted=0,key=-1)
 [1326]=158958(span=1,weighted=0,key=-1)
 [1327]=158312(span=1,weighted=0,key=-1)
 [1328]=158122(span=1,weighted=0,key=-1)
 [1329]=154416(span=1,weighted=0,key=-1) [1330]=94231(span=1,weighted=0,key=-1)
 [1331]=92606(span=1,weighted=0,key=-1) [1332]=34131(span=1,weighted=0,key=-1)
 [1333]=33874(span=1,weighted=0,key=-1) [1334]=33378(span=1,weighted=0,key=-1)
 [1335]=33168(span=1,weighted=0,key=-1) [1336]=33060(span=1,weighted=0,key=-1)
 [1337]=33042(span=1,weighted=0,key=-1) [1338]=30869(span=1,weighted=0,key=-1)
 [1339]=29879(span=1,weighted=0,key=-1) [1340]=28981(span=1,weighted=0,key=-1)
 [1341]=27925(span=1,weighted=0,key=-1) [1342]=27690(span=1,weighted=0,key=-1)
 [1343]=27578(span=1,weighted=0,key=-1) [1344]=27308(span=1,weighted=0,key=-1)
 [1345]=26355(span=1,weighted=0,key=-1) [1346]=24454(span=1,weighted=0,key=-1)
 [1347]=23947(span=1,weighted=0,key=-1) [1348]=22099(span=1,weighted=0,key=-1)
 [1349]=21842(span=1,weighted=0,key=-1) [1350]=21764(span=1,weighted=0,key=-1)
 [1351]=20422(span=1,weighted=0,key=-1) [1352]=20182(span=1,weighted=0,key=-1)
 [1353]=19823(span=1,weighted=0,key=-1) [1354]=18954(span=1,weighted=0,key=-1)
 [1355]=18627(span=1,weighted=0,key=-1) [1356]=16897(span=1,weighted=0,key=-1)
 [1357]=16678(span=1,weighted=0,key=-1) [1358]=16223(span=1,weighted=0,key=-1)
 [1359]=12717(span=1,weighted=0,key=-1) [1360]=11200(span=1,weighted=0,key=-1)
 [1361]=35097(span=1,weighted=0,key=-1) [1362]=36192(span=1,weighted=0,key=-1)
 [1363]=88273(span=1,weighted=0,key=-1) [1364]=84023(span=1,weighted=0,key=-1)
 [1365]=81064(span=1,weighted=0,key=-1) [1366]=79211(span=1,weighted=0,key=-1)
 [1367]=76921(span=1,weighted=0,key=-1) [1368]=73876(span=1,weighted=0,key=-1)
 [1369]=70735(span=1,weighted=0,key=-1) [1370]=69575(span=1,weighted=0,key=-1)
 [1371]=68897(span=1,weighted=0,key=-1) [1372]=66656(span=1,weighted=0,key=-1)
 [1373]=66049(span=1,weighted=0,key=-1) [1374]=63767(span=1,weighted=0,key=-1)
 [1375]=61707(span=1,weighted=0,key=-1) [1376]=56514(span=1,weighted=0,key=-1)
 [1377]=54834(span=1,weighted=0,key=-1) [1378]=53777(span=1,weighted=0,key=-1)
 [1379]=51429(span=1,weighted=0,key=-1) [1380]=49861(span=1,weighted=0,key=-1)
 [1381]=45333(span=1,weighted=0,key=-1) [1382]=45273(span=1,weighted=0,key=-1)
 [1383]=43764(span=1,weighted=0,key=-1) [1384]=43526(span=1,weighted=0,key=-1)
 [1385]=40377(span=1,weighted=0,key=-1) [1386]=40057(span=1,weighted=0,key=-1)
 [1387]=39041(span=1,weighted=0,key=-1) [1388]=38775(span=1,weighted=0,key=-1)
 [1389]=36820(span=1,weighted=0,key=-1) [1390]=36671(span=1,weighted=0,key=-1)
 [1391]=36200(span=1,weighted=0,key=-1) [1392]=190171(span=1,weighted=0,key=-1)
 [1393]=192830(span=1,weighted=0,key=-1)
 [1394]=369392(span=1,weighted=0,key=-1)
 [1395]=365789(span=1,weighted=0,key=-1)
 [1396]=365019(span=1,weighted=0,key=-1)
 [1397]=364693(span=1,weighted=0,key=-1)
 [1398]=363298(span=1,weighted=0,key=-1)
 [1399]=362120(span=1,weighted=0,key=-1)
 [1400]=360973(span=1,weighted=0,key=-1)
 [1401]=359855(span=1,weighted=0,key=-1)
 [1402]=358131(span=1,weighted=0,key=-1)
 [1403]=356705(span=1,weighted=0,key=-1)
 [1404]=354599(span=1,weighted=0,key=-1)
 [1405]=353433(span=1,weighted=0,key=-1)
 [1406]=351278(span=1,weighted=0,key=-1)
 [1407]=350546(span=1,weighted=0,key=-1)
 [1408]=349895(span=1,weighted=0,key=-1)
 [1409]=342353(span=1,weighted=0,key=-1)
 [1410]=341346(span=1,weighted=0,key=-1)
 [1411]=339640(span=1,weighted=0,key=-1)
 [1412]=337266(span=1,weighted=0,key=-1)
 [1413]=336672(span=1,weighted=0,key=-1)
 [1414]=332033(span=1,weighted=0,key=-1)
 [1415]=330546(span=1,weighted=0,key=-1)
 [1416]=330298(span=1,weighted=0,key=-1)
 [1417]=329188(span=1,weighted=0,key=-1)
 [1418]=323286(span=1,weighted=0,key=-1)
 [1419]=321236(span=1,weighted=0,key=-1)
 [1420]=318335(span=1,weighted=0,key=-1)
 [1421]=310827(span=1,weighted=0,key=-1)
 [1422]=310811(span=1,weighted=0,key=-1)
 [1423]=369578(span=1,weighted=0,key=-1)
 [1424]=369898(span=1,weighted=0,key=-1)
 [1425]=421936(span=1,weighted=0,key=-1)
 [1426]=420645(span=1,weighted=0,key=-1)
 [1427]=417085(span=1,weighted=0,key=-1)
 [1428]=414964(span=1,weighted=0,key=-1)
 [1429]=412308(span=1,weighted=0,key=-1)
 [1430]=412197(span=1,weighted=0,key=-1)
 [1431]=412182(span=1,weighted=0,key=-1)
 [1432]=409981(span=1,weighted=0,key=-1)
 [1433]=409882(span=1,weighted=0,key=-1)
 [1434]=409686(span=1,weighted=0,key=-1)
 [1435]=406540(span=1,weighted=0,key=-1)
 [1436]=404830(span=1,weighted=0,key=-1)
 [1437]=401589(span=1,weighted=0,key=-1)
 [1438]=400734(span=1,weighted=0,key=-1)
 [1439]=400185(span=1,weighted=0,key=-1)
 [1440]=394859(span=1,weighted=0,key=-1)
 [1441]=394373(span=1,weighted=0,key=-1)
 [1442]=387391(span=1,weighted=0,key=-1)
 [1443]=383098(span=1,weighted=0,key=-1)
 [1444]=383052(span=1,weighted=0,key=-1)
 [1445]=382197(span=1,weighted=0,key=-1)
 [1446]=379902(span=1,weighted=0,key=-1)
 [1447]=377375(span=1,weighted=0,key=-1)
 [1448]=377018(span=1,weighted=0,key=-1)
 [1449]=376505(span=1,weighted=0,key=-1)
 [1450]=375607(span=1,weighted=0,key=-1)
 [1451]=372539(span=1,weighted=0,key=-1)
 [1452]=371350(span=1,weighted=0,key=-1)
 [1453]=370328(span=1,weighted=0,key=-1)
 [1454]=310167(span=1,weighted=0,key=-1)
 [1455]=309219(span=1,weighted=0,key=-1)
 [1456]=247517(span=1,weighted=0,key=-1)
 [1457]=243442(span=1,weighted=0,key=-1)
 [1458]=243248(span=1,weighted=0,key=-1)
 [1459]=241763(span=1,weighted=0,key=-1)
 [1460]=239565(span=1,weighted=0,key=-1)
 [1461]=237770(span=1,weighted=0,key=-1)
 [1462]=233161(span=1,weighted=0,key=-1)
 [1463]=232051(span=1,weighted=0,key=-1)
 [1464]=231180(span=1,weighted=0,key=-1)
 [1465]=229627(span=1,weighted=0,key=-1)
 [1466]=227813(span=1,weighted=0,key=-1)
 [1467]=225258(span=1,weighted=0,key=-1)
 [1468]=217826(span=1,weighted=0,key=-1)
 [1469]=217677(span=1,weighted=0,key=-1)
 [1470]=217060(span=1,weighted=0,key=-1)
 [1471]=215467(span=1,weighted=0,key=-1)
 [1472]=215325(span=1,weighted=0,key=-1)
 [1473]=214858(span=1,weighted=0,key=-1)
 [1474]=214658(span=1,weighted=0,key=-1)
 [1475]=213662(span=1,weighted=0,key=-1)
 [1476]=213234(span=1,weighted=0,key=-1)
 [1477]=211390(span=1,weighted=0,key=-1)
 [1478]=207531(span=1,weighted=0,key=-1)
 [1479]=207490(span=1,weighted=0,key=-1)
 [1480]=202207(span=1,weighted=0,key=-1)
 [1481]=201089(span=1,weighted=0,key=-1)
 [1482]=200015(span=1,weighted=0,key=-1)
 [1483]=199394(span=1,weighted=0,key=-1)
 [1484]=198944(span=1,weighted=0,key=-1)
 [1485]=252210(span=1,weighted=0,key=-1)
 [1486]=257430(span=1,weighted=0,key=-1)
 [1487]=308097(span=1,weighted=0,key=-1)
 [1488]=303813(span=1,weighted=0,key=-1)
 [1489]=302722(span=1,weighted=0,key=-1)
 [1490]=301094(span=1,weighted=0,key=-1)
 [1491]=297273(span=1,weighted=0,key=-1)
 [1492]=296878(span=1,weighted=0,key=-1)
 [1493]=295787(span=1,weighted=0,key=-1)
 [1494]=295300(span=1,weighted=0,key=-1)
 [1495]=293731(span=1,weighted=0,key=-1)
 [1496]=292667(span=1,weighted=0,key=-1)
 [1497]=291475(span=1,weighted=0,key=-1)
 [1498]=291457(span=1,weighted=0,key=-1)
 [1499]=290882(span=1,weighted=0,key=-1)
 [1500]=289220(span=1,weighted=0,key=-1)
 [1501]=286960(span=1,weighted=0,key=-1)
 [1502]=285179(span=1,weighted=0,key=-1)
 [1503]=282254(span=1,weighted=0,key=-1)
 [1504]=281487(span=1,weighted=0,key=-1)
 [1505]=280268(span=1,weighted=0,key=-1)
 [1506]=277021(span=1,weighted=0,key=-1)
 [1507]=276340(span=1,weighted=0,key=-1)
 [1508]=271183(span=1,weighted=0,key=-1)
 [1509]=269897(span=1,weighted=0,key=-1)
 [1510]=269617(span=1,weighted=0,key=-1)
 [1511]=268907(span=1,weighted=0,key=-1)
 [1512]=267577(span=1,weighted=0,key=-1)
 [1513]=262857(span=1,weighted=0,key=-1)
 [1514]=258744(span=1,weighted=0,key=-1)
 [1515]=257694(span=1,weighted=0,key=-1)
 [1516]=160877(span=1,weighted=0,key=-1)
 [1517]=162078(span=1,weighted=0,key=-1)
 [1518]=737483(span=1,weighted=0,key=-1)
 [1519]=734881(span=1,weighted=0,key=-1)
 [1520]=721031(span=1,weighted=0,key=-1)
 [1521]=721009(span=1,weighted=0,key=-1)
 [1522]=720165(span=1,weighted=0,key=-1)
 [1523]=718839(span=1,weighted=0,key=-1)
 [1524]=715983(span=1,weighted=0,key=-1)
 [1525]=715918(span=1,weighted=0,key=-1)
 [1526]=715810(span=1,weighted=0,key=-1)
 [1527]=715252(span=1,weighted=0,key=-1)
 [1528]=713522(span=1,weighted=0,key=-1)
 [1529]=711537(span=1,weighted=0,key=-1)
 [1530]=708585(span=1,weighted=0,key=-1)
 [1531]=707816(span=1,weighted=0,key=-1)
 [1532]=706085(span=1,weighted=0,key=-1)
 [1533]=701881(span=1,weighted=0,key=-1)
 [1534]=699847(span=1,weighted=0,key=-1)
 [1535]=699818(span=1,weighted=0,key=-1)
 [1536]=699650(span=1,weighted=0,key=-1)
 [1537]=698782(span=1,weighted=0,key=-1)
 [1538]=698720(span=1,weighted=0,key=-1)
 [1539]=697916(span=1,weighted=0,key=-1)
 [1540]=697488(span=1,weighted=0,key=-1)
 [1541]=696518(span=1,weighted=0,key=-1)
 [1542]=696468(span=1,weighted=0,key=-1)
 [1543]=696313(span=1,weighted=0,key=-1)
 [1544]=694198(span=1,weighted=0,key=-1)
 [1545]=690236(span=1,weighted=0,key=-1)
 [1546]=690178(span=1,weighted=0,key=-1)
 [1547]=689953(span=1,weighted=0,key=-1)
 [1548]=739894(span=1,weighted=0,key=-1)
 [1549]=739898(span=1,weighted=0,key=-1)
 [1550]=690723(span=1,weighted=0,key=-1)
 [1551]=675996(span=1,weighted=0,key=-1)
 [1552]=636497(span=1,weighted=0,key=-1)
 [1553]=636301(span=1,weighted=0,key=-1)
 [1554]=623277(span=1,weighted=0,key=-1)
 [1555]=599405(span=1,weighted=0,key=-1)
 [1556]=598242(span=1,weighted=0,key=-1)
 [1557]=580504(span=1,weighted=0,key=-1)
 [1558]=506861(span=1,weighted=0,key=-1)
 [1559]=503538(span=1,weighted=0,key=-1)
 [1560]=481086(span=1,weighted=0,key=-1)
 [1561]=480697(span=1,weighted=0,key=-1)
 [1562]=469606(span=1,weighted=0,key=-1)
 [1563]=450486(span=1,weighted=0,key=-1)
 [1564]=387609(span=1,weighted=0,key=-1)
 [1565]=384084(span=1,weighted=0,key=-1)
 [1566]=370027(span=1,weighted=0,key=-1)
 [1567]=349352(span=1,weighted=0,key=-1)
 [1568]=332712(span=1,weighted=0,key=-1)
 [1569]=282068(span=1,weighted=0,key=-1)
 [1570]=150652(span=1,weighted=0,key=-1)
 [1571]=115629(span=1,weighted=0,key=-1) [1572]=91749(span=1,weighted=0,key=-1)
 [1573]=80760(span=1,weighted=0,key=-1) [1574]=26433(span=1,weighted=0,key=-1)
 [1575]=23295(span=1,weighted=0,key=-1) [1576]=769786(span=1,weighted=0,key=-1)
 [1577]=768062(span=1,weighted=0,key=-1)
 [1578]=742568(span=1,weighted=0,key=-1)
 [1579]=689793(span=1,weighted=0,key=-1)
 [1580]=688371(span=1,weighted=0,key=-1)
 [1581]=626183(span=1,weighted=0,key=-1)
 [1582]=625478(span=1,weighted=0,key=-1)
 [1583]=622212(span=1,weighted=0,key=-1)
 [1584]=621665(span=1,weighted=0,key=-1)
 [1585]=616753(span=1,weighted=0,key=-1)
 [1586]=616102(span=1,weighted=0,key=-1)
 [1587]=615313(span=1,weighted=0,key=-1)
 [1588]=614643(span=1,weighted=0,key=-1)
 [1589]=612636(span=1,weighted=0,key=-1)
 [1590]=612034(span=1,weighted=0,key=-1)
 [1591]=611016(span=1,weighted=0,key=-1)
 [1592]=607768(span=1,weighted=0,key=-1)
 [1593]=607411(span=1,weighted=0,key=-1)
 [1594]=607340(span=1,weighted=0,key=-1)
 [1595]=604769(span=1,weighted=0,key=-1)
 [1596]=604548(span=1,weighted=0,key=-1)
 [1597]=604541(span=1,weighted=0,key=-1)
 [1598]=602544(span=1,weighted=0,key=-1)
 [1599]=600529(span=1,weighted=0,key=-1)
 [1600]=596206(span=1,weighted=0,key=-1)
 [1601]=594842(span=1,weighted=0,key=-1)
 [1602]=594777(span=1,weighted=0,key=-1)
 [1603]=592248(span=1,weighted=0,key=-1)
 [1604]=591237(span=1,weighted=0,key=-1)
 [1605]=583024(span=1,weighted=0,key=-1)
 [1606]=582264(span=1,weighted=0,key=-1)
 [1607]=582255(span=1,weighted=0,key=-1)
 [1608]=577976(span=1,weighted=0,key=-1)
 [1609]=576828(span=1,weighted=0,key=-1)
 [1610]=629240(span=1,weighted=0,key=-1)
 [1611]=630958(span=1,weighted=0,key=-1)
 [1612]=687864(span=1,weighted=0,key=-1)
 [1613]=687382(span=1,weighted=0,key=-1)
 [1614]=680463(span=1,weighted=0,key=-1)
 [1615]=679231(span=1,weighted=0,key=-1)
 [1616]=677079(span=1,weighted=0,key=-1)
 [1617]=677008(span=1,weighted=0,key=-1)
 [1618]=669595(span=1,weighted=0,key=-1)
 [1619]=668129(span=1,weighted=0,key=-1)
 [1620]=664612(span=1,weighted=0,key=-1)
 [1621]=662540(span=1,weighted=0,key=-1)
 [1622]=662200(span=1,weighted=0,key=-1)
 [1623]=660966(span=1,weighted=0,key=-1)
 [1624]=659868(span=1,weighted=0,key=-1)
 [1625]=658748(span=1,weighted=0,key=-1)
 [1626]=658719(span=1,weighted=0,key=-1)
 [1627]=656320(span=1,weighted=0,key=-1)
 [1628]=646748(span=1,weighted=0,key=-1)
 [1629]=642264(span=1,weighted=0,key=-1)
 [1630]=641944(span=1,weighted=0,key=-1)
 [1631]=641624(span=1,weighted=0,key=-1)
 [1632]=640152(span=1,weighted=0,key=-1)
 [1633]=639895(span=1,weighted=0,key=-1)
 [1634]=637571(span=1,weighted=0,key=-1)
 [1635]=637401(span=1,weighted=0,key=-1)
 [1636]=636873(span=1,weighted=0,key=-1)
 [1637]=634794(span=1,weighted=0,key=-1)
 [1638]=633816(span=1,weighted=0,key=-1)
 [1639]=632749(span=1,weighted=0,key=-1)
 [1640]=632003(span=1,weighted=0,key=-1) [1641]=12565(span=1,weighted=0,key=-1)
 [1642]=77358(span=1,weighted=0,key=-1) [1643]=87598(span=1,weighted=0,key=-1)
 [1644]=86957(span=1,weighted=0,key=-1) [1645]=84204(span=1,weighted=0,key=-1)
 [1646]=81672(span=1,weighted=0,key=-1) [1647]=78470(span=1,weighted=0,key=-1)
 [1648]=77725(span=1,weighted=0,key=-1) [1649]=76794(span=1,weighted=0,key=-1)
 [1650]=74851(span=1,weighted=0,key=-1) [1651]=72864(span=1,weighted=0,key=-1)
 [1652]=72149(span=1,weighted=0,key=-1) [1653]=70070(span=1,weighted=0,key=-1)
 [1654]=69472(span=1,weighted=0,key=-1) [1655]=66374(span=1,weighted=0,key=-1)
 [1656]=64812(span=1,weighted=0,key=-1) [1657]=62605(span=1,weighted=0,key=-1)
 [1658]=61296(span=1,weighted=0,key=-1) [1659]=60246(span=1,weighted=0,key=-1)
 [1660]=57787(span=1,weighted=0,key=-1) [1661]=56767(span=1,weighted=0,key=-1)
 [1662]=52738(span=1,weighted=0,key=-1) [1663]=51816(span=1,weighted=0,key=-1)
 [1664]=51649(span=1,weighted=0,key=-1) [1665]=51445(span=1,weighted=0,key=-1)
 [1666]=50944(span=1,weighted=0,key=-1) [1667]=50419(span=1,weighted=0,key=-1)
 [1668]=49560(span=1,weighted=0,key=-1) [1669]=48205(span=1,weighted=0,key=-1)
 [1670]=46085(span=1,weighted=0,key=-1) [1671]=44990(span=1,weighted=0,key=-1)
 [1672]=87977(span=1,weighted=0,key=-1) [1673]=90767(span=1,weighted=0,key=-1)
 [1674]=157998(span=1,weighted=0,key=-1)
 [1675]=153127(span=1,weighted=0,key=-1)
 [1676]=150308(span=1,weighted=0,key=-1)
 [1677]=145805(span=1,weighted=0,key=-1)
 [1678]=143537(span=1,weighted=0,key=-1)
 [1679]=141316(span=1,weighted=0,key=-1)
 [1680]=139715(span=1,weighted=0,key=-1)
 [1681]=137298(span=1,weighted=0,key=-1)
 [1682]=131166(span=1,weighted=0,key=-1)
 [1683]=130236(span=1,weighted=0,key=-1)
 [1684]=128462(span=1,weighted=0,key=-1)
 [1685]=128438(span=1,weighted=0,key=-1)
 [1686]=126329(span=1,weighted=0,key=-1)
 [1687]=125771(span=1,weighted=0,key=-1)
 [1688]=124700(span=1,weighted=0,key=-1)
 [1689]=123998(span=1,weighted=0,key=-1)
 [1690]=119491(span=1,weighted=0,key=-1)
 [1691]=115745(span=1,weighted=0,key=-1)
 [1692]=115717(span=1,weighted=0,key=-1)
 [1693]=112600(span=1,weighted=0,key=-1)
 [1694]=111045(span=1,weighted=0,key=-1)
 [1695]=110420(span=1,weighted=0,key=-1)
 [1696]=110287(span=1,weighted=0,key=-1)
 [1697]=109296(span=1,weighted=0,key=-1)
 [1698]=103644(span=1,weighted=0,key=-1)
 [1699]=102767(span=1,weighted=0,key=-1)
 [1700]=100435(span=1,weighted=0,key=-1) [1701]=98941(span=1,weighted=0,key=-1)
 [1702]=97645(span=1,weighted=0,key=-1) [1703]=40882(span=1,weighted=0,key=-1)
 [1704]=40773(span=1,weighted=0,key=-1) [1705]=510799(span=1,weighted=0,key=-1)
 [1706]=461863(span=1,weighted=0,key=-1)
 [1707]=460829(span=1,weighted=0,key=-1)
 [1708]=459019(span=1,weighted=0,key=-1)
 [1709]=448888(span=1,weighted=0,key=-1)
 [1710]=416730(span=1,weighted=0,key=-1)
 [1711]=410811(span=1,weighted=0,key=-1)
 [1712]=394305(span=1,weighted=0,key=-1)
 [1713]=392056(span=1,weighted=0,key=-1)
 [1714]=384546(span=1,weighted=0,key=-1)
 [1715]=347172(span=1,weighted=0,key=-1)
 [1716]=341224(span=1,weighted=0,key=-1)
 [1717]=336419(span=1,weighted=0,key=-1)
 [1718]=331090(span=1,weighted=0,key=-1)
 [1719]=329505(span=1,weighted=0,key=-1)
 [1720]=317784(span=1,weighted=0,key=-1)
 [1721]=299202(span=1,weighted=0,key=-1)
 [1722]=271827(span=1,weighted=0,key=-1)
 [1723]=237392(span=1,weighted=0,key=-1)
 [1724]=226219(span=1,weighted=0,key=-1)
 [1725]=219068(span=1,weighted=0,key=-1)
 [1726]=205667(span=1,weighted=0,key=-1)
 [1727]=195793(span=1,weighted=0,key=-1)
 [1728]=173162(span=1,weighted=0,key=-1)
 [1729]=172966(span=1,weighted=0,key=-1)
 [1730]=162423(span=1,weighted=0,key=-1)
 [1731]=145299(span=1,weighted=0,key=-1)
 [1732]=123881(span=1,weighted=0,key=-1)
 [1733]=104539(span=1,weighted=0,key=-1)
 [1734]=512602(span=1,weighted=0,key=-1)
 [1735]=540333(span=1,weighted=0,key=-1) [1736]=33301(span=1,weighted=0,key=-1)
 [1737]=28840(span=1,weighted=0,key=-1) [1738]=27234(span=1,weighted=0,key=-1)
 [1739]=26993(span=1,weighted=0,key=-1) [1740]=24308(span=1,weighted=0,key=-1)
 [1741]=22633(span=1,weighted=0,key=-1) [1742]=20937(span=1,weighted=0,key=-1)
 [1743]=20888(span=1,weighted=0,key=-1) [1744]=19296(span=1,weighted=0,key=-1)
 [1745]=18672(span=1,weighted=0,key=-1) [1746]=18599(span=1,weighted=0,key=-1)
 [1747]=18076(span=1,weighted=0,key=-1) [1748]=17881(span=1,weighted=0,key=-1)
 [1749]=17433(span=1,weighted=0,key=-1) [1750]=16200(span=1,weighted=0,key=-1)
 [1751]=15663(span=1,weighted=0,key=-1) [1752]=1161(span=1,weighted=0,key=-1)
 [1753]=313(span=1,weighted=0,key=-1) [1754]=763526(span=1,weighted=0,key=-1)
 [1755]=741217(span=1,weighted=0,key=-1)
 [1756]=712614(span=1,weighted=0,key=-1)
 [1757]=710996(span=1,weighted=0,key=-1)
 [1758]=681746(span=1,weighted=0,key=-1)
 [1759]=668539(span=1,weighted=0,key=-1)
 [1760]=626665(span=1,weighted=0,key=-1)
 [1761]=612699(span=1,weighted=0,key=-1)
 [1762]=553784(span=1,weighted=0,key=-1)
 [1763]=553447(span=1,weighted=0,key=-1)
 [1764]=552759(span=1,weighted=0,key=-1)
 [1765]=573054(span=1,weighted=0,key=-1)
 [1766]=571541(span=1,weighted=0,key=-1)
 [1767]=327305(span=1,weighted=0,key=-1)
 [1768]=325527(span=1,weighted=0,key=-1)
 [1769]=324584(span=1,weighted=0,key=-1)
 [1770]=320642(span=1,weighted=0,key=-1)
 [1771]=320521(span=1,weighted=0,key=-1)
 [1772]=319020(span=1,weighted=0,key=-1)
 [1773]=318595(span=1,weighted=0,key=-1)
 [1774]=318421(span=1,weighted=0,key=-1)
 [1775]=310036(span=1,weighted=0,key=-1)
 [1776]=309439(span=1,weighted=0,key=-1)
 [1777]=307754(span=1,weighted=0,key=-1)
 [1778]=307742(span=1,weighted=0,key=-1)
 [1779]=306368(span=1,weighted=0,key=-1)
 [1780]=305713(span=1,weighted=0,key=-1)
 [1781]=303501(span=1,weighted=0,key=-1)
 [1782]=299327(span=1,weighted=0,key=-1)
 [1783]=296014(span=1,weighted=0,key=-1)
 [1784]=295528(span=1,weighted=0,key=-1)
 [1785]=294665(span=1,weighted=0,key=-1)
 [1786]=294515(span=1,weighted=0,key=-1)
 [1787]=293901(span=1,weighted=0,key=-1)
 [1788]=293035(span=1,weighted=0,key=-1)
 [1789]=292290(span=1,weighted=0,key=-1)
 [1790]=291686(span=1,weighted=0,key=-1)
 [1791]=281321(span=1,weighted=0,key=-1)
 [1792]=281158(span=1,weighted=0,key=-1)
 [1793]=279672(span=1,weighted=0,key=-1)
 [1794]=278680(span=1,weighted=0,key=-1)
 [1795]=277498(span=1,weighted=0,key=-1)
 [1796]=273151(span=1,weighted=0,key=-1)
 [1797]=327786(span=1,weighted=0,key=-1)
 [1798]=328980(span=1,weighted=0,key=-1)
 [1799]=380126(span=1,weighted=0,key=-1)
 [1800]=379484(span=1,weighted=0,key=-1)
 [1801]=379445(span=1,weighted=0,key=-1)
 [1802]=375737(span=1,weighted=0,key=-1)
 [1803]=374842(span=1,weighted=0,key=-1)
 [1804]=372604(span=1,weighted=0,key=-1)
 [1805]=372256(span=1,weighted=0,key=-1)
 [1806]=365757(span=1,weighted=0,key=-1)
 [1807]=365035(span=1,weighted=0,key=-1)
 [1808]=364962(span=1,weighted=0,key=-1)
 [1809]=363846(span=1,weighted=0,key=-1)
 [1810]=363324(span=1,weighted=0,key=-1)
 [1811]=360823(span=1,weighted=0,key=-1)
 [1812]=358777(span=1,weighted=0,key=-1)
 [1813]=355868(span=1,weighted=0,key=-1)
 [1814]=353609(span=1,weighted=0,key=-1)
 [1815]=351723(span=1,weighted=0,key=-1)
 [1816]=350459(span=1,weighted=0,key=-1)
 [1817]=348118(span=1,weighted=0,key=-1)
 [1818]=346471(span=1,weighted=0,key=-1)
 [1819]=345864(span=1,weighted=0,key=-1)
 [1820]=344613(span=1,weighted=0,key=-1)
 [1821]=344099(span=1,weighted=0,key=-1)
 [1822]=342487(span=1,weighted=0,key=-1)
 [1823]=340042(span=1,weighted=0,key=-1)
 [1824]=337303(span=1,weighted=0,key=-1)
 [1825]=336282(span=1,weighted=0,key=-1)
 [1826]=335947(span=1,weighted=0,key=-1)
 [1827]=331600(span=1,weighted=0,key=-1)
 [1828]=272705(span=1,weighted=0,key=-1)
 [1829]=271172(span=1,weighted=0,key=-1)
 [1830]=211810(span=1,weighted=0,key=-1)
 [1831]=210832(span=1,weighted=0,key=-1)
 [1832]=210755(span=1,weighted=0,key=-1)
 [1833]=209170(span=1,weighted=0,key=-1)
 [1834]=208531(span=1,weighted=0,key=-1)
 [1835]=207163(span=1,weighted=0,key=-1)
 [1836]=206086(span=1,weighted=0,key=-1)
 [1837]=205153(span=1,weighted=0,key=-1)
 [1838]=203257(span=1,weighted=0,key=-1)
 [1839]=200207(span=1,weighted=0,key=-1)
 [1840]=198770(span=1,weighted=0,key=-1)
 [1841]=195548(span=1,weighted=0,key=-1)
 [1842]=193661(span=1,weighted=0,key=-1)
 [1843]=190676(span=1,weighted=0,key=-1)
 [1844]=189899(span=1,weighted=0,key=-1)
 [1845]=183601(span=1,weighted=0,key=-1)
 [1846]=183210(span=1,weighted=0,key=-1)
 [1847]=182295(span=1,weighted=0,key=-1)
 [1848]=180884(span=1,weighted=0,key=-1)
 [1849]=179480(span=1,weighted=0,key=-1)
 [1850]=176152(span=1,weighted=0,key=-1)
 [1851]=174534(span=1,weighted=0,key=-1)
 [1852]=173778(span=1,weighted=0,key=-1)
 [1853]=172741(span=1,weighted=0,key=-1)
 [1854]=168540(span=1,weighted=0,key=-1)
 [1855]=167974(span=1,weighted=0,key=-1)
 [1856]=167034(span=1,weighted=0,key=-1)
 [1857]=166051(span=1,weighted=0,key=-1)
 [1858]=164946(span=1,weighted=0,key=-1)
 [1859]=213635(span=1,weighted=0,key=-1)
 [1860]=219310(span=1,weighted=0,key=-1)
 [1861]=269004(span=1,weighted=0,key=-1)
 [1862]=267970(span=1,weighted=0,key=-1)
 [1863]=265889(span=1,weighted=0,key=-1)
 [1864]=264465(span=1,weighted=0,key=-1)
 [1865]=262549(span=1,weighted=0,key=-1)
 [1866]=262354(span=1,weighted=0,key=-1)
 [1867]=261767(span=1,weighted=0,key=-1)
 [1868]=257039(span=1,weighted=0,key=-1)
 [1869]=255494(span=1,weighted=0,key=-1)
 [1870]=252621(span=1,weighted=0,key=-1)
 [1871]=252269(span=1,weighted=0,key=-1)
 [1872]=250392(span=1,weighted=0,key=-1)
 [1873]=240476(span=1,weighted=0,key=-1)
 [1874]=237137(span=1,weighted=0,key=-1)
 [1875]=236946(span=1,weighted=0,key=-1)
 [1876]=236142(span=1,weighted=0,key=-1)
 [1877]=234177(span=1,weighted=0,key=-1)
 [1878]=233663(span=1,weighted=0,key=-1)
 [1879]=232752(span=1,weighted=0,key=-1)
 [1880]=232649(span=1,weighted=0,key=-1)
 [1881]=231591(span=1,weighted=0,key=-1)
 [1882]=230197(span=1,weighted=0,key=-1)
 [1883]=228584(span=1,weighted=0,key=-1)
 [1884]=226094(span=1,weighted=0,key=-1)
 [1885]=225533(span=1,weighted=0,key=-1)
 [1886]=224238(span=1,weighted=0,key=-1)
 [1887]=224036(span=1,weighted=0,key=-1)
 [1888]=222374(span=1,weighted=0,key=-1)
 [1889]=221161(span=1,weighted=0,key=-1)
 [1890]=380300(span=1,weighted=0,key=-1)
 [1891]=381097(span=1,weighted=0,key=-1)
 [1892]=500518(span=1,weighted=0,key=-1)
 [1893]=500224(span=1,weighted=0,key=-1)
 [1894]=498788(span=1,weighted=0,key=-1)
 [1895]=497097(span=1,weighted=0,key=-1)
 [1896]=495362(span=1,weighted=0,key=-1)
 [1897]=494230(span=1,weighted=0,key=-1)
 [1898]=492659(span=1,weighted=0,key=-1)
 [1899]=491488(span=1,weighted=0,key=-1)
 [1900]=491466(span=1,weighted=0,key=-1)
 [1901]=490543(span=1,weighted=0,key=-1)
 [1902]=488125(span=1,weighted=0,key=-1)
 [1903]=487681(span=1,weighted=0,key=-1)
 [1904]=487418(span=1,weighted=0,key=-1)
 [1905]=486266(span=1,weighted=0,key=-1)
 [1906]=485541(span=1,weighted=0,key=-1)
 [1907]=483852(span=1,weighted=0,key=-1)
 [1908]=483294(span=1,weighted=0,key=-1)
 [1909]=483099(span=1,weighted=0,key=-1)
 [1910]=482311(span=1,weighted=0,key=-1)
 [1911]=481143(span=1,weighted=0,key=-1)
 [1912]=481009(span=1,weighted=0,key=-1)
 [1913]=480972(span=1,weighted=0,key=-1)
 [1914]=480909(span=1,weighted=0,key=-1)
 [1915]=479686(span=1,weighted=0,key=-1)
 [1916]=478503(span=1,weighted=0,key=-1)
 [1917]=476509(span=1,weighted=0,key=-1)
 [1918]=475939(span=1,weighted=0,key=-1)
 [1919]=473334(span=1,weighted=0,key=-1)
 [1920]=472762(span=1,weighted=0,key=-1)
 [1921]=500625(span=1,weighted=0,key=-1)
 [1922]=505402(span=1,weighted=0,key=-1)
 [1923]=569171(span=1,weighted=0,key=-1)
 [1924]=568020(span=1,weighted=0,key=-1)
 [1925]=565387(span=1,weighted=0,key=-1)
 [1926]=564748(span=1,weighted=0,key=-1)
 [1927]=563709(span=1,weighted=0,key=-1)
 [1928]=561204(span=1,weighted=0,key=-1)
 [1929]=558995(span=1,weighted=0,key=-1)
 [1930]=555672(span=1,weighted=0,key=-1)
 [1931]=551201(span=1,weighted=0,key=-1)
 [1932]=548269(span=1,weighted=0,key=-1)
 [1933]=548226(span=1,weighted=0,key=-1)
 [1934]=547410(span=1,weighted=0,key=-1)
 [1935]=547301(span=1,weighted=0,key=-1)
 [1936]=546488(span=1,weighted=0,key=-1)
 [1937]=543606(span=1,weighted=0,key=-1)
 [1938]=543345(span=1,weighted=0,key=-1)
 [1939]=543316(span=1,weighted=0,key=-1)
 [1940]=539206(span=1,weighted=0,key=-1)
 [1941]=538754(span=1,weighted=0,key=-1)
 [1942]=537975(span=1,weighted=0,key=-1)
 [1943]=537754(span=1,weighted=0,key=-1)
 [1944]=536337(span=1,weighted=0,key=-1)
 [1945]=531264(span=1,weighted=0,key=-1)
 [1946]=529475(span=1,weighted=0,key=-1)
 [1947]=518511(span=1,weighted=0,key=-1)
 [1948]=518293(span=1,weighted=0,key=-1)
 [1949]=516848(span=1,weighted=0,key=-1)
 [1950]=513343(span=1,weighted=0,key=-1)
 [1951]=508059(span=1,weighted=0,key=-1)
 [1952]=465591(span=1,weighted=0,key=-1)
 [1953]=464600(span=1,weighted=0,key=-1)
 [1954]=431411(span=1,weighted=0,key=-1)
 [1955]=430734(span=1,weighted=0,key=-1)
 [1956]=427983(span=1,weighted=0,key=-1)
 [1957]=427337(span=1,weighted=0,key=-1)
 [1958]=426454(span=1,weighted=0,key=-1)
 [1959]=423932(span=1,weighted=0,key=-1)
 [1960]=419493(span=1,weighted=0,key=-1)
 [1961]=417958(span=1,weighted=0,key=-1)
 [1962]=414989(span=1,weighted=0,key=-1)
 [1963]=413312(span=1,weighted=0,key=-1)
 [1964]=413003(span=1,weighted=0,key=-1)
 [1965]=412186(span=1,weighted=0,key=-1)
 [1966]=411563(span=1,weighted=0,key=-1)
 [1967]=410860(span=1,weighted=0,key=-1)
 [1968]=410242(span=1,weighted=0,key=-1)
 [1969]=409987(span=1,weighted=0,key=-1)
 [1970]=407291(span=1,weighted=0,key=-1)
 [1971]=405538(span=1,weighted=0,key=-1)
 [1972]=403373(span=1,weighted=0,key=-1)
 [1973]=397345(span=1,weighted=0,key=-1)
 [1974]=394098(span=1,weighted=0,key=-1)
 [1975]=393739(span=1,weighted=0,key=-1)
 [1976]=393247(span=1,weighted=0,key=-1)
 [1977]=389158(span=1,weighted=0,key=-1)
 [1978]=386674(span=1,weighted=0,key=-1)
 [1979]=386134(span=1,weighted=0,key=-1)
 [1980]=383001(span=1,weighted=0,key=-1)
 [1981]=382140(span=1,weighted=0,key=-1)
 [1982]=381300(span=1,weighted=0,key=-1)
 [1983]=432674(span=1,weighted=0,key=-1)
 [1984]=433327(span=1,weighted=0,key=-1)
 [1985]=464371(span=1,weighted=0,key=-1)
 [1986]=464304(span=1,weighted=0,key=-1)
 [1987]=464049(span=1,weighted=0,key=-1)
 [1988]=462202(span=1,weighted=0,key=-1)
 [1989]=462046(span=1,weighted=0,key=-1)
 [1990]=456968(span=1,weighted=0,key=-1)
 [1991]=456745(span=1,weighted=0,key=-1)
 [1992]=456648(span=1,weighted=0,key=-1)
 [1993]=456343(span=1,weighted=0,key=-1)
 [1994]=455555(span=1,weighted=0,key=-1)
 [1995]=454626(span=1,weighted=0,key=-1)
 [1996]=453260(span=1,weighted=0,key=-1)
 [1997]=452588(span=1,weighted=0,key=-1)
 [1998]=452559(span=1,weighted=0,key=-1)
 [1999]=452263(span=1,weighted=0,key=-1)
 [2000]=450731(span=1,weighted=0,key=-1)
 [2001]=450080(span=1,weighted=0,key=-1)
 [2002]=448813(span=1,weighted=0,key=-1)
 [2003]=448469(span=1,weighted=0,key=-1)
 [2004]=446705(span=1,weighted=0,key=-1)
 [2005]=446473(span=1,weighted=0,key=-1)
 [2006]=446452(span=1,weighted=0,key=-1)
 [2007]=446165(span=1,weighted=0,key=-1)
 [2008]=445231(span=1,weighted=0,key=-1)
 [2009]=444251(span=1,weighted=0,key=-1)
 [2010]=440392(span=1,weighted=0,key=-1)
 [2011]=437020(span=1,weighted=0,key=-1)
 [2012]=436297(span=1,weighted=0,key=-1)
 [2013]=435174(span=1,weighted=0,key=-1)
 [2014]=769919(span=1,weighted=0,key=-1)
Temporary breakpoint 21 at 0x100248d6
BRIDGET_TRANSITION context=5 count=30 units: 391444 235069 658665 272930 685648
 393724 593351 51401 44629 13625 10136 6294 422609 18838 45660 117387 129205
 144735 273125 282081 310587 366261 607237 370120 511715 662267 216724 581961
 602465 576411
BRIDGET_CANDIDATE_LIST position=6 count=84 [0]=732549(span=2,weighted=0,key=-2)
 [1]=734601(span=2,weighted=0,key=-2) [2]=734011(span=2,weighted=0,key=-2)
 [3]=733259(span=2,weighted=0,key=-2) [4]=733178(span=2,weighted=0,key=-2)
 [5]=39073(span=2,weighted=0,key=-2) [6]=732087(span=2,weighted=0,key=-2)
 [7]=732348(span=2,weighted=0,key=-2) [8]=732452(span=2,weighted=0,key=-2)
 [9]=732928(span=2,weighted=0,key=-2) [10]=732825(span=2,weighted=0,key=-2)
 [11]=732858(span=2,weighted=0,key=-2) [12]=732888(span=2,weighted=0,key=-2)
 [13]=114249(span=1,weighted=0,key=-1) [14]=58459(span=1,weighted=0,key=-1)
 [15]=588842(span=1,weighted=0,key=-1) [16]=685649(span=1,weighted=0,key=-1)
 [17]=172967(span=1,weighted=0,key=-1) [18]=126628(span=1,weighted=0,key=-1)
 [19]=103454(span=1,weighted=0,key=-1) [20]=135749(span=1,weighted=0,key=-1)
 [21]=148073(span=1,weighted=0,key=-1) [22]=570192(span=1,weighted=0,key=-1)
 [23]=524480(span=1,weighted=0,key=-1) [24]=369307(span=1,weighted=0,key=-1)
 [25]=262550(span=1,weighted=0,key=-1) [26]=123882(span=1,weighted=0,key=-1)
 [27]=264466(span=1,weighted=0,key=-1) [28]=173163(span=1,weighted=0,key=-1)
 [29]=695461(span=1,weighted=0,key=-1) [30]=569755(span=1,weighted=0,key=-1)
 [31]=439610(span=1,weighted=0,key=-1) [32]=399614(span=1,weighted=0,key=-1)
 [33]=360188(span=1,weighted=0,key=-1) [34]=348927(span=1,weighted=0,key=-1)
 [35]=337088(span=1,weighted=0,key=-1) [36]=321266(span=1,weighted=0,key=-1)
 [37]=278929(span=1,weighted=0,key=-1) [38]=256436(span=1,weighted=0,key=-1)
 [39]=252169(span=1,weighted=0,key=-1) [40]=214398(span=1,weighted=0,key=-1)
 [41]=686033(span=1,weighted=0,key=-1) [42]=671605(span=1,weighted=0,key=-1)
 [43]=329506(span=1,weighted=0,key=-1) [44]=327322(span=1,weighted=0,key=-1)
 [45]=318336(span=1,weighted=0,key=-1) [46]=260973(span=1,weighted=0,key=-1)
 [47]=238826(span=1,weighted=0,key=-1) [48]=235070(span=1,weighted=0,key=-1)
 [49]=226220(span=1,weighted=0,key=-1) [50]=219069(span=1,weighted=0,key=-1)
 [51]=199129(span=1,weighted=0,key=-1) [52]=182714(span=1,weighted=0,key=-1)
 [53]=174752(span=1,weighted=0,key=-1) [54]=167648(span=1,weighted=0,key=-1)
 [55]=167436(span=1,weighted=0,key=-1) [56]=126330(span=1,weighted=0,key=-1)
 [57]=99574(span=1,weighted=0,key=-1) [58]=97501(span=1,weighted=0,key=-1)
 [59]=91750(span=1,weighted=0,key=-1) [60]=88227(span=1,weighted=0,key=-1)
 [61]=61986(span=1,weighted=0,key=-1) [62]=332713(span=1,weighted=0,key=-1)
 [63]=349353(span=1,weighted=0,key=-1) [64]=658666(span=1,weighted=0,key=-1)
 [65]=651882(span=1,weighted=0,key=-1) [66]=651831(span=1,weighted=0,key=-1)
 [67]=636498(span=1,weighted=0,key=-1) [68]=636302(span=1,weighted=0,key=-1)
 [69]=625545(span=1,weighted=0,key=-1) [70]=599406(span=1,weighted=0,key=-1)
 [71]=563433(span=1,weighted=0,key=-1) [72]=553785(span=1,weighted=0,key=-1)
 [73]=553448(span=1,weighted=0,key=-1) [74]=537914(span=1,weighted=0,key=-1)
 [75]=535587(span=1,weighted=0,key=-1) [76]=510800(span=1,weighted=0,key=-1)
 [77]=506323(span=1,weighted=0,key=-1) [78]=459020(span=1,weighted=0,key=-1)
 [79]=458086(span=1,weighted=0,key=-1) [80]=406541(span=1,weighted=0,key=-1)
 [81]=357134(span=1,weighted=0,key=-1) [82]=350547(span=1,weighted=0,key=-1)
 [83]=677009(span=1,weighted=0,key=-1)
Temporary breakpoint 22 at 0x100248d6
BRIDGET_TRANSITION context=6 count=30 units: 732549 734601 734011 733259 733178
 39073 732087 732348 732452 732928 732825 732858 732888 262550 126628 369307
 103454 172967 570192 173163 524480 685649 264466 588842 677009 226220 97501
 58459 327322 126330
BRIDGET_CANDIDATE_LIST position=7 count=46 [0]=732549(span=2,weighted=0,key=-2)
 [1]=732888(span=2,weighted=0,key=-2) [2]=732858(span=2,weighted=0,key=-2)
 [3]=732825(span=2,weighted=0,key=-2) [4]=733178(span=2,weighted=0,key=-2)
 [5]=732452(span=2,weighted=0,key=-2) [6]=732348(span=2,weighted=0,key=-2)
 [7]=732087(span=2,weighted=0,key=-2) [8]=39073(span=2,weighted=0,key=-2)
 [9]=733259(span=2,weighted=0,key=-2) [10]=734011(span=2,weighted=0,key=-2)
 [11]=734601(span=2,weighted=0,key=-2) [12]=732928(span=2,weighted=0,key=-2)
 [13]=731601(span=1,weighted=0,key=-1) [14]=586322(span=1,weighted=0,key=-1)
 [15]=735052(span=1,weighted=0,key=-1) [16]=735976(span=1,weighted=0,key=-1)
 [17]=736331(span=1,weighted=0,key=-1) [18]=737518(span=1,weighted=0,key=-1)
 [19]=735119(span=1,weighted=0,key=-1) [20]=22376(span=1,weighted=0,key=-1)
 [21]=732090(span=1,weighted=0,key=-1) [22]=732211(span=1,weighted=0,key=-1)
 [23]=732501(span=1,weighted=0,key=-1) [24]=733184(span=1,weighted=0,key=-1)
 [25]=733229(span=1,weighted=0,key=-1) [26]=736377(span=1,weighted=0,key=-1)
 [27]=624431(span=1,weighted=0,key=-1) [28]=461732(span=1,weighted=0,key=-1)
 [29]=732339(span=1,weighted=0,key=-1) [30]=732867(span=1,weighted=0,key=-1)
 [31]=733868(span=1,weighted=0,key=-1) [32]=731437(span=1,weighted=0,key=-1)
 [33]=732066(span=1,weighted=0,key=-1) [34]=733002(span=1,weighted=0,key=-1)
 [35]=733562(span=1,weighted=0,key=-1) [36]=735268(span=1,weighted=0,key=-1)
 [37]=15261(span=1,weighted=0,key=-1) [38]=731670(span=1,weighted=0,key=-1)
 [39]=733570(span=1,weighted=0,key=-1) [40]=733907(span=1,weighted=0,key=-1)
 [41]=735022(span=1,weighted=0,key=-1) [42]=735131(span=1,weighted=0,key=-1)
 [43]=735859(span=1,weighted=0,key=-1) [44]=737177(span=1,weighted=0,key=-1)
 [45]=736885(span=1,weighted=0,key=-1)
Temporary breakpoint 23 at 0x100248d6
BRIDGET_TRANSITION context=7 count=30 units: 732549 732888 732858 732825 733178
 732452 732348 732087 39073 733259 734011 734601 732928 586322 461732 15261
 624431 22376 733562 735022 733184 733570 735268 732066 737177 733868 733907
 735859 731670 732211
BRIDGET_SELECTED_UNIT_HARDWARE n=1 id=718258
BRIDGET_SELECTED_UNIT_HARDWARE n=2 id=106109
BRIDGET_SELECTED_UNIT_HARDWARE n=3 id=260196
BRIDGET_SELECTED_UNIT_HARDWARE n=4 id=260196
BRIDGET_SELECTED_UNIT_HARDWARE n=5 id=576411
BRIDGET_SELECTED_UNIT_HARDWARE n=6 id=576411
BRIDGET_SELECTED_UNIT_HARDWARE n=7 id=39073
BRIDGET_SELECTED_UNIT_HARDWARE n=8 id=39073
BRIDGET_SELECTED_UNIT_HARDWARE n=9 id=106109
BRIDGET_SELECTED_UNIT_HARDWARE n=10 id=718258
[Inferior 1 (Remote target) exited normally]
Wine-gdb> 0118:011c: create process 'Z:\samples\voicetext_kate.exe'/00000000 @004014C0 (450560<1847>)
0118:011c: create thread I @004014C0
0118:011c: loads DLL C:\windows\system32\ntdll.dll @7BD10000 (2994176<5095>)
0118:011c: loads DLL C:\windows\system32\kernel32.dll @7BB90000 (1466368<19395>)
0118:011c: loads DLL C:\windows\system32\kernelbase.dll @7B650000 (5410816<14148>)
0118:011c: loads DLL C:\windows\system32\msvcrt.dll @7B2A0000 (2715648<8214>)
0118:011c: loads DLL Z:\samples\vt_kat.dll @10000000 (0<0>)
0118:011c: loads DLL C:\windows\system32\WINMM.dll @78CF0000 (1474560<4890>)
0118:011c: loads DLL C:\windows\system32\advapi32.dll @7B550000 (958464<7400>)
0118:011c: loads DLL C:\windows\system32\sechost.dll @7B200000 (565248<3163>)
0118:011c: loads DLL C:\windows\system32\ucrtbase.dll @7AEE0000 (3198976<11541>)
0118:011c: loads DLL C:\windows\system32\msacm32.dll @78C70000 (413696<1982>)
0118:011c: loads DLL C:\windows\system32\user32.dll @7A160000 (5005312<14159>)
0118:011c: loads DLL Z:\samples\zlib1.dll @7A120000 (135680<0>)
0118:011c: loads DLL C:\windows\system32\gdi32.dll @7A640000 (2355200<7390>)
0118:011c: loads DLL C:\windows\system32\win32u.dll @7A0D0000 (221184<1966>)
0118:011c: loads DLL C:\windows\system32\ole32.dll @7A9F0000 (4440064<14323>)
0118:011c: loads DLL C:\windows\system32\combase.dll @7A890000 (1314816<7562>)
0118:011c: loads DLL C:\windows\system32\rpcrt4.dll @79EA0000 (2162688<9274>)
0118:011c: loads DLL C:\windows\system32\coml2.dll @79E40000 (262144<3883>)
0118:011c: loads DLL C:\windows\system32\iphlpapi.dll @779C0000 (487424<4777>)
0118:011c: loads DLL C:\windows\system32\dnsapi.dll @77970000 (258048<1399>)
0118:011c: loads DLL C:\windows\system32\nsi.dll @77940000 (118784<823>)
0118:011c: loads DLL C:\windows\system32\ws2_32.dll @7AE40000 (565248<2279>)
0118:011c: loads DLL C:\windows\system32\tzres.dll @009C0000 (0<0>)
00000118:0000011c: unload DLL @009C0000
0118:011c: loads DLL C:\windows\system32\tzres.dll @009C0000 (0<0>)
00000118:0000011c: unload DLL @009C0000
0118:011c: loads DLL C:\windows\system32\imm32.dll @782F0000 (401408<2996>)
0118:011c: loads DLL C:\windows\system32\winex11.drv @780F0000 (307200<4314>)
0118:011c: loads DLL C:\windows\system32\uxtheme.dll @77FB0000 (671744<3646>)
00000118:0000011c: exit process (0)
X connection to :99 broken (explicit kill or server shutdown).
X connection to :99 broken (explicit kill or server shutdown).
