GNU gdb (Ubuntu 15.1-1ubuntu1~24.04.1) 15.1
Copyright (C) 2024 Free Software Foundation, Inc.
License GPLv3+: GNU GPL version 3 or later <http://gnu.org/licenses/gpl.html>
This is free software: you are free to change and redistribute it.
There is NO WARRANTY, to the extent permitted by law.
Type "show copying" and "show warranty" for details.
This GDB was configured as "x86_64-linux-gnu".
Type "show configuration" for configuration details.
For bug reporting instructions, please see:
<https://www.gnu.org/software/gdb/bugs/>.
Find the GDB manual and other documentation resources online at:
    <http://www.gnu.org/software/gdb/documentation/>.

For help, type "help".
Type "apropos word" to search for commands related to "word".
warning: remote target does not support file transfer, attempting to access files from local filesystem.
Reading symbols from /samples/voicetext_kate.exe...
0x7bd64525 in DbgBreakPoint@0 ()
   from /usr/lib/i386-linux-gnu/wine/i386-windows/ntdll.dll
Wine-gdb> Wine-gdb> Wine-gdb> Wine-gdb> Signal        Stop	Print	Pass to program	Description
SIGSEGV       No	No	Yes		Segmentation fault
Wine-gdb> Wine-gdb> Wine-gdb> Wine-gdb> Hardware assisted breakpoint 1 at 0x10023dc0
Wine-gdb> >>>>>>>>>>> > > > > >>>Wine-gdb> Wine-gdb> Breakpoint 2 at 0x100235f6
Wine-gdb> >>>>>>> > > > >>>>Wine-gdb> Wine-gdb> Hardware assisted breakpoint 3 at 0x10018c80
Wine-gdb> >>>>>>> > > > > >  >  >  > > > >>>Wine-gdb> Wine-gdb> Hardware assisted breakpoint 4 at 0x1001b200
Wine-gdb> >>>>>Wine-gdb> Wine-gdb> Breakpoint 5 at 0x10023c81
Wine-gdb> >>>>>>> > > >>>>Wine-gdb> Wine-gdb> Hardware assisted breakpoint 6 at 0x408187
Wine-gdb> >>>>Wine-gdb> Wine-gdb> Continuing.
Temporary breakpoint 7 at 0x1001896a
BRIDGET_2013_QUERY call=1 signature=5a,5a,22,17,2b,a0,00 key=5a,22,17,a0,00 count=0
Temporary breakpoint 8 at 0x10018a45
BRIDGET_2013_QUERY call=2 signature=61,61,22,17,2b,98,00 key=5a,22,17,98,00 count=0
BRIDGET_RELAXED_CLASS_INPUT limit=10 mode=1 count=668 ids: 1713 1709 1690 1684
 1682 1680 1698 1710 1694 1714 1688 1705 1703 1700 1691 1715 1699 1683 1681
 1692 1695 1711 1685 1687 1697 1716 1689 1707 1701 1704 4266 4279 4276 4263
 4294 4291 4282 4264 4292 4272 4277 4269 4267 4295 4283 4288 4275 4278 4265
 4274 4293 4281 4271 4270 4268 4285 4297 4287 4284 4290 5787 5765 5781 5791
 5785 5793 5773 5759 5788 5792 5772 5771 5766 5783 5795 5794 5796 5774 5779
 5778 5789 5760 5784 5769 5767 5780 5776 5790 5761 5768 5777 5762 5764 25139
 25136 25134 25122 25146 25138 25144 25142 25116 25143 25137 25124 25130 25127
 25140 25147 25148 25145 25131 25135 25133 25128 25125 25132 25117 25118 25120
 6742 6762 6769 6748 6767 6743 6758 6754
BRIDGET_RELAXED_CLASS_INPUT limit=30 mode=1 count=10 ids: 11169 17504 25134
 26271 31887 31899 31909 34190 34962 41468
BRIDGET_RELAXED_CLASS_INPUT limit=10 mode=2 count=99 ids: 11156 4266 31893
 28106 59244 39901 41467 40570 11169 17504 26271 25134 31909 34962 34190 41468
 31894 6751 17493 26266 25127 34951 34189 39146 31910 6758 17505 31895 5769
 25128 39147 1682 7718 43745 17495 31898 60936 4267 11158 29885 36941 49966
 34954 38183 56169 28107 57169 21945 58153 54060 40571 42041 23947 39902 43750
 6759 1690 11171 26272 17506 31911 43751 7719 60939 4272 38185 49970 34963
 29887 36944 56172 21949 52091 58156 54068 28109 24597 57172 42043 39905 27077
 34191 40573 11159 36942 56170 54062 1691 11173 49971 54070 56174 21951 31896
 34952 1683 4268 1692 4274
BRIDGET_RELAXED_CLASS_INPUT limit=10 mode=2 count=99 ids: 11156 4266 31893
 28106 59244 39901 41467 40570 11169 17504 26271 25134 31909 34962 34190 41468
 31894 6751 17493 26266 25127 34951 34189 39146 31910 6758 17505 31895 5769
 25128 39147 1682 7718 43745 17495 31898 60936 4267 11158 29885 36941 49966
 34954 38183 56169 28107 57169 21945 58153 54060 40571 42041 23947 39902 43750
 6759 1690 11171 26272 17506 31911 43751 7719 60939 4272 38185 49970 34963
 29887 36944 56172 21949 52091 58156 54068 28109 24597 57172 42043 39905 27077
 34191 40573 11159 36942 56170 54062 1691 11173 49971 54070 56174 21951 31896
 34952 1683 4268 1692 4274
BRIDGET_RELAXED_CLASS_INPUT limit=30 mode=2 count=11 ids: 1692 4274 24597 27077
 28109 39905 42043 52091 54068 57172 58156
Temporary breakpoint 9 at 0x1001896a
BRIDGET_2013_QUERY call=3 signature=5a,22,17,2b,30,20,00 key=22,17,2b,20,00 count=0
Temporary breakpoint 10 at 0x10018a45
BRIDGET_2013_QUERY call=4 signature=5a,22,17,2b,30,18,00 key=22,17,2b,18,00 count=0
Temporary breakpoint 11 at 0x10018a45
BRIDGET_2013_QUERY call=5 signature=5a,22,17,2b,30,10,00 key=22,17,2b,10,00 count=0
Temporary breakpoint 12 at 0x10018a45
BRIDGET_2013_QUERY call=6 signature=5a,22,17,2b,30,08,00 key=22,17,2b,08,00 count=0
BRIDGET_RELAXED_CLASS_INPUT limit=10 mode=1 count=22 ids: 10210 10208 10207
 43372 16841 60283 60257 60250 60252 60271 60277 60265 60263 60273 60260 60268
 60262 60254 60280 27799 27800 23793
BRIDGET_RELAXED_CLASS_INPUT limit=30 mode=1 count=10 ids: 10210 27799 27800
 60254 60260 60262 60263 60268 60273 60280
BRIDGET_RELAXED_CLASS_INPUT limit=10 mode=2 count=22 ids: 60252 60250 27799
 10207 60254 16841 27800 60257 10208 60260 60268 10210 60271 60273 60262 60283
 60265 43372 60277 23793 60280 60263
BRIDGET_RELAXED_CLASS_INPUT limit=30 mode=2 count=10 ids: 23793 43372 60252
 60262 60265 60271 60273 60277 60280 60283
Temporary breakpoint 13 at 0x1001896a
BRIDGET_2013_QUERY call=7 signature=22,17,2b,30,42,00,00 key=17,2b,2f,00,00 count=0
Temporary breakpoint 14 at 0x10018a45
BRIDGET_2013_QUERY call=8 signature=22,17,2b,30,42,08,00 key=17,2b,2f,08,00 count=0
BRIDGET_RELAXED_CLASS_INPUT limit=10 mode=1 count=382 ids: 4394 4391 4396 4397
 4399 11795 11860 11881 11797 11862 11883 11799 11749 11671 11801 11865 11751
 11886 11672 11803 11753 44014 44002 44016 44065 44102 44117 44049 44099 44037
 44004 44068 44006 44070 44119 44121 11673 11838 11806 11774 11792 11868 11726
 11889 11675 11808 11776 11713 11700 11840 11870 11762 11891 11728 11756 11857
 11832 11741 11782 11842 11744 11810 11715 11778 11702 11764 11893 11758 11730
 11834 11812 11704 11844 11873 11766 11895 11731 11677 11845 11814 11706 11875
 11767 11897 11732 11679 11816 11717 11899 44072 44091 44018 44103 44122 44074
 44052 44042 44105 44100 44054 44044 44039 44077 44108 44110 44031 44080 11682
 11847 11819 11684 11821 11708 11848 11901 11823 11720 11747 11850 11790 11859
 44112 44094 44046 44023 44059 11686 11688
BRIDGET_RELAXED_CLASS_INPUT limit=10 mode=1 count=382 ids: 4394 4391 4396 4397
 4399 11795 11860 11881 11797 11862 11883 11799 11749 11671 11801 11865 11751
 11886 11672 11803 11753 44014 44002 44016 44065 44102 44117 44049 44099 44037
 44004 44068 44006 44070 44119 44121 11673 11838 11806 11774 11792 11868 11726
 11889 11675 11808 11776 11713 11700 11840 11870 11762 11891 11728 11756 11857
 11832 11741 11782 11842 11744 11810 11715 11778 11702 11764 11893 11758 11730
 11834 11812 11704 11844 11873 11766 11895 11731 11677 11845 11814 11706 11875
 11767 11897 11732 11679 11816 11717 11899 44072 44091 44018 44103 44122 44074
 44052 44042 44105 44100 44054 44044 44039 44077 44108 44110 44031 44080 11682
 11847 11819 11684 11821 11708 11848 11901 11823 11720 11747 11850 11790 11859
 44112 44094 44046 44023 44059 11686 11688
BRIDGET_RELAXED_CLASS_INPUT limit=30 mode=1 count=20 ids: 11795 11803 11808
 11810 11812 11814 18048 18054 18056 18060 18068 32188 44014 44065 44072 44077
 61288 61363 61379 61381
BRIDGET_RELAXED_CLASS_INPUT limit=10 mode=2 count=4 ids: 18048 61363 32188
 11795
BRIDGET_RELAXED_CLASS_INPUT limit=10 mode=6684674 count=10 ids: 18048 61363
 32188 11795 50332 38347 37074 54395 52251 47507
BRIDGET_RELAXED_CLASS_INPUT limit=10 mode=2 count=12 ids: 18048 61363 32188
 11795 50332 38347 37074 54395 52251 47507 50352 44083
BRIDGET_RELAXED_CLASS_INPUT limit=30 mode=2 count=11 ids: 11795 18048 32188
 37074 38347 44083 47507 50332 52251 54395 61363
Temporary breakpoint 15 at 0x1001896a
BRIDGET_2013_QUERY call=9 signature=17,2b,30,42,1b,41,00 key=2b,30,42,41,00 count=0
Temporary breakpoint 16 at 0x10018a45
BRIDGET_2013_QUERY call=10 signature=17,2b,30,42,1b,00,00 key=2b,30,42,00,00 count=0
Temporary breakpoint 17 at 0x10018a45
BRIDGET_2013_QUERY call=11 signature=17,2b,30,42,1b,42,00 key=2b,30,42,42,00 count=0
Temporary breakpoint 18 at 0x10018a45
BRIDGET_2013_QUERY call=12 signature=17,2b,30,42,1b,49,00 key=2b,30,42,49,00 count=0
Temporary breakpoint 19 at 0x10018a45
BRIDGET_2013_QUERY call=13 signature=17,2b,30,42,1b,08,00 key=2b,30,42,08,00 count=0
Temporary breakpoint 20 at 0x10018a45
BRIDGET_2013_QUERY call=14 signature=17,2b,30,42,1b,4a,00 key=2b,30,42,4a,00 count=0
BRIDGET_RELAXED_CLASS_INPUT limit=10 mode=1 count=4 ids: 35273 35302 35277
 35263
BRIDGET_RELAXED_CLASS_INPUT limit=10 mode=1 count=2 ids: 35300 35276
BRIDGET_RELAXED_CLASS_INPUT limit=10 mode=1 count=50 ids: 35255 35229 35265
 35219 35300 35276 35243 35292 35211 35293 35279 35267 35256 35241 35236 35230
 35221 35273 35302 35277 35263 35304 35298 35260 35245 35289 35285 35283 35252
 35213 35281 35269 35215 35224 35217 35249 35232 35296 35270 35257 35238 35235
 35226 35274 35290 35287 35284 35259 35240 35228
BRIDGET_RELAXED_CLASS_INPUT limit=10 mode=1 count=10 ids: 35296 35270 35257
 35238 35235 35226 35274 35290 35287 35284
BRIDGET_RELAXED_CLASS_INPUT limit=10 mode=1 count=10 ids: 35296 35270 35257
 35238 35235 35226 35274 35290 35287 35284
BRIDGET_RELAXED_CLASS_INPUT limit=10 mode=1 count=50 ids: 35255 35229 35265
 35219 35300 35276 35243 35292 35211 35293 35279 35267 35256 35241 35236 35230
 35221 35273 35302 35277 35263 35304 35298 35260 35245 35289 35285 35283 35252
 35213 35281 35269 35215 35224 35217 35249 35232 35296 35270 35257 35238 35235
 35226 35274 35290 35287 35284 35259 35240 35228
BRIDGET_RELAXED_CLASS_INPUT limit=30 mode=1 count=17 ids: 35226 35235 35238
 35257 35263 35269 35270 35273 35274 35276 35277 35284 35287 35290 35296 35300
 35302
BRIDGET_RELAXED_CLASS_INPUT limit=10 mode=2 count=182 ids: 25312 32511 5919
 12359 6880 32512 12360 4634 44376 18573 5920 25314 35263 58398 41569 40799
 32528 44388 12380 5929 18585 4644 50620 39993 59292 25335 12382 32530 44390
 35273 27142 41576 40811 12383 40812 2408 18586 61588 7814 44391 26477 12385
 4646 50621 38472 37173 30072 35274 22574 57350 52361 58407 56373 54667 28501
 41577 42187 40813 62923 2409 18588 44393 12387 54669 2410 4647 44394 12388
 18590 30073 50623 28502 32532 12389 32533 12390 12391 32534 18591 44396 2412
 32536 61589 26479 4649 44397 25337 12392 18592 5930 30074 38473 50624 35276
 56738 28503 52362 56374 22576 24666 54670 58409 59105 39279 24206 42189 41578
 40815 33966 27144 18594 12394 57352 12395 44399 5931 6884 25338 32538 25340
 6885 12396 18595 4650 44400 35277 58411 57353
BRIDGET_RELAXED_CLASS_INPUT limit=10 mode=2 count=182 ids: 25312 32511 5919
 12359 6880 32512 12360 4634 44376 18573 5920 25314 35263 58398 41569 40799
 32528 44388 12380 5929 18585 4644 50620 39993 59292 25335 12382 32530 44390
 35273 27142 41576 40811 12383 40812 2408 18586 61588 7814 44391 26477 12385
 4646 50621 38472 37173 30072 35274 22574 57350 52361 58407 56373 54667 28501
 41577 42187 40813 62923 2409 18588 44393 12387 54669 2410 4647 44394 12388
 18590 30073 50623 28502 32532 12389 32533 12390 12391 32534 18591 44396 2412
 32536 61589 26479 4649 44397 25337 12392 18592 5930 30074 38473 50624 35276
 56738 28503 52362 56374 22576 24666 54670 58409 59105 39279 24206 42189 41578
 40815 33966 27144 18594 12394 57352 12395 44399 5931 6884 25338 32538 25340
 6885 12396 18595 4650 44400 35277 58411 57353
BRIDGET_RELAXED_CLASS_INPUT limit=10 mode=2 count=182 ids: 25312 32511 5919
 12359 6880 32512 12360 4634 44376 18573 5920 25314 35263 58398 41569 40799
 32528 44388 12380 5929 18585 4644 50620 39993 59292 25335 12382 32530 44390
 35273 27142 41576 40811 12383 40812 2408 18586 61588 7814 44391 26477 12385
 4646 50621 38472 37173 30072 35274 22574 57350 52361 58407 56373 54667 28501
 41577 42187 40813 62923 2409 18588 44393 12387 54669 2410 4647 44394 12388
 18590 30073 50623 28502 32532 12389 32533 12390 12391 32534 18591 44396 2412
 32536 61589 26479 4649 44397 25337 12392 18592 5930 30074 38473 50624 35276
 56738 28503 52362 56374 22576 24666 54670 58409 59105 39279 24206 42189 41578
 40815 33966 27144 18594 12394 57352 12395 44399 5931 6884 25338 32538 25340
 6885 12396 18595 4650 44400 35277 58411 57353
BRIDGET_RELAXED_CLASS_INPUT limit=10 mode=2 count=182 ids: 25312 32511 5919
 12359 6880 32512 12360 4634 44376 18573 5920 25314 35263 58398 41569 40799
 32528 44388 12380 5929 18585 4644 50620 39993 59292 25335 12382 32530 44390
 35273 27142 41576 40811 12383 40812 2408 18586 61588 7814 44391 26477 12385
 4646 50621 38472 37173 30072 35274 22574 57350 52361 58407 56373 54667 28501
 41577 42187 40813 62923 2409 18588 44393 12387 54669 2410 4647 44394 12388
 18590 30073 50623 28502 32532 12389 32533 12390 12391 32534 18591 44396 2412
 32536 61589 26479 4649 44397 25337 12392 18592 5930 30074 38473 50624 35276
 56738 28503 52362 56374 22576 24666 54670 58409 59105 39279 24206 42189 41578
 40815 33966 27144 18594 12394 57352 12395 44399 5931 6884 25338 32538 25340
 6885 12396 18595 4650 44400 35277 58411 57353
BRIDGET_RELAXED_CLASS_INPUT limit=30 mode=2 count=25 ids: 4678 6885 12390 22576
 24666 25376 30074 32533 32570 35263 35273 35276 35277 35300 35302 36108 38473
 40811 40828 41576 44430 50620 50624 54670 56374
Temporary breakpoint 21 at 0x1001896a
BRIDGET_2013_QUERY call=15 signature=2b,30,42,1b,2b,88,00 key=0d,42,07,88,00 count=0
Temporary breakpoint 22 at 0x10018a45
BRIDGET_2013_QUERY call=16 signature=2b,30,42,1b,2b,00,00 key=0d,42,07,00,00 count=0
Temporary breakpoint 23 at 0x10018a45
BRIDGET_2013_QUERY call=17 signature=2b,30,42,1b,2b,90,00 key=0d,42,07,90,00 count=0
BRIDGET_RELAXED_CLASS_INPUT limit=10 mode=1 count=31736 ids: 8 16 12 17 10 2 0
 6 4 19 3692 3702 3665 3690 3701 3693 3712 3675 3704 3671 3666 3683 3716 3691
 3708 3718 3676 3686 3707 3679 3698 3709 3694 3715 3688 3668 3663 3673 3684
 3696 3674 3681 5539 5545 5580 5593 5577 5597 5553 5590 5536 5551 5582 5559
 5541 5566 5594 5546 5575 5578 5601 5564 5558 5555 5604 5599 5562 5592 5573
 5585 5588 5557 5570 5547 5560 5568 5571 5589 5537 5549 24855 24877 24886 24898
 24865 24862 24888 24871 24864 24896 24879 24857 24884 24875 24901 24899 24873
 24902 24867 24882 24893 24891 24869 24895 24859 24853 6559 6538 6556 6540 6564
 6553 6560 6550 6545 6543 6552 6558 6565 6551 6546 6549 6566 6562 6547 6555
 6541 6536
BRIDGET_RELAXED_CLASS_INPUT limit=30 mode=1 count=10 ids: 8201 8663 8882 8884
 9089 9839 9990 10124 10354 10360
BRIDGET_RELAXED_CLASS_INPUT limit=10 mode=2 count=31736 ids: 59361 30609 5536
 8174 34300 38880 24853 42488 15119 7458 30610 5537 8175 25951 6536 3663 59362
 36177 34301 29265 20627 56687 24434 56670 24452 57673 56845 27012 40256 41776
 38881 3665 15121 7460 42490 5539 8177 6538 25953 24855 30612 34303 48659 29267
 36032 59046 57675 51660 38883 41379 41778 33904 27014 40258 30633 48675 59364
 25955 6540 3666 8179 7462 5541 30614 42492 24857 15123 29268 36179 34305 56847
 24454 56671 57677 59047 20629 38884 33906 34136 41380 59172 23407 41779 40259
 42504 15145 59377 30634 8203 29284 34318 20644 24464 57689 34139 38894 24859
 30616 8181 59366 15125 24456 57679 20630 40261 59369 15129 8185 48661 29271
 36184 20634 52870 56849 15146 34319 41784 48676 8183 15127 6541 3668 30618
 36182 34308 20632 40263 0
BRIDGET_RELAXED_CLASS_INPUT limit=30 mode=2 count=10 ids: 5695 9837 9987 15139
 16476 16641 26136 30628 31372 43147
Temporary breakpoint 24 at 0x1001896a
BRIDGET_2013_QUERY call=18 signature=30,42,1b,2b,15,0d,00 key=0d,1b,2b,0d,00 count=0
Temporary breakpoint 25 at 0x10018a45
BRIDGET_2013_QUERY call=19 signature=30,42,1b,2b,15,05,00 key=0d,1b,2b,05,00 count=0
Temporary breakpoint 26 at 0x10018a45
BRIDGET_2013_QUERY call=20 signature=30,42,1b,2b,15,15,00 key=0d,1b,2b,15,00 count=0
BRIDGET_RELAXED_CLASS_INPUT limit=10 mode=1 count=5 ids: 10498 10499 10503
 10505 10507
BRIDGET_RELAXED_CLASS_INPUT limit=10 mode=6684673 count=20 ids: 10498 10499
 10503 10505 10507 17070 17066 17060 17068 17061 17069 17074 17076 60465 60475
 60479 60466 60476 60480 60468
BRIDGET_RELAXED_CLASS_INPUT limit=10 mode=1 count=5 ids: 10498 10499 10503
 10505 10507
BRIDGET_RELAXED_CLASS_INPUT limit=10 mode=6684673 count=5 ids: 10498 10499
 10503 10505 10507
BRIDGET_RELAXED_CLASS_INPUT limit=10 mode=6684673 count=5 ids: 10498 10499
 10503 10505 10507
BRIDGET_RELAXED_CLASS_INPUT limit=10 mode=6684673 count=20 ids: 10498 10499
 10503 10505 10507 17070 17066 17060 17068 17061 17069 17074 17076 60465 60475
 60479 60466 60476 60480 60468
BRIDGET_RELAXED_CLASS_INPUT limit=10 mode=1 count=5 ids: 10498 10499 10503
 10505 10507
BRIDGET_RELAXED_CLASS_INPUT limit=10 mode=6684673 count=20 ids: 10498 10499
 10503 10505 10507 17070 17066 17060 17068 17061 17069 17074 17076 60465 60475
 60479 60466 60476 60480 60468
BRIDGET_RELAXED_CLASS_INPUT limit=30 mode=1 count=12 ids: 10498 10499 10503
 10505 10507 17066 17068 17069 17074 60468 60475 60476
BRIDGET_RELAXED_CLASS_INPUT limit=10 mode=2 count=7 ids: 36812 17066 17068
 17069 10499 60475 60476
BRIDGET_RELAXED_CLASS_INPUT limit=10 mode=2 count=7 ids: 36812 17066 17068
 17069 10499 60475 60476
BRIDGET_RELAXED_CLASS_INPUT limit=10 mode=2 count=7 ids: 36812 17066 17068
 17069 10499 60475 60476
BRIDGET_RELAXED_CLASS_INPUT limit=30 mode=2 count=7 ids: 10499 17066 17068
 17069 36812 60475 60476
Temporary breakpoint 27 at 0x1001896a
BRIDGET_2013_QUERY call=21 signature=42,1b,2b,15,5a,05,00 key=1a,2b,15,05,00 count=0
Temporary breakpoint 28 at 0x10018a45
BRIDGET_2013_QUERY call=22 signature=42,1b,2b,15,5a,0d,00 key=1a,2b,15,0d,00 count=0
BRIDGET_RELAXED_CLASS_INPUT limit=10 mode=1 count=1 ids: 26315
BRIDGET_RELAXED_CLASS_INPUT limit=10 mode=6684673 count=382 ids: 4394 4391 4396
 4397 4399 11795 11860 11881 11797 11862 11883 11799 11749 11671 11801 11865
 11751 11886 11672 11803 11753 44014 44002 44016 44065 44102 44117 44049 44099
 44037 44004 44068 44006 44070 44119 44121 11673 11838 11806 11774 11792 11868
 11726 11889 11675 11808 11776 11713 11700 11840 11870 11762 11891 11728 11756
 11857 11832 11741 11782 11842 11744 11810 11715 11778 11702 11764 11893 11758
 11730 11834 11812 11704 11844 11873 11766 11895 11731 11677 11845 11814 11706
 11875 11767 11897 11732 11679 11816 11717 11899 44072 44091 44018 44103 44122
 44074 44052 44042 44105 44100 44054 44044 44039 44077 44108 44110 44031 44080
 11682 11847 11819 11684 11821 11708 11848 11901 11823 11720 11747 11850 11790
 11859 44112 44094 44046 44023 44059 11686 11688
BRIDGET_RELAXED_CLASS_INPUT limit=10 mode=1 count=1 ids: 26315
BRIDGET_RELAXED_CLASS_INPUT limit=10 mode=6684673 count=382 ids: 4394 4391 4396
 4397 4399 11795 11860 11881 11797 11862 11883 11799 11749 11671 11801 11865
 11751 11886 11672 11803 11753 44014 44002 44016 44065 44102 44117 44049 44099
 44037 44004 44068 44006 44070 44119 44121 11673 11838 11806 11774 11792 11868
 11726 11889 11675 11808 11776 11713 11700 11840 11870 11762 11891 11728 11756
 11857 11832 11741 11782 11842 11744 11810 11715 11778 11702 11764 11893 11758
 11730 11834 11812 11704 11844 11873 11766 11895 11731 11677 11845 11814 11706
 11875 11767 11897 11732 11679 11816 11717 11899 44072 44091 44018 44103 44122
 44074 44052 44042 44105 44100 44054 44044 44039 44077 44108 44110 44031 44080
 11682 11847 11819 11684 11821 11708 11848 11901 11823 11720 11747 11850 11790
 11859 44112 44094 44046 44023 44059 11686 11688
BRIDGET_RELAXED_CLASS_INPUT limit=10 mode=1 count=1 ids: 26315
BRIDGET_RELAXED_CLASS_INPUT limit=10 mode=6684673 count=382 ids: 4394 4391 4396
 4397 4399 11795 11860 11881 11797 11862 11883 11799 11749 11671 11801 11865
 11751 11886 11672 11803 11753 44014 44002 44016 44065 44102 44117 44049 44099
 44037 44004 44068 44006 44070 44119 44121 11673 11838 11806 11774 11792 11868
 11726 11889 11675 11808 11776 11713 11700 11840 11870 11762 11891 11728 11756
 11857 11832 11741 11782 11842 11744 11810 11715 11778 11702 11764 11893 11758
 11730 11834 11812 11704 11844 11873 11766 11895 11731 11677 11845 11814 11706
 11875 11767 11897 11732 11679 11816 11717 11899 44072 44091 44018 44103 44122
 44074 44052 44042 44105 44100 44054 44044 44039 44077 44108 44110 44031 44080
 11682 11847 11819 11684 11821 11708 11848 11901 11823 11720 11747 11850 11790
 11859 44112 44094 44046 44023 44059 11686 11688
BRIDGET_RELAXED_CLASS_INPUT limit=10 mode=1 count=1 ids: 26315
BRIDGET_RELAXED_CLASS_INPUT limit=10 mode=6684673 count=382 ids: 4394 4391 4396
 4397 4399 11795 11860 11881 11797 11862 11883 11799 11749 11671 11801 11865
 11751 11886 11672 11803 11753 44014 44002 44016 44065 44102 44117 44049 44099
 44037 44004 44068 44006 44070 44119 44121 11673 11838 11806 11774 11792 11868
 11726 11889 11675 11808 11776 11713 11700 11840 11870 11762 11891 11728 11756
 11857 11832 11741 11782 11842 11744 11810 11715 11778 11702 11764 11893 11758
 11730 11834 11812 11704 11844 11873 11766 11895 11731 11677 11845 11814 11706
 11875 11767 11897 11732 11679 11816 11717 11899 44072 44091 44018 44103 44122
 44074 44052 44042 44105 44100 44054 44044 44039 44077 44108 44110 44031 44080
 11682 11847 11819 11684 11821 11708 11848 11901 11823 11720 11747 11850 11790
 11859 44112 44094 44046 44023 44059 11686 11688
BRIDGET_RELAXED_CLASS_INPUT limit=30 mode=1 count=19 ids: 11731 11895 17912
 17969 18003 18034 18058 18125 26315 32232 44037 44049 44099 44108 44117 44119
 44121 61379 61437
BRIDGET_RELAXED_CLASS_INPUT limit=10 mode=2 count=188 ids: 4394 50270 47420
 50272 47422 22299 2096 44037 11726 17963 61311 47427 32160 17980 11738 50286
 47438 47425 22302 2085 32155 61313 11728 17965 50278 47429 52229 28335 11740
 50275 54351 22304 17967 11730 44039 50280 47431 2088 11731 17969 50282 22308
 61317 32157 17975 2090 17971 61315 11732 50283 47434 22309 28338 11735 32158
 17978 61319 47436 52230 32224 18117 11881 47583 44128 37092 11883 44117 50386
 28374 2169 32226 11889 44122 50390 54443 47587 2174 61445 11906 50403 28385
 11886 50387 32228 61434 11891 18121 50392 54444 52291 47589 22389 28378 62913
 2175 61447 11908 32239 18137 28386 52297 47605 44119 50388 28376 32230 11893
 18123 50394 28380 47591 18127 44121 50389 32232 11895 18125 61437 50396 57260
 28381 47593 11901 61441 50400 47599 22393 32233
BRIDGET_RELAXED_CLASS_INPUT limit=10 mode=2 count=188 ids: 4394 50270 47420
 50272 47422 22299 2096 44037 11726 17963 61311 47427 32160 17980 11738 50286
 47438 47425 22302 2085 32155 61313 11728 17965 50278 47429 52229 28335 11740
 50275 54351 22304 17967 11730 44039 50280 47431 2088 11731 17969 50282 22308
 61317 32157 17975 2090 17971 61315 11732 50283 47434 22309 28338 11735 32158
 17978 61319 47436 52230 32224 18117 11881 47583 44128 37092 11883 44117 50386
 28374 2169 32226 11889 44122 50390 54443 47587 2174 61445 11906 50403 28385
 11886 50387 32228 61434 11891 18121 50392 54444 52291 47589 22389 28378 62913
 2175 61447 11908 32239 18137 28386 52297 47605 44119 50388 28376 32230 11893
 18123 50394 28380 47591 18127 44121 50389 32232 11895 18125 61437 50396 57260
 28381 47593 11901 61441 50400 47599 22393 32233
BRIDGET_RELAXED_CLASS_INPUT limit=10 mode=2 count=188 ids: 4394 50270 47420
 50272 47422 22299 2096 44037 11726 17963 61311 47427 32160 17980 11738 50286
 47438 47425 22302 2085 32155 61313 11728 17965 50278 47429 52229 28335 11740
 50275 54351 22304 17967 11730 44039 50280 47431 2088 11731 17969 50282 22308
 61317 32157 17975 2090 17971 61315 11732 50283 47434 22309 28338 11735 32158
 17978 61319 47436 52230 32224 18117 11881 47583 44128 37092 11883 44117 50386
 28374 2169 32226 11889 44122 50390 54443 47587 2174 61445 11906 50403 28385
 11886 50387 32228 61434 11891 18121 50392 54444 52291 47589 22389 28378 62913
 2175 61447 11908 32239 18137 28386 52297 47605 44119 50388 28376 32230 11893
 18123 50394 28380 47591 18127 44121 50389 32232 11895 18125 61437 50396 57260
 28381 47593 11901 61441 50400 47599 22393 32233
BRIDGET_RELAXED_CLASS_INPUT limit=10 mode=2 count=188 ids: 4394 50270 47420
 50272 47422 22299 2096 44037 11726 17963 61311 47427 32160 17980 11738 50286
 47438 47425 22302 2085 32155 61313 11728 17965 50278 47429 52229 28335 11740
 50275 54351 22304 17967 11730 44039 50280 47431 2088 11731 17969 50282 22308
 61317 32157 17975 2090 17971 61315 11732 50283 47434 22309 28338 11735 32158
 17978 61319 47436 52230 32224 18117 11881 47583 44128 37092 11883 44117 50386
 28374 2169 32226 11889 44122 50390 54443 47587 2174 61445 11906 50403 28385
 11886 50387 32228 61434 11891 18121 50392 54444 52291 47589 22389 28378 62913
 2175 61447 11908 32239 18137 28386 52297 47605 44119 50388 28376 32230 11893
 18123 50394 28380 47591 18127 44121 50389 32232 11895 18125 61437 50396 57260
 28381 47593 11901 61441 50400 47599 22393 32233
BRIDGET_RELAXED_CLASS_INPUT limit=30 mode=2 count=15 ids: 2088 11731 11895
 11901 17969 18003 18125 32232 44121 47463 50389 56269 61317 61437 61441
Temporary breakpoint 29 at 0x1001896a
BRIDGET_2013_QUERY call=23 signature=1b,2b,15,5a,5a,45,00 key=2b,15,5a,45,00 count=0
Temporary breakpoint 30 at 0x10018ada
BRIDGET_2013_QUERY call=24 signature=1b,2b,4e,5a,5a,45,00 key=2b,4e,5a,45,00 count=0
Temporary breakpoint 31 at 0x10018a45
BRIDGET_2013_QUERY call=25 signature=1b,2b,15,5a,5a,4d,00 key=2b,15,5a,4d,00 count=0
Temporary breakpoint 32 at 0x10018ada
BRIDGET_2013_QUERY call=26 signature=1b,2b,4e,5a,5a,4d,00 key=2b,4e,5a,4d,00 count=0
BRIDGET_RELAXED_CLASS_INPUT limit=10 mode=1 count=2 ids: 36714 37999
BRIDGET_RELAXED_CLASS_INPUT limit=10 mode=6684673 count=2 ids: 36714 37999
BRIDGET_RELAXED_CLASS_INPUT limit=10 mode=6684673 count=18 ids: 1113 4113 10141
 10143 10140 16789 60159 60157 60162 60164 60165 36714 37999 21445 27760 27758
 27761 53669
BRIDGET_RELAXED_CLASS_INPUT limit=10 mode=1 count=46 ids: 51496 51533 51517
 51509 51500 51540 51519 51511 51542 51536 51523 51546 51538 51498 51527 51512
 51502 51548 51528 51530 51531 51552 51508 30548 30558 30563 30565 30567 38807
 38804 38796 38802 38789 38809 38829 38823 38791 38812 38832 38793 38814 38834
 38825 38818 38822 38837
BRIDGET_RELAXED_CLASS_INPUT limit=10 mode=1 count=2 ids: 36714 37999
BRIDGET_RELAXED_CLASS_INPUT limit=10 mode=1 count=46 ids: 51496 51533 51517
 51509 51500 51540 51519 51511 51542 51536 51523 51546 51538 51498 51527 51512
 51502 51548 51528 51530 51531 51552 51508 30548 30558 30563 30565 30567 38807
 38804 38796 38802 38789 38809 38829 38823 38791 38812 38832 38793 38814 38834
 38825 38818 38822 38837
BRIDGET_RELAXED_CLASS_INPUT limit=30 mode=1 count=20 ids: 1113 21445 27758
 27760 27761 30558 30563 30565 30567 36714 37999 38796 38804 38807 38812 38832
 51496 60162 60164 60165
BRIDGET_RELAXED_CLASS_INPUT limit=10 mode=2 count=18 ids: 60157 10140 27758
 27760 60159 27761 10141 1113 60162 16789 36714 37999 21445 53669 60164 60165
 4113 10143
BRIDGET_RELAXED_CLASS_INPUT limit=30 mode=2 count=10 ids: 10140 10141 10143
 27758 27760 27761 36714 37999 60157 60159
BRIDGET_CANDIDATE_LIST position=0 count=569 [0]=16584(span=1,weighted=0,key=-1)
 [1]=324020(span=1,weighted=0,key=-1) [2]=327662(span=1,weighted=0,key=-1)
 [3]=329099(span=1,weighted=0,key=-1) [4]=330253(span=1,weighted=0,key=-1)
 [5]=330305(span=1,weighted=0,key=-1) [6]=333094(span=1,weighted=0,key=-1)
 [7]=337966(span=1,weighted=0,key=-1) [8]=341054(span=1,weighted=0,key=-1)
 [9]=347991(span=1,weighted=0,key=-1) [10]=351532(span=1,weighted=0,key=-1)
 [11]=362854(span=1,weighted=0,key=-1) [12]=368718(span=1,weighted=0,key=-1)
 [13]=372053(span=1,weighted=0,key=-1) [14]=375360(span=1,weighted=0,key=-1)
 [15]=387312(span=1,weighted=0,key=-1) [16]=393634(span=1,weighted=0,key=-1)
 [17]=323699(span=1,weighted=0,key=-1) [18]=317932(span=1,weighted=0,key=-1)
 [19]=272862(span=1,weighted=0,key=-1) [20]=275780(span=1,weighted=0,key=-1)
 [21]=276552(span=1,weighted=0,key=-1) [22]=277185(span=1,weighted=0,key=-1)
 [23]=281440(span=1,weighted=0,key=-1) [24]=285144(span=1,weighted=0,key=-1)
 [25]=290705(span=1,weighted=0,key=-1) [26]=299373(span=1,weighted=0,key=-1)
 [27]=299592(span=1,weighted=0,key=-1) [28]=304941(span=1,weighted=0,key=-1)
 [29]=306117(span=1,weighted=0,key=-1) [30]=309657(span=1,weighted=0,key=-1)
 [31]=310091(span=1,weighted=0,key=-1) [32]=310193(span=1,weighted=0,key=-1)
 [33]=314116(span=1,weighted=0,key=-1) [34]=316571(span=1,weighted=0,key=-1)
 [35]=397406(span=1,weighted=0,key=-1) [36]=397702(span=1,weighted=0,key=-1)
 [37]=493637(span=1,weighted=0,key=-1) [38]=497598(span=1,weighted=0,key=-1)
 [39]=500252(span=1,weighted=0,key=-1) [40]=500690(span=1,weighted=0,key=-1)
 [41]=510479(span=1,weighted=0,key=-1) [42]=519043(span=1,weighted=0,key=-1)
 [43]=520188(span=1,weighted=0,key=-1) [44]=528670(span=1,weighted=0,key=-1)
 [45]=528687(span=1,weighted=0,key=-1) [46]=541897(span=1,weighted=0,key=-1)
 [47]=547437(span=1,weighted=0,key=-1) [48]=547475(span=1,weighted=0,key=-1)
 [49]=553898(span=1,weighted=0,key=-1) [50]=555997(span=1,weighted=0,key=-1)
 [51]=558196(span=1,weighted=0,key=-1) [52]=562675(span=1,weighted=0,key=-1)
 [53]=492022(span=1,weighted=0,key=-1) [54]=491272(span=1,weighted=0,key=-1)
 [55]=399571(span=1,weighted=0,key=-1) [56]=401872(span=1,weighted=0,key=-1)
 [57]=402332(span=1,weighted=0,key=-1) [58]=408350(span=1,weighted=0,key=-1)
 [59]=412867(span=1,weighted=0,key=-1) [60]=413160(span=1,weighted=0,key=-1)
 [61]=419866(span=1,weighted=0,key=-1) [62]=419907(span=1,weighted=0,key=-1)
 [63]=430585(span=1,weighted=0,key=-1) [64]=432799(span=1,weighted=0,key=-1)
 [65]=443647(span=1,weighted=0,key=-1) [66]=457570(span=1,weighted=0,key=-1)
 [67]=458238(span=1,weighted=0,key=-1) [68]=462467(span=1,weighted=0,key=-1)
 [69]=462868(span=1,weighted=0,key=-1) [70]=473217(span=1,weighted=0,key=-1)
 [71]=272098(span=1,weighted=0,key=-1) [72]=268783(span=1,weighted=0,key=-1)
 [73]=673849(span=1,weighted=0,key=-1) [74]=399755(span=1,weighted=0,key=-1)
 [75]=9883(span=1,weighted=0,key=-1) [76]=18805(span=1,weighted=0,key=-1)
 [77]=27205(span=1,weighted=0,key=-1) [78]=36165(span=1,weighted=0,key=-1)
 [79]=38247(span=1,weighted=0,key=-1) [80]=44253(span=1,weighted=0,key=-1)
 [81]=46054(span=1,weighted=0,key=-1) [82]=49416(span=1,weighted=0,key=-1)
 [83]=53464(span=1,weighted=0,key=-1) [84]=63831(span=1,weighted=0,key=-1)
 [85]=66245(span=1,weighted=0,key=-1) [86]=77423(span=1,weighted=0,key=-1)
 [87]=83610(span=1,weighted=0,key=-1) [88]=90447(span=1,weighted=0,key=-1)
 [89]=318579(span=1,weighted=0,key=-1) [90]=162415(span=1,weighted=0,key=-1)
 [91]=392804(span=1,weighted=0,key=-1) [92]=415777(span=1,weighted=0,key=-1)
 [93]=499211(span=1,weighted=0,key=-1) [94]=503954(span=1,weighted=0,key=-1)
 [95]=529900(span=1,weighted=0,key=-1) [96]=544328(span=1,weighted=0,key=-1)
 [97]=565079(span=1,weighted=0,key=-1) [98]=573633(span=1,weighted=0,key=-1)
 [99]=612627(span=1,weighted=0,key=-1) [100]=621222(span=1,weighted=0,key=-1)
 [101]=623731(span=1,weighted=0,key=-1) [102]=636344(span=1,weighted=0,key=-1)
 [103]=693189(span=1,weighted=0,key=-1) [104]=710505(span=1,weighted=0,key=-1)
 [105]=749801(span=1,weighted=0,key=-1) [106]=749806(span=1,weighted=0,key=-1)
 [107]=99856(span=1,weighted=0,key=-1) [108]=100410(span=1,weighted=0,key=-1)
 [109]=189556(span=1,weighted=0,key=-1) [110]=197156(span=1,weighted=0,key=-1)
 [111]=211007(span=1,weighted=0,key=-1) [112]=215331(span=1,weighted=0,key=-1)
 [113]=216659(span=1,weighted=0,key=-1) [114]=216937(span=1,weighted=0,key=-1)
 [115]=222566(span=1,weighted=0,key=-1) [116]=233083(span=1,weighted=0,key=-1)
 [117]=243954(span=1,weighted=0,key=-1) [118]=245570(span=1,weighted=0,key=-1)
 [119]=247834(span=1,weighted=0,key=-1) [120]=249982(span=1,weighted=0,key=-1)
 [121]=251831(span=1,weighted=0,key=-1) [122]=256796(span=1,weighted=0,key=-1)
 [123]=258101(span=1,weighted=0,key=-1) [124]=265045(span=1,weighted=0,key=-1)
 [125]=182533(span=1,weighted=0,key=-1) [126]=178150(span=1,weighted=0,key=-1)
 [127]=173432(span=1,weighted=0,key=-1) [128]=169568(span=1,weighted=0,key=-1)
 [129]=167727(span=1,weighted=0,key=-1) [130]=163873(span=1,weighted=0,key=-1)
 [131]=163842(span=1,weighted=0,key=-1) [132]=157866(span=1,weighted=0,key=-1)
 [133]=145936(span=1,weighted=0,key=-1) [134]=143283(span=1,weighted=0,key=-1)
 [135]=137989(span=1,weighted=0,key=-1) [136]=132926(span=1,weighted=0,key=-1)
 [137]=130869(span=1,weighted=0,key=-1) [138]=124448(span=1,weighted=0,key=-1)
 [139]=119465(span=1,weighted=0,key=-1) [140]=117235(span=1,weighted=0,key=-1)
 [141]=113784(span=1,weighted=0,key=-1) [142]=564601(span=1,weighted=0,key=-1)
 [143]=567099(span=1,weighted=0,key=-1) [144]=228060(span=1,weighted=0,key=-1)
 [145]=292959(span=1,weighted=0,key=-1) [146]=311957(span=1,weighted=0,key=-1)
 [147]=313140(span=1,weighted=0,key=-1) [148]=323673(span=1,weighted=0,key=-1)
 [149]=327362(span=1,weighted=0,key=-1) [150]=355052(span=1,weighted=0,key=-1)
 [151]=357035(span=1,weighted=0,key=-1) [152]=415468(span=1,weighted=0,key=-1)
 [153]=428346(span=1,weighted=0,key=-1) [154]=435944(span=1,weighted=0,key=-1)
 [155]=436849(span=1,weighted=0,key=-1) [156]=454233(span=1,weighted=0,key=-1)
 [157]=454903(span=1,weighted=0,key=-1) [158]=459277(span=1,weighted=0,key=-1)
 [159]=478395(span=1,weighted=0,key=-1) [160]=211041(span=1,weighted=0,key=-1)
 [161]=201027(span=1,weighted=0,key=-1) [162]=383084(span=1,weighted=0,key=-1)
 [163]=393923(span=1,weighted=0,key=-1) [164]=492723(span=1,weighted=0,key=-1)
 [165]=538387(span=1,weighted=0,key=-1) [166]=657076(span=1,weighted=0,key=-1)
 [167]=688049(span=1,weighted=0,key=-1) [168]=742654(span=1,weighted=0,key=-1)
 [169]=25985(span=1,weighted=0,key=-1) [170]=41065(span=1,weighted=0,key=-1)
 [171]=69139(span=1,weighted=0,key=-1) [172]=90344(span=1,weighted=0,key=-1)
 [173]=107999(span=1,weighted=0,key=-1) [174]=119636(span=1,weighted=0,key=-1)
 [175]=147090(span=1,weighted=0,key=-1) [176]=160280(span=1,weighted=0,key=-1)
 [177]=189059(span=1,weighted=0,key=-1) [178]=489605(span=1,weighted=0,key=-1)
 [179]=494781(span=1,weighted=0,key=-1) [180]=693144(span=1,weighted=0,key=-1)
 [181]=701498(span=1,weighted=0,key=-1) [182]=735996(span=1,weighted=0,key=-1)
 [183]=736783(span=1,weighted=0,key=-1) [184]=746038(span=1,weighted=0,key=-1)
 [185]=755681(span=1,weighted=0,key=-1) [186]=755691(span=1,weighted=0,key=-1)
 [187]=758854(span=1,weighted=0,key=-1) [188]=759383(span=1,weighted=0,key=-1)
 [189]=138282(span=1,weighted=0,key=-1) [190]=456048(span=1,weighted=0,key=-1)
 [191]=64433(span=1,weighted=0,key=-1) [192]=657965(span=1,weighted=0,key=-1)
 [193]=667382(span=1,weighted=0,key=-1) [194]=676835(span=1,weighted=0,key=-1)
 [195]=468508(span=1,weighted=0,key=-1) [196]=689278(span=1,weighted=0,key=-1)
 [197]=678846(span=1,weighted=0,key=-1) [198]=621686(span=1,weighted=0,key=-1)
 [199]=619464(span=1,weighted=0,key=-1) [200]=609980(span=1,weighted=0,key=-1)
 [201]=595895(span=1,weighted=0,key=-1) [202]=594448(span=1,weighted=0,key=-1)
 [203]=583947(span=1,weighted=0,key=-1) [204]=546077(span=1,weighted=0,key=-1)
 [205]=540175(span=1,weighted=0,key=-1) [206]=523643(span=1,weighted=0,key=-1)
 [207]=523210(span=1,weighted=0,key=-1) [208]=513781(span=1,weighted=0,key=-1)
 [209]=509130(span=1,weighted=0,key=-1) [210]=509089(span=1,weighted=0,key=-1)
 [211]=507815(span=1,weighted=0,key=-1) [212]=505085(span=1,weighted=0,key=-1)
 [213]=378913(span=1,weighted=0,key=-1) [214]=368002(span=1,weighted=0,key=-1)
 [215]=599936(span=1,weighted=0,key=-1) [216]=600490(span=1,weighted=0,key=-1)
 [217]=603966(span=1,weighted=0,key=-1) [218]=605748(span=1,weighted=0,key=-1)
 [219]=611754(span=1,weighted=0,key=-1) [220]=615121(span=1,weighted=0,key=-1)
 [221]=615266(span=1,weighted=0,key=-1) [222]=618238(span=1,weighted=0,key=-1)
 [223]=623095(span=1,weighted=0,key=-1) [224]=625489(span=1,weighted=0,key=-1)
 [225]=626765(span=1,weighted=0,key=-1) [226]=627558(span=1,weighted=0,key=-1)
 [227]=628915(span=1,weighted=0,key=-1) [228]=638740(span=1,weighted=0,key=-1)
 [229]=654220(span=1,weighted=0,key=-1) [230]=657796(span=1,weighted=0,key=-1)
 [231]=598604(span=1,weighted=0,key=-1) [232]=598586(span=1,weighted=0,key=-1)
 [233]=575911(span=1,weighted=0,key=-1) [234]=577308(span=1,weighted=0,key=-1)
 [235]=579557(span=1,weighted=0,key=-1) [236]=581168(span=1,weighted=0,key=-1)
 [237]=581193(span=1,weighted=0,key=-1) [238]=582063(span=1,weighted=0,key=-1)
 [239]=584513(span=1,weighted=0,key=-1) [240]=586594(span=1,weighted=0,key=-1)
 [241]=589345(span=1,weighted=0,key=-1) [242]=590413(span=1,weighted=0,key=-1)
 [243]=590823(span=1,weighted=0,key=-1) [244]=592794(span=1,weighted=0,key=-1)
 [245]=592813(span=1,weighted=0,key=-1) [246]=593363(span=1,weighted=0,key=-1)
 [247]=598003(span=1,weighted=0,key=-1) [248]=598530(span=1,weighted=0,key=-1)
 [249]=660830(span=1,weighted=0,key=-1) [250]=663369(span=1,weighted=0,key=-1)
 [251]=727393(span=1,weighted=0,key=-1) [252]=727685(span=1,weighted=0,key=-1)
 [253]=729195(span=1,weighted=0,key=-1) [254]=744742(span=1,weighted=0,key=-1)
 [255]=747741(span=1,weighted=0,key=-1) [256]=748717(span=1,weighted=0,key=-1)
 [257]=751288(span=1,weighted=0,key=-1) [258]=763304(span=1,weighted=0,key=-1)
 [259]=763309(span=1,weighted=0,key=-1) [260]=770349(span=1,weighted=0,key=-1)
 [261]=770353(span=1,weighted=0,key=-1) [262]=770379(span=1,weighted=0,key=-1)
 [263]=65622(span=1,weighted=0,key=-1) [264]=91375(span=1,weighted=0,key=-1)
 [265]=236440(span=1,weighted=0,key=-1) [266]=305581(span=1,weighted=0,key=-1)
 [267]=726887(span=1,weighted=0,key=-1) [268]=726849(span=1,weighted=0,key=-1)
 [269]=726596(span=1,weighted=0,key=-1) [270]=726572(span=1,weighted=0,key=-1)
 [271]=726366(span=1,weighted=0,key=-1) [272]=726339(span=1,weighted=0,key=-1)
 [273]=726117(span=1,weighted=0,key=-1) [274]=726046(span=1,weighted=0,key=-1)
 [275]=725436(span=1,weighted=0,key=-1) [276]=707976(span=1,weighted=0,key=-1)
 [277]=697476(span=1,weighted=0,key=-1) [278]=697246(span=1,weighted=0,key=-1)
 [279]=695627(span=1,weighted=0,key=-1) [280]=690204(span=1,weighted=0,key=-1)
 [281]=687770(span=1,weighted=0,key=-1) [282]=672711(span=1,weighted=0,key=-1)
 [283]=665568(span=1,weighted=0,key=-1) [284]=380674(span=1,weighted=0,key=-1)
 [285]=380411(span=1,weighted=0,key=-1) [286]=264056(span=1,weighted=0,key=-1)
 [287]=265275(span=1,weighted=0,key=-1) [288]=265754(span=1,weighted=0,key=-1)
 [289]=266033(span=1,weighted=0,key=-1) [290]=266783(span=1,weighted=0,key=-1)
 [291]=269871(span=1,weighted=0,key=-1) [292]=271493(span=1,weighted=0,key=-1)
 [293]=276598(span=1,weighted=0,key=-1) [294]=276743(span=1,weighted=0,key=-1)
 [295]=277998(span=1,weighted=0,key=-1) [296]=278818(span=1,weighted=0,key=-1)
 [297]=281766(span=1,weighted=0,key=-1) [298]=282522(span=1,weighted=0,key=-1)
 [299]=283579(span=1,weighted=0,key=-1) [300]=287108(span=1,weighted=0,key=-1)
 [301]=289130(span=1,weighted=0,key=-1) [302]=262529(span=1,weighted=0,key=-1)
 [303]=258574(span=1,weighted=0,key=-1) [304]=204682(span=1,weighted=0,key=-1)
 [305]=211466(span=1,weighted=0,key=-1) [306]=213804(span=1,weighted=0,key=-1)
 [307]=215320(span=1,weighted=0,key=-1) [308]=223311(span=1,weighted=0,key=-1)
 [309]=223703(span=1,weighted=0,key=-1) [310]=227905(span=1,weighted=0,key=-1)
 [311]=240290(span=1,weighted=0,key=-1) [312]=242139(span=1,weighted=0,key=-1)
 [313]=243390(span=1,weighted=0,key=-1) [314]=243805(span=1,weighted=0,key=-1)
 [315]=247129(span=1,weighted=0,key=-1) [316]=248673(span=1,weighted=0,key=-1)
 [317]=249466(span=1,weighted=0,key=-1) [318]=251954(span=1,weighted=0,key=-1)
 [319]=255584(span=1,weighted=0,key=-1) [320]=292302(span=1,weighted=0,key=-1)
 [321]=292807(span=1,weighted=0,key=-1) [322]=340458(span=1,weighted=0,key=-1)
 [323]=341335(span=1,weighted=0,key=-1) [324]=341710(span=1,weighted=0,key=-1)
 [325]=345553(span=1,weighted=0,key=-1) [326]=346720(span=1,weighted=0,key=-1)
 [327]=347076(span=1,weighted=0,key=-1) [328]=352554(span=1,weighted=0,key=-1)
 [329]=357586(span=1,weighted=0,key=-1) [330]=363466(span=1,weighted=0,key=-1)
 [331]=368142(span=1,weighted=0,key=-1) [332]=368302(span=1,weighted=0,key=-1)
 [333]=369987(span=1,weighted=0,key=-1) [334]=373183(span=1,weighted=0,key=-1)
 [335]=373991(span=1,weighted=0,key=-1) [336]=375999(span=1,weighted=0,key=-1)
 [337]=377387(span=1,weighted=0,key=-1) [338]=340021(span=1,weighted=0,key=-1)
 [339]=335986(span=1,weighted=0,key=-1) [340]=335185(span=1,weighted=0,key=-1)
 [341]=330803(span=1,weighted=0,key=-1) [342]=329928(span=1,weighted=0,key=-1)
 [343]=328287(span=1,weighted=0,key=-1) [344]=324773(span=1,weighted=0,key=-1)
 [345]=322274(span=1,weighted=0,key=-1) [346]=320272(span=1,weighted=0,key=-1)
 [347]=319355(span=1,weighted=0,key=-1) [348]=316296(span=1,weighted=0,key=-1)
 [349]=316102(span=1,weighted=0,key=-1) [350]=313043(span=1,weighted=0,key=-1)
 [351]=304250(span=1,weighted=0,key=-1) [352]=302829(span=1,weighted=0,key=-1)
 [353]=299957(span=1,weighted=0,key=-1) [354]=298430(span=1,weighted=0,key=-1)
 [355]=201769(span=1,weighted=0,key=-1) [356]=198649(span=1,weighted=0,key=-1)
 [357]=41970(span=1,weighted=0,key=-1) [358]=50597(span=1,weighted=0,key=-1)
 [359]=54223(span=1,weighted=0,key=-1) [360]=55864(span=1,weighted=0,key=-1)
 [361]=63157(span=1,weighted=0,key=-1) [362]=64122(span=1,weighted=0,key=-1)
 [363]=64420(span=1,weighted=0,key=-1) [364]=64715(span=1,weighted=0,key=-1)
 [365]=64741(span=1,weighted=0,key=-1) [366]=64943(span=1,weighted=0,key=-1)
 [367]=69161(span=1,weighted=0,key=-1) [368]=71029(span=1,weighted=0,key=-1)
 [369]=71746(span=1,weighted=0,key=-1) [370]=76095(span=1,weighted=0,key=-1)
 [371]=77082(span=1,weighted=0,key=-1) [372]=79535(span=1,weighted=0,key=-1)
 [373]=40110(span=1,weighted=0,key=-1) [374]=39681(span=1,weighted=0,key=-1)
 [375]=19914(span=1,weighted=0,key=-1) [376]=20414(span=1,weighted=0,key=-1)
 [377]=20479(span=1,weighted=0,key=-1) [378]=21600(span=1,weighted=0,key=-1)
 [379]=24439(span=1,weighted=0,key=-1) [380]=24791(span=1,weighted=0,key=-1)
 [381]=28202(span=1,weighted=0,key=-1) [382]=28682(span=1,weighted=0,key=-1)
 [383]=30275(span=1,weighted=0,key=-1) [384]=32076(span=1,weighted=0,key=-1)
 [385]=32252(span=1,weighted=0,key=-1) [386]=33457(span=1,weighted=0,key=-1)
 [387]=34601(span=1,weighted=0,key=-1) [388]=34629(span=1,weighted=0,key=-1)
 [389]=35298(span=1,weighted=0,key=-1) [390]=36701(span=1,weighted=0,key=-1)
 [391]=83040(span=1,weighted=0,key=-1) [392]=86742(span=1,weighted=0,key=-1)
 [393]=159160(span=1,weighted=0,key=-1) [394]=159414(span=1,weighted=0,key=-1)
 [395]=159445(span=1,weighted=0,key=-1) [396]=160682(span=1,weighted=0,key=-1)
 [397]=170410(span=1,weighted=0,key=-1) [398]=171380(span=1,weighted=0,key=-1)
 [399]=178130(span=1,weighted=0,key=-1) [400]=178593(span=1,weighted=0,key=-1)
 [401]=178904(span=1,weighted=0,key=-1) [402]=179592(span=1,weighted=0,key=-1)
 [403]=186111(span=1,weighted=0,key=-1) [404]=187994(span=1,weighted=0,key=-1)
 [405]=188451(span=1,weighted=0,key=-1) [406]=192704(span=1,weighted=0,key=-1)
 [407]=194939(span=1,weighted=0,key=-1) [408]=195076(span=1,weighted=0,key=-1)
 [409]=154365(span=1,weighted=0,key=-1) [410]=152825(span=1,weighted=0,key=-1)
 [411]=145730(span=1,weighted=0,key=-1) [412]=139097(span=1,weighted=0,key=-1)
 [413]=138381(span=1,weighted=0,key=-1) [414]=135591(span=1,weighted=0,key=-1)
 [415]=131797(span=1,weighted=0,key=-1) [416]=130072(span=1,weighted=0,key=-1)
 [417]=129081(span=1,weighted=0,key=-1) [418]=121039(span=1,weighted=0,key=-1)
 [419]=116803(span=1,weighted=0,key=-1) [420]=104886(span=1,weighted=0,key=-1)
 [421]=104872(span=1,weighted=0,key=-1) [422]=104579(span=1,weighted=0,key=-1)
 [423]=102035(span=1,weighted=0,key=-1) [424]=93932(span=1,weighted=0,key=-1)
 [425]=86762(span=1,weighted=0,key=-1) [426]=378172(span=1,weighted=0,key=-1)
 [427]=381453(span=1,weighted=0,key=-1) [428]=669812(span=1,weighted=0,key=-1)
 [429]=670845(span=1,weighted=0,key=-1) [430]=671259(span=1,weighted=0,key=-1)
 [431]=672925(span=1,weighted=0,key=-1) [432]=674909(span=1,weighted=0,key=-1)
 [433]=682341(span=1,weighted=0,key=-1) [434]=684622(span=1,weighted=0,key=-1)
 [435]=684957(span=1,weighted=0,key=-1) [436]=692492(span=1,weighted=0,key=-1)
 [437]=694808(span=1,weighted=0,key=-1) [438]=697137(span=1,weighted=0,key=-1)
 [439]=697566(span=1,weighted=0,key=-1) [440]=698647(span=1,weighted=0,key=-1)
 [441]=700830(span=1,weighted=0,key=-1) [442]=703349(span=1,weighted=0,key=-1)
 [443]=703628(span=1,weighted=0,key=-1) [444]=667760(span=1,weighted=0,key=-1)
 [445]=667733(span=1,weighted=0,key=-1) [446]=627862(span=1,weighted=0,key=-1)
 [447]=628036(span=1,weighted=0,key=-1) [448]=628278(span=1,weighted=0,key=-1)
 [449]=629861(span=1,weighted=0,key=-1) [450]=632896(span=1,weighted=0,key=-1)
 [451]=637302(span=1,weighted=0,key=-1) [452]=639696(span=1,weighted=0,key=-1)
 [453]=640092(span=1,weighted=0,key=-1) [454]=640173(span=1,weighted=0,key=-1)
 [455]=648494(span=1,weighted=0,key=-1) [456]=649486(span=1,weighted=0,key=-1)
 [457]=656876(span=1,weighted=0,key=-1) [458]=659923(span=1,weighted=0,key=-1)
 [459]=662389(span=1,weighted=0,key=-1) [460]=664025(span=1,weighted=0,key=-1)
 [461]=665611(span=1,weighted=0,key=-1) [462]=708062(span=1,weighted=0,key=-1)
 [463]=711193(span=1,weighted=0,key=-1) [464]=755499(span=1,weighted=0,key=-1)
 [465]=762257(span=1,weighted=0,key=-1) [466]=768766(span=1,weighted=0,key=-1)
 [467]=19237(span=1,weighted=0,key=-1) [468]=121014(span=1,weighted=0,key=-1)
 [469]=140565(span=1,weighted=0,key=-1) [470]=173785(span=1,weighted=0,key=-1)
 [471]=203561(span=1,weighted=0,key=-1) [472]=226529(span=1,weighted=0,key=-1)
 [473]=230766(span=1,weighted=0,key=-1) [474]=273372(span=1,weighted=0,key=-1)
 [475]=291647(span=1,weighted=0,key=-1) [476]=333405(span=1,weighted=0,key=-1)
 [477]=359587(span=1,weighted=0,key=-1) [478]=372486(span=1,weighted=0,key=-1)
 [479]=372591(span=1,weighted=0,key=-1) [480]=751684(span=1,weighted=0,key=-1)
 [481]=740677(span=1,weighted=0,key=-1) [482]=740357(span=1,weighted=0,key=-1)
 [483]=740353(span=1,weighted=0,key=-1) [484]=721717(span=1,weighted=0,key=-1)
 [485]=721511(span=1,weighted=0,key=-1) [486]=720838(span=1,weighted=0,key=-1)
 [487]=719537(span=1,weighted=0,key=-1) [488]=719315(span=1,weighted=0,key=-1)
 [489]=719282(span=1,weighted=0,key=-1) [490]=718314(span=1,weighted=0,key=-1)
 [491]=718145(span=1,weighted=0,key=-1) [492]=718096(span=1,weighted=0,key=-1)
 [493]=714238(span=1,weighted=0,key=-1) [494]=713765(span=1,weighted=0,key=-1)
 [495]=713636(span=1,weighted=0,key=-1) [496]=713599(span=1,weighted=0,key=-1)
 [497]=627178(span=1,weighted=0,key=-1) [498]=625591(span=1,weighted=0,key=-1)
 [499]=484185(span=1,weighted=0,key=-1) [500]=488068(span=1,weighted=0,key=-1)
 [501]=491074(span=1,weighted=0,key=-1) [502]=492059(span=1,weighted=0,key=-1)
 [503]=492153(span=1,weighted=0,key=-1) [504]=502783(span=1,weighted=0,key=-1)
 [505]=504233(span=1,weighted=0,key=-1) [506]=506583(span=1,weighted=0,key=-1)
 [507]=507483(span=1,weighted=0,key=-1) [508]=515166(span=1,weighted=0,key=-1)
 [509]=515504(span=1,weighted=0,key=-1) [510]=522349(span=1,weighted=0,key=-1)
 [511]=523030(span=1,weighted=0,key=-1) [512]=523221(span=1,weighted=0,key=-1)
 [513]=532814(span=1,weighted=0,key=-1) [514]=532999(span=1,weighted=0,key=-1)
 [515]=479507(span=1,weighted=0,key=-1) [516]=452530(span=1,weighted=0,key=-1)
 [517]=381820(span=1,weighted=0,key=-1) [518]=382041(span=1,weighted=0,key=-1)
 [519]=382376(span=1,weighted=0,key=-1) [520]=383130(span=1,weighted=0,key=-1)
 [521]=385976(span=1,weighted=0,key=-1) [522]=388675(span=1,weighted=0,key=-1)
 [523]=404022(span=1,weighted=0,key=-1) [524]=406081(span=1,weighted=0,key=-1)
 [525]=406317(span=1,weighted=0,key=-1) [526]=407062(span=1,weighted=0,key=-1)
 [527]=413486(span=1,weighted=0,key=-1) [528]=419222(span=1,weighted=0,key=-1)
 [529]=419395(span=1,weighted=0,key=-1) [530]=423896(span=1,weighted=0,key=-1)
 [531]=424636(span=1,weighted=0,key=-1) [532]=427095(span=1,weighted=0,key=-1)
 [533]=535679(span=1,weighted=0,key=-1) [534]=537846(span=1,weighted=0,key=-1)
 [535]=583760(span=1,weighted=0,key=-1) [536]=588582(span=1,weighted=0,key=-1)
 [537]=589459(span=1,weighted=0,key=-1) [538]=595232(span=1,weighted=0,key=-1)
 [539]=601124(span=1,weighted=0,key=-1) [540]=606624(span=1,weighted=0,key=-1)
 [541]=608342(span=1,weighted=0,key=-1) [542]=609378(span=1,weighted=0,key=-1)
 [543]=610629(span=1,weighted=0,key=-1) [544]=611796(span=1,weighted=0,key=-1)
 [545]=612395(span=1,weighted=0,key=-1) [546]=613150(span=1,weighted=0,key=-1)
 [547]=614350(span=1,weighted=0,key=-1) [548]=619653(span=1,weighted=0,key=-1)
 [549]=621360(span=1,weighted=0,key=-1) [550]=625424(span=1,weighted=0,key=-1)
 [551]=582311(span=1,weighted=0,key=-1) [552]=581938(span=1,weighted=0,key=-1)
 [553]=576588(span=1,weighted=0,key=-1) [554]=574262(span=1,weighted=0,key=-1)
 [555]=573166(span=1,weighted=0,key=-1) [556]=570652(span=1,weighted=0,key=-1)
 [557]=570502(span=1,weighted=0,key=-1) [558]=567428(span=1,weighted=0,key=-1)
 [559]=564317(span=1,weighted=0,key=-1) [560]=562984(span=1,weighted=0,key=-1)
 [561]=560789(span=1,weighted=0,key=-1) [562]=555327(span=1,weighted=0,key=-1)
 [563]=543569(span=1,weighted=0,key=-1) [564]=542840(span=1,weighted=0,key=-1)
 [565]=541164(span=1,weighted=0,key=-1) [566]=540676(span=1,weighted=0,key=-1)
 [567]=538662(span=1,weighted=0,key=-1) [568]=746055(span=1,weighted=0,key=-1)
BRIDGET_CANDIDATE_LIST position=1 count=229 [0]=24266(span=1,weighted=0,key=-1)
 [1]=504834(span=1,weighted=0,key=-1) [2]=507080(span=1,weighted=0,key=-1)
 [3]=512263(span=1,weighted=0,key=-1) [4]=528367(span=1,weighted=0,key=-1)
 [5]=566103(span=1,weighted=0,key=-1) [6]=584848(span=1,weighted=0,key=-1)
 [7]=601490(span=1,weighted=0,key=-1) [8]=603152(span=1,weighted=0,key=-1)
 [9]=604983(span=1,weighted=0,key=-1) [10]=616696(span=1,weighted=0,key=-1)
 [11]=621943(span=1,weighted=0,key=-1) [12]=662591(span=1,weighted=0,key=-1)
 [13]=667048(span=1,weighted=0,key=-1) [14]=669164(span=1,weighted=0,key=-1)
 [15]=688619(span=1,weighted=0,key=-1) [16]=696679(span=1,weighted=0,key=-1)
 [17]=700644(span=1,weighted=0,key=-1) [18]=709363(span=1,weighted=0,key=-1)
 [19]=711888(span=1,weighted=0,key=-1) [20]=714200(span=1,weighted=0,key=-1)
 [21]=714692(span=1,weighted=0,key=-1) [22]=714808(span=1,weighted=0,key=-1)
 [23]=24747(span=1,weighted=0,key=-1) [24]=27543(span=1,weighted=0,key=-1)
 [25]=29060(span=1,weighted=0,key=-1) [26]=38087(span=1,weighted=0,key=-1)
 [27]=52889(span=1,weighted=0,key=-1) [28]=485172(span=1,weighted=0,key=-1)
 [29]=482808(span=1,weighted=0,key=-1) [30]=257065(span=1,weighted=0,key=-1)
 [31]=261297(span=1,weighted=0,key=-1) [32]=261400(span=1,weighted=0,key=-1)
 [33]=262996(span=1,weighted=0,key=-1) [34]=264312(span=1,weighted=0,key=-1)
 [35]=278047(span=1,weighted=0,key=-1) [36]=303342(span=1,weighted=0,key=-1)
 [37]=304482(span=1,weighted=0,key=-1) [38]=314161(span=1,weighted=0,key=-1)
 [39]=320483(span=1,weighted=0,key=-1) [40]=325582(span=1,weighted=0,key=-1)
 [41]=331039(span=1,weighted=0,key=-1) [42]=339652(span=1,weighted=0,key=-1)
 [43]=340615(span=1,weighted=0,key=-1) [44]=346346(span=1,weighted=0,key=-1)
 [45]=350865(span=1,weighted=0,key=-1) [46]=353377(span=1,weighted=0,key=-1)
 [47]=360992(span=1,weighted=0,key=-1) [48]=361604(span=1,weighted=0,key=-1)
 [49]=375103(span=1,weighted=0,key=-1) [50]=384612(span=1,weighted=0,key=-1)
 [51]=402241(span=1,weighted=0,key=-1) [52]=436446(span=1,weighted=0,key=-1)
 [53]=439102(span=1,weighted=0,key=-1) [54]=442833(span=1,weighted=0,key=-1)
 [55]=449546(span=1,weighted=0,key=-1) [56]=472921(span=1,weighted=0,key=-1)
 [57]=82580(span=1,weighted=0,key=-1) [58]=102892(span=1,weighted=0,key=-1)
 [59]=519926(span=1,weighted=0,key=-1) [60]=522702(span=1,weighted=0,key=-1)
 [61]=557054(span=1,weighted=0,key=-1) [62]=569711(span=1,weighted=0,key=-1)
 [63]=597091(span=1,weighted=0,key=-1) [64]=630106(span=1,weighted=0,key=-1)
 [65]=659142(span=1,weighted=0,key=-1) [66]=674122(span=1,weighted=0,key=-1)
 [67]=679810(span=1,weighted=0,key=-1) [68]=694684(span=1,weighted=0,key=-1)
 [69]=716022(span=1,weighted=0,key=-1) [70]=731738(span=1,weighted=0,key=-1)
 [71]=732197(span=1,weighted=0,key=-1) [72]=732260(span=1,weighted=0,key=-1)
 [73]=732286(span=1,weighted=0,key=-1) [74]=732343(span=1,weighted=0,key=-1)
 [75]=732408(span=1,weighted=0,key=-1) [76]=752187(span=1,weighted=0,key=-1)
 [77]=752190(span=1,weighted=0,key=-1) [78]=752221(span=1,weighted=0,key=-1)
 [79]=752280(span=1,weighted=0,key=-1) [80]=752283(span=1,weighted=0,key=-1)
 [81]=752299(span=1,weighted=0,key=-1) [82]=752302(span=1,weighted=0,key=-1)
 [83]=752304(span=1,weighted=0,key=-1) [84]=752428(span=1,weighted=0,key=-1)
 [85]=752965(span=1,weighted=0,key=-1) [86]=454346(span=1,weighted=0,key=-1)
 [87]=444165(span=1,weighted=0,key=-1) [88]=106109(span=1,weighted=0,key=-1)
 [89]=116992(span=1,weighted=0,key=-1) [90]=239277(span=1,weighted=0,key=-1)
 [91]=257789(span=1,weighted=0,key=-1) [92]=267062(span=1,weighted=0,key=-1)
 [93]=270916(span=1,weighted=0,key=-1) [94]=271597(span=1,weighted=0,key=-1)
 [95]=302163(span=1,weighted=0,key=-1) [96]=346592(span=1,weighted=0,key=-1)
 [97]=356971(span=1,weighted=0,key=-1) [98]=412223(span=1,weighted=0,key=-1)
 [99]=541946(span=1,weighted=0,key=-1) [100]=566750(span=1,weighted=0,key=-1)
 [101]=608561(span=1,weighted=0,key=-1) [102]=622202(span=1,weighted=0,key=-1)
 [103]=720652(span=1,weighted=0,key=-1) [104]=16447(span=1,weighted=0,key=-1)
 [105]=27473(span=1,weighted=0,key=-1) [106]=37059(span=1,weighted=0,key=-1)
 [107]=39521(span=1,weighted=0,key=-1) [108]=43728(span=1,weighted=0,key=-1)
 [109]=163068(span=1,weighted=0,key=-1) [110]=299960(span=1,weighted=0,key=-1)
 [111]=341150(span=1,weighted=0,key=-1) [112]=350502(span=1,weighted=0,key=-1)
 [113]=366550(span=1,weighted=0,key=-1) [114]=245778(span=1,weighted=0,key=-1)
 [115]=243779(span=1,weighted=0,key=-1) [116]=568522(span=1,weighted=0,key=-1)
 [117]=676219(span=1,weighted=0,key=-1) [118]=697542(span=1,weighted=0,key=-1)
 [119]=68945(span=1,weighted=0,key=-1) [120]=23906(span=1,weighted=0,key=-1)
 [121]=27616(span=1,weighted=0,key=-1) [122]=43699(span=1,weighted=0,key=-1)
 [123]=50960(span=1,weighted=0,key=-1) [124]=62445(span=1,weighted=0,key=-1)
 [125]=100895(span=1,weighted=0,key=-1) [126]=106876(span=1,weighted=0,key=-1)
 [127]=107430(span=1,weighted=0,key=-1) [128]=108890(span=1,weighted=0,key=-1)
 [129]=111643(span=1,weighted=0,key=-1) [130]=114305(span=1,weighted=0,key=-1)
 [131]=119127(span=1,weighted=0,key=-1) [132]=123618(span=1,weighted=0,key=-1)
 [133]=135093(span=1,weighted=0,key=-1) [134]=138846(span=1,weighted=0,key=-1)
 [135]=158791(span=1,weighted=0,key=-1) [136]=178892(span=1,weighted=0,key=-1)
 [137]=183260(span=1,weighted=0,key=-1) [138]=193093(span=1,weighted=0,key=-1)
 [139]=221334(span=1,weighted=0,key=-1) [140]=222509(span=1,weighted=0,key=-1)
 [141]=223063(span=1,weighted=0,key=-1) [142]=264348(span=1,weighted=0,key=-1)
 [143]=402891(span=1,weighted=0,key=-1) [144]=357594(span=1,weighted=0,key=-1)
 [145]=78251(span=1,weighted=0,key=-1) [146]=92234(span=1,weighted=0,key=-1)
 [147]=112240(span=1,weighted=0,key=-1) [148]=126305(span=1,weighted=0,key=-1)
 [149]=235301(span=1,weighted=0,key=-1) [150]=235310(span=1,weighted=0,key=-1)
 [151]=259649(span=1,weighted=0,key=-1) [152]=268830(span=1,weighted=0,key=-1)
 [153]=305177(span=1,weighted=0,key=-1) [154]=335164(span=1,weighted=0,key=-1)
 [155]=347872(span=1,weighted=0,key=-1) [156]=433385(span=1,weighted=0,key=-1)
 [157]=528754(span=1,weighted=0,key=-1) [158]=560240(span=1,weighted=0,key=-1)
 [159]=591202(span=1,weighted=0,key=-1) [160]=601293(span=1,weighted=0,key=-1)
 [161]=622620(span=1,weighted=0,key=-1) [162]=471659(span=1,weighted=0,key=-1)
 [163]=493902(span=1,weighted=0,key=-1) [164]=261809(span=1,weighted=0,key=-1)
 [165]=92588(span=1,weighted=0,key=-1) [166]=207294(span=1,weighted=0,key=-1)
 [167]=275556(span=1,weighted=0,key=-1) [168]=673924(span=1,weighted=0,key=-1)
 [169]=64006(span=1,weighted=0,key=-1) [170]=299844(span=1,weighted=0,key=-1)
 [171]=275098(span=1,weighted=0,key=-1) [172]=286101(span=1,weighted=0,key=-1)
 [173]=21568(span=1,weighted=0,key=-1) [174]=26251(span=1,weighted=0,key=-1)
 [175]=28806(span=1,weighted=0,key=-1) [176]=29554(span=1,weighted=0,key=-1)
 [177]=32481(span=1,weighted=0,key=-1) [178]=32863(span=1,weighted=0,key=-1)
 [179]=36309(span=1,weighted=0,key=-1) [180]=36569(span=1,weighted=0,key=-1)
 [181]=38014(span=1,weighted=0,key=-1) [182]=55488(span=1,weighted=0,key=-1)
 [183]=85842(span=1,weighted=0,key=-1) [184]=112281(span=1,weighted=0,key=-1)
 [185]=119824(span=1,weighted=0,key=-1) [186]=151254(span=1,weighted=0,key=-1)
 [187]=156348(span=1,weighted=0,key=-1) [188]=164919(span=1,weighted=0,key=-1)
 [189]=165043(span=1,weighted=0,key=-1) [190]=175489(span=1,weighted=0,key=-1)
 [191]=176765(span=1,weighted=0,key=-1) [192]=187433(span=1,weighted=0,key=-1)
 [193]=194029(span=1,weighted=0,key=-1) [194]=201889(span=1,weighted=0,key=-1)
 [195]=215382(span=1,weighted=0,key=-1) [196]=221175(span=1,weighted=0,key=-1)
 [197]=227938(span=1,weighted=0,key=-1) [198]=232365(span=1,weighted=0,key=-1)
 [199]=235293(span=1,weighted=0,key=-1) [200]=21272(span=1,weighted=0,key=-1)
 [201]=17325(span=1,weighted=0,key=-1) [202]=287568(span=1,weighted=0,key=-1)
 [203]=296445(span=1,weighted=0,key=-1) [204]=300593(span=1,weighted=0,key=-1)
 [205]=316262(span=1,weighted=0,key=-1) [206]=334456(span=1,weighted=0,key=-1)
 [207]=342263(span=1,weighted=0,key=-1) [208]=399378(span=1,weighted=0,key=-1)
 [209]=399849(span=1,weighted=0,key=-1) [210]=409572(span=1,weighted=0,key=-1)
 [211]=469726(span=1,weighted=0,key=-1) [212]=514651(span=1,weighted=0,key=-1)
 [213]=525446(span=1,weighted=0,key=-1) [214]=533545(span=1,weighted=0,key=-1)
 [215]=566013(span=1,weighted=0,key=-1) [216]=583633(span=1,weighted=0,key=-1)
 [217]=597741(span=1,weighted=0,key=-1) [218]=613568(span=1,weighted=0,key=-1)
 [219]=614778(span=1,weighted=0,key=-1) [220]=619040(span=1,weighted=0,key=-1)
 [221]=620380(span=1,weighted=0,key=-1) [222]=636414(span=1,weighted=0,key=-1)
 [223]=651062(span=1,weighted=0,key=-1) [224]=680637(span=1,weighted=0,key=-1)
 [225]=691410(span=1,weighted=0,key=-1) [226]=707005(span=1,weighted=0,key=-1)
 [227]=16599(span=1,weighted=0,key=-1) [228]=752968(span=1,weighted=0,key=-1)
Temporary breakpoint 33 at 0x100248d6
BRIDGET_TRANSITION context=1 count=30 units: 245778 622202 720652 227938 221175
 215382 201889 194029 187433 176765 175489 165043 164919 243779 568522 676219
 23906 27616 608561 566750 399378 334456 316262 300593 287568 17325 21272
 235293 106109 257789
BRIDGET_CANDIDATE_LIST position=2 count=27 [0]=770931(span=2,weighted=0,key=-2)
 [1]=371608(span=2,weighted=0,key=-2) [2]=342887(span=2,weighted=0,key=-2)
 [3]=124542(span=2,weighted=0,key=-2) [4]=737885(span=2,weighted=0,key=-2)
 [5]=737827(span=2,weighted=0,key=-2) [6]=643075(span=1,weighted=0,key=-1)
 [7]=640884(span=1,weighted=0,key=-1) [8]=292685(span=1,weighted=0,key=-1)
 [9]=532206(span=1,weighted=0,key=-1) [10]=642937(span=1,weighted=0,key=-1)
 [11]=431067(span=1,weighted=0,key=-1) [12]=765562(span=1,weighted=0,key=-1)
 [13]=759281(span=1,weighted=0,key=-1) [14]=753196(span=1,weighted=0,key=-1)
 [15]=671782(span=1,weighted=0,key=-1) [16]=642681(span=1,weighted=0,key=-1)
 [17]=464798(span=1,weighted=0,key=-1) [18]=439861(span=1,weighted=0,key=-1)
 [19]=424514(span=1,weighted=0,key=-1) [20]=370118(span=1,weighted=0,key=-1)
 [21]=363875(span=1,weighted=0,key=-1) [22]=184072(span=1,weighted=0,key=-1)
 [23]=177791(span=1,weighted=0,key=-1) [24]=260087(span=1,weighted=0,key=-1)
 [25]=639877(span=1,weighted=0,key=-1) [26]=501898(span=1,weighted=0,key=-1)
Temporary breakpoint 34 at 0x100248d6
BRIDGET_TRANSITION context=2 count=27 units: 770931 371608 342887 124542 737885
 737827 643075 640884 292685 532206 642937 431067 765562 759281 753196 671782
 642681 464798 439861 424514 370118 363875 184072 177791 260087 639877 501898
BRIDGET_CANDIDATE_LIST position=3 count=23 [0]=770931(span=2,weighted=0,key=-2)
 [1]=371608(span=2,weighted=0,key=-2) [2]=737827(span=2,weighted=0,key=-2)
 [3]=737885(span=2,weighted=0,key=-2) [4]=124542(span=2,weighted=0,key=-2)
 [5]=342887(span=2,weighted=0,key=-2) [6]=682208(span=1,weighted=0,key=-1)
 [7]=628748(span=1,weighted=0,key=-1) [8]=572515(span=1,weighted=0,key=-1)
 [9]=482481(span=1,weighted=0,key=-1) [10]=480361(span=1,weighted=0,key=-1)
 [11]=388241(span=1,weighted=0,key=-1) [12]=386148(span=1,weighted=0,key=-1)
 [13]=325514(span=1,weighted=0,key=-1) [14]=191959(span=1,weighted=0,key=-1)
 [15]=150964(span=1,weighted=0,key=-1) [16]=319182(span=1,weighted=0,key=-1)
 [17]=182932(span=1,weighted=0,key=-1) [18]=167949(span=1,weighted=0,key=-1)
 [19]=126313(span=1,weighted=0,key=-1) [20]=641847(span=1,weighted=0,key=-1)
 [21]=180852(span=1,weighted=0,key=-1) [22]=194849(span=1,weighted=0,key=-1)
Temporary breakpoint 35 at 0x100248d6
BRIDGET_TRANSITION context=3 count=23 units: 770931 371608 737827 737885 124542
 342887 682208 628748 572515 482481 480361 388241 386148 325514 191959 150964
 319182 182932 167949 126313 641847 180852 194849
BRIDGET_CANDIDATE_LIST position=4 count=162
 [0]=365789(span=2,weighted=0,key=-2) [1]=150652(span=2,weighted=0,key=-2)
 [2]=272930(span=2,weighted=0,key=-2) [3]=548226(span=2,weighted=0,key=-2)
 [4]=382197(span=2,weighted=0,key=-2) [5]=652964(span=1,weighted=0,key=-1)
 [6]=43764(span=1,weighted=0,key=-1) [7]=139817(span=1,weighted=0,key=-1)
 [8]=564725(span=1,weighted=0,key=-1) [9]=574210(span=1,weighted=0,key=-1)
 [10]=586089(span=1,weighted=0,key=-1) [11]=597766(span=1,weighted=0,key=-1)
 [12]=606237(span=1,weighted=0,key=-1) [13]=675288(span=1,weighted=0,key=-1)
 [14]=677952(span=1,weighted=0,key=-1) [15]=183210(span=1,weighted=0,key=-1)
 [16]=583024(span=1,weighted=0,key=-1) [17]=604769(span=1,weighted=0,key=-1)
 [18]=636873(span=1,weighted=0,key=-1) [19]=696468(span=1,weighted=0,key=-1)
 [20]=162423(span=1,weighted=0,key=-1) [21]=461863(span=1,weighted=0,key=-1)
 [22]=69472(span=1,weighted=0,key=-1) [23]=526764(span=1,weighted=0,key=-1)
 [24]=342353(span=1,weighted=0,key=-1) [25]=570862(span=1,weighted=0,key=-1)
 [26]=585477(span=1,weighted=0,key=-1) [27]=502409(span=1,weighted=0,key=-1)
 [28]=652539(span=1,weighted=0,key=-1) [29]=670181(span=1,weighted=0,key=-1)
 [30]=692083(span=1,weighted=0,key=-1) [31]=698369(span=1,weighted=0,key=-1)
 [32]=705475(span=1,weighted=0,key=-1) [33]=712208(span=1,weighted=0,key=-1)
 [34]=712905(span=1,weighted=0,key=-1) [35]=713020(span=1,weighted=0,key=-1)
 [36]=284596(span=1,weighted=0,key=-1) [37]=615949(span=1,weighted=0,key=-1)
 [38]=51429(span=1,weighted=0,key=-1) [39]=211390(span=1,weighted=0,key=-1)
 [40]=267577(span=1,weighted=0,key=-1) [41]=495575(span=1,weighted=0,key=-1)
 [42]=310167(span=1,weighted=0,key=-1) [43]=87598(span=1,weighted=0,key=-1)
 [44]=694719(span=1,weighted=0,key=-1) [45]=702569(span=1,weighted=0,key=-1)
 [46]=18076(span=1,weighted=0,key=-1) [47]=24308(span=1,weighted=0,key=-1)
 [48]=28840(span=1,weighted=0,key=-1) [49]=190718(span=1,weighted=0,key=-1)
 [50]=389835(span=1,weighted=0,key=-1) [51]=473510(span=1,weighted=0,key=-1)
 [52]=474633(span=1,weighted=0,key=-1) [53]=523494(span=1,weighted=0,key=-1)
 [54]=533162(span=1,weighted=0,key=-1) [55]=535595(span=1,weighted=0,key=-1)
 [56]=538195(span=1,weighted=0,key=-1) [57]=564326(span=1,weighted=0,key=-1)
 [58]=573301(span=1,weighted=0,key=-1) [59]=600836(span=1,weighted=0,key=-1)
 [60]=613204(span=1,weighted=0,key=-1) [61]=658901(span=1,weighted=0,key=-1)
 [62]=690809(span=1,weighted=0,key=-1) [63]=688160(span=1,weighted=0,key=-1)
 [64]=97645(span=1,weighted=0,key=-1) [65]=188433(span=1,weighted=0,key=-1)
 [66]=190555(span=1,weighted=0,key=-1) [67]=200951(span=1,weighted=0,key=-1)
 [68]=229499(span=1,weighted=0,key=-1) [69]=281454(span=1,weighted=0,key=-1)
 [70]=391704(span=1,weighted=0,key=-1) [71]=408871(span=1,weighted=0,key=-1)
 [72]=410746(span=1,weighted=0,key=-1) [73]=423876(span=1,weighted=0,key=-1)
 [74]=434250(span=1,weighted=0,key=-1) [75]=445751(span=1,weighted=0,key=-1)
 [76]=448261(span=1,weighted=0,key=-1) [77]=450074(span=1,weighted=0,key=-1)
 [78]=523827(span=1,weighted=0,key=-1) [79]=546485(span=1,weighted=0,key=-1)
 [80]=555469(span=1,weighted=0,key=-1) [81]=572877(span=1,weighted=0,key=-1)
 [82]=493208(span=1,weighted=0,key=-1) [83]=474698(span=1,weighted=0,key=-1)
 [84]=114753(span=1,weighted=0,key=-1) [85]=463961(span=1,weighted=0,key=-1)
 [86]=487591(span=1,weighted=0,key=-1) [87]=519898(span=1,weighted=0,key=-1)
 [88]=523107(span=1,weighted=0,key=-1) [89]=527005(span=1,weighted=0,key=-1)
 [90]=539544(span=1,weighted=0,key=-1) [91]=544303(span=1,weighted=0,key=-1)
 [92]=547515(span=1,weighted=0,key=-1) [93]=104539(span=1,weighted=0,key=-1)
 [94]=448888(span=1,weighted=0,key=-1) [95]=461456(span=1,weighted=0,key=-1)
 [96]=621628(span=1,weighted=0,key=-1) [97]=397784(span=1,weighted=0,key=-1)
 [98]=437658(span=1,weighted=0,key=-1) [99]=454798(span=1,weighted=0,key=-1)
 [100]=455517(span=1,weighted=0,key=-1) [101]=484798(span=1,weighted=0,key=-1)
 [102]=769786(span=1,weighted=0,key=-1) [103]=739894(span=1,weighted=0,key=-1)
 [104]=188406(span=1,weighted=0,key=-1) [105]=369898(span=1,weighted=0,key=-1)
 [106]=676316(span=1,weighted=0,key=-1) [107]=763414(span=1,weighted=0,key=-1)
 [108]=771723(span=1,weighted=0,key=-1) [109]=48003(span=1,weighted=0,key=-1)
 [110]=195548(span=1,weighted=0,key=-1) [111]=208531(span=1,weighted=0,key=-1)
 [112]=210832(span=1,weighted=0,key=-1) [113]=446473(span=1,weighted=0,key=-1)
 [114]=498788(span=1,weighted=0,key=-1) [115]=44629(span=1,weighted=0,key=-1)
 [116]=75581(span=1,weighted=0,key=-1) [117]=141481(span=1,weighted=0,key=-1)
 [118]=486266(span=1,weighted=0,key=-1) [119]=547410(span=1,weighted=0,key=-1)
 [120]=659868(span=1,weighted=0,key=-1) [121]=701881(span=1,weighted=0,key=-1)
 [122]=503793(span=1,weighted=0,key=-1) [123]=16223(span=1,weighted=0,key=-1)
 [124]=271183(span=1,weighted=0,key=-1) [125]=294574(span=1,weighted=0,key=-1)
 [126]=321236(span=1,weighted=0,key=-1) [127]=336672(span=1,weighted=0,key=-1)
 [128]=339640(span=1,weighted=0,key=-1) [129]=357567(span=1,weighted=0,key=-1)
 [130]=358131(span=1,weighted=0,key=-1) [131]=363298(span=1,weighted=0,key=-1)
 [132]=364606(span=1,weighted=0,key=-1) [133]=369611(span=1,weighted=0,key=-1)
 [134]=434823(span=1,weighted=0,key=-1) [135]=437259(span=1,weighted=0,key=-1)
 [136]=441634(span=1,weighted=0,key=-1) [137]=459055(span=1,weighted=0,key=-1)
 [138]=460103(span=1,weighted=0,key=-1) [139]=461740(span=1,weighted=0,key=-1)
 [140]=466489(span=1,weighted=0,key=-1) [141]=474299(span=1,weighted=0,key=-1)
 [142]=268907(span=1,weighted=0,key=-1) [143]=257694(span=1,weighted=0,key=-1)
 [144]=30827(span=1,weighted=0,key=-1) [145]=36200(span=1,weighted=0,key=-1)
 [146]=36671(span=1,weighted=0,key=-1) [147]=44248(span=1,weighted=0,key=-1)
 [148]=48405(span=1,weighted=0,key=-1) [149]=93051(span=1,weighted=0,key=-1)
 [150]=114218(span=1,weighted=0,key=-1) [151]=150875(span=1,weighted=0,key=-1)
 [152]=158122(span=1,weighted=0,key=-1) [153]=158312(span=1,weighted=0,key=-1)
 [154]=164290(span=1,weighted=0,key=-1) [155]=177939(span=1,weighted=0,key=-1)
 [156]=181922(span=1,weighted=0,key=-1) [157]=186711(span=1,weighted=0,key=-1)
 [158]=217677(span=1,weighted=0,key=-1) [159]=225258(span=1,weighted=0,key=-1)
 [160]=236091(span=1,weighted=0,key=-1) [161]=707655(span=1,weighted=0,key=-1)
Temporary breakpoint 36 at 0x100248d6
BRIDGET_TRANSITION context=4 count=30 units: 365789 150652 272930 548226 382197
 183210 547515 519898 539544 487591 544303 527005 463961 114753 523107 621628
 448888 104539 162423 461456 210832 48003 503793 397784 484798 455517 454798
 437658 498788 446473
BRIDGET_CANDIDATE_LIST position=5 count=49 [0]=365789(span=2,weighted=0,key=-2)
 [1]=382197(span=2,weighted=0,key=-2) [2]=548226(span=2,weighted=0,key=-2)
 [3]=150652(span=2,weighted=0,key=-2) [4]=272930(span=2,weighted=0,key=-2)
 [5]=590950(span=1,weighted=0,key=-1) [6]=598838(span=1,weighted=0,key=-1)
 [7]=613857(span=1,weighted=0,key=-1) [8]=695054(span=1,weighted=0,key=-1)
 [9]=708634(span=1,weighted=0,key=-1) [10]=740416(span=1,weighted=0,key=-1)
 [11]=140001(span=1,weighted=0,key=-1) [12]=344023(span=1,weighted=0,key=-1)
 [13]=492729(span=1,weighted=0,key=-1) [14]=548532(span=1,weighted=0,key=-1)
 [15]=237691(span=1,weighted=0,key=-1) [16]=586696(span=1,weighted=0,key=-1)
 [17]=623477(span=1,weighted=0,key=-1) [18]=43502(span=1,weighted=0,key=-1)
 [19]=319076(span=1,weighted=0,key=-1) [20]=321663(span=1,weighted=0,key=-1)
 [21]=342682(span=1,weighted=0,key=-1) [22]=555750(span=1,weighted=0,key=-1)
 [23]=665720(span=1,weighted=0,key=-1) [24]=707744(span=1,weighted=0,key=-1)
 [25]=550452(span=1,weighted=0,key=-1) [26]=544244(span=1,weighted=0,key=-1)
 [27]=216243(span=1,weighted=0,key=-1) [28]=757710(span=1,weighted=0,key=-1)
 [29]=391648(span=1,weighted=0,key=-1) [30]=673799(span=1,weighted=0,key=-1)
 [31]=106960(span=1,weighted=0,key=-1) [32]=163430(span=1,weighted=0,key=-1)
 [33]=181372(span=1,weighted=0,key=-1) [34]=190180(span=1,weighted=0,key=-1)
 [35]=226010(span=1,weighted=0,key=-1) [36]=274238(span=1,weighted=0,key=-1)
 [37]=284615(span=1,weighted=0,key=-1) [38]=401009(span=1,weighted=0,key=-1)
 [39]=425871(span=1,weighted=0,key=-1) [40]=432892(span=1,weighted=0,key=-1)
 [41]=447421(span=1,weighted=0,key=-1) [42]=452780(span=1,weighted=0,key=-1)
 [43]=461246(span=1,weighted=0,key=-1) [44]=469819(span=1,weighted=0,key=-1)
 [45]=472496(span=1,weighted=0,key=-1) [46]=478493(span=1,weighted=0,key=-1)
 [47]=544205(span=1,weighted=0,key=-1) [48]=331090(span=1,weighted=0,key=-1)
Temporary breakpoint 37 at 0x100248d6
BRIDGET_TRANSITION context=5 count=30 units: 365789 382197 548226 150652 272930
 432892 586696 590950 425871 478493 190180 274238 673799 550452 469819 284615
 391648 140001 613857 708634 181372 226010 452780 598838 447421 695054 472496
 43502 544244 544205
BRIDGET_CANDIDATE_LIST position=6 count=131
 [0]=302652(span=2,weighted=0,key=-2) [1]=751918(span=2,weighted=0,key=-2)
 [2]=708792(span=2,weighted=0,key=-2) [3]=363750(span=2,weighted=0,key=-2)
 [4]=359856(span=2,weighted=0,key=-2) [5]=349802(span=2,weighted=0,key=-2)
 [6]=338701(span=2,weighted=0,key=-2) [7]=219746(span=2,weighted=0,key=-2)
 [8]=199204(span=2,weighted=0,key=-2) [9]=137809(span=2,weighted=0,key=-2)
 [10]=135802(span=2,weighted=0,key=-2) [11]=129513(span=2,weighted=0,key=-2)
 [12]=100403(span=2,weighted=0,key=-2) [13]=183211(span=2,weighted=0,key=-2)
 [14]=357809(span=2,weighted=0,key=-2) [15]=310588(span=2,weighted=0,key=-2)
 [16]=580505(span=2,weighted=0,key=-2) [17]=636745(span=2,weighted=0,key=-2)
 [18]=144736(span=2,weighted=0,key=-2) [19]=635452(span=2,weighted=0,key=-2)
 [20]=100436(span=2,weighted=0,key=-2) [21]=373617(span=2,weighted=0,key=-2)
 [22]=20938(span=2,weighted=0,key=-2) [23]=34225(span=2,weighted=0,key=-2)
 [24]=128165(span=2,weighted=0,key=-2) [25]=299948(span=2,weighted=0,key=-2)
 [26]=195972(span=1,weighted=0,key=-1) [27]=120197(span=1,weighted=0,key=-1)
 [28]=93052(span=1,weighted=0,key=-1) [29]=13103(span=1,weighted=0,key=-1)
 [30]=638305(span=1,weighted=0,key=-1) [31]=558798(span=1,weighted=0,key=-1)
 [32]=441865(span=1,weighted=0,key=-1) [33]=235249(span=1,weighted=0,key=-1)
 [34]=229626(span=1,weighted=0,key=-1) [35]=164418(span=1,weighted=0,key=-1)
 [36]=53776(span=1,weighted=0,key=-1) [37]=34130(span=1,weighted=0,key=-1)
 [38]=592523(span=1,weighted=0,key=-1) [39]=543121(span=1,weighted=0,key=-1)
 [40]=486431(span=1,weighted=0,key=-1) [41]=377137(span=1,weighted=0,key=-1)
 [42]=322050(span=1,weighted=0,key=-1) [43]=380251(span=1,weighted=0,key=-1)
 [44]=594613(span=1,weighted=0,key=-1) [45]=658562(span=1,weighted=0,key=-1)
 [46]=322718(span=1,weighted=0,key=-1) [47]=225624(span=1,weighted=0,key=-1)
 [48]=713105(span=1,weighted=0,key=-1) [49]=626895(span=1,weighted=0,key=-1)
 [50]=616040(span=1,weighted=0,key=-1) [51]=609320(span=1,weighted=0,key=-1)
 [52]=603692(span=1,weighted=0,key=-1) [53]=461457(span=1,weighted=0,key=-1)
 [54]=447191(span=1,weighted=0,key=-1) [55]=439545(span=1,weighted=0,key=-1)
 [56]=379079(span=1,weighted=0,key=-1) [57]=250460(span=1,weighted=0,key=-1)
 [58]=223769(span=1,weighted=0,key=-1) [59]=212245(span=1,weighted=0,key=-1)
 [60]=141798(span=1,weighted=0,key=-1) [61]=132493(span=1,weighted=0,key=-1)
 [62]=116213(span=1,weighted=0,key=-1) [63]=94919(span=1,weighted=0,key=-1)
 [64]=54087(span=1,weighted=0,key=-1) [65]=31758(span=1,weighted=0,key=-1)
 [66]=18994(span=1,weighted=0,key=-1) [67]=437886(span=1,weighted=0,key=-1)
 [68]=217367(span=1,weighted=0,key=-1) [69]=125552(span=1,weighted=0,key=-1)
 [70]=97108(span=1,weighted=0,key=-1) [71]=642431(span=1,weighted=0,key=-1)
 [72]=224407(span=1,weighted=0,key=-1) [73]=202349(span=1,weighted=0,key=-1)
 [74]=279373(span=1,weighted=0,key=-1) [75]=98662(span=1,weighted=0,key=-1)
 [76]=706143(span=1,weighted=0,key=-1) [77]=700675(span=1,weighted=0,key=-1)
 [78]=617075(span=1,weighted=0,key=-1) [79]=438725(span=1,weighted=0,key=-1)
 [80]=414002(span=1,weighted=0,key=-1) [81]=13180(span=1,weighted=0,key=-1)
 [82]=8535(span=1,weighted=0,key=-1) [83]=574048(span=1,weighted=0,key=-1)
 [84]=563512(span=1,weighted=0,key=-1) [85]=495576(span=1,weighted=0,key=-1)
 [86]=483550(span=1,weighted=0,key=-1) [87]=464727(span=1,weighted=0,key=-1)
 [88]=457882(span=1,weighted=0,key=-1) [89]=397256(span=1,weighted=0,key=-1)
 [90]=389429(span=1,weighted=0,key=-1) [91]=375590(span=1,weighted=0,key=-1)
 [92]=335832(span=1,weighted=0,key=-1) [93]=316751(span=1,weighted=0,key=-1)
 [94]=271934(span=1,weighted=0,key=-1) [95]=244117(span=1,weighted=0,key=-1)
 [96]=189774(span=1,weighted=0,key=-1) [97]=182002(span=1,weighted=0,key=-1)
 [98]=45345(span=1,weighted=0,key=-1) [99]=36341(span=1,weighted=0,key=-1)
 [100]=17205(span=1,weighted=0,key=-1) [101]=332217(span=1,weighted=0,key=-1)
 [102]=429656(span=1,weighted=0,key=-1) [103]=53494(span=1,weighted=0,key=-1)
 [104]=23005(span=1,weighted=0,key=-1) [105]=264466(span=1,weighted=0,key=-1)
 [106]=693059(span=1,weighted=0,key=-1) [107]=679188(span=1,weighted=0,key=-1)
 [108]=6801(span=1,weighted=0,key=-1) [109]=622497(span=1,weighted=0,key=-1)
 [110]=580935(span=1,weighted=0,key=-1) [111]=562393(span=1,weighted=0,key=-1)
 [112]=503863(span=1,weighted=0,key=-1) [113]=461592(span=1,weighted=0,key=-1)
 [114]=412328(span=1,weighted=0,key=-1) [115]=349546(span=1,weighted=0,key=-1)
 [116]=313782(span=1,weighted=0,key=-1) [117]=279757(span=1,weighted=0,key=-1)
 [118]=271854(span=1,weighted=0,key=-1) [119]=270563(span=1,weighted=0,key=-1)
 [120]=250172(span=1,weighted=0,key=-1) [121]=245676(span=1,weighted=0,key=-1)
 [122]=210156(span=1,weighted=0,key=-1) [123]=184145(span=1,weighted=0,key=-1)
 [124]=180301(span=1,weighted=0,key=-1) [125]=147141(span=1,weighted=0,key=-1)
 [126]=61883(span=1,weighted=0,key=-1) [127]=667231(span=1,weighted=0,key=-1)
 [128]=476052(span=1,weighted=0,key=-1) [129]=430301(span=1,weighted=0,key=-1)
 [130]=636224(span=1,weighted=0,key=-1)
Temporary breakpoint 38 at 0x100248d6
BRIDGET_TRANSITION context=6 count=30 units: 302652 751918 708792 363750 359856
 349802 338701 219746 199204 137809 135802 129513 100403 183211 357809 310588
 580505 636745 144736 635452 100436 373617 20938 34225 128165 299948 264466
 202349 706143 389429
BRIDGET_CANDIDATE_LIST position=7 count=868
 [0]=363750(span=2,weighted=0,key=-2) [1]=357809(span=2,weighted=0,key=-2)
 [2]=299948(span=2,weighted=0,key=-2) [3]=128165(span=2,weighted=0,key=-2)
 [4]=34225(span=2,weighted=0,key=-2) [5]=20938(span=2,weighted=0,key=-2)
 [6]=373617(span=2,weighted=0,key=-2) [7]=100436(span=2,weighted=0,key=-2)
 [8]=635452(span=2,weighted=0,key=-2) [9]=144736(span=2,weighted=0,key=-2)
 [10]=636745(span=2,weighted=0,key=-2) [11]=580505(span=2,weighted=0,key=-2)
 [12]=310588(span=2,weighted=0,key=-2) [13]=302652(span=2,weighted=0,key=-2)
 [14]=183211(span=2,weighted=0,key=-2) [15]=751918(span=2,weighted=0,key=-2)
 [16]=708792(span=2,weighted=0,key=-2) [17]=100403(span=2,weighted=0,key=-2)
 [18]=129513(span=2,weighted=0,key=-2) [19]=135802(span=2,weighted=0,key=-2)
 [20]=137809(span=2,weighted=0,key=-2) [21]=199204(span=2,weighted=0,key=-2)
 [22]=219746(span=2,weighted=0,key=-2) [23]=338701(span=2,weighted=0,key=-2)
 [24]=349802(span=2,weighted=0,key=-2) [25]=359856(span=2,weighted=0,key=-2)
 [26]=202635(span=1,weighted=0,key=-1) [27]=226054(span=1,weighted=0,key=-1)
 [28]=227363(span=1,weighted=0,key=-1) [29]=228701(span=1,weighted=0,key=-1)
 [30]=230075(span=1,weighted=0,key=-1) [31]=231230(span=1,weighted=0,key=-1)
 [32]=235995(span=1,weighted=0,key=-1) [33]=236372(span=1,weighted=0,key=-1)
 [34]=236902(span=1,weighted=0,key=-1) [35]=237069(span=1,weighted=0,key=-1)
 [36]=242892(span=1,weighted=0,key=-1) [37]=243049(span=1,weighted=0,key=-1)
 [38]=244103(span=1,weighted=0,key=-1) [39]=245069(span=1,weighted=0,key=-1)
 [40]=247109(span=1,weighted=0,key=-1) [41]=250555(span=1,weighted=0,key=-1)
 [42]=251906(span=1,weighted=0,key=-1) [43]=252383(span=1,weighted=0,key=-1)
 [44]=252843(span=1,weighted=0,key=-1) [45]=254833(span=1,weighted=0,key=-1)
 [46]=258264(span=1,weighted=0,key=-1) [47]=260780(span=1,weighted=0,key=-1)
 [48]=222093(span=1,weighted=0,key=-1) [49]=178264(span=1,weighted=0,key=-1)
 [50]=204301(span=1,weighted=0,key=-1) [51]=205714(span=1,weighted=0,key=-1)
 [52]=211425(span=1,weighted=0,key=-1) [53]=211896(span=1,weighted=0,key=-1)
 [54]=216626(span=1,weighted=0,key=-1) [55]=218553(span=1,weighted=0,key=-1)
 [56]=220691(span=1,weighted=0,key=-1) [57]=221881(span=1,weighted=0,key=-1)
 [58]=190040(span=1,weighted=0,key=-1) [59]=201461(span=1,weighted=0,key=-1)
 [60]=201451(span=1,weighted=0,key=-1) [61]=198802(span=1,weighted=0,key=-1)
 [62]=195835(span=1,weighted=0,key=-1) [63]=194403(span=1,weighted=0,key=-1)
 [64]=194376(span=1,weighted=0,key=-1) [65]=194148(span=1,weighted=0,key=-1)
 [66]=193600(span=1,weighted=0,key=-1) [67]=192714(span=1,weighted=0,key=-1)
 [68]=183757(span=1,weighted=0,key=-1) [69]=181309(span=1,weighted=0,key=-1)
 [70]=262813(span=1,weighted=0,key=-1) [71]=263093(span=1,weighted=0,key=-1)
 [72]=317602(span=1,weighted=0,key=-1) [73]=318121(span=1,weighted=0,key=-1)
 [74]=319400(span=1,weighted=0,key=-1) [75]=320940(span=1,weighted=0,key=-1)
 [76]=328324(span=1,weighted=0,key=-1) [77]=331000(span=1,weighted=0,key=-1)
 [78]=333032(span=1,weighted=0,key=-1) [79]=334535(span=1,weighted=0,key=-1)
 [80]=338946(span=1,weighted=0,key=-1) [81]=339591(span=1,weighted=0,key=-1)
 [82]=340556(span=1,weighted=0,key=-1) [83]=344410(span=1,weighted=0,key=-1)
 [84]=344544(span=1,weighted=0,key=-1) [85]=348973(span=1,weighted=0,key=-1)
 [86]=350256(span=1,weighted=0,key=-1) [87]=351614(span=1,weighted=0,key=-1)
 [88]=352505(span=1,weighted=0,key=-1) [89]=353458(span=1,weighted=0,key=-1)
 [90]=357968(span=1,weighted=0,key=-1) [91]=359074(span=1,weighted=0,key=-1)
 [92]=359158(span=1,weighted=0,key=-1) [93]=359495(span=1,weighted=0,key=-1)
 [94]=360513(span=1,weighted=0,key=-1) [95]=360744(span=1,weighted=0,key=-1)
 [96]=364722(span=1,weighted=0,key=-1) [97]=366571(span=1,weighted=0,key=-1)
 [98]=366898(span=1,weighted=0,key=-1) [99]=316776(span=1,weighted=0,key=-1)
 [100]=315975(span=1,weighted=0,key=-1) [101]=267218(span=1,weighted=0,key=-1)
 [102]=268495(span=1,weighted=0,key=-1) [103]=269643(span=1,weighted=0,key=-1)
 [104]=271198(span=1,weighted=0,key=-1) [105]=271882(span=1,weighted=0,key=-1)
 [106]=271925(span=1,weighted=0,key=-1) [107]=272500(span=1,weighted=0,key=-1)
 [108]=273122(span=1,weighted=0,key=-1) [109]=278745(span=1,weighted=0,key=-1)
 [110]=278848(span=1,weighted=0,key=-1) [111]=282324(span=1,weighted=0,key=-1)
 [112]=284255(span=1,weighted=0,key=-1) [113]=294211(span=1,weighted=0,key=-1)
 [114]=294764(span=1,weighted=0,key=-1) [115]=298671(span=1,weighted=0,key=-1)
 [116]=299749(span=1,weighted=0,key=-1) [117]=301976(span=1,weighted=0,key=-1)
 [118]=303973(span=1,weighted=0,key=-1) [119]=304882(span=1,weighted=0,key=-1)
 [120]=305592(span=1,weighted=0,key=-1) [121]=306678(span=1,weighted=0,key=-1)
 [122]=307896(span=1,weighted=0,key=-1) [123]=308449(span=1,weighted=0,key=-1)
 [124]=312870(span=1,weighted=0,key=-1) [125]=314154(span=1,weighted=0,key=-1)
 [126]=314559(span=1,weighted=0,key=-1) [127]=173349(span=1,weighted=0,key=-1)
 [128]=173304(span=1,weighted=0,key=-1) [129]=15268(span=1,weighted=0,key=-1)
 [130]=16850(span=1,weighted=0,key=-1) [131]=17138(span=1,weighted=0,key=-1)
 [132]=19073(span=1,weighted=0,key=-1) [133]=22720(span=1,weighted=0,key=-1)
 [134]=26302(span=1,weighted=0,key=-1) [135]=26907(span=1,weighted=0,key=-1)
 [136]=30988(span=1,weighted=0,key=-1) [137]=32589(span=1,weighted=0,key=-1)
 [138]=34018(span=1,weighted=0,key=-1) [139]=45329(span=1,weighted=0,key=-1)
 [140]=54004(span=1,weighted=0,key=-1) [141]=55674(span=1,weighted=0,key=-1)
 [142]=57696(span=1,weighted=0,key=-1) [143]=59564(span=1,weighted=0,key=-1)
 [144]=59744(span=1,weighted=0,key=-1) [145]=61659(span=1,weighted=0,key=-1)
 [146]=62888(span=1,weighted=0,key=-1) [147]=63455(span=1,weighted=0,key=-1)
 [148]=65892(span=1,weighted=0,key=-1) [149]=66391(span=1,weighted=0,key=-1)
 [150]=67941(span=1,weighted=0,key=-1) [151]=68017(span=1,weighted=0,key=-1)
 [152]=69047(span=1,weighted=0,key=-1) [153]=12154(span=1,weighted=0,key=-1)
 [154]=4007(span=1,weighted=0,key=-1) [155]=617422(span=1,weighted=0,key=-1)
 [156]=617906(span=1,weighted=0,key=-1) [157]=618865(span=1,weighted=0,key=-1)
 [158]=622706(span=1,weighted=0,key=-1) [159]=633346(span=1,weighted=0,key=-1)
 [160]=636020(span=1,weighted=0,key=-1) [161]=640896(span=1,weighted=0,key=-1)
 [162]=641219(span=1,weighted=0,key=-1) [163]=641995(span=1,weighted=0,key=-1)
 [164]=656940(span=1,weighted=0,key=-1) [165]=688937(span=1,weighted=0,key=-1)
 [166]=689609(span=1,weighted=0,key=-1) [167]=694936(span=1,weighted=0,key=-1)
 [168]=745036(span=1,weighted=0,key=-1) [169]=761596(span=1,weighted=0,key=-1)
 [170]=764570(span=1,weighted=0,key=-1) [171]=765073(span=1,weighted=0,key=-1)
 [172]=1865(span=1,weighted=0,key=-1) [173]=3943(span=1,weighted=0,key=-1)
 [174]=3953(span=1,weighted=0,key=-1) [175]=3963(span=1,weighted=0,key=-1)
 [176]=3978(span=1,weighted=0,key=-1) [177]=3995(span=1,weighted=0,key=-1)
 [178]=75890(span=1,weighted=0,key=-1) [179]=77857(span=1,weighted=0,key=-1)
 [180]=133601(span=1,weighted=0,key=-1) [181]=133825(span=1,weighted=0,key=-1)
 [182]=134778(span=1,weighted=0,key=-1) [183]=138243(span=1,weighted=0,key=-1)
 [184]=139370(span=1,weighted=0,key=-1) [185]=142889(span=1,weighted=0,key=-1)
 [186]=144274(span=1,weighted=0,key=-1) [187]=144463(span=1,weighted=0,key=-1)
 [188]=147025(span=1,weighted=0,key=-1) [189]=150316(span=1,weighted=0,key=-1)
 [190]=150783(span=1,weighted=0,key=-1) [191]=154458(span=1,weighted=0,key=-1)
 [192]=155101(span=1,weighted=0,key=-1) [193]=159316(span=1,weighted=0,key=-1)
 [194]=159364(span=1,weighted=0,key=-1) [195]=159708(span=1,weighted=0,key=-1)
 [196]=160766(span=1,weighted=0,key=-1) [197]=160911(span=1,weighted=0,key=-1)
 [198]=163232(span=1,weighted=0,key=-1) [199]=164644(span=1,weighted=0,key=-1)
 [200]=164972(span=1,weighted=0,key=-1) [201]=661165(span=1,weighted=0,key=-1)
 [202]=167932(span=1,weighted=0,key=-1) [203]=173052(span=1,weighted=0,key=-1)
 [204]=131843(span=1,weighted=0,key=-1) [205]=130023(span=1,weighted=0,key=-1)
 [206]=78338(span=1,weighted=0,key=-1) [207]=87454(span=1,weighted=0,key=-1)
 [208]=87689(span=1,weighted=0,key=-1) [209]=89560(span=1,weighted=0,key=-1)
 [210]=90950(span=1,weighted=0,key=-1) [211]=91238(span=1,weighted=0,key=-1)
 [212]=91652(span=1,weighted=0,key=-1) [213]=94790(span=1,weighted=0,key=-1)
 [214]=96425(span=1,weighted=0,key=-1) [215]=97969(span=1,weighted=0,key=-1)
 [216]=98768(span=1,weighted=0,key=-1) [217]=100629(span=1,weighted=0,key=-1)
 [218]=106468(span=1,weighted=0,key=-1) [219]=107128(span=1,weighted=0,key=-1)
 [220]=107446(span=1,weighted=0,key=-1) [221]=119210(span=1,weighted=0,key=-1)
 [222]=119673(span=1,weighted=0,key=-1) [223]=120241(span=1,weighted=0,key=-1)
 [224]=124880(span=1,weighted=0,key=-1) [225]=125937(span=1,weighted=0,key=-1)
 [226]=126872(span=1,weighted=0,key=-1) [227]=127402(span=1,weighted=0,key=-1)
 [228]=129100(span=1,weighted=0,key=-1) [229]=369158(span=1,weighted=0,key=-1)
 [230]=370020(span=1,weighted=0,key=-1) [231]=651072(span=1,weighted=0,key=-1)
 [232]=651405(span=1,weighted=0,key=-1) [233]=656650(span=1,weighted=0,key=-1)
 [234]=660489(span=1,weighted=0,key=-1) [235]=662537(span=1,weighted=0,key=-1)
 [236]=663709(span=1,weighted=0,key=-1) [237]=666902(span=1,weighted=0,key=-1)
 [238]=669883(span=1,weighted=0,key=-1) [239]=672053(span=1,weighted=0,key=-1)
 [240]=686263(span=1,weighted=0,key=-1) [241]=687878(span=1,weighted=0,key=-1)
 [242]=688097(span=1,weighted=0,key=-1) [243]=688386(span=1,weighted=0,key=-1)
 [244]=694076(span=1,weighted=0,key=-1) [245]=695166(span=1,weighted=0,key=-1)
 [246]=696305(span=1,weighted=0,key=-1) [247]=697000(span=1,weighted=0,key=-1)
 [248]=698497(span=1,weighted=0,key=-1) [249]=699464(span=1,weighted=0,key=-1)
 [250]=706249(span=1,weighted=0,key=-1) [251]=709850(span=1,weighted=0,key=-1)
 [252]=712011(span=1,weighted=0,key=-1) [253]=713006(span=1,weighted=0,key=-1)
 [254]=713576(span=1,weighted=0,key=-1) [255]=713820(span=1,weighted=0,key=-1)
 [256]=714822(span=1,weighted=0,key=-1) [257]=650792(span=1,weighted=0,key=-1)
 [258]=643461(span=1,weighted=0,key=-1) [259]=604501(span=1,weighted=0,key=-1)
 [260]=610184(span=1,weighted=0,key=-1) [261]=610846(span=1,weighted=0,key=-1)
 [262]=615946(span=1,weighted=0,key=-1) [263]=616058(span=1,weighted=0,key=-1)
 [264]=618629(span=1,weighted=0,key=-1) [265]=619295(span=1,weighted=0,key=-1)
 [266]=621301(span=1,weighted=0,key=-1) [267]=622045(span=1,weighted=0,key=-1)
 [268]=622304(span=1,weighted=0,key=-1) [269]=623638(span=1,weighted=0,key=-1)
 [270]=624290(span=1,weighted=0,key=-1) [271]=626053(span=1,weighted=0,key=-1)
 [272]=626192(span=1,weighted=0,key=-1) [273]=627704(span=1,weighted=0,key=-1)
 [274]=629979(span=1,weighted=0,key=-1) [275]=630061(span=1,weighted=0,key=-1)
 [276]=630242(span=1,weighted=0,key=-1) [277]=631840(span=1,weighted=0,key=-1)
 [278]=632784(span=1,weighted=0,key=-1) [279]=635335(span=1,weighted=0,key=-1)
 [280]=636283(span=1,weighted=0,key=-1) [281]=639134(span=1,weighted=0,key=-1)
 [282]=643318(span=1,weighted=0,key=-1) [283]=643449(span=1,weighted=0,key=-1)
 [284]=717434(span=1,weighted=0,key=-1) [285]=722899(span=1,weighted=0,key=-1)
 [286]=755208(span=1,weighted=0,key=-1) [287]=756359(span=1,weighted=0,key=-1)
 [288]=756709(span=1,weighted=0,key=-1) [289]=758479(span=1,weighted=0,key=-1)
 [290]=761252(span=1,weighted=0,key=-1) [291]=761744(span=1,weighted=0,key=-1)
 [292]=762200(span=1,weighted=0,key=-1) [293]=762684(span=1,weighted=0,key=-1)
 [294]=763023(span=1,weighted=0,key=-1) [295]=764842(span=1,weighted=0,key=-1)
 [296]=765363(span=1,weighted=0,key=-1) [297]=765541(span=1,weighted=0,key=-1)
 [298]=766728(span=1,weighted=0,key=-1) [299]=767078(span=1,weighted=0,key=-1)
 [300]=767421(span=1,weighted=0,key=-1) [301]=767747(span=1,weighted=0,key=-1)
 [302]=768662(span=1,weighted=0,key=-1) [303]=769743(span=1,weighted=0,key=-1)
 [304]=770408(span=1,weighted=0,key=-1) [305]=771752(span=1,weighted=0,key=-1)
 [306]=771808(span=1,weighted=0,key=-1) [307]=138749(span=1,weighted=0,key=-1)
 [308]=206473(span=1,weighted=0,key=-1) [309]=737000(span=1,weighted=0,key=-1)
 [310]=749287(span=1,weighted=0,key=-1) [311]=754335(span=1,weighted=0,key=-1)
 [312]=753773(span=1,weighted=0,key=-1) [313]=723083(span=1,weighted=0,key=-1)
 [314]=723469(span=1,weighted=0,key=-1) [315]=740285(span=1,weighted=0,key=-1)
 [316]=741213(span=1,weighted=0,key=-1) [317]=741400(span=1,weighted=0,key=-1)
 [318]=741418(span=1,weighted=0,key=-1) [319]=743347(span=1,weighted=0,key=-1)
 [320]=743381(span=1,weighted=0,key=-1) [321]=745625(span=1,weighted=0,key=-1)
 [322]=746161(span=1,weighted=0,key=-1) [323]=746286(span=1,weighted=0,key=-1)
 [324]=746776(span=1,weighted=0,key=-1) [325]=747713(span=1,weighted=0,key=-1)
 [326]=747771(span=1,weighted=0,key=-1) [327]=748117(span=1,weighted=0,key=-1)
 [328]=748463(span=1,weighted=0,key=-1) [329]=748766(span=1,weighted=0,key=-1)
 [330]=749281(span=1,weighted=0,key=-1) [331]=750295(span=1,weighted=0,key=-1)
 [332]=750324(span=1,weighted=0,key=-1) [333]=750934(span=1,weighted=0,key=-1)
 [334]=751783(span=1,weighted=0,key=-1) [335]=751957(span=1,weighted=0,key=-1)
 [336]=752378(span=1,weighted=0,key=-1) [337]=752825(span=1,weighted=0,key=-1)
 [338]=603809(span=1,weighted=0,key=-1) [339]=603613(span=1,weighted=0,key=-1)
 [340]=437882(span=1,weighted=0,key=-1) [341]=438590(span=1,weighted=0,key=-1)
 [342]=445130(span=1,weighted=0,key=-1) [343]=446094(span=1,weighted=0,key=-1)
 [344]=448484(span=1,weighted=0,key=-1) [345]=452155(span=1,weighted=0,key=-1)
 [346]=453219(span=1,weighted=0,key=-1) [347]=455394(span=1,weighted=0,key=-1)
 [348]=458349(span=1,weighted=0,key=-1) [349]=459949(span=1,weighted=0,key=-1)
 [350]=463257(span=1,weighted=0,key=-1) [351]=463565(span=1,weighted=0,key=-1)
 [352]=472357(span=1,weighted=0,key=-1) [353]=473039(span=1,weighted=0,key=-1)
 [354]=476266(span=1,weighted=0,key=-1) [355]=478436(span=1,weighted=0,key=-1)
 [356]=478693(span=1,weighted=0,key=-1) [357]=479947(span=1,weighted=0,key=-1)
 [358]=481384(span=1,weighted=0,key=-1) [359]=482708(span=1,weighted=0,key=-1)
 [360]=482867(span=1,weighted=0,key=-1) [361]=489760(span=1,weighted=0,key=-1)
 [362]=490666(span=1,weighted=0,key=-1) [363]=492256(span=1,weighted=0,key=-1)
 [364]=497106(span=1,weighted=0,key=-1) [365]=437300(span=1,weighted=0,key=-1)
 [366]=436168(span=1,weighted=0,key=-1) [367]=371110(span=1,weighted=0,key=-1)
 [368]=374584(span=1,weighted=0,key=-1) [369]=377339(span=1,weighted=0,key=-1)
 [370]=378093(span=1,weighted=0,key=-1) [371]=378276(span=1,weighted=0,key=-1)
 [372]=382641(span=1,weighted=0,key=-1) [373]=385564(span=1,weighted=0,key=-1)
 [374]=386473(span=1,weighted=0,key=-1) [375]=386860(span=1,weighted=0,key=-1)
 [376]=387203(span=1,weighted=0,key=-1) [377]=388399(span=1,weighted=0,key=-1)
 [378]=389093(span=1,weighted=0,key=-1) [379]=393753(span=1,weighted=0,key=-1)
 [380]=393971(span=1,weighted=0,key=-1) [381]=398903(span=1,weighted=0,key=-1)
 [382]=414707(span=1,weighted=0,key=-1) [383]=414895(span=1,weighted=0,key=-1)
 [384]=416331(span=1,weighted=0,key=-1) [385]=417174(span=1,weighted=0,key=-1)
 [386]=417717(span=1,weighted=0,key=-1) [387]=419684(span=1,weighted=0,key=-1)
 [388]=422240(span=1,weighted=0,key=-1) [389]=423719(span=1,weighted=0,key=-1)
 [390]=424421(span=1,weighted=0,key=-1) [391]=426489(span=1,weighted=0,key=-1)
 [392]=500409(span=1,weighted=0,key=-1) [393]=507149(span=1,weighted=0,key=-1)
 [394]=552670(span=1,weighted=0,key=-1) [395]=552895(span=1,weighted=0,key=-1)
 [396]=553516(span=1,weighted=0,key=-1) [397]=554049(span=1,weighted=0,key=-1)
 [398]=554455(span=1,weighted=0,key=-1) [399]=563161(span=1,weighted=0,key=-1)
 [400]=564875(span=1,weighted=0,key=-1) [401]=565918(span=1,weighted=0,key=-1)
 [402]=568756(span=1,weighted=0,key=-1) [403]=570440(span=1,weighted=0,key=-1)
 [404]=572443(span=1,weighted=0,key=-1) [405]=573317(span=1,weighted=0,key=-1)
 [406]=576636(span=1,weighted=0,key=-1) [407]=578418(span=1,weighted=0,key=-1)
 [408]=580706(span=1,weighted=0,key=-1) [409]=582710(span=1,weighted=0,key=-1)
 [410]=587947(span=1,weighted=0,key=-1) [411]=587970(span=1,weighted=0,key=-1)
 [412]=588972(span=1,weighted=0,key=-1) [413]=589566(span=1,weighted=0,key=-1)
 [414]=594154(span=1,weighted=0,key=-1) [415]=594232(span=1,weighted=0,key=-1)
 [416]=594259(span=1,weighted=0,key=-1) [417]=594821(span=1,weighted=0,key=-1)
 [418]=595223(span=1,weighted=0,key=-1) [419]=552658(span=1,weighted=0,key=-1)
 [420]=549117(span=1,weighted=0,key=-1) [421]=509779(span=1,weighted=0,key=-1)
 [422]=511934(span=1,weighted=0,key=-1) [423]=512615(span=1,weighted=0,key=-1)
 [424]=514531(span=1,weighted=0,key=-1) [425]=514538(span=1,weighted=0,key=-1)
 [426]=514591(span=1,weighted=0,key=-1) [427]=515840(span=1,weighted=0,key=-1)
 [428]=518742(span=1,weighted=0,key=-1) [429]=521444(span=1,weighted=0,key=-1)
 [430]=522432(span=1,weighted=0,key=-1) [431]=525511(span=1,weighted=0,key=-1)
 [432]=526593(span=1,weighted=0,key=-1) [433]=527340(span=1,weighted=0,key=-1)
 [434]=528730(span=1,weighted=0,key=-1) [435]=528809(span=1,weighted=0,key=-1)
 [436]=531529(span=1,weighted=0,key=-1) [437]=531914(span=1,weighted=0,key=-1)
 [438]=534096(span=1,weighted=0,key=-1) [439]=536488(span=1,weighted=0,key=-1)
 [440]=541829(span=1,weighted=0,key=-1) [441]=542712(span=1,weighted=0,key=-1)
 [442]=543926(span=1,weighted=0,key=-1) [443]=544958(span=1,weighted=0,key=-1)
 [444]=545743(span=1,weighted=0,key=-1) [445]=548344(span=1,weighted=0,key=-1)
 [446]=615126(span=1,weighted=0,key=-1) [447]=614217(span=1,weighted=0,key=-1)
 [448]=333090(span=1,weighted=0,key=-1) [449]=344259(span=1,weighted=0,key=-1)
 [450]=344507(span=1,weighted=0,key=-1) [451]=348832(span=1,weighted=0,key=-1)
 [452]=351403(span=1,weighted=0,key=-1) [453]=367157(span=1,weighted=0,key=-1)
 [454]=372204(span=1,weighted=0,key=-1) [455]=379859(span=1,weighted=0,key=-1)
 [456]=381491(span=1,weighted=0,key=-1) [457]=384567(span=1,weighted=0,key=-1)
 [458]=388183(span=1,weighted=0,key=-1) [459]=388877(span=1,weighted=0,key=-1)
 [460]=413733(span=1,weighted=0,key=-1) [461]=419498(span=1,weighted=0,key=-1)
 [462]=421057(span=1,weighted=0,key=-1) [463]=422018(span=1,weighted=0,key=-1)
 [464]=424565(span=1,weighted=0,key=-1) [465]=427710(span=1,weighted=0,key=-1)
 [466]=438830(span=1,weighted=0,key=-1) [467]=454964(span=1,weighted=0,key=-1)
 [468]=466833(span=1,weighted=0,key=-1) [469]=493744(span=1,weighted=0,key=-1)
 [470]=496116(span=1,weighted=0,key=-1) [471]=498515(span=1,weighted=0,key=-1)
 [472]=512236(span=1,weighted=0,key=-1) [473]=331105(span=1,weighted=0,key=-1)
 [474]=328465(span=1,weighted=0,key=-1) [475]=199860(span=1,weighted=0,key=-1)
 [476]=211337(span=1,weighted=0,key=-1) [477]=217208(span=1,weighted=0,key=-1)
 [478]=220838(span=1,weighted=0,key=-1) [479]=222061(span=1,weighted=0,key=-1)
 [480]=242661(span=1,weighted=0,key=-1) [481]=249336(span=1,weighted=0,key=-1)
 [482]=260340(span=1,weighted=0,key=-1) [483]=261854(span=1,weighted=0,key=-1)
 [484]=263578(span=1,weighted=0,key=-1) [485]=265925(span=1,weighted=0,key=-1)
 [486]=269471(span=1,weighted=0,key=-1) [487]=272094(span=1,weighted=0,key=-1)
 [488]=293055(span=1,weighted=0,key=-1) [489]=299014(span=1,weighted=0,key=-1)
 [490]=304420(span=1,weighted=0,key=-1) [491]=304927(span=1,weighted=0,key=-1)
 [492]=307867(span=1,weighted=0,key=-1) [493]=309738(span=1,weighted=0,key=-1)
 [494]=309949(span=1,weighted=0,key=-1) [495]=310536(span=1,weighted=0,key=-1)
 [496]=316645(span=1,weighted=0,key=-1) [497]=318093(span=1,weighted=0,key=-1)
 [498]=321154(span=1,weighted=0,key=-1) [499]=513139(span=1,weighted=0,key=-1)
 [500]=515942(span=1,weighted=0,key=-1) [501]=623225(span=1,weighted=0,key=-1)
 [502]=626780(span=1,weighted=0,key=-1) [503]=628623(span=1,weighted=0,key=-1)
 [504]=629742(span=1,weighted=0,key=-1) [505]=630898(span=1,weighted=0,key=-1)
 [506]=639754(span=1,weighted=0,key=-1) [507]=639882(span=1,weighted=0,key=-1)
 [508]=641660(span=1,weighted=0,key=-1) [509]=667919(span=1,weighted=0,key=-1)
 [510]=668798(span=1,weighted=0,key=-1) [511]=671541(span=1,weighted=0,key=-1)
 [512]=681906(span=1,weighted=0,key=-1) [513]=704409(span=1,weighted=0,key=-1)
 [514]=707473(span=1,weighted=0,key=-1) [515]=710933(span=1,weighted=0,key=-1)
 [516]=742260(span=1,weighted=0,key=-1) [517]=747493(span=1,weighted=0,key=-1)
 [518]=751978(span=1,weighted=0,key=-1) [519]=753184(span=1,weighted=0,key=-1)
 [520]=754101(span=1,weighted=0,key=-1) [521]=756098(span=1,weighted=0,key=-1)
 [522]=757035(span=1,weighted=0,key=-1) [523]=762395(span=1,weighted=0,key=-1)
 [524]=762837(span=1,weighted=0,key=-1) [525]=764296(span=1,weighted=0,key=-1)
 [526]=622993(span=1,weighted=0,key=-1) [527]=618183(span=1,weighted=0,key=-1)
 [528]=519801(span=1,weighted=0,key=-1) [529]=530284(span=1,weighted=0,key=-1)
 [530]=534888(span=1,weighted=0,key=-1) [531]=536318(span=1,weighted=0,key=-1)
 [532]=536702(span=1,weighted=0,key=-1) [533]=541931(span=1,weighted=0,key=-1)
 [534]=542417(span=1,weighted=0,key=-1) [535]=551272(span=1,weighted=0,key=-1)
 [536]=554792(span=1,weighted=0,key=-1) [537]=563651(span=1,weighted=0,key=-1)
 [538]=564860(span=1,weighted=0,key=-1) [539]=581707(span=1,weighted=0,key=-1)
 [540]=586137(span=1,weighted=0,key=-1) [541]=587812(span=1,weighted=0,key=-1)
 [542]=589666(span=1,weighted=0,key=-1) [543]=591327(span=1,weighted=0,key=-1)
 [544]=594164(span=1,weighted=0,key=-1) [545]=595459(span=1,weighted=0,key=-1)
 [546]=599388(span=1,weighted=0,key=-1) [547]=611844(span=1,weighted=0,key=-1)
 [548]=611935(span=1,weighted=0,key=-1) [549]=613455(span=1,weighted=0,key=-1)
 [550]=614423(span=1,weighted=0,key=-1) [551]=616841(span=1,weighted=0,key=-1)
 [552]=197515(span=1,weighted=0,key=-1) [553]=194554(span=1,weighted=0,key=-1)
 [554]=471690(span=1,weighted=0,key=-1) [555]=476223(span=1,weighted=0,key=-1)
 [556]=482484(span=1,weighted=0,key=-1) [557]=486944(span=1,weighted=0,key=-1)
 [558]=493471(span=1,weighted=0,key=-1) [559]=611218(span=1,weighted=0,key=-1)
 [560]=695838(span=1,weighted=0,key=-1) [561]=700613(span=1,weighted=0,key=-1)
 [562]=9821(span=1,weighted=0,key=-1) [563]=348758(span=1,weighted=0,key=-1)
 [564]=576236(span=1,weighted=0,key=-1) [565]=245003(span=1,weighted=0,key=-1)
 [566]=72167(span=1,weighted=0,key=-1) [567]=91519(span=1,weighted=0,key=-1)
 [568]=173344(span=1,weighted=0,key=-1) [569]=188286(span=1,weighted=0,key=-1)
 [570]=249516(span=1,weighted=0,key=-1) [571]=310473(span=1,weighted=0,key=-1)
 [572]=374817(span=1,weighted=0,key=-1) [573]=386062(span=1,weighted=0,key=-1)
 [574]=404882(span=1,weighted=0,key=-1) [575]=445800(span=1,weighted=0,key=-1)
 [576]=484267(span=1,weighted=0,key=-1) [577]=492635(span=1,weighted=0,key=-1)
 [578]=494197(span=1,weighted=0,key=-1) [579]=468017(span=1,weighted=0,key=-1)
 [580]=467710(span=1,weighted=0,key=-1) [581]=7513(span=1,weighted=0,key=-1)
 [582]=10594(span=1,weighted=0,key=-1) [583]=10605(span=1,weighted=0,key=-1)
 [584]=10783(span=1,weighted=0,key=-1) [585]=11070(span=1,weighted=0,key=-1)
 [586]=13465(span=1,weighted=0,key=-1) [587]=14750(span=1,weighted=0,key=-1)
 [588]=17488(span=1,weighted=0,key=-1) [589]=23573(span=1,weighted=0,key=-1)
 [590]=32263(span=1,weighted=0,key=-1) [591]=54627(span=1,weighted=0,key=-1)
 [592]=92547(span=1,weighted=0,key=-1) [593]=105384(span=1,weighted=0,key=-1)
 [594]=117853(span=1,weighted=0,key=-1) [595]=146235(span=1,weighted=0,key=-1)
 [596]=191954(span=1,weighted=0,key=-1) [597]=209835(span=1,weighted=0,key=-1)
 [598]=212828(span=1,weighted=0,key=-1) [599]=238456(span=1,weighted=0,key=-1)
 [600]=241421(span=1,weighted=0,key=-1) [601]=269261(span=1,weighted=0,key=-1)
 [602]=327340(span=1,weighted=0,key=-1) [603]=341145(span=1,weighted=0,key=-1)
 [604]=346615(span=1,weighted=0,key=-1) [605]=606477(span=1,weighted=0,key=-1)
 [606]=630037(span=1,weighted=0,key=-1) [607]=84498(span=1,weighted=0,key=-1)
 [608]=108077(span=1,weighted=0,key=-1) [609]=108545(span=1,weighted=0,key=-1)
 [610]=109043(span=1,weighted=0,key=-1) [611]=112015(span=1,weighted=0,key=-1)
 [612]=115075(span=1,weighted=0,key=-1) [613]=120447(span=1,weighted=0,key=-1)
 [614]=130162(span=1,weighted=0,key=-1) [615]=130173(span=1,weighted=0,key=-1)
 [616]=132899(span=1,weighted=0,key=-1) [617]=135993(span=1,weighted=0,key=-1)
 [618]=139831(span=1,weighted=0,key=-1) [619]=142450(span=1,weighted=0,key=-1)
 [620]=152183(span=1,weighted=0,key=-1) [621]=154776(span=1,weighted=0,key=-1)
 [622]=154965(span=1,weighted=0,key=-1) [623]=160229(span=1,weighted=0,key=-1)
 [624]=164314(span=1,weighted=0,key=-1) [625]=164681(span=1,weighted=0,key=-1)
 [626]=173965(span=1,weighted=0,key=-1) [627]=174862(span=1,weighted=0,key=-1)
 [628]=179999(span=1,weighted=0,key=-1) [629]=183932(span=1,weighted=0,key=-1)
 [630]=186776(span=1,weighted=0,key=-1) [631]=84003(span=1,weighted=0,key=-1)
 [632]=81709(span=1,weighted=0,key=-1) [633]=661365(span=1,weighted=0,key=-1)
 [634]=694789(span=1,weighted=0,key=-1) [635]=707872(span=1,weighted=0,key=-1)
 [636]=735265(span=1,weighted=0,key=-1) [637]=770993(span=1,weighted=0,key=-1)
 [638]=60049(span=1,weighted=0,key=-1) [639]=490319(span=1,weighted=0,key=-1)
 [640]=100513(span=1,weighted=0,key=-1) [641]=334257(span=1,weighted=0,key=-1)
 [642]=666937(span=1,weighted=0,key=-1) [643]=16877(span=1,weighted=0,key=-1)
 [644]=18501(span=1,weighted=0,key=-1) [645]=20028(span=1,weighted=0,key=-1)
 [646]=21028(span=1,weighted=0,key=-1) [647]=27162(span=1,weighted=0,key=-1)
 [648]=31807(span=1,weighted=0,key=-1) [649]=35405(span=1,weighted=0,key=-1)
 [650]=41354(span=1,weighted=0,key=-1) [651]=44005(span=1,weighted=0,key=-1)
 [652]=49532(span=1,weighted=0,key=-1) [653]=53813(span=1,weighted=0,key=-1)
 [654]=56694(span=1,weighted=0,key=-1) [655]=76028(span=1,weighted=0,key=-1)
 [656]=79938(span=1,weighted=0,key=-1) [657]=771029(span=1,weighted=0,key=-1)
 [658]=771061(span=1,weighted=0,key=-1) [659]=425497(span=1,weighted=0,key=-1)
 [660]=169311(span=1,weighted=0,key=-1) [661]=528042(span=1,weighted=0,key=-1)
 [662]=587422(span=1,weighted=0,key=-1) [663]=741678(span=1,weighted=0,key=-1)
 [664]=49912(span=1,weighted=0,key=-1) [665]=50190(span=1,weighted=0,key=-1)
 [666]=52147(span=1,weighted=0,key=-1) [667]=53469(span=1,weighted=0,key=-1)
 [668]=59889(span=1,weighted=0,key=-1) [669]=73837(span=1,weighted=0,key=-1)
 [670]=82653(span=1,weighted=0,key=-1) [671]=84651(span=1,weighted=0,key=-1)
 [672]=99247(span=1,weighted=0,key=-1) [673]=102045(span=1,weighted=0,key=-1)
 [674]=105082(span=1,weighted=0,key=-1) [675]=109880(span=1,weighted=0,key=-1)
 [676]=120771(span=1,weighted=0,key=-1) [677]=133346(span=1,weighted=0,key=-1)
 [678]=135822(span=1,weighted=0,key=-1) [679]=139928(span=1,weighted=0,key=-1)
 [680]=141404(span=1,weighted=0,key=-1) [681]=161006(span=1,weighted=0,key=-1)
 [682]=162847(span=1,weighted=0,key=-1) [683]=164624(span=1,weighted=0,key=-1)
 [684]=374828(span=1,weighted=0,key=-1) [685]=766983(span=1,weighted=0,key=-1)
 [686]=653083(span=1,weighted=0,key=-1) [687]=653377(span=1,weighted=0,key=-1)
 [688]=655245(span=1,weighted=0,key=-1) [689]=664056(span=1,weighted=0,key=-1)
 [690]=713563(span=1,weighted=0,key=-1) [691]=753607(span=1,weighted=0,key=-1)
 [692]=236844(span=1,weighted=0,key=-1) [693]=244544(span=1,weighted=0,key=-1)
 [694]=264566(span=1,weighted=0,key=-1) [695]=352447(span=1,weighted=0,key=-1)
 [696]=381144(span=1,weighted=0,key=-1) [697]=390584(span=1,weighted=0,key=-1)
 [698]=402840(span=1,weighted=0,key=-1) [699]=448072(span=1,weighted=0,key=-1)
 [700]=500229(span=1,weighted=0,key=-1) [701]=533750(span=1,weighted=0,key=-1)
 [702]=536304(span=1,weighted=0,key=-1) [703]=570136(span=1,weighted=0,key=-1)
 [704]=590329(span=1,weighted=0,key=-1) [705]=682054(span=1,weighted=0,key=-1)
 [706]=683387(span=1,weighted=0,key=-1) [707]=686556(span=1,weighted=0,key=-1)
 [708]=691512(span=1,weighted=0,key=-1) [709]=756338(span=1,weighted=0,key=-1)
 [710]=195846(span=1,weighted=0,key=-1) [711]=204456(span=1,weighted=0,key=-1)
 [712]=363291(span=1,weighted=0,key=-1) [713]=366207(span=1,weighted=0,key=-1)
 [714]=369006(span=1,weighted=0,key=-1) [715]=379537(span=1,weighted=0,key=-1)
 [716]=439940(span=1,weighted=0,key=-1) [717]=475061(span=1,weighted=0,key=-1)
 [718]=478755(span=1,weighted=0,key=-1) [719]=487899(span=1,weighted=0,key=-1)
 [720]=489215(span=1,weighted=0,key=-1) [721]=493196(span=1,weighted=0,key=-1)
 [722]=527242(span=1,weighted=0,key=-1) [723]=530510(span=1,weighted=0,key=-1)
 [724]=532153(span=1,weighted=0,key=-1) [725]=533798(span=1,weighted=0,key=-1)
 [726]=546536(span=1,weighted=0,key=-1) [727]=557793(span=1,weighted=0,key=-1)
 [728]=575778(span=1,weighted=0,key=-1) [729]=590347(span=1,weighted=0,key=-1)
 [730]=591227(span=1,weighted=0,key=-1) [731]=600689(span=1,weighted=0,key=-1)
 [732]=602910(span=1,weighted=0,key=-1) [733]=607263(span=1,weighted=0,key=-1)
 [734]=608918(span=1,weighted=0,key=-1) [735]=613671(span=1,weighted=0,key=-1)
 [736]=357816(span=1,weighted=0,key=-1) [737]=356126(span=1,weighted=0,key=-1)
 [738]=212818(span=1,weighted=0,key=-1) [739]=216778(span=1,weighted=0,key=-1)
 [740]=217629(span=1,weighted=0,key=-1) [741]=219154(span=1,weighted=0,key=-1)
 [742]=225405(span=1,weighted=0,key=-1) [743]=226683(span=1,weighted=0,key=-1)
 [744]=241935(span=1,weighted=0,key=-1) [745]=245823(span=1,weighted=0,key=-1)
 [746]=253637(span=1,weighted=0,key=-1) [747]=255041(span=1,weighted=0,key=-1)
 [748]=268164(span=1,weighted=0,key=-1) [749]=274604(span=1,weighted=0,key=-1)
 [750]=283256(span=1,weighted=0,key=-1) [751]=293083(span=1,weighted=0,key=-1)
 [752]=293371(span=1,weighted=0,key=-1) [753]=297269(span=1,weighted=0,key=-1)
 [754]=298071(span=1,weighted=0,key=-1) [755]=301742(span=1,weighted=0,key=-1)
 [756]=310344(span=1,weighted=0,key=-1) [757]=314494(span=1,weighted=0,key=-1)
 [758]=321343(span=1,weighted=0,key=-1) [759]=328666(span=1,weighted=0,key=-1)
 [760]=347204(span=1,weighted=0,key=-1) [761]=352912(span=1,weighted=0,key=-1)
 [762]=637109(span=1,weighted=0,key=-1) [763]=620605(span=1,weighted=0,key=-1)
 [764]=750940(span=1,weighted=0,key=-1) [765]=762848(span=1,weighted=0,key=-1)
 [766]=110437(span=1,weighted=0,key=-1) [767]=130720(span=1,weighted=0,key=-1)
 [768]=148584(span=1,weighted=0,key=-1) [769]=163619(span=1,weighted=0,key=-1)
 [770]=186899(span=1,weighted=0,key=-1) [771]=235989(span=1,weighted=0,key=-1)
 [772]=240533(span=1,weighted=0,key=-1) [773]=274397(span=1,weighted=0,key=-1)
 [774]=355098(span=1,weighted=0,key=-1) [775]=398413(span=1,weighted=0,key=-1)
 [776]=576233(span=1,weighted=0,key=-1) [777]=585488(span=1,weighted=0,key=-1)
 [778]=637320(span=1,weighted=0,key=-1) [779]=671167(span=1,weighted=0,key=-1)
 [780]=733456(span=1,weighted=0,key=-1) [781]=769539(span=1,weighted=0,key=-1)
 [782]=437244(span=1,weighted=0,key=-1) [783]=24538(span=1,weighted=0,key=-1)
 [784]=30972(span=1,weighted=0,key=-1) [785]=37216(span=1,weighted=0,key=-1)
 [786]=42493(span=1,weighted=0,key=-1) [787]=52640(span=1,weighted=0,key=-1)
 [788]=53329(span=1,weighted=0,key=-1) [789]=709573(span=1,weighted=0,key=-1)
 [790]=682318(span=1,weighted=0,key=-1) [791]=771302(span=1,weighted=0,key=-1)
 [792]=17953(span=1,weighted=0,key=-1) [793]=30875(span=1,weighted=0,key=-1)
 [794]=55515(span=1,weighted=0,key=-1) [795]=88808(span=1,weighted=0,key=-1)
 [796]=93659(span=1,weighted=0,key=-1) [797]=159232(span=1,weighted=0,key=-1)
 [798]=192610(span=1,weighted=0,key=-1) [799]=208736(span=1,weighted=0,key=-1)
 [800]=210731(span=1,weighted=0,key=-1) [801]=213141(span=1,weighted=0,key=-1)
 [802]=219912(span=1,weighted=0,key=-1) [803]=278510(span=1,weighted=0,key=-1)
 [804]=299853(span=1,weighted=0,key=-1) [805]=320650(span=1,weighted=0,key=-1)
 [806]=358613(span=1,weighted=0,key=-1) [807]=378445(span=1,weighted=0,key=-1)
 [808]=446739(span=1,weighted=0,key=-1) [809]=454146(span=1,weighted=0,key=-1)
 [810]=505004(span=1,weighted=0,key=-1) [811]=518734(span=1,weighted=0,key=-1)
 [812]=562057(span=1,weighted=0,key=-1) [813]=569450(span=1,weighted=0,key=-1)
 [814]=655479(span=1,weighted=0,key=-1) [815]=57300(span=1,weighted=0,key=-1)
 [816]=66688(span=1,weighted=0,key=-1) [817]=316662(span=1,weighted=0,key=-1)
 [818]=341863(span=1,weighted=0,key=-1) [819]=344582(span=1,weighted=0,key=-1)
 [820]=346759(span=1,weighted=0,key=-1) [821]=361271(span=1,weighted=0,key=-1)
 [822]=376667(span=1,weighted=0,key=-1) [823]=397854(span=1,weighted=0,key=-1)
 [824]=397964(span=1,weighted=0,key=-1) [825]=408724(span=1,weighted=0,key=-1)
 [826]=413923(span=1,weighted=0,key=-1) [827]=425979(span=1,weighted=0,key=-1)
 [828]=430979(span=1,weighted=0,key=-1) [829]=431968(span=1,weighted=0,key=-1)
 [830]=446296(span=1,weighted=0,key=-1) [831]=455948(span=1,weighted=0,key=-1)
 [832]=487965(span=1,weighted=0,key=-1) [833]=499592(span=1,weighted=0,key=-1)
 [834]=509107(span=1,weighted=0,key=-1) [835]=517449(span=1,weighted=0,key=-1)
 [836]=530714(span=1,weighted=0,key=-1) [837]=571986(span=1,weighted=0,key=-1)
 [838]=576998(span=1,weighted=0,key=-1) [839]=588736(span=1,weighted=0,key=-1)
 [840]=608785(span=1,weighted=0,key=-1) [841]=309868(span=1,weighted=0,key=-1)
 [842]=300122(span=1,weighted=0,key=-1) [843]=68478(span=1,weighted=0,key=-1)
 [844]=83127(span=1,weighted=0,key=-1) [845]=85895(span=1,weighted=0,key=-1)
 [846]=91629(span=1,weighted=0,key=-1) [847]=100985(span=1,weighted=0,key=-1)
 [848]=104860(span=1,weighted=0,key=-1) [849]=113019(span=1,weighted=0,key=-1)
 [850]=129253(span=1,weighted=0,key=-1) [851]=132781(span=1,weighted=0,key=-1)
 [852]=139656(span=1,weighted=0,key=-1) [853]=162598(span=1,weighted=0,key=-1)
 [854]=163054(span=1,weighted=0,key=-1) [855]=174707(span=1,weighted=0,key=-1)
 [856]=197578(span=1,weighted=0,key=-1) [857]=216597(span=1,weighted=0,key=-1)
 [858]=227395(span=1,weighted=0,key=-1) [859]=230523(span=1,weighted=0,key=-1)
 [860]=233611(span=1,weighted=0,key=-1) [861]=236044(span=1,weighted=0,key=-1)
 [862]=253415(span=1,weighted=0,key=-1) [863]=278247(span=1,weighted=0,key=-1)
 [864]=287974(span=1,weighted=0,key=-1) [865]=292429(span=1,weighted=0,key=-1)
 [866]=299259(span=1,weighted=0,key=-1) [867]=758411(span=1,weighted=0,key=-1)
Temporary breakpoint 39 at 0x100248d6
BRIDGET_TRANSITION context=7 count=30 units: 363750 357809 299948 128165 34225
 20938 373617 100436 635452 144736 636745 580505 310588 302652 183211 751918
 708792 100403 129513 135802 137809 199204 219746 338701 349802 359856 146235
 425497 653083 386062
BRIDGET_CANDIDATE_LIST position=8 count=316
 [0]=453340(span=1,weighted=0,key=-1) [1]=361116(span=1,weighted=0,key=-1)
 [2]=347617(span=1,weighted=0,key=-1) [3]=335836(span=1,weighted=0,key=-1)
 [4]=334508(span=1,weighted=0,key=-1) [5]=324415(span=1,weighted=0,key=-1)
 [6]=323869(span=1,weighted=0,key=-1) [7]=321409(span=1,weighted=0,key=-1)
 [8]=316721(span=1,weighted=0,key=-1) [9]=313136(span=1,weighted=0,key=-1)
 [10]=300004(span=1,weighted=0,key=-1) [11]=292955(span=1,weighted=0,key=-1)
 [12]=285064(span=1,weighted=0,key=-1) [13]=277816(span=1,weighted=0,key=-1)
 [14]=276800(span=1,weighted=0,key=-1) [15]=273945(span=1,weighted=0,key=-1)
 [16]=273268(span=1,weighted=0,key=-1) [17]=272774(span=1,weighted=0,key=-1)
 [18]=260785(span=1,weighted=0,key=-1) [19]=372020(span=1,weighted=0,key=-1)
 [20]=385365(span=1,weighted=0,key=-1) [21]=524709(span=1,weighted=0,key=-1)
 [22]=503608(span=1,weighted=0,key=-1) [23]=478043(span=1,weighted=0,key=-1)
 [24]=473802(span=1,weighted=0,key=-1) [25]=473075(span=1,weighted=0,key=-1)
 [26]=465941(span=1,weighted=0,key=-1) [27]=462946(span=1,weighted=0,key=-1)
 [28]=449363(span=1,weighted=0,key=-1) [29]=435868(span=1,weighted=0,key=-1)
 [30]=431363(span=1,weighted=0,key=-1) [31]=431271(span=1,weighted=0,key=-1)
 [32]=424686(span=1,weighted=0,key=-1) [33]=424464(span=1,weighted=0,key=-1)
 [34]=424313(span=1,weighted=0,key=-1) [35]=413450(span=1,weighted=0,key=-1)
 [36]=405785(span=1,weighted=0,key=-1) [37]=401154(span=1,weighted=0,key=-1)
 [38]=399678(span=1,weighted=0,key=-1) [39]=233514(span=1,weighted=0,key=-1)
 [40]=230265(span=1,weighted=0,key=-1) [41]=106595(span=1,weighted=0,key=-1)
 [42]=103704(span=1,weighted=0,key=-1) [43]=101439(span=1,weighted=0,key=-1)
 [44]=97800(span=1,weighted=0,key=-1) [45]=96538(span=1,weighted=0,key=-1)
 [46]=76653(span=1,weighted=0,key=-1) [47]=76338(span=1,weighted=0,key=-1)
 [48]=70559(span=1,weighted=0,key=-1) [49]=61681(span=1,weighted=0,key=-1)
 [50]=58022(span=1,weighted=0,key=-1) [51]=52413(span=1,weighted=0,key=-1)
 [52]=42013(span=1,weighted=0,key=-1) [53]=40465(span=1,weighted=0,key=-1)
 [54]=32442(span=1,weighted=0,key=-1) [55]=29577(span=1,weighted=0,key=-1)
 [56]=26184(span=1,weighted=0,key=-1) [57]=22548(span=1,weighted=0,key=-1)
 [58]=12160(span=1,weighted=0,key=-1) [59]=107106(span=1,weighted=0,key=-1)
 [60]=111110(span=1,weighted=0,key=-1) [61]=228237(span=1,weighted=0,key=-1)
 [62]=227547(span=1,weighted=0,key=-1) [63]=221725(span=1,weighted=0,key=-1)
 [64]=215690(span=1,weighted=0,key=-1) [65]=210390(span=1,weighted=0,key=-1)
 [66]=201023(span=1,weighted=0,key=-1) [67]=193702(span=1,weighted=0,key=-1)
 [68]=191401(span=1,weighted=0,key=-1) [69]=178955(span=1,weighted=0,key=-1)
 [70]=177731(span=1,weighted=0,key=-1) [71]=176516(span=1,weighted=0,key=-1)
 [72]=173254(span=1,weighted=0,key=-1) [73]=172224(span=1,weighted=0,key=-1)
 [74]=143879(span=1,weighted=0,key=-1) [75]=132945(span=1,weighted=0,key=-1)
 [76]=131189(span=1,weighted=0,key=-1) [77]=131125(span=1,weighted=0,key=-1)
 [78]=549599(span=1,weighted=0,key=-1) [79]=557405(span=1,weighted=0,key=-1)
 [80]=458497(span=1,weighted=0,key=-1) [81]=451210(span=1,weighted=0,key=-1)
 [82]=448612(span=1,weighted=0,key=-1) [83]=430412(span=1,weighted=0,key=-1)
 [84]=402168(span=1,weighted=0,key=-1) [85]=377370(span=1,weighted=0,key=-1)
 [86]=369094(span=1,weighted=0,key=-1) [87]=336838(span=1,weighted=0,key=-1)
 [88]=331790(span=1,weighted=0,key=-1) [89]=326028(span=1,weighted=0,key=-1)
 [90]=313579(span=1,weighted=0,key=-1) [91]=290850(span=1,weighted=0,key=-1)
 [92]=288136(span=1,weighted=0,key=-1) [93]=279150(span=1,weighted=0,key=-1)
 [94]=261514(span=1,weighted=0,key=-1) [95]=256860(span=1,weighted=0,key=-1)
 [96]=256837(span=1,weighted=0,key=-1) [97]=251716(span=1,weighted=0,key=-1)
 [98]=473774(span=1,weighted=0,key=-1) [99]=479533(span=1,weighted=0,key=-1)
 [100]=739354(span=1,weighted=0,key=-1) [101]=709826(span=1,weighted=0,key=-1)
 [102]=688514(span=1,weighted=0,key=-1) [103]=672525(span=1,weighted=0,key=-1)
 [104]=663934(span=1,weighted=0,key=-1) [105]=659088(span=1,weighted=0,key=-1)
 [106]=633967(span=1,weighted=0,key=-1) [107]=627309(span=1,weighted=0,key=-1)
 [108]=615530(span=1,weighted=0,key=-1) [109]=613309(span=1,weighted=0,key=-1)
 [110]=612730(span=1,weighted=0,key=-1) [111]=599519(span=1,weighted=0,key=-1)
 [112]=533632(span=1,weighted=0,key=-1) [113]=531744(span=1,weighted=0,key=-1)
 [114]=526520(span=1,weighted=0,key=-1) [115]=518994(span=1,weighted=0,key=-1)
 [116]=500329(span=1,weighted=0,key=-1) [117]=483153(span=1,weighted=0,key=-1)
 [118]=236400(span=1,weighted=0,key=-1) [119]=223487(span=1,weighted=0,key=-1)
 [120]=673041(span=1,weighted=0,key=-1) [121]=665167(span=1,weighted=0,key=-1)
 [122]=658784(span=1,weighted=0,key=-1) [123]=655696(span=1,weighted=0,key=-1)
 [124]=649593(span=1,weighted=0,key=-1) [125]=644451(span=1,weighted=0,key=-1)
 [126]=644430(span=1,weighted=0,key=-1) [127]=632833(span=1,weighted=0,key=-1)
 [128]=623979(span=1,weighted=0,key=-1) [129]=618065(span=1,weighted=0,key=-1)
 [130]=612026(span=1,weighted=0,key=-1) [131]=605977(span=1,weighted=0,key=-1)
 [132]=597761(span=1,weighted=0,key=-1) [133]=594920(span=1,weighted=0,key=-1)
 [134]=589845(span=1,weighted=0,key=-1) [135]=588117(span=1,weighted=0,key=-1)
 [136]=583286(span=1,weighted=0,key=-1) [137]=576340(span=1,weighted=0,key=-1)
 [138]=673994(span=1,weighted=0,key=-1) [139]=702423(span=1,weighted=0,key=-1)
 [140]=218451(span=1,weighted=0,key=-1) [141]=213695(span=1,weighted=0,key=-1)
 [142]=213506(span=1,weighted=0,key=-1) [143]=193002(span=1,weighted=0,key=-1)
 [144]=169480(span=1,weighted=0,key=-1) [145]=168256(span=1,weighted=0,key=-1)
 [146]=156040(span=1,weighted=0,key=-1) [147]=112253(span=1,weighted=0,key=-1)
 [148]=78562(span=1,weighted=0,key=-1) [149]=75945(span=1,weighted=0,key=-1)
 [150]=43630(span=1,weighted=0,key=-1) [151]=13473(span=1,weighted=0,key=-1)
 [152]=377688(span=1,weighted=0,key=-1) [153]=374337(span=1,weighted=0,key=-1)
 [154]=323275(span=1,weighted=0,key=-1) [155]=119950(span=1,weighted=0,key=-1)
 [156]=716151(span=1,weighted=0,key=-1) [157]=10916(span=1,weighted=0,key=-1)
 [158]=4664(span=1,weighted=0,key=-1) [159]=97896(span=1,weighted=0,key=-1)
 [160]=93789(span=1,weighted=0,key=-1) [161]=75689(span=1,weighted=0,key=-1)
 [162]=72725(span=1,weighted=0,key=-1) [163]=64598(span=1,weighted=0,key=-1)
 [164]=64110(span=1,weighted=0,key=-1) [165]=62562(span=1,weighted=0,key=-1)
 [166]=49441(span=1,weighted=0,key=-1) [167]=41389(span=1,weighted=0,key=-1)
 [168]=28468(span=1,weighted=0,key=-1) [169]=26263(span=1,weighted=0,key=-1)
 [170]=24141(span=1,weighted=0,key=-1) [171]=23369(span=1,weighted=0,key=-1)
 [172]=22360(span=1,weighted=0,key=-1) [173]=21754(span=1,weighted=0,key=-1)
 [174]=651422(span=1,weighted=0,key=-1) [175]=651272(span=1,weighted=0,key=-1)
 [176]=650842(span=1,weighted=0,key=-1) [177]=107353(span=1,weighted=0,key=-1)
 [178]=119831(span=1,weighted=0,key=-1) [179]=275477(span=1,weighted=0,key=-1)
 [180]=255092(span=1,weighted=0,key=-1) [181]=238221(span=1,weighted=0,key=-1)
 [182]=225505(span=1,weighted=0,key=-1) [183]=220400(span=1,weighted=0,key=-1)
 [184]=205515(span=1,weighted=0,key=-1) [185]=202614(span=1,weighted=0,key=-1)
 [186]=197816(span=1,weighted=0,key=-1) [187]=196718(span=1,weighted=0,key=-1)
 [188]=188862(span=1,weighted=0,key=-1) [189]=175953(span=1,weighted=0,key=-1)
 [190]=171879(span=1,weighted=0,key=-1) [191]=167094(span=1,weighted=0,key=-1)
 [192]=157438(span=1,weighted=0,key=-1) [193]=145010(span=1,weighted=0,key=-1)
 [194]=144777(span=1,weighted=0,key=-1) [195]=129491(span=1,weighted=0,key=-1)
 [196]=120214(span=1,weighted=0,key=-1) [197]=650801(span=1,weighted=0,key=-1)
 [198]=623321(span=1,weighted=0,key=-1) [199]=244809(span=1,weighted=0,key=-1)
 [200]=224158(span=1,weighted=0,key=-1) [201]=201065(span=1,weighted=0,key=-1)
 [202]=140936(span=1,weighted=0,key=-1) [203]=122331(span=1,weighted=0,key=-1)
 [204]=119696(span=1,weighted=0,key=-1) [205]=105390(span=1,weighted=0,key=-1)
 [206]=101019(span=1,weighted=0,key=-1) [207]=90179(span=1,weighted=0,key=-1)
 [208]=89202(span=1,weighted=0,key=-1) [209]=57363(span=1,weighted=0,key=-1)
 [210]=15272(span=1,weighted=0,key=-1) [211]=735154(span=1,weighted=0,key=-1)
 [212]=757255(span=1,weighted=0,key=-1) [213]=490438(span=1,weighted=0,key=-1)
 [214]=212875(span=1,weighted=0,key=-1) [215]=190952(span=1,weighted=0,key=-1)
 [216]=132806(span=1,weighted=0,key=-1) [217]=256652(span=1,weighted=0,key=-1)
 [218]=256712(span=1,weighted=0,key=-1) [219]=613710(span=1,weighted=0,key=-1)
 [220]=577857(span=1,weighted=0,key=-1) [221]=575626(span=1,weighted=0,key=-1)
 [222]=553903(span=1,weighted=0,key=-1) [223]=547732(span=1,weighted=0,key=-1)
 [224]=526637(span=1,weighted=0,key=-1) [225]=518009(span=1,weighted=0,key=-1)
 [226]=503990(span=1,weighted=0,key=-1) [227]=489067(span=1,weighted=0,key=-1)
 [228]=481414(span=1,weighted=0,key=-1) [229]=476842(span=1,weighted=0,key=-1)
 [230]=473829(span=1,weighted=0,key=-1) [231]=427326(span=1,weighted=0,key=-1)
 [232]=425836(span=1,weighted=0,key=-1) [233]=400400(span=1,weighted=0,key=-1)
 [234]=348427(span=1,weighted=0,key=-1) [235]=337910(span=1,weighted=0,key=-1)
 [236]=276268(span=1,weighted=0,key=-1) [237]=279143(span=1,weighted=0,key=-1)
 [238]=715908(span=1,weighted=0,key=-1) [239]=715737(span=1,weighted=0,key=-1)
 [240]=714336(span=1,weighted=0,key=-1) [241]=706883(span=1,weighted=0,key=-1)
 [242]=702024(span=1,weighted=0,key=-1) [243]=700933(span=1,weighted=0,key=-1)
 [244]=693946(span=1,weighted=0,key=-1) [245]=691290(span=1,weighted=0,key=-1)
 [246]=690141(span=1,weighted=0,key=-1) [247]=684149(span=1,weighted=0,key=-1)
 [248]=677401(span=1,weighted=0,key=-1) [249]=660095(span=1,weighted=0,key=-1)
 [250]=650282(span=1,weighted=0,key=-1) [251]=650275(span=1,weighted=0,key=-1)
 [252]=639007(span=1,weighted=0,key=-1) [253]=636657(span=1,weighted=0,key=-1)
 [254]=636370(span=1,weighted=0,key=-1) [255]=603839(span=1,weighted=0,key=-1)
 [256]=721568(span=1,weighted=0,key=-1) [257]=1880(span=1,weighted=0,key=-1)
 [258]=4644(span=1,weighted=0,key=-1) [259]=4629(span=1,weighted=0,key=-1)
 [260]=4608(span=1,weighted=0,key=-1) [261]=4593(span=1,weighted=0,key=-1)
 [262]=4572(span=1,weighted=0,key=-1) [263]=4545(span=1,weighted=0,key=-1)
 [264]=4510(span=1,weighted=0,key=-1) [265]=4482(span=1,weighted=0,key=-1)
 [266]=4447(span=1,weighted=0,key=-1) [267]=4419(span=1,weighted=0,key=-1)
 [268]=4388(span=1,weighted=0,key=-1) [269]=4356(span=1,weighted=0,key=-1)
 [270]=4323(span=1,weighted=0,key=-1) [271]=4292(span=1,weighted=0,key=-1)
 [272]=4256(span=1,weighted=0,key=-1) [273]=4230(span=1,weighted=0,key=-1)
 [274]=4196(span=1,weighted=0,key=-1) [275]=4169(span=1,weighted=0,key=-1)
 [276]=600011(span=1,weighted=0,key=-1) [277]=598032(span=1,weighted=0,key=-1)
 [278]=439566(span=1,weighted=0,key=-1) [279]=432423(span=1,weighted=0,key=-1)
 [280]=419450(span=1,weighted=0,key=-1) [281]=408466(span=1,weighted=0,key=-1)
 [282]=398769(span=1,weighted=0,key=-1) [283]=386076(span=1,weighted=0,key=-1)
 [284]=383104(span=1,weighted=0,key=-1) [285]=357421(span=1,weighted=0,key=-1)
 [286]=347443(span=1,weighted=0,key=-1) [287]=343251(span=1,weighted=0,key=-1)
 [288]=321877(span=1,weighted=0,key=-1) [289]=320987(span=1,weighted=0,key=-1)
 [290]=298660(span=1,weighted=0,key=-1) [291]=298514(span=1,weighted=0,key=-1)
 [292]=298306(span=1,weighted=0,key=-1) [293]=287895(span=1,weighted=0,key=-1)
 [294]=284934(span=1,weighted=0,key=-1) [295]=280388(span=1,weighted=0,key=-1)
 [296]=467491(span=1,weighted=0,key=-1) [297]=473182(span=1,weighted=0,key=-1)
 [298]=590853(span=1,weighted=0,key=-1) [299]=590057(span=1,weighted=0,key=-1)
 [300]=589318(span=1,weighted=0,key=-1) [301]=584070(span=1,weighted=0,key=-1)
 [302]=578491(span=1,weighted=0,key=-1) [303]=576173(span=1,weighted=0,key=-1)
 [304]=554119(span=1,weighted=0,key=-1) [305]=529886(span=1,weighted=0,key=-1)
 [306]=523478(span=1,weighted=0,key=-1) [307]=515015(span=1,weighted=0,key=-1)
 [308]=513047(span=1,weighted=0,key=-1) [309]=509703(span=1,weighted=0,key=-1)
 [310]=500585(span=1,weighted=0,key=-1) [311]=492867(span=1,weighted=0,key=-1)
 [312]=490758(span=1,weighted=0,key=-1) [313]=490247(span=1,weighted=0,key=-1)
 [314]=478046(span=1,weighted=0,key=-1) [315]=3045(span=1,weighted=0,key=-1)
Temporary breakpoint 40 at 0x100248d6
BRIDGET_TRANSITION context=8 count=30 units: 324415 76338 589845 132945 449363
 52413 228237 201023 233514 453340 193702 173254 70559 655696 632833 524709
 4510 4196 4230 4388 4419 4292 4356 4256 210390 107106 4572 4169 4482 191401
BRIDGET_CANDIDATE_LIST position=9 count=256 [0]=15859(span=1,weighted=0,key=-1)
 [1]=745902(span=1,weighted=0,key=-1) [2]=754774(span=1,weighted=0,key=-1)
 [3]=754780(span=1,weighted=0,key=-1) [4]=754790(span=1,weighted=0,key=-1)
 [5]=771760(span=1,weighted=0,key=-1) [6]=170742(span=1,weighted=0,key=-1)
 [7]=17373(span=1,weighted=0,key=-1) [8]=27093(span=1,weighted=0,key=-1)
 [9]=40359(span=1,weighted=0,key=-1) [10]=47370(span=1,weighted=0,key=-1)
 [11]=50465(span=1,weighted=0,key=-1) [12]=71310(span=1,weighted=0,key=-1)
 [13]=74434(span=1,weighted=0,key=-1) [14]=98376(span=1,weighted=0,key=-1)
 [15]=103674(span=1,weighted=0,key=-1) [16]=120262(span=1,weighted=0,key=-1)
 [17]=129760(span=1,weighted=0,key=-1) [18]=129772(span=1,weighted=0,key=-1)
 [19]=132903(span=1,weighted=0,key=-1) [20]=140175(span=1,weighted=0,key=-1)
 [21]=151540(span=1,weighted=0,key=-1) [22]=165008(span=1,weighted=0,key=-1)
 [23]=171914(span=1,weighted=0,key=-1) [24]=178174(span=1,weighted=0,key=-1)
 [25]=197992(span=1,weighted=0,key=-1) [26]=200585(span=1,weighted=0,key=-1)
 [27]=223963(span=1,weighted=0,key=-1) [28]=239514(span=1,weighted=0,key=-1)
 [29]=243832(span=1,weighted=0,key=-1) [30]=250912(span=1,weighted=0,key=-1)
 [31]=745895(span=1,weighted=0,key=-1) [32]=735667(span=1,weighted=0,key=-1)
 [33]=141305(span=1,weighted=0,key=-1) [34]=147439(span=1,weighted=0,key=-1)
 [35]=162771(span=1,weighted=0,key=-1) [36]=232227(span=1,weighted=0,key=-1)
 [37]=249675(span=1,weighted=0,key=-1) [38]=310061(span=1,weighted=0,key=-1)
 [39]=331153(span=1,weighted=0,key=-1) [40]=355034(span=1,weighted=0,key=-1)
 [41]=355077(span=1,weighted=0,key=-1) [42]=361983(span=1,weighted=0,key=-1)
 [43]=366370(span=1,weighted=0,key=-1) [44]=369409(span=1,weighted=0,key=-1)
 [45]=394361(span=1,weighted=0,key=-1) [46]=418658(span=1,weighted=0,key=-1)
 [47]=459258(span=1,weighted=0,key=-1) [48]=459428(span=1,weighted=0,key=-1)
 [49]=460492(span=1,weighted=0,key=-1) [50]=472190(span=1,weighted=0,key=-1)
 [51]=485590(span=1,weighted=0,key=-1) [52]=491163(span=1,weighted=0,key=-1)
 [53]=497421(span=1,weighted=0,key=-1) [54]=504676(span=1,weighted=0,key=-1)
 [55]=508878(span=1,weighted=0,key=-1) [56]=529687(span=1,weighted=0,key=-1)
 [57]=542478(span=1,weighted=0,key=-1) [58]=546102(span=1,weighted=0,key=-1)
 [59]=550579(span=1,weighted=0,key=-1) [60]=685478(span=1,weighted=0,key=-1)
 [61]=695805(span=1,weighted=0,key=-1) [62]=702774(span=1,weighted=0,key=-1)
 [63]=252001(span=1,weighted=0,key=-1) [64]=255971(span=1,weighted=0,key=-1)
 [65]=512231(span=1,weighted=0,key=-1) [66]=524353(span=1,weighted=0,key=-1)
 [67]=543991(span=1,weighted=0,key=-1) [68]=547670(span=1,weighted=0,key=-1)
 [69]=553819(span=1,weighted=0,key=-1) [70]=560072(span=1,weighted=0,key=-1)
 [71]=562906(span=1,weighted=0,key=-1) [72]=563440(span=1,weighted=0,key=-1)
 [73]=642147(span=1,weighted=0,key=-1) [74]=681267(span=1,weighted=0,key=-1)
 [75]=691932(span=1,weighted=0,key=-1) [76]=695433(span=1,weighted=0,key=-1)
 [77]=704367(span=1,weighted=0,key=-1) [78]=717989(span=1,weighted=0,key=-1)
 [79]=734289(span=1,weighted=0,key=-1) [80]=735651(span=1,weighted=0,key=-1)
 [81]=748133(span=1,weighted=0,key=-1) [82]=763665(span=1,weighted=0,key=-1)
 [83]=763817(span=1,weighted=0,key=-1) [84]=106844(span=1,weighted=0,key=-1)
 [85]=152286(span=1,weighted=0,key=-1) [86]=165670(span=1,weighted=0,key=-1)
 [87]=208879(span=1,weighted=0,key=-1) [88]=219942(span=1,weighted=0,key=-1)
 [89]=239177(span=1,weighted=0,key=-1) [90]=294902(span=1,weighted=0,key=-1)
 [91]=400972(span=1,weighted=0,key=-1) [92]=524965(span=1,weighted=0,key=-1)
 [93]=550847(span=1,weighted=0,key=-1) [94]=763202(span=1,weighted=0,key=-1)
 [95]=509304(span=1,weighted=0,key=-1) [96]=479462(span=1,weighted=0,key=-1)
 [97]=256441(span=1,weighted=0,key=-1) [98]=263573(span=1,weighted=0,key=-1)
 [99]=264857(span=1,weighted=0,key=-1) [100]=277278(span=1,weighted=0,key=-1)
 [101]=280634(span=1,weighted=0,key=-1) [102]=285168(span=1,weighted=0,key=-1)
 [103]=299396(span=1,weighted=0,key=-1) [104]=314721(span=1,weighted=0,key=-1)
 [105]=318225(span=1,weighted=0,key=-1) [106]=337371(span=1,weighted=0,key=-1)
 [107]=342214(span=1,weighted=0,key=-1) [108]=342574(span=1,weighted=0,key=-1)
 [109]=345914(span=1,weighted=0,key=-1) [110]=347050(span=1,weighted=0,key=-1)
 [111]=350612(span=1,weighted=0,key=-1) [112]=362619(span=1,weighted=0,key=-1)
 [113]=415495(span=1,weighted=0,key=-1) [114]=416779(span=1,weighted=0,key=-1)
 [115]=422273(span=1,weighted=0,key=-1) [116]=424021(span=1,weighted=0,key=-1)
 [117]=430369(span=1,weighted=0,key=-1) [118]=435332(span=1,weighted=0,key=-1)
 [119]=449624(span=1,weighted=0,key=-1) [120]=454637(span=1,weighted=0,key=-1)
 [121]=465391(span=1,weighted=0,key=-1) [122]=472090(span=1,weighted=0,key=-1)
 [123]=472257(span=1,weighted=0,key=-1) [124]=474012(span=1,weighted=0,key=-1)
 [125]=476948(span=1,weighted=0,key=-1) [126]=478196(span=1,weighted=0,key=-1)
 [127]=133215(span=1,weighted=0,key=-1) [128]=113162(span=1,weighted=0,key=-1)
 [129]=186056(span=1,weighted=0,key=-1) [130]=201279(span=1,weighted=0,key=-1)
 [131]=236866(span=1,weighted=0,key=-1) [132]=247534(span=1,weighted=0,key=-1)
 [133]=283411(span=1,weighted=0,key=-1) [134]=285807(span=1,weighted=0,key=-1)
 [135]=291203(span=1,weighted=0,key=-1) [136]=316626(span=1,weighted=0,key=-1)
 [137]=327097(span=1,weighted=0,key=-1) [138]=346646(span=1,weighted=0,key=-1)
 [139]=347451(span=1,weighted=0,key=-1) [140]=348169(span=1,weighted=0,key=-1)
 [141]=352386(span=1,weighted=0,key=-1) [142]=369261(span=1,weighted=0,key=-1)
 [143]=398660(span=1,weighted=0,key=-1) [144]=409216(span=1,weighted=0,key=-1)
 [145]=428507(span=1,weighted=0,key=-1) [146]=467584(span=1,weighted=0,key=-1)
 [147]=470848(span=1,weighted=0,key=-1) [148]=486539(span=1,weighted=0,key=-1)
 [149]=486589(span=1,weighted=0,key=-1) [150]=489349(span=1,weighted=0,key=-1)
 [151]=494906(span=1,weighted=0,key=-1) [152]=521865(span=1,weighted=0,key=-1)
 [153]=523833(span=1,weighted=0,key=-1) [154]=532329(span=1,weighted=0,key=-1)
 [155]=571261(span=1,weighted=0,key=-1) [156]=572354(span=1,weighted=0,key=-1)
 [157]=585526(span=1,weighted=0,key=-1) [158]=623933(span=1,weighted=0,key=-1)
 [159]=183776(span=1,weighted=0,key=-1) [160]=180473(span=1,weighted=0,key=-1)
 [161]=36489(span=1,weighted=0,key=-1) [162]=83395(span=1,weighted=0,key=-1)
 [163]=87334(span=1,weighted=0,key=-1) [164]=99028(span=1,weighted=0,key=-1)
 [165]=238552(span=1,weighted=0,key=-1) [166]=243729(span=1,weighted=0,key=-1)
 [167]=246042(span=1,weighted=0,key=-1) [168]=252666(span=1,weighted=0,key=-1)
 [169]=274249(span=1,weighted=0,key=-1) [170]=461812(span=1,weighted=0,key=-1)
 [171]=477827(span=1,weighted=0,key=-1) [172]=527159(span=1,weighted=0,key=-1)
 [173]=529952(span=1,weighted=0,key=-1) [174]=548217(span=1,weighted=0,key=-1)
 [175]=550555(span=1,weighted=0,key=-1) [176]=589280(span=1,weighted=0,key=-1)
 [177]=593281(span=1,weighted=0,key=-1) [178]=656831(span=1,weighted=0,key=-1)
 [179]=702795(span=1,weighted=0,key=-1) [180]=740170(span=1,weighted=0,key=-1)
 [181]=7317(span=1,weighted=0,key=-1) [182]=19570(span=1,weighted=0,key=-1)
 [183]=22078(span=1,weighted=0,key=-1) [184]=68593(span=1,weighted=0,key=-1)
 [185]=72301(span=1,weighted=0,key=-1) [186]=105258(span=1,weighted=0,key=-1)
 [187]=118286(span=1,weighted=0,key=-1) [188]=119549(span=1,weighted=0,key=-1)
 [189]=135674(span=1,weighted=0,key=-1) [190]=146383(span=1,weighted=0,key=-1)
 [191]=623961(span=1,weighted=0,key=-1) [192]=626318(span=1,weighted=0,key=-1)
 [193]=457787(span=1,weighted=0,key=-1) [194]=480319(span=1,weighted=0,key=-1)
 [195]=485408(span=1,weighted=0,key=-1) [196]=500439(span=1,weighted=0,key=-1)
 [197]=503408(span=1,weighted=0,key=-1) [198]=504692(span=1,weighted=0,key=-1)
 [199]=506305(span=1,weighted=0,key=-1) [200]=538825(span=1,weighted=0,key=-1)
 [201]=540141(span=1,weighted=0,key=-1) [202]=545682(span=1,weighted=0,key=-1)
 [203]=557810(span=1,weighted=0,key=-1) [204]=572150(span=1,weighted=0,key=-1)
 [205]=605599(span=1,weighted=0,key=-1) [206]=665427(span=1,weighted=0,key=-1)
 [207]=700589(span=1,weighted=0,key=-1) [208]=754159(span=1,weighted=0,key=-1)
 [209]=755607(span=1,weighted=0,key=-1) [210]=762053(span=1,weighted=0,key=-1)
 [211]=762062(span=1,weighted=0,key=-1) [212]=76890(span=1,weighted=0,key=-1)
 [213]=174742(span=1,weighted=0,key=-1) [214]=468954(span=1,weighted=0,key=-1)
 [215]=574197(span=1,weighted=0,key=-1) [216]=243081(span=1,weighted=0,key=-1)
 [217]=434210(span=1,weighted=0,key=-1) [218]=562020(span=1,weighted=0,key=-1)
 [219]=576683(span=1,weighted=0,key=-1) [220]=60047(span=1,weighted=0,key=-1)
 [221]=80180(span=1,weighted=0,key=-1) [222]=94949(span=1,weighted=0,key=-1)
 [223]=443372(span=1,weighted=0,key=-1) [224]=426897(span=1,weighted=0,key=-1)
 [225]=632552(span=1,weighted=0,key=-1) [226]=648430(span=1,weighted=0,key=-1)
 [227]=675967(span=1,weighted=0,key=-1) [228]=709576(span=1,weighted=0,key=-1)
 [229]=739666(span=1,weighted=0,key=-1) [230]=739718(span=1,weighted=0,key=-1)
 [231]=739726(span=1,weighted=0,key=-1) [232]=34198(span=1,weighted=0,key=-1)
 [233]=63522(span=1,weighted=0,key=-1) [234]=72502(span=1,weighted=0,key=-1)
 [235]=76532(span=1,weighted=0,key=-1) [236]=82862(span=1,weighted=0,key=-1)
 [237]=90205(span=1,weighted=0,key=-1) [238]=166087(span=1,weighted=0,key=-1)
 [239]=171901(span=1,weighted=0,key=-1) [240]=177690(span=1,weighted=0,key=-1)
 [241]=200834(span=1,weighted=0,key=-1) [242]=227534(span=1,weighted=0,key=-1)
 [243]=260165(span=1,weighted=0,key=-1) [244]=306087(span=1,weighted=0,key=-1)
 [245]=311472(span=1,weighted=0,key=-1) [246]=329457(span=1,weighted=0,key=-1)
 [247]=353132(span=1,weighted=0,key=-1) [248]=354947(span=1,weighted=0,key=-1)
 [249]=365795(span=1,weighted=0,key=-1) [250]=373951(span=1,weighted=0,key=-1)
 [251]=397501(span=1,weighted=0,key=-1) [252]=401243(span=1,weighted=0,key=-1)
 [253]=405862(span=1,weighted=0,key=-1) [254]=413952(span=1,weighted=0,key=-1)
 [255]=347602(span=1,weighted=0,key=-1)
Temporary breakpoint 41 at 0x100248d6
BRIDGET_TRANSITION context=9 count=30 units: 681267 430369 472257 337371 562906
 717989 151540 17373 76890 239514 264857 223963 174742 98376 574197 512231
 200834 27093 424021 256441 263573 132903 665427 468954 314721 50465 543991
 342574 74434 700589
BRIDGET_CANDIDATE_LIST position=10 count=25
 [0]=769132(span=2,weighted=0,key=-2) [1]=740210(span=2,weighted=0,key=-2)
 [2]=596151(span=2,weighted=0,key=-2) [3]=632241(span=2,weighted=0,key=-2)
 [4]=688073(span=2,weighted=0,key=-2) [5]=675968(span=2,weighted=0,key=-2)
 [6]=406624(span=2,weighted=0,key=-2) [7]=393947(span=2,weighted=0,key=-2)
 [8]=243082(span=2,weighted=0,key=-2) [9]=68594(span=2,weighted=0,key=-2)
 [10]=601342(span=2,weighted=0,key=-2) [11]=444454(span=2,weighted=0,key=-2)
 [12]=440823(span=2,weighted=0,key=-2) [13]=440067(span=2,weighted=0,key=-2)
 [14]=562021(span=2,weighted=0,key=-2) [15]=434211(span=2,weighted=0,key=-2)
 [16]=412750(span=2,weighted=0,key=-2) [17]=89377(span=2,weighted=0,key=-2)
 [18]=527823(span=1,weighted=0,key=-1) [19]=709190(span=1,weighted=0,key=-1)
 [20]=5736(span=1,weighted=0,key=-1) [21]=83436(span=1,weighted=0,key=-1)
 [22]=654902(span=1,weighted=0,key=-1) [23]=492128(span=1,weighted=0,key=-1)
 [24]=169143(span=1,weighted=0,key=-1)
Temporary breakpoint 42 at 0x100248d6
BRIDGET_TRANSITION context=10 count=25 units: 769132 740210 596151 632241
 688073 675968 406624 393947 243082 68594 601342 444454 440823 440067 562021
 434211 412750 89377 527823 709190 5736 83436 654902 492128 169143
BRIDGET_CANDIDATE_LIST position=11 count=19 [0]=89377(span=2,weighted=0,key=-2)
 [1]=740210(span=2,weighted=0,key=-2) [2]=596151(span=2,weighted=0,key=-2)
 [3]=632241(span=2,weighted=0,key=-2) [4]=688073(span=2,weighted=0,key=-2)
 [5]=675968(span=2,weighted=0,key=-2) [6]=406624(span=2,weighted=0,key=-2)
 [7]=393947(span=2,weighted=0,key=-2) [8]=243082(span=2,weighted=0,key=-2)
 [9]=68594(span=2,weighted=0,key=-2) [10]=601342(span=2,weighted=0,key=-2)
 [11]=444454(span=2,weighted=0,key=-2) [12]=440823(span=2,weighted=0,key=-2)
 [13]=440067(span=2,weighted=0,key=-2) [14]=562021(span=2,weighted=0,key=-2)
 [15]=434211(span=2,weighted=0,key=-2) [16]=412750(span=2,weighted=0,key=-2)
 [17]=769132(span=2,weighted=0,key=-2) [18]=217505(span=1,weighted=0,key=-1)
Temporary breakpoint 43 at 0x100248d6
BRIDGET_TRANSITION context=11 count=19 units: 89377 740210 596151 632241 688073
 675968 406624 393947 243082 68594 601342 444454 440823 440067 562021 434211
 412750 769132 217505
BRIDGET_CANDIDATE_LIST position=12 count=54
 [0]=575239(span=2,weighted=0,key=-2) [1]=218016(span=2,weighted=0,key=-2)
 [2]=64467(span=2,weighted=0,key=-2) [3]=582722(span=2,weighted=0,key=-2)
 [4]=208690(span=2,weighted=0,key=-2) [5]=116422(span=2,weighted=0,key=-2)
 [6]=59184(span=2,weighted=0,key=-2) [7]=640256(span=2,weighted=0,key=-2)
 [8]=572464(span=2,weighted=0,key=-2) [9]=635453(span=2,weighted=0,key=-2)
 [10]=217846(span=2,weighted=0,key=-2) [11]=164252(span=2,weighted=0,key=-2)
 [12]=80506(span=2,weighted=0,key=-2) [13]=298897(span=2,weighted=0,key=-2)
 [14]=354009(span=2,weighted=0,key=-2) [15]=284436(span=2,weighted=0,key=-2)
 [16]=734688(span=2,weighted=0,key=-2) [17]=226406(span=2,weighted=0,key=-2)
 [18]=546485(span=1,weighted=0,key=-1) [19]=391704(span=1,weighted=0,key=-1)
 [20]=408871(span=1,weighted=0,key=-1) [21]=410746(span=1,weighted=0,key=-1)
 [22]=423876(span=1,weighted=0,key=-1) [23]=434250(span=1,weighted=0,key=-1)
 [24]=445751(span=1,weighted=0,key=-1) [25]=448261(span=1,weighted=0,key=-1)
 [26]=450074(span=1,weighted=0,key=-1) [27]=523827(span=1,weighted=0,key=-1)
 [28]=702569(span=1,weighted=0,key=-1) [29]=694719(span=1,weighted=0,key=-1)
 [30]=690809(span=1,weighted=0,key=-1) [31]=688160(span=1,weighted=0,key=-1)
 [32]=572877(span=1,weighted=0,key=-1) [33]=555469(span=1,weighted=0,key=-1)
 [34]=281454(span=1,weighted=0,key=-1) [35]=229499(span=1,weighted=0,key=-1)
 [36]=734589(span=1,weighted=0,key=-1) [37]=734881(span=1,weighted=0,key=-1)
 [38]=610102(span=1,weighted=0,key=-1) [39]=571047(span=1,weighted=0,key=-1)
 [40]=415180(span=1,weighted=0,key=-1) [41]=496635(span=1,weighted=0,key=-1)
 [42]=249327(span=1,weighted=0,key=-1) [43]=143972(span=1,weighted=0,key=-1)
 [44]=745556(span=1,weighted=0,key=-1) [45]=462914(span=1,weighted=0,key=-1)
 [46]=704427(span=1,weighted=0,key=-1) [47]=69472(span=1,weighted=0,key=-1)
 [48]=87598(span=1,weighted=0,key=-1) [49]=97645(span=1,weighted=0,key=-1)
 [50]=188433(span=1,weighted=0,key=-1) [51]=190555(span=1,weighted=0,key=-1)
 [52]=200951(span=1,weighted=0,key=-1) [53]=734334(span=1,weighted=0,key=-1)
Temporary breakpoint 44 at 0x100248d6
BRIDGET_TRANSITION context=12 count=30 units: 575239 218016 64467 582722 208690
 116422 59184 640256 572464 635453 217846 164252 80506 298897 354009 284436
 734688 226406 546485 190555 69472 694719 188433 87598 97645 423876 415180
 571047 610102 143972
BRIDGET_CANDIDATE_LIST position=13 count=26
 [0]=226406(span=2,weighted=0,key=-2) [1]=59184(span=2,weighted=0,key=-2)
 [2]=640256(span=2,weighted=0,key=-2) [3]=572464(span=2,weighted=0,key=-2)
 [4]=575239(span=2,weighted=0,key=-2) [5]=354009(span=2,weighted=0,key=-2)
 [6]=284436(span=2,weighted=0,key=-2) [7]=734688(span=2,weighted=0,key=-2)
 [8]=218016(span=2,weighted=0,key=-2) [9]=64467(span=2,weighted=0,key=-2)
 [10]=582722(span=2,weighted=0,key=-2) [11]=208690(span=2,weighted=0,key=-2)
 [12]=116422(span=2,weighted=0,key=-2) [13]=635453(span=2,weighted=0,key=-2)
 [14]=217846(span=2,weighted=0,key=-2) [15]=164252(span=2,weighted=0,key=-2)
 [16]=80506(span=2,weighted=0,key=-2) [17]=298897(span=2,weighted=0,key=-2)
 [18]=718382(span=1,weighted=0,key=-1) [19]=720660(span=1,weighted=0,key=-1)
 [20]=306149(span=1,weighted=0,key=-1) [21]=445611(span=1,weighted=0,key=-1)
 [22]=386888(span=1,weighted=0,key=-1) [23]=72210(span=1,weighted=0,key=-1)
 [24]=602354(span=1,weighted=0,key=-1) [25]=72473(span=1,weighted=0,key=-1)
Temporary breakpoint 45 at 0x100248d6
BRIDGET_TRANSITION context=13 count=26 units: 226406 59184 640256 572464 575239
 354009 284436 734688 218016 64467 582722 208690 116422 635453 217846 164252
 80506 298897 718382 720660 306149 445611 386888 72210 602354 72473
BRIDGET_CANDIDATE_LIST position=14 count=58
 [0]=159065(span=2,weighted=0,key=-2) [1]=389003(span=2,weighted=0,key=-2)
 [2]=242617(span=2,weighted=0,key=-2) [3]=86260(span=2,weighted=0,key=-2)
 [4]=56495(span=2,weighted=0,key=-2) [5]=514925(span=2,weighted=0,key=-2)
 [6]=735735(span=2,weighted=0,key=-2) [7]=44425(span=2,weighted=0,key=-2)
 [8]=770825(span=2,weighted=0,key=-2) [9]=306298(span=2,weighted=0,key=-2)
 [10]=221148(span=2,weighted=0,key=-2) [11]=99946(span=2,weighted=0,key=-2)
 [12]=96359(span=2,weighted=0,key=-2) [13]=660308(span=1,weighted=0,key=-1)
 [14]=119222(span=1,weighted=0,key=-1) [15]=660009(span=1,weighted=0,key=-1)
 [16]=43068(span=1,weighted=0,key=-1) [17]=732095(span=1,weighted=0,key=-1)
 [18]=372760(span=1,weighted=0,key=-1) [19]=672513(span=1,weighted=0,key=-1)
 [20]=617386(span=1,weighted=0,key=-1) [21]=750192(span=1,weighted=0,key=-1)
 [22]=76341(span=1,weighted=0,key=-1) [23]=747250(span=1,weighted=0,key=-1)
 [24]=157422(span=1,weighted=0,key=-1) [25]=182284(span=1,weighted=0,key=-1)
 [26]=435981(span=1,weighted=0,key=-1) [27]=591059(span=1,weighted=0,key=-1)
 [28]=673762(span=1,weighted=0,key=-1) [29]=67661(span=1,weighted=0,key=-1)
 [30]=185984(span=1,weighted=0,key=-1) [31]=622596(span=1,weighted=0,key=-1)
 [32]=133777(span=1,weighted=0,key=-1) [33]=281892(span=1,weighted=0,key=-1)
 [34]=297757(span=1,weighted=0,key=-1) [35]=463957(span=1,weighted=0,key=-1)
 [36]=280188(span=1,weighted=0,key=-1) [37]=16820(span=1,weighted=0,key=-1)
 [38]=24352(span=1,weighted=0,key=-1) [39]=73820(span=1,weighted=0,key=-1)
 [40]=130881(span=1,weighted=0,key=-1) [41]=144058(span=1,weighted=0,key=-1)
 [42]=185946(span=1,weighted=0,key=-1) [43]=237679(span=1,weighted=0,key=-1)
 [44]=272994(span=1,weighted=0,key=-1) [45]=346038(span=1,weighted=0,key=-1)
 [46]=487587(span=1,weighted=0,key=-1) [47]=497008(span=1,weighted=0,key=-1)
 [48]=519894(span=1,weighted=0,key=-1) [49]=523103(span=1,weighted=0,key=-1)
 [50]=527001(span=1,weighted=0,key=-1) [51]=539540(span=1,weighted=0,key=-1)
 [52]=541650(span=1,weighted=0,key=-1) [53]=544299(span=1,weighted=0,key=-1)
 [54]=547511(span=1,weighted=0,key=-1) [55]=573955(span=1,weighted=0,key=-1)
 [56]=144822(span=1,weighted=0,key=-1) [57]=674640(span=1,weighted=0,key=-1)
Temporary breakpoint 46 at 0x100248d6
BRIDGET_TRANSITION context=14 count=30 units: 159065 389003 242617 86260 56495
 514925 735735 44425 770825 306298 221148 99946 96359 617386 622596 185984
 67661 372760 672513 660308 674640 297757 281892 133777 673762 591059 435981
 182284 157422 43068
BRIDGET_CANDIDATE_LIST position=15 count=20 [0]=44425(span=2,weighted=0,key=-2)
 [1]=389003(span=2,weighted=0,key=-2) [2]=96359(span=2,weighted=0,key=-2)
 [3]=99946(span=2,weighted=0,key=-2) [4]=221148(span=2,weighted=0,key=-2)
 [5]=306298(span=2,weighted=0,key=-2) [6]=770825(span=2,weighted=0,key=-2)
 [7]=242617(span=2,weighted=0,key=-2) [8]=735735(span=2,weighted=0,key=-2)
 [9]=514925(span=2,weighted=0,key=-2) [10]=56495(span=2,weighted=0,key=-2)
 [11]=86260(span=2,weighted=0,key=-2) [12]=159065(span=2,weighted=0,key=-2)
 [13]=301092(span=1,weighted=0,key=-1) [14]=130283(span=1,weighted=0,key=-1)
 [15]=49123(span=1,weighted=0,key=-1) [16]=320685(span=1,weighted=0,key=-1)
 [17]=227308(span=1,weighted=0,key=-1) [18]=283240(span=1,weighted=0,key=-1)
 [19]=174185(span=1,weighted=0,key=-1)
Temporary breakpoint 47 at 0x100248d6
BRIDGET_TRANSITION context=15 count=20 units: 44425 389003 96359 99946 221148
 306298 770825 242617 735735 514925 56495 86260 159065 301092 130283 49123
 320685 227308 283240 174185
BRIDGET_SELECTED_UNIT_HARDWARE n=1 id=178150
BRIDGET_SELECTED_UNIT_HARDWARE n=2 id=243779
BRIDGET_SELECTED_UNIT_HARDWARE n=3 id=532206
BRIDGET_SELECTED_UNIT_HARDWARE n=4 id=682208
BRIDGET_SELECTED_UNIT_HARDWARE n=5 id=272930
BRIDGET_SELECTED_UNIT_HARDWARE n=6 id=272930
BRIDGET_SELECTED_UNIT_HARDWARE n=7 id=636745
BRIDGET_SELECTED_UNIT_HARDWARE n=8 id=636745
BRIDGET_SELECTED_UNIT_HARDWARE n=9 id=201023
BRIDGET_SELECTED_UNIT_HARDWARE n=10 id=665427
BRIDGET_SELECTED_UNIT_HARDWARE n=11 id=740210
BRIDGET_SELECTED_UNIT_HARDWARE n=12 id=740210
BRIDGET_SELECTED_UNIT_HARDWARE n=13 id=69472
BRIDGET_SELECTED_UNIT_HARDWARE n=14 id=386888
BRIDGET_SELECTED_UNIT_HARDWARE n=15 id=514925
BRIDGET_SELECTED_UNIT_HARDWARE n=16 id=735735
BRIDGET_SELECTED_UNIT_HARDWARE n=17 id=243779
BRIDGET_SELECTED_UNIT_HARDWARE n=18 id=178150
BRIDGET_SELECTED_UNIT_HARDWARE n=19 id=682208
BRIDGET_SELECTED_UNIT_HARDWARE n=20 id=532206
BRIDGET_SELECTED_UNIT_HARDWARE n=21 id=665427
BRIDGET_SELECTED_UNIT_HARDWARE n=22 id=201023
BRIDGET_SELECTED_UNIT_HARDWARE n=23 id=386888
BRIDGET_SELECTED_UNIT_HARDWARE n=24 id=69472
BRIDGET_SELECTED_UNIT_HARDWARE n=25 id=735735
BRIDGET_SELECTED_UNIT_HARDWARE n=26 id=514925
[Inferior 1 (Remote target) exited normally]
Wine-gdb> 0118:011c: create process 'Z:\samples\voicetext_kate.exe'/00000000 @004014C0 (450560<1847>)
0118:011c: create thread I @004014C0
0118:011c: loads DLL C:\windows\system32\ntdll.dll @7BD10000 (2994176<5095>)
0118:011c: loads DLL C:\windows\system32\kernel32.dll @7BB90000 (1466368<19395>)
0118:011c: loads DLL C:\windows\system32\kernelbase.dll @7B650000 (5410816<14148>)
0118:011c: loads DLL C:\windows\system32\msvcrt.dll @7B2A0000 (2715648<8214>)
0118:011c: loads DLL Z:\samples\vt_kat.dll @10000000 (0<0>)
0118:011c: loads DLL C:\windows\system32\WINMM.dll @78CF0000 (1474560<4890>)
0118:011c: loads DLL C:\windows\system32\advapi32.dll @7B550000 (958464<7400>)
0118:011c: loads DLL C:\windows\system32\sechost.dll @7B200000 (565248<3163>)
0118:011c: loads DLL C:\windows\system32\ucrtbase.dll @7AEE0000 (3198976<11541>)
0118:011c: loads DLL C:\windows\system32\msacm32.dll @78C70000 (413696<1982>)
0118:011c: loads DLL C:\windows\system32\user32.dll @7A160000 (5005312<14159>)
0118:011c: loads DLL Z:\samples\zlib1.dll @7A120000 (135680<0>)
0118:011c: loads DLL C:\windows\system32\gdi32.dll @7A640000 (2355200<7390>)
0118:011c: loads DLL C:\windows\system32\win32u.dll @7A0D0000 (221184<1966>)
0118:011c: loads DLL C:\windows\system32\ole32.dll @7A9F0000 (4440064<14323>)
0118:011c: loads DLL C:\windows\system32\combase.dll @7A890000 (1314816<7562>)
0118:011c: loads DLL C:\windows\system32\rpcrt4.dll @79EA0000 (2162688<9274>)
0118:011c: loads DLL C:\windows\system32\coml2.dll @79E40000 (262144<3883>)
0118:011c: loads DLL C:\windows\system32\iphlpapi.dll @779C0000 (487424<4777>)
0118:011c: loads DLL C:\windows\system32\dnsapi.dll @77970000 (258048<1399>)
0118:011c: loads DLL C:\windows\system32\nsi.dll @77940000 (118784<823>)
0118:011c: loads DLL C:\windows\system32\ws2_32.dll @7AE40000 (565248<2279>)
0118:011c: loads DLL C:\windows\system32\tzres.dll @009C0000 (0<0>)
00000118:0000011c: unload DLL @009C0000
0118:011c: loads DLL C:\windows\system32\tzres.dll @009C0000 (0<0>)
00000118:0000011c: unload DLL @009C0000
0118:011c: loads DLL C:\windows\system32\imm32.dll @782F0000 (401408<2996>)
0118:011c: loads DLL C:\windows\system32\winex11.drv @780F0000 (307200<4314>)
0118:011c: loads DLL C:\windows\system32\uxtheme.dll @78030000 (671744<3646>)
00000118:0000011c: exit process (0)
X connection to :99 broken (explicit kill or server shutdown).
X connection to :99 broken (explicit kill or server shutdown).
