Wine-gdb> Wine-gdb> Breakpoint 1 at 0x1000d450
Wine-gdb> >>>>>>>>>>>>>>> > > > > > > >  >  >  >  > > > > >>>Wine-gdb> Wine-gdb> Breakpoint 2 at 0x10060e50
Wine-gdb> >>>>>>>>>> > > > > >>>Wine-gdb> Wine-gdb> Breakpoint 3 at 0x1005fa60
Wine-gdb> >>>>>>>>> > > > > >>>Wine-gdb> Wine-gdb> Breakpoint 4 at 0x10039d50
Wine-gdb> >>>>>>>> > > > > >>>Wine-gdb> Wine-gdb> Continuing.
CARDINAL_ENTRY number=0 mode=L current=0x667434:	""
Temporary breakpoint 5 at 0x10061427
CARDINAL_RETURN number=0 mode=L output=0x667434:	""
CARDINAL_ENTRY number=1 mode=L current=0x667434:	""
Temporary breakpoint 6 at 0x10061427
CARDINAL_RETURN number=1 mode=L output=0x667434:	"one"
CARDINAL_ENTRY number=9 mode=L current=0x667434:	""
Temporary breakpoint 7 at 0x10061427
CARDINAL_RETURN number=9 mode=L output=0x667434:	"nine"
CARDINAL_ENTRY number=10 mode=L current=0x66742c:	""
Temporary breakpoint 8 at 0x10061427
CARDINAL_RETURN number=10 mode=L output=0x66742c:	"ten"
CARDINAL_ENTRY number=10 mode=L current=0x667434:	""
Temporary breakpoint 9 at 0x10061427
CARDINAL_RETURN number=10 mode=L output=0x667434:	"ten"
CARDINAL_ENTRY number=11 mode=L current=0x66742c:	""
Temporary breakpoint 10 at 0x10061427
CARDINAL_RETURN number=11 mode=L output=0x66742c:	"eleven"
CARDINAL_ENTRY number=11 mode=L current=0x667434:	""
Temporary breakpoint 11 at 0x10061427
CARDINAL_RETURN number=11 mode=L output=0x667434:	"eleven"
CARDINAL_ENTRY number=19 mode=L current=0x66742c:	""
Temporary breakpoint 12 at 0x10061427
CARDINAL_RETURN number=19 mode=L output=0x66742c:	"nineteen"
CARDINAL_ENTRY number=19 mode=L current=0x667434:	""
Temporary breakpoint 13 at 0x10061427
CARDINAL_RETURN number=19 mode=L output=0x667434:	"nineteen"
CARDINAL_ENTRY number=20 mode=L current=0x66742c:	""
Temporary breakpoint 14 at 0x10061427
CARDINAL_RETURN number=20 mode=L output=0x66742c:	"twenty"
CARDINAL_ENTRY number=20 mode=L current=0x667434:	""
Temporary breakpoint 15 at 0x10061427
CARDINAL_RETURN number=20 mode=L output=0x667434:	"twenty"
CARDINAL_ENTRY number=21 mode=L current=0x66742c:	""
Temporary breakpoint 16 at 0x10061427
CARDINAL_RETURN number=21 mode=L output=0x66742c:	"twenty one"
CARDINAL_ENTRY number=21 mode=L current=0x667434:	""
Temporary breakpoint 17 at 0x10061427
CARDINAL_RETURN number=21 mode=L output=0x667434:	"twenty one"
CARDINAL_ENTRY number=99 mode=L current=0x66742c:	""
Temporary breakpoint 18 at 0x10061427
CARDINAL_RETURN number=99 mode=L output=0x66742c:	"ninety nine"
CARDINAL_ENTRY number=99 mode=L current=0x667434:	""
Temporary breakpoint 19 at 0x10061427
CARDINAL_RETURN number=99 mode=L output=0x667434:	"ninety nine"
CARDINAL_ENTRY number=100 mode=L current=0x667434:	""
Temporary breakpoint 20 at 0x10061427
CARDINAL_ENTRY number=1 mode=L current=0x667434:	""
Temporary breakpoint 21 at 0x10060014
CARDINAL_RETURN number=1 mode=L output=0x667434:	"one"
CARDINAL_RETURN number=1 mode=L output=0x667434:	"one hundred"
CARDINAL_ENTRY number=101 mode=L current=0x667434:	""
Temporary breakpoint 22 at 0x10061427
CARDINAL_ENTRY number=1 mode=L current=0x667434:	""
Temporary breakpoint 23 at 0x10060014
CARDINAL_RETURN number=1 mode=L output=0x667434:	"one"
CARDINAL_ENTRY number=1 mode=L current=0x667434:	"one hundred"
Temporary breakpoint 24 at 0x10060057
CARDINAL_RETURN number=1 mode=L output=0x667434:	"one hundred one"
CARDINAL_RETURN number=1 mode=L output=0x667434:	"one hundred one"
CARDINAL_ENTRY number=10 mode=L current=0x66742c:	""
Temporary breakpoint 25 at 0x10061427
CARDINAL_RETURN number=10 mode=L output=0x66742c:	"ten"
CARDINAL_ENTRY number=110 mode=L current=0x667434:	""
Temporary breakpoint 26 at 0x10061427
CARDINAL_ENTRY number=1 mode=L current=0x667434:	""
Temporary breakpoint 27 at 0x10060014
CARDINAL_RETURN number=1 mode=L output=0x667434:	"one"
CARDINAL_ENTRY number=10 mode=L current=0x667434:	"one hundred"
Temporary breakpoint 28 at 0x10060057
CARDINAL_RETURN number=10 mode=L output=0x667434:	"one hundred ten"
CARDINAL_RETURN number=10 mode=L output=0x667434:	"one hundred ten"
CARDINAL_ENTRY number=99 mode=L current=0x66742c:	""
Temporary breakpoint 29 at 0x10061427
CARDINAL_RETURN number=99 mode=L output=0x66742c:	"ninety nine"
CARDINAL_ENTRY number=999 mode=L current=0x667434:	""
Temporary breakpoint 30 at 0x10061427
CARDINAL_ENTRY number=9 mode=L current=0x667434:	""
Temporary breakpoint 31 at 0x10060014
CARDINAL_RETURN number=9 mode=L output=0x667434:	"nine"
CARDINAL_ENTRY number=99 mode=L current=0x667434:	"nine hundred"
Temporary breakpoint 32 at 0x10060057
CARDINAL_RETURN number=99 mode=L output=0x667434:	"nine hundred ninety nine"
CARDINAL_RETURN number=99 mode=L output=0x667434:	"nine hundred ninety nine"
YEAR_ENTRY input=0x667640
0x667640:	"1000"
Temporary breakpoint 33 at 0x10061207
CARDINAL_ENTRY number=1000 mode=L current=0x667434:	""
Temporary breakpoint 34 at 0x10061427
CARDINAL_ENTRY number=1 mode=L current=0x667434:	""
Temporary breakpoint 35 at 0x10060074
CARDINAL_RETURN number=1 mode=L output=0x667434:	"one"
CARDINAL_ENTRY number=0 mode=L current=0x667434:	"one thousand"
Temporary breakpoint 36 at 0x100600b3
CARDINAL_RETURN number=0 mode=L output=0x667434:	"one thousand"
CARDINAL_RETURN number=0 mode=L output=0x667434:	"one thousand"
YEAR_RETURN output=0x667434
0x667434:	"one thousand"
YEAR_ENTRY input=0x667640
0x667640:	"1001"
Temporary breakpoint 37 at 0x10061207
CARDINAL_ENTRY number=1001 mode=L current=0x667434:	""
Temporary breakpoint 38 at 0x10061427
CARDINAL_ENTRY number=1 mode=L current=0x667434:	""
Temporary breakpoint 39 at 0x10060074
CARDINAL_RETURN number=1 mode=L output=0x667434:	"one"
CARDINAL_ENTRY number=1 mode=L current=0x667434:	"one thousand"
Temporary breakpoint 40 at 0x100600b3
CARDINAL_RETURN number=1 mode=L output=0x667434:	"one thousand one"
CARDINAL_RETURN number=1 mode=L output=0x667434:	"one thousand one"
YEAR_RETURN output=0x667434
0x667434:	"one thousand one"
CARDINAL_ENTRY number=10 mode=L current=0x667420:	""
Temporary breakpoint 41 at 0x10061427
CARDINAL_RETURN number=10 mode=L output=0x667420:	"ten"
CARDINAL_ENTRY number=10 mode=L current=0x667418:	""
Temporary breakpoint 42 at 0x10061427
CARDINAL_RETURN number=10 mode=L output=0x667418:	"ten"
YEAR_ENTRY input=0x667640
0x667640:	"1010"
Temporary breakpoint 43 at 0x10061207
CARDINAL_ENTRY number=10 mode=L current=0x667434:	""
Temporary breakpoint 44 at 0x10061427
CARDINAL_RETURN number=10 mode=L output=0x667434:	"ten"
CARDINAL_ENTRY number=10 mode=L current=0x667274:	""
Temporary breakpoint 45 at 0x10061427
CARDINAL_RETURN number=10 mode=L output=0x667274:	"ten"
YEAR_RETURN output=0x667434
0x667434:	"ten ten"
CARDINAL_ENTRY number=11 mode=L current=0x667420:	""
Temporary breakpoint 46 at 0x10061427
CARDINAL_RETURN number=11 mode=L output=0x667420:	"eleven"
YEAR_ENTRY input=0x667640
0x667640:	"1100"
Temporary breakpoint 47 at 0x10061207
CARDINAL_ENTRY number=11 mode=L current=0x667434:	""
Temporary breakpoint 48 at 0x10061427
CARDINAL_RETURN number=11 mode=L output=0x667434:	"eleven"
YEAR_RETURN output=0x667434
0x667434:	"eleven hundred"
CARDINAL_ENTRY number=99 mode=L current=0x667420:	""
Temporary breakpoint 49 at 0x10061427
CARDINAL_RETURN number=99 mode=L output=0x667420:	"ninety nine"
CARDINAL_ENTRY number=99 mode=L current=0x667418:	""
Temporary breakpoint 50 at 0x10061427
CARDINAL_RETURN number=99 mode=L output=0x667418:	"ninety nine"
YEAR_ENTRY input=0x667640
0x667640:	"9999"
Temporary breakpoint 51 at 0x10061207
CARDINAL_ENTRY number=99 mode=L current=0x667434:	""
Temporary breakpoint 52 at 0x10061427
CARDINAL_RETURN number=99 mode=L output=0x667434:	"ninety nine"
CARDINAL_ENTRY number=99 mode=L current=0x667274:	""
Temporary breakpoint 53 at 0x10061427
CARDINAL_RETURN number=99 mode=L output=0x667274:	"ninety nine"
YEAR_RETURN output=0x667434
0x667434:	"ninety nine ninety nine"
CARDINAL_ENTRY number=10 mode=L current=0x667420:	""
Temporary breakpoint 54 at 0x10061427
CARDINAL_RETURN number=10 mode=L output=0x667420:	"ten"
CARDINAL_ENTRY number=10000 mode=L current=0x667434:	""
Temporary breakpoint 55 at 0x10061427
CARDINAL_ENTRY number=10 mode=L current=0x667434:	""
Temporary breakpoint 56 at 0x10060074
CARDINAL_RETURN number=10 mode=L output=0x667434:	"ten"
CARDINAL_ENTRY number=0 mode=L current=0x667434:	"ten thousand"
Temporary breakpoint 57 at 0x100600b3
CARDINAL_RETURN number=0 mode=L output=0x667434:	"ten thousand"
CARDINAL_RETURN number=0 mode=L output=0x667434:	"ten thousand"
CARDINAL_ENTRY number=10001 mode=L current=0x667434:	""
Temporary breakpoint 58 at 0x10061427
CARDINAL_ENTRY number=10 mode=L current=0x667434:	""
Temporary breakpoint 59 at 0x10060074
CARDINAL_RETURN number=10 mode=L output=0x667434:	"ten"
CARDINAL_ENTRY number=1 mode=L current=0x667434:	"ten thousand"
Temporary breakpoint 60 at 0x100600b3
CARDINAL_RETURN number=1 mode=L output=0x667434:	"ten thousand one"
CARDINAL_RETURN number=1 mode=L output=0x667434:	"ten thousand one"
CARDINAL_ENTRY number=12345 mode=L current=0x667434:	""
Temporary breakpoint 61 at 0x10061427
CARDINAL_ENTRY number=12 mode=L current=0x667434:	""
Temporary breakpoint 62 at 0x10060074
CARDINAL_RETURN number=12 mode=L output=0x667434:	"twelve"
CARDINAL_ENTRY number=345 mode=L current=0x667434:	"twelve thousand"
Temporary breakpoint 63 at 0x100600b3
CARDINAL_ENTRY number=3 mode=L current=0x667434:	"twelve thousand"
Temporary breakpoint 64 at 0x10060014
CARDINAL_RETURN number=3 mode=L output=0x667434:	"twelve thousand three"
CARDINAL_ENTRY number=45 mode=L current=0x667434:	"twelve thousand three hundred"
Temporary breakpoint 65 at 0x10060057
CARDINAL_RETURN number=45 mode=L output=0x667434:	"twelve thousand three hundred forty five"
CARDINAL_RETURN number=45 mode=L output=0x667434:	"twelve thousand three hundred forty five"
CARDINAL_RETURN number=45 mode=L output=0x667434:	"twelve thousand three hundred forty five"
CARDINAL_ENTRY number=100000 mode=L current=0x667434:	""
Temporary breakpoint 66 at 0x10061427
CARDINAL_ENTRY number=100 mode=L current=0x667434:	""
Temporary breakpoint 67 at 0x10060074
CARDINAL_ENTRY number=1 mode=L current=0x667434:	""
Temporary breakpoint 68 at 0x10060014
CARDINAL_RETURN number=1 mode=L output=0x667434:	"one"
CARDINAL_RETURN number=1 mode=L output=0x667434:	"one hundred"
CARDINAL_ENTRY number=0 mode=L current=0x667434:	"one hundred thousand"
Temporary breakpoint 69 at 0x100600b3
CARDINAL_RETURN number=0 mode=L output=0x667434:	"one hundred thousand"
CARDINAL_RETURN number=0 mode=L output=0x667434:	"one hundred thousand"
CARDINAL_ENTRY number=100001 mode=L current=0x667434:	""
Temporary breakpoint 70 at 0x10061427
CARDINAL_ENTRY number=100 mode=L current=0x667434:	""
Temporary breakpoint 71 at 0x10060074
CARDINAL_ENTRY number=1 mode=L current=0x667434:	""
Temporary breakpoint 72 at 0x10060014
CARDINAL_RETURN number=1 mode=L output=0x667434:	"one"
CARDINAL_RETURN number=1 mode=L output=0x667434:	"one hundred"
CARDINAL_ENTRY number=1 mode=L current=0x667434:	"one hundred thousand"
Temporary breakpoint 73 at 0x100600b3
CARDINAL_RETURN number=1 mode=L output=0x667434:	"one hundred thousand one"
CARDINAL_RETURN number=1 mode=L output=0x667434:	"one hundred thousand one"
CARDINAL_ENTRY number=1000000 mode=L current=0x667434:	""
Temporary breakpoint 74 at 0x10061427
CARDINAL_ENTRY number=1 mode=L current=0x667434:	""
Temporary breakpoint 75 at 0x100600d4
CARDINAL_RETURN number=1 mode=L output=0x667434:	"one"
CARDINAL_ENTRY number=0 mode=L current=0x667434:	"one million"
Temporary breakpoint 76 at 0x10060113
CARDINAL_RETURN number=0 mode=L output=0x667434:	"one million"
CARDINAL_RETURN number=0 mode=L output=0x667434:	"one million"
CARDINAL_ENTRY number=1000001 mode=L current=0x667434:	""
Temporary breakpoint 77 at 0x10061427
CARDINAL_ENTRY number=1 mode=L current=0x667434:	""
Temporary breakpoint 78 at 0x100600d4
CARDINAL_RETURN number=1 mode=L output=0x667434:	"one"
CARDINAL_ENTRY number=1 mode=L current=0x667434:	"one million"
Temporary breakpoint 79 at 0x10060113
CARDINAL_RETURN number=1 mode=L output=0x667434:	"one million one"
CARDINAL_RETURN number=1 mode=L output=0x667434:	"one million one"
CARDINAL_ENTRY number=1234567 mode=L current=0x667434:	""
Temporary breakpoint 80 at 0x10061427
CARDINAL_ENTRY number=1 mode=L current=0x667434:	""
Temporary breakpoint 81 at 0x100600d4
CARDINAL_RETURN number=1 mode=L output=0x667434:	"one"
CARDINAL_ENTRY number=234567 mode=L current=0x667434:	"one million"
Temporary breakpoint 82 at 0x10060113
CARDINAL_ENTRY number=234 mode=L current=0x667434:	"one million"
Temporary breakpoint 83 at 0x10060074
CARDINAL_ENTRY number=2 mode=L current=0x667434:	"one million"
Temporary breakpoint 84 at 0x10060014
CARDINAL_RETURN number=2 mode=L output=0x667434:	"one million two"
CARDINAL_ENTRY number=34 mode=L current=0x667434:	"one million two hundred"
Temporary breakpoint 85 at 0x10060057
CARDINAL_RETURN number=34 mode=L output=0x667434:	"one million two hundred thirty four"
CARDINAL_RETURN number=34 mode=L output=0x667434:	"one million two hundred thirty four"
CARDINAL_ENTRY number=567 mode=L current=0x667434:	"one million two hundred thirty four thousand"
Temporary breakpoint 86 at 0x100600b3
CARDINAL_ENTRY number=5 mode=L current=0x667434:	"one million two hundred thirty four thousand"
Temporary breakpoint 87 at 0x10060014
CARDINAL_RETURN number=5 mode=L output=0x667434:	"one million two hundred thirty four thousand five"
CARDINAL_ENTRY number=67 mode=L current=0x667434:	"one million two hundred thirty four thousand five hundred"
Temporary breakpoint 88 at 0x10060057
CARDINAL_RETURN number=67 mode=L output=0x667434:	"one million two hundred thirty four thousand five hundred sixty seven"
CARDINAL_RETURN number=67 mode=L output=0x667434:	"one million two hundred thirty four thousand five hundred sixty seven"
CARDINAL_RETURN number=67 mode=L output=0x667434:	"one million two hundred thirty four thousand five hundred sixty seven"
CARDINAL_RETURN number=67 mode=L output=0x667434:	"one million two hundred thirty four thousand five hundred sixty seven"
CARDINAL_ENTRY number=100000000 mode=L current=0x667434:	""
Temporary breakpoint 89 at 0x10061427
CARDINAL_ENTRY number=100 mode=L current=0x667434:	""
Temporary breakpoint 90 at 0x100600d4
CARDINAL_ENTRY number=1 mode=L current=0x667434:	""
Temporary breakpoint 91 at 0x10060014
CARDINAL_RETURN number=1 mode=L output=0x667434:	"one"
CARDINAL_RETURN number=1 mode=L output=0x667434:	"one hundred"
CARDINAL_ENTRY number=0 mode=L current=0x667434:	"one hundred million"
Temporary breakpoint 92 at 0x10060113
CARDINAL_RETURN number=0 mode=L output=0x667434:	"one hundred million"
CARDINAL_RETURN number=0 mode=L output=0x667434:	"one hundred million"
CARDINAL_ENTRY number=999999999 mode=L current=0x667434:	""
Temporary breakpoint 93 at 0x10061427
CARDINAL_ENTRY number=999 mode=L current=0x667434:	""
Temporary breakpoint 94 at 0x100600d4
CARDINAL_ENTRY number=9 mode=L current=0x667434:	""
Temporary breakpoint 95 at 0x10060014
CARDINAL_RETURN number=9 mode=L output=0x667434:	"nine"
CARDINAL_ENTRY number=99 mode=L current=0x667434:	"nine hundred"
Temporary breakpoint 96 at 0x10060057
CARDINAL_RETURN number=99 mode=L output=0x667434:	"nine hundred ninety nine"
CARDINAL_RETURN number=99 mode=L output=0x667434:	"nine hundred ninety nine"
CARDINAL_ENTRY number=999999 mode=L current=0x667434:	"nine hundred ninety nine million"
Temporary breakpoint 97 at 0x10060113
CARDINAL_ENTRY number=999 mode=L current=0x667434:	"nine hundred ninety nine million"
Temporary breakpoint 98 at 0x10060074
CARDINAL_ENTRY number=9 mode=L current=0x667434:	"nine hundred ninety nine million"
Temporary breakpoint 99 at 0x10060014
CARDINAL_RETURN number=9 mode=L output=0x667434:	"nine hundred ninety nine million nine"
CARDINAL_ENTRY number=99 mode=L current=0x667434:	"nine hundred ninety nine million nine hundred"
Temporary breakpoint 100 at 0x10060057
CARDINAL_RETURN number=99 mode=L output=0x667434:	"nine hundred ninety nine million nine hundred ninety nine"
CARDINAL_RETURN number=99 mode=L output=0x667434:	"nine hundred ninety nine million nine hundred ninety nine"
CARDINAL_ENTRY number=999 mode=L current=0x667434:	"nine hundred ninety nine million nine hundred ninety nine thousand"
Temporary breakpoint 101 at 0x100600b3
CARDINAL_ENTRY number=9 mode=L current=0x667434:	"nine hundred ninety nine million nine hundred ninety nine thousand"
Temporary breakpoint 102 at 0x10060014
CARDINAL_RETURN number=9 mode=L output=0x667434:	"nine hundred ninety nine million nine hundred ninety nine thousand nine"
CARDINAL_ENTRY number=99 mode=L current=0x667434:	"nine hundred ninety nine million nine hundred ninety nine thousand nine hundred"
Temporary breakpoint 103 at 0x10060057
CARDINAL_RETURN number=99 mode=L output=0x667434:	"nine hundred ninety nine million nine hundred ninety nine thousand nine hundred ninety nine"
CARDINAL_RETURN number=99 mode=L output=0x667434:	"nine hundred ninety nine million nine hundred ninety nine thousand nine hundred ninety nine"
CARDINAL_RETURN number=99 mode=L output=0x667434:	"nine hundred ninety nine million nine hundred ninety nine thousand nine hundred ninety nine"
CARDINAL_RETURN number=99 mode=L output=0x667434:	"nine hundred ninety nine million nine hundred ninety nine thousand nine hundred ninety nine"
CARDINAL_ENTRY number=1 mode=H current=0x667434:	""
Temporary breakpoint 104 at 0x100613c7
CARDINAL_ENTRY number=0 mode=L current=0x667434:	""
Temporary breakpoint 105 at 0x10060014
CARDINAL_RETURN number=0 mode=L output=0x667434:	""
CARDINAL_ENTRY number=1 mode=L current=0x667434:	""
Temporary breakpoint 106 at 0x10060057
CARDINAL_RETURN number=1 mode=L output=0x667434:	"one"
CARDINAL_RETURN number=1 mode=L output=0x667434:	"one billion"
CARDINAL_ENTRY number=0 mode=L current=0x667434:	"one billion"
Temporary breakpoint 107 at 0x10061403
CARDINAL_RETURN number=0 mode=L output=0x667434:	"one billion"
PHONE_RECORD_ENTRY call=1 dst=0x16adbd2 base=0x16adbd0 token=0x667618 arg4=0 arg5=-1 arg8=21895423 dict=0x667440 ret=0x1000d3b5
0x667618:	"Numbers"
0x667440:	0x90	0x00	0x00	0x00	0x00	0x00	0x00	0x00
0x667448:	0x00	0x00	0x00	0x00	0x00	0x00	0x00	0x00
0x667450:	0xff	0xff	0xff	0xff	0xfc	0x75	0x66	0x00
0x667458:	0x71	0x02	0x01	0x10	0x84	0x92	0x07	0x10
Temporary breakpoint 108 at 0x1000d3b5
PHONE_RECORD_RETURN call=1 count=0 token_index=0 status=0 boundary_marker=0xff source=0x16adbd7:	"Numbers"
PHONE_RECORD_HEADER bytes:
0x16adbd2:	0x00	0x00	0x00	0x00	0x00	0x4e	0x75	0x6d
0x16adbda:	0x62	0x65	0x72	0x73	0x00	0x01	0x10	0xcb
0x16adbe2:	0x9c	0x01	0x30	0xf0	0x9d	0x01	0x3a	0xf0
0x16adbea:	0x9d	0x01	0x4a	0x85	0x9e	0x01	0x78	0x69
0x16adbf2:	0xa0	0x01	0x54	0xff	0x9e	0x01	0x02	0x42
PHONE_RECORD_TAIL words:
0x16ae11e:	0x0000	0x0001	0x0000	0x0001	0x019f	0xeab2	0x019e	0x740a
PHONE_RECORD_ENTRY call=2 dst=0x16ae126 base=0x16ae124 token=0x667618 arg4=1 arg5=0 arg8=21895423 dict=0x667440 ret=0x1000d3b5
0x667618:	"zero"
0x667440:	0x80	0x00	0x00	0x00	0x00	0x00	0x00	0x00
0x667448:	0x00	0x00	0x00	0x00	0x00	0x00	0x00	0x00
0x667450:	0xff	0xff	0xff	0xff	0xfc	0x75	0x66	0x00
0x667458:	0x71	0x02	0x01	0x10	0x84	0x92	0x07	0x10
Temporary breakpoint 109 at 0x1000d3b5
PHONE_RECORD_RETURN call=2 count=0 token_index=1 status=0 boundary_marker=0xff source=0x16ae12b:	"zero"
PHONE_RECORD_HEADER bytes:
0x16ae126:	0x00	0x00	0x01	0x00	0x00	0x7a	0x65	0x72
0x16ae12e:	0x6f	0x00	0x14	0x74	0x9a	0x01	0x70	0xca
0x16ae136:	0xa1	0x01	0x3c	0x5e	0xa1	0x01	0xb2	0x80
0x16ae13e:	0x9f	0x01	0x8c	0x69	0xa0	0x01	0x70	0xa1
0x16ae146:	0x9d	0x01	0x9e	0xff	0x9b	0x01	0xbc	0xea
PHONE_RECORD_TAIL words:
0x16ae672:	0x0000	0x0000	0x0000	0x0001	0x019a	0x8242	0x019f	0x736c
PHONE_RECORD_ENTRY call=3 dst=0x16ae67a base=0x16ae678 token=0x667618 arg4=1 arg5=1 arg8=21895423 dict=0x667440 ret=0x1000d3b5
0x667618:	","
0x667440:	0x00	0x00	0x00	0x00	0x00	0x00	0x00	0x00
0x667448:	0x00	0x00	0x00	0x00	0x00	0x00	0x00	0x00
0x667450:	0xff	0xff	0xff	0xff	0xfc	0x75	0x66	0x00
0x667458:	0x71	0x02	0x01	0x10	0x84	0x92	0x07	0x10
Temporary breakpoint 110 at 0x1000d3b5
PHONE_RECORD_RETURN call=3 count=0 token_index=1 status=0 boundary_marker=0xff source=0x16ae67f:	","
PHONE_RECORD_HEADER bytes:
0x16ae67a:	0x00	0x00	0x01	0x00	0x00	0x2c	0x00	0x73
0x16ae682:	0x9d	0x01	0xd4	0x52	0x9c	0x01	0xa8	0x73
0x16ae68a:	0x9d	0x01	0x70	0x63	0x9f	0x01	0xde	0x06
0x16ae692:	0x9d	0x01	0x1a	0xb0	0x99	0x01	0xdc	0x96
0x16ae69a:	0x9b	0x01	0xaa	0xff	0x9c	0x01	0x28	0xf3
PHONE_RECORD_TAIL words:
0x16aebc6:	0x0000	0x0000	0x0000	0x0000	0x01a1	0xedaa	0x019e	0xf47c
PHONE_RECORD_ENTRY call=4 dst=0x16aebce base=0x16aebcc token=0x667618 arg4=2 arg5=1 arg8=21895423 dict=0x667440 ret=0x1000d3b5
0x667618:	"one"
0x667440:	0x01	0xf9	0xbf	0xe4	0x00	0x00	0x00	0x00
0x667448:	0x00	0x00	0x00	0x00	0x00	0x00	0x00	0x00
0x667450:	0xff	0xff	0xff	0xff	0xfc	0x75	0x66	0x00
0x667458:	0x71	0x02	0x01	0x10	0x84	0x92	0x07	0x10
Temporary breakpoint 111 at 0x1000d3b5
PHONE_RECORD_RETURN call=4 count=1 token_index=2 status=0 boundary_marker=0xff source=0x16aebd3:	"one"
PHONE_RECORD_HEADER bytes:
0x16aebce:	0x01	0x00	0x02	0x00	0x00	0x6f	0x6e	0x65
0x16aebd6:	0x00	0x01	0x22	0xcd	0x9c	0x01	0x7e	0x88
0x16aebde:	0x9e	0x01	0xfe	0xf2	0x9a	0x01	0xea	0x5f
0x16aebe6:	0xa1	0x01	0xce	0xb2	0xa1	0x01	0x0c	0x9e
0x16aebee:	0xa0	0x01	0x98	0xff	0x9a	0x01	0x98	0xc7
PHONE_SLOT index=0 marker=0xff bytes:
0x16aec05:	0x42	0x08	0x2d	0x00	0x88	0x9e	0x01	0x52
0x16aec0d:	0x77	0x9a	0x01	0xc2	0x5f	0xa1	0x01	0xa2
0x16aec15:	0x98	0xa1	0x01	0x00	0xcc	0xa1	0x01	0x44
0x16aec1d:	0x97	0x9c	0x01	0xe0	0xf2	0x9a	0x01	0x42
0x16aec25:	0x53	0x9c	0x01	0xee	0x73	0x9d	0x01	0xcc
0x16aec2d:	0xa4	0x9d	0x01	0x5c	0xc7	0x9f	0x01	0xe2
0x16aec35:	0x3b	0xa0	0x01	0xca	0xcc	0x9a	0x01	0x50
0x16aec3d:	0x83	0x9f	0x01	0x80	0x42	0xa1	0x01	0x5e
0x16aec45:	0xf4
PHONE_RECORD_TAIL words:
0x16af11a:	0x0000	0x0000	0x0000	0x0000	0x019f	0x3ae8	0x01a0	0xaf34
PHONE_RECORD_ENTRY call=5 dst=0x16af122 base=0x16af120 token=0x667618 arg4=2 arg5=2 arg8=21895423 dict=0x667440 ret=0x1000d3b5
0x667618:	","
0x667440:	0x00	0xf9	0xbf	0xe4	0x00	0x00	0x00	0x00
0x667448:	0x00	0x00	0x00	0x00	0x00	0x00	0x00	0x00
0x667450:	0xff	0xff	0xff	0xff	0xfc	0x75	0x66	0x00
0x667458:	0x71	0x02	0x01	0x10	0x84	0x92	0x07	0x10
Temporary breakpoint 112 at 0x1000d3b5
PHONE_RECORD_RETURN call=5 count=0 token_index=2 status=0 boundary_marker=0xff source=0x16af127:	","
PHONE_RECORD_HEADER bytes:
0x16af122:	0x00	0x00	0x02	0x00	0x00	0x2c	0x00	0xaf
0x16af12a:	0x99	0x01	0x60	0x95	0x9b	0x01	0xb0	0xf0
0x16af132:	0x9a	0x01	0x04	0x96	0x9c	0x01	0xcc	0xc5
0x16af13a:	0x9f	0x01	0x1c	0xec	0xa1	0x01	0x3e	0xaf
0x16af142:	0x99	0x01	0x74	0xff	0x9b	0x01	0xf2	0xeb
PHONE_RECORD_TAIL words:
0x16af66e:	0x0000	0x0000	0x0000	0x0000	0x019f	0x528e	0x019c	0xcc16
PHONE_RECORD_ENTRY call=6 dst=0x16af676 base=0x16af674 token=0x667618 arg4=3 arg5=2 arg8=21895423 dict=0x667440 ret=0x1000d3b5
0x667618:	"nine"
0x667440:	0x80	0x00	0xbf	0xe4	0x00	0x00	0x00	0x00
0x667448:	0x00	0x00	0x00	0x00	0x00	0x00	0x00	0x00
0x667450:	0xff	0xff	0xff	0xff	0xfc	0x75	0x66	0x00
0x667458:	0x71	0x02	0x01	0x10	0x84	0x92	0x07	0x10
Temporary breakpoint 113 at 0x1000d3b5
PHONE_RECORD_RETURN call=6 count=0 token_index=3 status=0 boundary_marker=0xff source=0x16af67b:	"nine"
PHONE_RECORD_HEADER bytes:
0x16af676:	0x00	0x00	0x03	0x00	0x00	0x6e	0x69	0x6e
0x16af67e:	0x65	0x00	0xd0	0x9d	0xa0	0x01	0xe6	0x69
0x16af686:	0xa0	0x01	0x28	0xa3	0x9d	0x01	0xb6	0x42
0x16af68e:	0xa2	0x01	0xf2	0xf1	0x9d	0x01	0x1a	0xf2
0x16af696:	0x9d	0x01	0x4c	0xff	0x9d	0x01	0x24	0xec
PHONE_RECORD_TAIL words:
0x16afbc2:	0x0000	0x0000	0x0000	0x0001	0x019d	0x42a8	0x01a1	0xf634
PHONE_RECORD_ENTRY call=7 dst=0x16afbca base=0x16afbc8 token=0x667618 arg4=3 arg5=3 arg8=21895423 dict=0x667440 ret=0x1000d3b5
0x667618:	","
0x667440:	0x00	0x00	0xbf	0xe4	0x00	0x00	0x00	0x00
0x667448:	0x00	0x00	0x00	0x00	0x00	0x00	0x00	0x00
0x667450:	0xff	0xff	0xff	0xff	0xfc	0x75	0x66	0x00
0x667458:	0x71	0x02	0x01	0x10	0x84	0x92	0x07	0x10
Temporary breakpoint 114 at 0x1000d3b5
PHONE_RECORD_RETURN call=7 count=0 token_index=3 status=0 boundary_marker=0xff source=0x16afbcf:	","
PHONE_RECORD_HEADER bytes:
0x16afbca:	0x00	0x00	0x03	0x00	0x00	0x2c	0x00	0xf6
0x16afbd2:	0x9d	0x01	0x46	0xb3	0xa1	0x01	0x42	0xee
0x16afbda:	0xa1	0x01	0x4c	0x43	0xa2	0x01	0x3e	0x99
0x16afbe2:	0x9b	0x01	0x36	0xb2	0x99	0x01	0x7a	0x98
0x16afbea:	0x9c	0x01	0x2a	0xff	0x9d	0x01	0x3e	0xf6
PHONE_RECORD_TAIL words:
0x16b0116:	0x0000	0x0000	0x0000	0x0000	0x019a	0x0800	0x019d	0x99b6
PHONE_RECORD_ENTRY call=8 dst=0x16b011e base=0x16b011c token=0x667618 arg4=4 arg5=3 arg8=21895423 dict=0x667440 ret=0x1000d3b5
0x667618:	"ten"
0x667440:	0x80	0x00	0xbf	0xe4	0x00	0x00	0x00	0x00
0x667448:	0x00	0x00	0x00	0x00	0x00	0x00	0x00	0x00
0x667450:	0xff	0xff	0xff	0xff	0xfc	0x75	0x66	0x00
0x667458:	0x71	0x02	0x01	0x10	0x84	0x92	0x07	0x10
Temporary breakpoint 115 at 0x1000d3b5
PHONE_RECORD_RETURN call=8 count=0 token_index=4 status=0 boundary_marker=0xff source=0x16b0123:	"ten"
PHONE_RECORD_HEADER bytes:
0x16b011e:	0x00	0x00	0x04	0x00	0x00	0x74	0x65	0x6e
0x16b0126:	0x00	0x01	0xbc	0xef	0x9e	0x01	0x9c	0x78
0x16b012e:	0x9a	0x01	0xa4	0xb2	0x99	0x01	0x02	0xf4
0x16b0136:	0x9a	0x01	0x56	0xc8	0x9f	0x01	0xc4	0x78
0x16b013e:	0x9a	0x01	0xba	0xff	0x9a	0x01	0xc6	0xef
PHONE_RECORD_TAIL words:
0x16b066a:	0x0000	0x0000	0x0000	0x0001	0x019b	0xb3c6	0x0199	0xf81e
PHONE_RECORD_ENTRY call=9 dst=0x16b0672 base=0x16b0670 token=0x667618 arg4=4 arg5=4 arg8=21895423 dict=0x667440 ret=0x1000d3b5
0x667618:	","
0x667440:	0x00	0x00	0xbf	0xe4	0x00	0x00	0x00	0x00
0x667448:	0x00	0x00	0x00	0x00	0x00	0x00	0x00	0x00
0x667450:	0xff	0xff	0xff	0xff	0xfc	0x75	0x66	0x00
0x667458:	0x71	0x02	0x01	0x10	0x84	0x92	0x07	0x10
Temporary breakpoint 116 at 0x1000d3b5
PHONE_RECORD_RETURN call=9 count=0 token_index=4 status=0 boundary_marker=0xff source=0x16b0677:	","
PHONE_RECORD_HEADER bytes:
0x16b0672:	0x00	0x00	0x04	0x00	0x00	0x2c	0x00	0xf8
0x16b067a:	0x9d	0x01	0xf2	0x63	0x9f	0x01	0x7a	0x8c
0x16b0682:	0x9e	0x01	0x88	0xf1	0x9e	0x01	0x5a	0x79
0x16b068a:	0x9a	0x01	0x12	0x06	0xa1	0x01	0x6a	0x99
0x16b0692:	0x9c	0x01	0x1a	0xff	0x9a	0x01	0xe4	0x92
PHONE_RECORD_TAIL words:
0x16b0bbe:	0x0000	0x0000	0x0000	0x0000	0x019c	0x3e9e	0x01a0	0x06da
PHONE_RECORD_ENTRY call=10 dst=0x16b0bc6 base=0x16b0bc4 token=0x667618 arg4=5 arg5=4 arg8=21895423 dict=0x667440 ret=0x1000d3b5
0x667618:	"eleven"
0x667440:	0x80	0x00	0xbf	0xe4	0x00	0x00	0x00	0x00
0x667448:	0x00	0x00	0x00	0x00	0x00	0x00	0x00	0x00
0x667450:	0xff	0xff	0xff	0xff	0xfc	0x75	0x66	0x00
0x667458:	0x71	0x02	0x01	0x10	0x84	0x92	0x07	0x10
Temporary breakpoint 117 at 0x1000d3b5
PHONE_RECORD_RETURN call=10 count=0 token_index=5 status=0 boundary_marker=0xff source=0x16b0bcb:	"eleven"
PHONE_RECORD_HEADER bytes:
0x16b0bc6:	0x00	0x00	0x05	0x00	0x00	0x65	0x6c	0x65
0x16b0bce:	0x76	0x65	0x6e	0x00	0x9f	0x01	0xc6	0x3e
0x16b0bd6:	0xa0	0x01	0xe0	0xf0	0xa1	0x01	0xf0	0x44
0x16b0bde:	0xa2	0x01	0x06	0x9f	0x9b	0x01	0x7c	0xf3
0x16b0be6:	0x9e	0x01	0x0e	0xff	0x9a	0x01	0x56	0x9f
PHONE_RECORD_TAIL words:
0x16b1112:	0x0000	0x0000	0x0000	0x0001	0x019b	0xcb8a	0x019f	0xc0ee
PHONE_RECORD_ENTRY call=11 dst=0x16b111a base=0x16b1118 token=0x667618 arg4=5 arg5=5 arg8=21895423 dict=0x667440 ret=0x1000d3b5
0x667618:	","
0x667440:	0x00	0x00	0xbf	0xe4	0x00	0x00	0x00	0x00
0x667448:	0x00	0x00	0x00	0x00	0x00	0x00	0x00	0x00
0x667450:	0xff	0xff	0xff	0xff	0xfc	0x75	0x66	0x00
0x667458:	0x71	0x02	0x01	0x10	0x84	0x92	0x07	0x10
Temporary breakpoint 118 at 0x1000d3b5
PHONE_RECORD_RETURN call=11 count=0 token_index=5 status=0 boundary_marker=0xff source=0x16b111f:	","
PHONE_RECORD_HEADER bytes:
0x16b111a:	0x00	0x00	0x05	0x00	0x00	0x2c	0x00	0xc0
0x16b1122:	0xa0	0x01	0xf6	0x9f	0x9b	0x01	0x72	0x2a
0x16b112a:	0x9a	0x01	0xbc	0xfa	0x9d	0x01	0xa0	0x8e
0x16b1132:	0x9e	0x01	0x18	0xb4	0xa1	0x01	0xea	0xcd
0x16b113a:	0xa1	0x01	0x34	0xff	0xa1	0x01	0x78	0x9a
PHONE_RECORD_TAIL words:
0x16b1666:	0x0000	0x0000	0x0000	0x0000	0x01a2	0xb486	0x01a1	0xcf40
PHONE_RECORD_ENTRY call=12 dst=0x16b166e base=0x16b166c token=0x667618 arg4=6 arg5=5 arg8=21895423 dict=0x667440 ret=0x1000d3b5
0x667618:	"nineteen"
0x667440:	0x01	0xe4	0xc9	0xa3	0x47	0x00	0x00	0x00
0x667448:	0x00	0x00	0x00	0x00	0x00	0x00	0x00	0x00
0x667450:	0xff	0xff	0xff	0xff	0xfc	0x75	0x66	0x00
0x667458:	0x71	0x02	0x01	0x10	0x84	0x92	0x07	0x10
Temporary breakpoint 119 at 0x1000d3b5
PHONE_RECORD_RETURN call=12 count=1 token_index=6 status=0 boundary_marker=0xff source=0x16b1673:	"nineteen"
PHONE_RECORD_HEADER bytes:
0x16b166e:	0x01	0x00	0x06	0x00	0x00	0x6e	0x69	0x6e
0x16b1676:	0x65	0x74	0x65	0x65	0x6e	0x00	0x64	0x76
0x16b167e:	0x9d	0x01	0xa8	0xd3	0x9c	0x01	0xac	0x0b
0x16b1686:	0x9d	0x01	0x60	0x51	0x99	0x01	0xa2	0xc1
0x16b168e:	0xa0	0x01	0xc0	0xff	0x9b	0x01	0x4e	0x2b
PHONE_SLOT index=0 marker=0xff bytes:
0x16b16a5:	0x2d	0x12	0x2d	0x39	0x27	0x2d	0x00	0xc6
0x16b16ad:	0xf8	0x9a	0x01	0x56	0x08	0xa1	0x01	0x32
0x16b16b5:	0x63	0xa1	0x01	0xc2	0x9b	0x9c	0x01	0x54
0x16b16bd:	0xcf	0x9a	0x01	0x48	0x3f	0xa0	0x01	0xf2
0x16b16c5:	0xcc	0x9f	0x01	0xec	0x9f	0xa0	0x01	0x60
0x16b16cd:	0xac	0x9d	0x01	0xe4	0x56	0x9c	0x01	0x48
0x16b16d5:	0x6c	0xa0	0x01	0x08	0x46	0xa2	0x01	0xa2
0x16b16dd:	0x0b	0x9d	0x01	0x44	0x2b	0x9a	0x01	0x7e
0x16b16e5:	0xb5
PHONE_RECORD_TAIL words:
0x16b1bba:	0x0000	0x0000	0x0000	0x0000	0x019c	0x8d7e	0x019e	0x6152
PHONE_RECORD_ENTRY call=13 dst=0x16b1bc2 base=0x16b1bc0 token=0x667618 arg4=6 arg5=6 arg8=21895423 dict=0x667440 ret=0x1000d3b5
0x667618:	","
0x667440:	0x00	0xe4	0xc9	0xa3	0x47	0x00	0x00	0x00
0x667448:	0x00	0x00	0x00	0x00	0x00	0x00	0x00	0x00
0x667450:	0xff	0xff	0xff	0xff	0xfc	0x75	0x66	0x00
0x667458:	0x71	0x02	0x01	0x10	0x84	0x92	0x07	0x10
Temporary breakpoint 120 at 0x1000d3b5
PHONE_RECORD_RETURN call=13 count=0 token_index=6 status=0 boundary_marker=0xff source=0x16b1bc7:	","
PHONE_RECORD_HEADER bytes:
0x16b1bc2:	0x00	0x00	0x06	0x00	0x00	0x2c	0x00	0x61
0x16b1bca:	0xa1	0x01	0x5e	0x7a	0x9a	0x01	0x14	0xf6
0x16b1bd2:	0x9a	0x01	0x4e	0x06	0xa1	0x01	0x90	0xcd
0x16b1bda:	0xa1	0x01	0x2c	0xca	0x9f	0x01	0x10	0x75
0x16b1be2:	0x9d	0x01	0xf8	0xff	0x9b	0x01	0x9a	0x09
PHONE_RECORD_TAIL words:
0x16b210e:	0x0000	0x0000	0x0000	0x0000	0x01a0	0xf844	0x019a	0x07f2
PHONE_RECORD_ENTRY call=14 dst=0x16b2116 base=0x16b2114 token=0x667618 arg4=7 arg5=6 arg8=21895423 dict=0x667440 ret=0x1000d3b5
0x667618:	"twenty"
0x667440:	0x80	0x00	0xc9	0xa3	0x47	0x00	0x00	0x00
0x667448:	0x00	0x00	0x00	0x00	0x00	0x00	0x00	0x00
0x667450:	0xff	0xff	0xff	0xff	0xfc	0x75	0x66	0x00
0x667458:	0x71	0x02	0x01	0x10	0x84	0x92	0x07	0x10
Temporary breakpoint 121 at 0x1000d3b5
PHONE_RECORD_RETURN call=14 count=0 token_index=7 status=0 boundary_marker=0xff source=0x16b211b:	"twenty"
PHONE_RECORD_HEADER bytes:
0x16b2116:	0x00	0x00	0x07	0x00	0x00	0x74	0x77	0x65
0x16b211e:	0x6e	0x74	0x79	0x00	0xa1	0x01	0xa6	0x9f
0x16b2126:	0xa0	0x01	0x9a	0x45	0xa2	0x01	0xaa	0xef
0x16b212e:	0xa1	0x01	0x90	0x9c	0x9b	0x01	0xc0	0x8c
0x16b2136:	0x9e	0x01	0x1e	0xff	0x9e	0x01	0x98	0x86
PHONE_RECORD_TAIL words:
0x16b2662:	0x0000	0x0000	0x0000	0x0001	0x019b	0xf9c2	0x019d	0x6184
PHONE_RECORD_ENTRY call=15 dst=0x16b266a base=0x16b2668 token=0x667618 arg4=7 arg5=7 arg8=21895423 dict=0x667440 ret=0x1000d3b5
0x667618:	","
0x667440:	0x00	0x00	0xc9	0xa3	0x47	0x00	0x00	0x00
0x667448:	0x00	0x00	0x00	0x00	0x00	0x00	0x00	0x00
0x667450:	0xff	0xff	0xff	0xff	0xfc	0x75	0x66	0x00
0x667458:	0x71	0x02	0x01	0x10	0x84	0x92	0x07	0x10
Temporary breakpoint 122 at 0x1000d3b5
PHONE_RECORD_RETURN call=15 count=0 token_index=7 status=0 boundary_marker=0xff source=0x16b266f:	","
PHONE_RECORD_HEADER bytes:
0x16b266a:	0x00	0x00	0x07	0x00	0x00	0x2c	0x00	0x61
0x16b2672:	0xa1	0x01	0x54	0xf0	0xa1	0x01	0xca	0x9e
0x16b267a:	0x9b	0x01	0xdc	0x29	0x9a	0x01	0xcc	0x7a
0x16b2682:	0x9a	0x01	0x46	0xf6	0x9a	0x01	0xa2	0x61
0x16b268a:	0xa1	0x01	0x3c	0xff	0xa2	0x01	0x42	0x87
PHONE_RECORD_TAIL words:
0x16b2bb6:	0x0000	0x0000	0x0000	0x0000	0x019d	0x51d6	0x019b	0x7cde
PHONE_RECORD_ENTRY call=16 dst=0x16b2bbe base=0x16b2bbc token=0x667618 arg4=8 arg5=7 arg8=21895423 dict=0x667440 ret=0x1000d3b5
0x667618:	"twenty"
0x667440:	0x80	0x00	0xc9	0xa3	0x47	0x00	0x00	0x00
0x667448:	0x00	0x00	0x00	0x00	0x00	0x00	0x00	0x00
0x667450:	0xff	0xff	0xff	0xff	0xfc	0x75	0x66	0x00
0x667458:	0x71	0x02	0x01	0x10	0x84	0x92	0x07	0x10
Temporary breakpoint 123 at 0x1000d3b5
PHONE_RECORD_RETURN call=16 count=0 token_index=8 status=0 boundary_marker=0xff source=0x16b2bc3:	"twenty"
PHONE_RECORD_HEADER bytes:
0x16b2bbe:	0x00	0x00	0x08	0x00	0x00	0x74	0x77	0x65
0x16b2bc6:	0x6e	0x74	0x79	0x00	0x9d	0x01	0x48	0xf2
0x16b2bce:	0xa1	0x01	0x66	0xcc	0x9f	0x01	0x0e	0xcf
0x16b2bd6:	0x9a	0x01	0x94	0x56	0x9c	0x01	0xee	0xa2
0x16b2bde:	0x9b	0x01	0x82	0xff	0x9d	0x01	0x58	0x90
PHONE_RECORD_TAIL words:
0x16b310a:	0x0000	0x0000	0x0000	0x0001	0x019e	0xcd6a	0x019f	0xacd8
PHONE_RECORD_ENTRY call=17 dst=0x16b3112 base=0x16b3110 token=0x667618 arg4=9 arg5=8 arg8=21895423 dict=0x667440 ret=0x1000d3b5
0x667618:	"one"
0x667440:	0x01	0xf9	0xbf	0xe4	0x00	0x00	0x00	0x00
0x667448:	0x00	0x00	0x00	0x00	0x00	0x00	0x00	0x00
0x667450:	0xff	0xff	0xff	0xff	0xfc	0x75	0x66	0x00
0x667458:	0x71	0x02	0x01	0x10	0x84	0x92	0x07	0x10
Temporary breakpoint 124 at 0x1000d3b5
PHONE_RECORD_RETURN call=17 count=1 token_index=9 status=0 boundary_marker=0xff source=0x16b3117:	"one"
PHONE_RECORD_HEADER bytes:
0x16b3112:	0x01	0x00	0x09	0x00	0x00	0x6f	0x6e	0x65
0x16b311a:	0x00	0x01	0xe2	0xac	0x9d	0x01	0x10	0x0c
0x16b3122:	0x9d	0x01	0xc4	0xb5	0x99	0x01	0x9e	0x2b
0x16b312a:	0x9a	0x01	0x6a	0xa4	0x9b	0x01	0xc2	0xfe
0x16b3132:	0x9d	0x01	0x78	0xff	0xa1	0x01	0x92	0x08
PHONE_SLOT index=0 marker=0xff bytes:
0x16b3149:	0x42	0x08	0x2d	0x00	0xa4	0x9b	0x01	0x2e
0x16b3151:	0xa4	0x9b	0x01	0x02	0xcf	0xa1	0x01	0x56
0x16b3159:	0xa4	0x9b	0x01	0x38	0xa4	0x9b	0x01	0x60
0x16b3161:	0xa4	0x9b	0x01	0x0c	0xcf	0xa1	0x01	0x70
0x16b3169:	0x3f	0xa0	0x01	0x42	0xa4	0x9b	0x01	0x8e
0x16b3171:	0xf2	0xa1	0x01	0x7a	0x3f	0xa0	0x01	0x10
0x16b3179:	0xa4	0x9b	0x01	0x2a	0x57	0x9c	0x01	0xb0
0x16b3181:	0xac	0x9d	0x01	0x06	0xf6	0x9e	0x01	0x2a
0x16b3189:	0x91
PHONE_RECORD_TAIL words:
0x16b365e:	0x0000	0x0000	0x0000	0x0000	0x01a0	0x57d4	0x019c	0x770e
PHONE_RECORD_ENTRY call=18 dst=0x16b3666 base=0x16b3664 token=0x667618 arg4=9 arg5=9 arg8=21895423 dict=0x667440 ret=0x1000d3b5
0x667618:	","
0x667440:	0x00	0xf9	0xbf	0xe4	0x00	0x00	0x00	0x00
0x667448:	0x00	0x00	0x00	0x00	0x00	0x00	0x00	0x00
0x667450:	0xff	0xff	0xff	0xff	0xfc	0x75	0x66	0x00
0x667458:	0x71	0x02	0x01	0x10	0x84	0x92	0x07	0x10
Temporary breakpoint 125 at 0x1000d3b5
PHONE_RECORD_RETURN call=18 count=0 token_index=9 status=0 boundary_marker=0xff source=0x16b366b:	","
PHONE_RECORD_HEADER bytes:
0x16b3666:	0x00	0x00	0x09	0x00	0x00	0x2c	0x00	0x77
0x16b366e:	0x9d	0x01	0x50	0xce	0x9f	0x01	0xa2	0x6c
0x16b3676:	0xa0	0x01	0x62	0x52	0x9b	0x01	0x6c	0x52
0x16b367e:	0x9b	0x01	0x24	0xc2	0xa0	0x01	0x86	0x0e
0x16b3686:	0x9d	0x01	0xfa	0xff	0x99	0x01	0x48	0xa8
PHONE_RECORD_TAIL words:
0x16b3bb2:	0x0000	0x0000	0x0000	0x0000	0x019a	0xaf62	0x019d	0x40b0
PHONE_RECORD_ENTRY call=19 dst=0x16b3bba base=0x16b3bb8 token=0x667618 arg4=10 arg5=9 arg8=21895423 dict=0x667440 ret=0x1000d3b5
0x667618:	"ninety"
0x667440:	0x01	0xe4	0xc8	0xa3	0xdd	0x00	0x00	0x00
0x667448:	0x00	0x00	0x00	0x00	0x00	0x00	0x00	0x00
0x667450:	0xff	0xff	0xff	0xff	0xfc	0x75	0x66	0x00
0x667458:	0x71	0x02	0x01	0x10	0x84	0x92	0x07	0x10
Temporary breakpoint 126 at 0x1000d3b5
PHONE_RECORD_RETURN call=19 count=1 token_index=10 status=0 boundary_marker=0xff source=0x16b3bbf:	"ninety"
PHONE_RECORD_HEADER bytes:
0x16b3bba:	0x01	0x00	0x0a	0x00	0x00	0x6e	0x69	0x6e
0x16b3bc2:	0x65	0x74	0x79	0x00	0xa0	0x01	0x9c	0xa9
0x16b3bca:	0x9b	0x01	0x68	0x03	0x9e	0x01	0x52	0x96
0x16b3bd2:	0x9e	0x01	0x24	0xd5	0x9c	0x01	0x4a	0xfc
0x16b3bda:	0x9a	0x01	0x3e	0xff	0xa1	0x01	0x32	0x59
PHONE_SLOT index=0 marker=0xff bytes:
0x16b3bf1:	0x2d	0x11	0x2d	0x39	0x26	0x00	0x01	0x2e
0x16b3bf9:	0xd5	0x9c	0x01	0x5c	0x96	0x9e	0x01	0x72
0x16b3c01:	0x03	0x9e	0x01	0x54	0xfc	0x9a	0x01	0x7a
0x16b3c09:	0x9d	0x9c	0x01	0xa6	0x40	0xa0	0x01	0xaa
0x16b3c11:	0x6e	0xa0	0x01	0x2a	0xd1	0x9f	0x01	0x76
0x16b3c19:	0xaf	0x9d	0x01	0x3c	0x59	0x9c	0x01	0x8a
0x16b3c21:	0x0f	0x9d	0x01	0xc4	0xa9	0x9b	0x01	0x1e
0x16b3c29:	0x52	0x99	0x01	0x6c	0xf9	0x9e	0x01	0x70
0x16b3c31:	0x96
PHONE_RECORD_TAIL words:
0x16b4106:	0x0000	0x0000	0x0000	0x0000	0x01a0	0xd0da	0x019a	0xd184
PHONE_RECORD_ENTRY call=20 dst=0x16b410e base=0x16b410c token=0x667618 arg4=11 arg5=10 arg8=21895423 dict=0x667440 ret=0x1000d3b5
0x667618:	"nine"
0x667440:	0x80	0x00	0xc8	0xa3	0xdd	0x00	0x00	0x00
0x667448:	0x00	0x00	0x00	0x00	0x00	0x00	0x00	0x00
0x667450:	0xff	0xff	0xff	0xff	0xfc	0x75	0x66	0x00
0x667458:	0x71	0x02	0x01	0x10	0x84	0x92	0x07	0x10
Temporary breakpoint 127 at 0x1000d3b5
PHONE_RECORD_RETURN call=20 count=0 token_index=11 status=0 boundary_marker=0xff source=0x16b4113:	"nine"
PHONE_RECORD_HEADER bytes:
0x16b410e:	0x00	0x00	0x0b	0x00	0x00	0x6e	0x69	0x6e
0x16b4116:	0x65	0x00	0xfe	0xa1	0xa0	0x01	0xf6	0x40
0x16b411e:	0xa0	0x01	0xe4	0x0f	0x9d	0x01	0xb0	0x2d
0x16b4126:	0x9a	0x01	0x14	0xaa	0x9b	0x01	0x60	0x44
0x16b412e:	0xa1	0x01	0xb6	0xff	0x9e	0x01	0xea	0x03
PHONE_RECORD_TAIL words:
0x16b465a:	0x0000	0x0000	0x0000	0x0001	0x019d	0xa24e	0x01a0	0xd13e
PHONE_RECORD_ENTRY call=21 dst=0x16b4662 base=0x16b4660 token=0x667618 arg4=11 arg5=11 arg8=21895423 dict=0x667440 ret=0x1000d3b5
0x667618:	","
0x667440:	0x00	0x00	0xc8	0xa3	0xdd	0x00	0x00	0x00
0x667448:	0x00	0x00	0x00	0x00	0x00	0x00	0x00	0x00
0x667450:	0xff	0xff	0xff	0xff	0xfc	0x75	0x66	0x00
0x667458:	0x71	0x02	0x01	0x10	0x84	0x92	0x07	0x10
Temporary breakpoint 128 at 0x1000d3b5
PHONE_RECORD_RETURN call=21 count=0 token_index=11 status=0 boundary_marker=0xff source=0x16b4667:	","
PHONE_RECORD_HEADER bytes:
0x16b4662:	0x00	0x00	0x0b	0x00	0x00	0x2c	0x00	0xd1
0x16b466a:	0x9a	0x01	0xf0	0x59	0x9c	0x01	0x00	0x55
0x16b4672:	0x9b	0x01	0x14	0x55	0x9b	0x01	0xf6	0x2d
0x16b467a:	0x9a	0x01	0x2c	0xc4	0xa0	0x01	0x2c	0xab
0x16b4682:	0x9b	0x01	0x52	0xff	0x9e	0x01	0xfe	0x66
PHONE_RECORD_TAIL words:
0x16b4bae:	0x0000	0x0000	0x0000	0x0000	0x019f	0xa0aa	0x01a0	0xa708
PHONE_RECORD_ENTRY call=22 dst=0x16b4bb6 base=0x16b4bb4 token=0x667618 arg4=12 arg5=11 arg8=21895423 dict=0x667440 ret=0x1000d3b5
0x667618:	"one"
0x667440:	0x01	0xf9	0xbf	0xe4	0x00	0x00	0x00	0x00
0x667448:	0x00	0x00	0x00	0x00	0x00	0x00	0x00	0x00
0x667450:	0xff	0xff	0xff	0xff	0xfc	0x75	0x66	0x00
0x667458:	0x71	0x02	0x01	0x10	0x84	0x92	0x07	0x10
Temporary breakpoint 129 at 0x1000d3b5
PHONE_RECORD_RETURN call=22 count=1 token_index=12 status=0 boundary_marker=0xff source=0x16b4bbb:	"one"
PHONE_RECORD_HEADER bytes:
0x16b4bb6:	0x01	0x00	0x0c	0x00	0x00	0x6f	0x6e	0x65
0x16b4bbe:	0x00	0x01	0xfa	0x93	0x9e	0x01	0x76	0x9c
0x16b4bc6:	0x9c	0x01	0xc2	0xae	0x9d	0x01	0xe6	0xce
0x16b4bce:	0x9f	0x01	0x06	0x6d	0xa0	0x01	0x5c	0x8b
0x16b4bd6:	0x9f	0x01	0x12	0xff	0x9b	0x01	0x04	0x94
PHONE_SLOT index=0 marker=0xff bytes:
0x16b4bed:	0x42	0x08	0x2d	0x00	0xb9	0x99	0x01	0x06
0x16b4bf5:	0xae	0x9b	0x01	0x6c	0xc5	0xa0	0x01	0x64
0x16b4bfd:	0x12	0x9d	0x01	0xce	0x06	0x9e	0x01	0xa0
0x16b4c05:	0xfc	0x9e	0x01	0x72	0x99	0x9e	0x01	0x60
0x16b4c0d:	0x0d	0xa1	0x01	0x06	0x9e	0xa1	0x01	0xec
0x16b4c15:	0x9e	0x9c	0x01	0x6a	0xb7	0xa1	0x01	0xbe
0x16b4c1d:	0x68	0xa1	0x01	0xe2	0x2f	0xa2	0x01	0x92
0x16b4c25:	0x1b	0xa2	0x01	0xf2	0x79	0x9d	0x01	0x2e
0x16b4c2d:	0xd2
PHONE_RECORD_TAIL words:
0x16b5102:	0x0000	0x0000	0x0000	0x0000	0x019e	0xf73c	0x019e	0xcfca
PHONE_RECORD_ENTRY call=23 dst=0x16b510a base=0x16b5108 token=0x667618 arg4=13 arg5=12 arg8=21895423 dict=0x667440 ret=0x1000d3b5
0x667618:	"hundred"
0x667440:	0x80	0x00	0xbf	0xe4	0x00	0x00	0x00	0x00
0x667448:	0x00	0x00	0x00	0x00	0x00	0x00	0x00	0x00
0x667450:	0xff	0xff	0xff	0xff	0xfc	0x75	0x66	0x00
0x667458:	0x71	0x02	0x01	0x10	0x84	0x92	0x07	0x10
Temporary breakpoint 130 at 0x1000d3b5
PHONE_RECORD_RETURN call=23 count=0 token_index=13 status=0 boundary_marker=0xff source=0x16b510f:	"hundred"
PHONE_RECORD_HEADER bytes:
0x16b510a:	0x00	0x00	0x0d	0x00	0x00	0x68	0x75	0x6e
0x16b5112:	0x64	0x72	0x65	0x64	0x00	0x01	0x64	0x9a
0x16b511a:	0xa1	0x01	0x9a	0x2c	0xa2	0x01	0xf0	0x17
0x16b5122:	0xa2	0x01	0xd6	0xb4	0xa1	0x01	0x58	0x9c
0x16b512a:	0x9c	0x01	0x80	0xff	0x9b	0x01	0x40	0x64
PHONE_RECORD_TAIL words:
0x16b5656:	0x0000	0x0000	0x0000	0x0001	0x019a	0x790c	0x019d	0xd152
PHONE_RECORD_ENTRY call=24 dst=0x16b565e base=0x16b565c token=0x667618 arg4=13 arg5=13 arg8=21895423 dict=0x667440 ret=0x1000d3b5
0x667618:	","
0x667440:	0x00	0x00	0xbf	0xe4	0x00	0x00	0x00	0x00
0x667448:	0x00	0x00	0x00	0x00	0x00	0x00	0x00	0x00
0x667450:	0xff	0xff	0xff	0xff	0xfc	0x75	0x66	0x00
0x667458:	0x71	0x02	0x01	0x10	0x84	0x92	0x07	0x10
Temporary breakpoint 131 at 0x1000d3b5
PHONE_RECORD_RETURN call=24 count=0 token_index=13 status=0 boundary_marker=0xff source=0x16b5663:	","
PHONE_RECORD_HEADER bytes:
0x16b565e:	0x00	0x00	0x0d	0x00	0x00	0x2c	0x00	0xd1
0x16b5666:	0x9a	0x01	0x6e	0x41	0xa0	0x01	0x7e	0xd2
0x16b566e:	0x9f	0x01	0x58	0xa2	0xa0	0x01	0xfa	0x59
0x16b5676:	0x9c	0x01	0x7c	0x6f	0xa0	0x01	0x7c	0xc4
0x16b567e:	0xa0	0x01	0xa4	0xff	0x9b	0x01	0xac	0x10
PHONE_RECORD_TAIL words:
0x16b5baa:	0x0000	0x0000	0x0000	0x0000	0x019f	0xc404	0x01a0	0x90b2
PHONE_RECORD_ENTRY call=25 dst=0x16b5bb2 base=0x16b5bb0 token=0x667618 arg4=14 arg5=13 arg8=21895423 dict=0x667440 ret=0x1000d3b5
0x667618:	"one"
0x667440:	0x01	0xf9	0xbf	0xe4	0x00	0x00	0x00	0x00
0x667448:	0x00	0x00	0x00	0x00	0x00	0x00	0x00	0x00
0x667450:	0xff	0xff	0xff	0xff	0xfc	0x75	0x66	0x00
0x667458:	0x71	0x02	0x01	0x10	0x84	0x92	0x07	0x10
Temporary breakpoint 132 at 0x1000d3b5
PHONE_RECORD_RETURN call=25 count=1 token_index=14 status=0 boundary_marker=0xff source=0x16b5bb7:	"one"
PHONE_RECORD_HEADER bytes:
0x16b5bb2:	0x01	0x00	0x0e	0x00	0x00	0x6f	0x6e	0x65
0x16b5bba:	0x00	0x01	0x3e	0x10	0x9d	0x01	0xe6	0xaa
0x16b5bc2:	0x9b	0x01	0x32	0x52	0x99	0x01	0x30	0xb8
0x16b5bca:	0x99	0x01	0x24	0x97	0x9e	0x01	0xd6	0x66
0x16b5bd2:	0x9f	0x01	0x80	0xff	0x9e	0x01	0x30	0xfd
PHONE_SLOT index=0 marker=0xff bytes:
0x16b5be9:	0x42	0x08	0x2d	0x00	0xaf	0x9d	0x01	0xc0
0x16b5bf1:	0x47	0xa2	0x01	0x8c	0xaa	0x9b	0x01	0x30
0x16b5bf9:	0x04	0x9e	0x01	0x96	0xaa	0x9b	0x01	0x3a
0x16b5c01:	0x04	0x9e	0x01	0x80	0x9c	0xa1	0x01	0xfc
0x16b5c09:	0xd1	0x9f	0x01	0x0c	0xd1	0x9a	0x01	0x1e
0x16b5c11:	0x41	0xa0	0x01	0xa0	0xaa	0x9b	0x01	0x44
0x16b5c19:	0x04	0x9e	0x01	0xaa	0xaa	0x9b	0x01	0x4e
0x16b5c21:	0x04	0x9e	0x01	0x8a	0x9c	0xa1	0x01	0x16
0x16b5c29:	0xd1
PHONE_RECORD_TAIL words:
0x16b60fe:	0x0000	0x0000	0x0000	0x0000	0x019d	0x5a36	0x019c	0xd2ba
PHONE_RECORD_ENTRY call=26 dst=0x16b6106 base=0x16b6104 token=0x667618 arg4=15 arg5=14 arg8=21895423 dict=0x667440 ret=0x1000d3b5
0x667618:	"hundred"
0x667440:	0x80	0x00	0xbf	0xe4	0x00	0x00	0x00	0x00
0x667448:	0x00	0x00	0x00	0x00	0x00	0x00	0x00	0x00
0x667450:	0xff	0xff	0xff	0xff	0xfc	0x75	0x66	0x00
0x667458:	0x71	0x02	0x01	0x10	0x84	0x92	0x07	0x10
Temporary breakpoint 133 at 0x1000d3b5
PHONE_RECORD_RETURN call=26 count=0 token_index=15 status=0 boundary_marker=0xff source=0x16b610b:	"hundred"
PHONE_RECORD_HEADER bytes:
0x16b6106:	0x00	0x00	0x0f	0x00	0x00	0x68	0x75	0x6e
0x16b610e:	0x64	0x72	0x65	0x64	0x00	0x01	0xaa	0x41
0x16b6116:	0xa0	0x01	0xc0	0x10	0x9d	0x01	0x46	0x2e
0x16b611e:	0x9a	0x01	0x90	0xc4	0xa0	0x01	0xb8	0xab
0x16b6126:	0x9b	0x01	0x94	0xff	0x99	0x01	0x20	0x05
PHONE_RECORD_TAIL words:
0x16b6652:	0x0000	0x0000	0x0000	0x0001	0x01a1	0x81d4	0x019a	0xa33e
PHONE_RECORD_ENTRY call=27 dst=0x16b665a base=0x16b6658 token=0x667618 arg4=16 arg5=15 arg8=21895423 dict=0x667440 ret=0x1000d3b5
0x667618:	"one"
0x667440:	0x01	0xf9	0xbf	0xe4	0x00	0x00	0x00	0x00
0x667448:	0x00	0x00	0x00	0x00	0x00	0x00	0x00	0x00
0x667450:	0xff	0xff	0xff	0xff	0xfc	0x75	0x66	0x00
0x667458:	0x71	0x02	0x01	0x10	0x84	0x92	0x07	0x10
Temporary breakpoint 134 at 0x1000d3b5
PHONE_RECORD_RETURN call=27 count=1 token_index=16 status=0 boundary_marker=0xff source=0x16b665f:	"one"
PHONE_RECORD_HEADER bytes:
0x16b665a:	0x01	0x00	0x10	0x00	0x00	0x6f	0x6e	0x65
0x16b6662:	0x00	0x01	0x5e	0xd4	0x9f	0x01	0x08	0x5b
0x16b666a:	0x9c	0x01	0x7a	0xb0	0x9d	0x01	0x2c	0x42
0x16b6672:	0xa0	0x01	0xa8	0x70	0xa0	0x01	0x06	0x7a
0x16b667a:	0x9d	0x01	0x8c	0xff	0x9d	0x01	0x2e	0xae
PHONE_SLOT index=0 marker=0xff bytes:
0x16b6691:	0x42	0x08	0x2d	0x00	0xd2	0x9a	0x01	0x72
0x16b6699:	0x56	0x9b	0x01	0x7c	0x56	0x9b	0x01	0x96
0x16b66a1:	0x12	0x9d	0x01	0x38	0xae	0x9b	0x01	0xc2
0x16b66a9:	0x2f	0x9a	0x01	0x80	0xc5	0xa0	0x01	0xc0
0x16b66b1:	0xb9	0x99	0x01	0x0a	0x45	0xa1	0x01	0xc8
0x16b66b9:	0xfc	0x9e	0x01	0x9a	0x99	0x9e	0x01	0xec
0x16b66c1:	0x06	0x9e	0x01	0x2e	0x9e	0xa1	0x01	0xdc
0x16b66c9:	0x68	0xa1	0x01	0x00	0x30	0xa2	0x01	0xe8
0x16b66d1:	0xfe
PHONE_RECORD_TAIL words:
0x16b6ba6:	0x0000	0x0000	0x0000	0x0000	0x019f	0x5b80	0x019c	0xba60
PHONE_RECORD_ENTRY call=28 dst=0x16b6bae base=0x16b6bac token=0x667618 arg4=16 arg5=16 arg8=21895423 dict=0x667440 ret=0x1000d3b5
0x667618:	","
0x667440:	0x00	0xf9	0xbf	0xe4	0x00	0x00	0x00	0x00
0x667448:	0x00	0x00	0x00	0x00	0x00	0x00	0x00	0x00
0x667450:	0xff	0xff	0xff	0xff	0xfc	0x75	0x66	0x00
0x667458:	0x71	0x02	0x01	0x10	0x84	0x92	0x07	0x10
Temporary breakpoint 135 at 0x1000d3b5
PHONE_RECORD_RETURN call=28 count=0 token_index=16 status=0 boundary_marker=0xff source=0x16b6bb3:	","
PHONE_RECORD_HEADER bytes:
0x16b6bae:	0x00	0x00	0x10	0x00	0x00	0x2c	0x00	0xba
0x16b6bb6:	0x99	0x01	0x12	0xb1	0x9b	0x01	0x1c	0xfe
0x16b6bbe:	0x9e	0x01	0xbe	0xd6	0x9c	0x01	0xb2	0x5b
0x16b6bc6:	0x9c	0x01	0xdc	0x12	0x9d	0x01	0xec	0x48
0x16b6bce:	0xa2	0x01	0xc8	0xff	0x9c	0x01	0x66	0x9b
PHONE_RECORD_TAIL words:
0x16b70fa:	0x0000	0x0000	0x0000	0x0000	0x019b	0x69f4	0x01a1	0x0e64
PHONE_RECORD_ENTRY call=29 dst=0x16b7102 base=0x16b7100 token=0x667618 arg4=17 arg5=16 arg8=21895423 dict=0x667440 ret=0x1000d3b5
0x667618:	"one"
0x667440:	0x01	0xf9	0xbf	0xe4	0x00	0x00	0x00	0x00
0x667448:	0x00	0x00	0x00	0x00	0x00	0x00	0x00	0x00
0x667450:	0xff	0xff	0xff	0xff	0xfc	0x75	0x66	0x00
0x667458:	0x71	0x02	0x01	0x10	0x84	0x92	0x07	0x10
Temporary breakpoint 136 at 0x1000d3b5
PHONE_RECORD_RETURN call=29 count=1 token_index=17 status=0 boundary_marker=0xff source=0x16b7107:	"one"
PHONE_RECORD_HEADER bytes:
0x16b7102:	0x01	0x00	0x11	0x00	0x00	0x6f	0x6e	0x65
0x16b710a:	0x00	0x01	0xae	0xb3	0x9d	0x01	0x2a	0x71
0x16b7112:	0xa0	0x01	0x5a	0x49	0xa2	0x01	0x78	0x07
0x16b711a:	0x9e	0x01	0x12	0x9a	0x9e	0x01	0x52	0xa3
0x16b7122:	0xa0	0x01	0xb4	0xff	0x9e	0x01	0x44	0x9a
PHONE_SLOT index=0 marker=0xff bytes:
0x16b7139:	0x42	0x08	0x2d	0x00	0xb3	0x9d	0x01	0xe6
0x16b7141:	0xbb	0x99	0x01	0x58	0x85	0x9a	0x01	0xa4
0x16b7149:	0xb3	0x9d	0x01	0x3a	0x43	0xa0	0x01	0x82
0x16b7151:	0x07	0x9e	0x01	0x1c	0x9a	0x9e	0x01	0x38
0x16b7159:	0x9e	0xa1	0x01	0x1a	0x7a	0x9d	0x01	0xbe
0x16b7161:	0x07	0x9e	0x01	0x26	0x9a	0x9e	0x01	0x8c
0x16b7169:	0x07	0x9e	0x01	0xc4	0xd5	0x9c	0x01	0x42
0x16b7171:	0x9e	0xa1	0x01	0xf4	0xd4	0x9f	0x01	0x5c
0x16b7179:	0xa3
PHONE_RECORD_TAIL words:
0x16b764e:	0x0000	0x0000	0x0000	0x0000	0x019e	0x01e0	0x019b	0x5690
PHONE_RECORD_ENTRY call=30 dst=0x16b7656 base=0x16b7654 token=0x667618 arg4=18 arg5=17 arg8=21895423 dict=0x667440 ret=0x1000d3b5
0x667618:	"hundred"
0x667440:	0x80	0x00	0xbf	0xe4	0x00	0x00	0x00	0x00
0x667448:	0x00	0x00	0x00	0x00	0x00	0x00	0x00	0x00
0x667450:	0xff	0xff	0xff	0xff	0xfc	0x75	0x66	0x00
0x667458:	0x71	0x02	0x01	0x10	0x84	0x92	0x07	0x10
Temporary breakpoint 137 at 0x1000d3b5
PHONE_RECORD_RETURN call=30 count=0 token_index=18 status=0 boundary_marker=0xff source=0x16b765b:	"hundred"
PHONE_RECORD_HEADER bytes:
0x16b7656:	0x00	0x00	0x12	0x00	0x00	0x68	0x75	0x6e
0x16b765e:	0x64	0x72	0x65	0x64	0x00	0x01	0xbe	0x7b
0x16b7666:	0x9d	0x01	0xa4	0x8e	0x9f	0x01	0x70	0xb2
0x16b766e:	0x9b	0x01	0x16	0x0a	0x9e	0x01	0xa6	0x9c
0x16b7676:	0x9e	0x01	0x9a	0xff	0x9b	0x01	0xdc	0x7b
PHONE_RECORD_TAIL words:
0x16b7ba2:	0x0000	0x0000	0x0000	0x0001	0x019d	0x8e7c	0x019f	0xd71a
PHONE_RECORD_ENTRY call=31 dst=0x16b7baa base=0x16b7ba8 token=0x667618 arg4=19 arg5=18 arg8=21895423 dict=0x667440 ret=0x1000d3b5
0x667618:	"ten"
0x667440:	0x80	0x00	0xbf	0xe4	0x00	0x00	0x00	0x00
0x667448:	0x00	0x00	0x00	0x00	0x00	0x00	0x00	0x00
0x667450:	0xff	0xff	0xff	0xff	0xfc	0x75	0x66	0x00
0x667458:	0x71	0x02	0x01	0x10	0x84	0x92	0x07	0x10
Temporary breakpoint 138 at 0x1000d3b5
PHONE_RECORD_RETURN call=31 count=0 token_index=19 status=0 boundary_marker=0xff source=0x16b7baf:	"ten"
PHONE_RECORD_HEADER bytes:
0x16b7baa:	0x00	0x00	0x13	0x00	0x00	0x74	0x65	0x6e
0x16b7bb2:	0x00	0x01	0x28	0x49	0xa2	0x01	0xb2	0xb1
0x16b7bba:	0x9b	0x01	0x0e	0x13	0x9d	0x01	0x8a	0xfe
0x16b7bc2:	0x9e	0x01	0xa4	0x01	0x9b	0x01	0xc4	0xb7
0x16b7bca:	0xa1	0x01	0x4c	0xff	0x9f	0x01	0x90	0x42
PHONE_RECORD_TAIL words:
0x16b80f6:	0x0000	0x0000	0x0000	0x0001	0x01a0	0xbcd6	0x0199	0x9d96
PHONE_RECORD_ENTRY call=32 dst=0x16b80fe base=0x16b80fc token=0x667618 arg4=19 arg5=19 arg8=21895423 dict=0x667440 ret=0x1000d3b5
0x667618:	","
0x667440:	0x00	0x00	0xbf	0xe4	0x00	0x00	0x00	0x00
0x667448:	0x00	0x00	0x00	0x00	0x00	0x00	0x00	0x00
0x667450:	0xff	0xff	0xff	0xff	0xfc	0x75	0x66	0x00
0x667458:	0x71	0x02	0x01	0x10	0x84	0x92	0x07	0x10
Temporary breakpoint 139 at 0x1000d3b5
PHONE_RECORD_RETURN call=32 count=0 token_index=19 status=0 boundary_marker=0xff source=0x16b8103:	","
PHONE_RECORD_HEADER bytes:
0x16b80fe:	0x00	0x00	0x13	0x00	0x00	0x2c	0x00	0x9d
0x16b8106:	0x9e	0x01	0xaa	0x0e	0xa1	0x01	0x44	0x8f
0x16b810e:	0x9f	0x01	0xa0	0x9d	0x9e	0x01	0xb4	0x0e
0x16b8116:	0xa1	0x01	0x84	0x5c	0x9c	0x01	0x58	0x30
0x16b811e:	0x9a	0x01	0x52	0xff	0xa0	0x01	0xae	0x13
PHONE_RECORD_TAIL words:
0x16b864a:	0x0000	0x0000	0x0000	0x0000	0x01a0	0x9e54	0x019e	0x00e2
PHONE_RECORD_ENTRY call=33 dst=0x16b8652 base=0x16b8650 token=0x667618 arg4=20 arg5=19 arg8=21895423 dict=0x667440 ret=0x1000d3b5
0x667618:	"nine"
0x667440:	0x80	0x00	0xbf	0xe4	0x00	0x00	0x00	0x00
0x667448:	0x00	0x00	0x00	0x00	0x00	0x00	0x00	0x00
0x667450:	0xff	0xff	0xff	0xff	0xfc	0x75	0x66	0x00
0x667458:	0x71	0x02	0x01	0x10	0x84	0x92	0x07	0x10
Temporary breakpoint 140 at 0x1000d3b5
PHONE_RECORD_RETURN call=33 count=0 token_index=20 status=0 boundary_marker=0xff source=0x16b8657:	"nine"
PHONE_RECORD_HEADER bytes:
0x16b8652:	0x00	0x00	0x14	0x00	0x00	0x6e	0x69	0x6e
0x16b865a:	0x65	0x00	0xd6	0x9e	0x9e	0x01	0x4e	0x0e
0x16b8662:	0x9e	0x01	0xa0	0x1c	0xa2	0x01	0x86	0x0f
0x16b866a:	0xa1	0x01	0x34	0x6b	0xa1	0x01	0x5c	0x86
0x16b8672:	0x9a	0x01	0xa6	0xff	0x9b	0x01	0x48	0xb5
PHONE_RECORD_TAIL words:
0x16b8b9e:	0x0000	0x0000	0x0000	0x0001	0x019b	0xd9e0	0x019f	0xd862
PHONE_RECORD_ENTRY call=34 dst=0x16b8ba6 base=0x16b8ba4 token=0x667618 arg4=21 arg5=20 arg8=21895423 dict=0x667440 ret=0x1000d3b5
0x667618:	"hundred"
0x667440:	0x80	0x00	0xbf	0xe4	0x00	0x00	0x00	0x00
0x667448:	0x00	0x00	0x00	0x00	0x00	0x00	0x00	0x00
0x667450:	0xff	0xff	0xff	0xff	0xfc	0x75	0x66	0x00
0x667458:	0x71	0x02	0x01	0x10	0x84	0x92	0x07	0x10
Temporary breakpoint 141 at 0x1000d3b5
PHONE_RECORD_RETURN call=34 count=0 token_index=21 status=0 boundary_marker=0xff source=0x16b8bab:	"hundred"
PHONE_RECORD_HEADER bytes:
0x16b8ba6:	0x00	0x00	0x15	0x00	0x00	0x68	0x75	0x6e
0x16b8bae:	0x64	0x72	0x65	0x64	0x00	0x01	0xda	0xb6
0x16b8bb6:	0x9b	0x01	0x30	0x0e	0x9e	0x01	0x94	0xda
0x16b8bbe:	0x9f	0x01	0x90	0x7c	0x9d	0x01	0x48	0xb7
0x16b8bc6:	0x9b	0x01	0x80	0xff	0x9e	0x01	0x02	0xdb
PHONE_RECORD_TAIL words:
0x16b90f2:	0x0000	0x0000	0x0000	0x0001	0x019d	0x71ac	0x01a0	0x49e6
PHONE_RECORD_ENTRY call=35 dst=0x16b90fa base=0x16b90f8 token=0x667618 arg4=22 arg5=21 arg8=21895423 dict=0x667440 ret=0x1000d3b5
0x667618:	"ninety"
0x667440:	0x01	0xe4	0xc8	0xa3	0xdd	0x00	0x00	0x00
0x667448:	0x00	0x00	0x00	0x00	0x00	0x00	0x00	0x00
0x667450:	0xff	0xff	0xff	0xff	0xfc	0x75	0x66	0x00
0x667458:	0x71	0x02	0x01	0x10	0x84	0x92	0x07	0x10
Temporary breakpoint 142 at 0x1000d3b5
PHONE_RECORD_RETURN call=35 count=1 token_index=22 status=0 boundary_marker=0xff source=0x16b90ff:	"ninety"
PHONE_RECORD_HEADER bytes:
0x16b90fa:	0x01	0x00	0x16	0x00	0x00	0x6e	0x69	0x6e
0x16b9102:	0x65	0x74	0x79	0x00	0x9b	0x01	0x26	0xbd
0x16b910a:	0x99	0x01	0x18	0x9e	0x9e	0x01	0xd4	0x68
0x16b9112:	0x9f	0x01	0xa4	0x0d	0x9e	0x01	0xa8	0x6a
0x16b911a:	0xa1	0x01	0xca	0xff	0x9b	0x01	0x8a	0xa1
PHONE_SLOT index=0 marker=0xff bytes:
0x16b9131:	0x2d	0x11	0x2d	0x39	0x26	0x00	0x01	0xe0
0x16b9139:	0xb5	0x9b	0x01	0x60	0x00	0x9f	0x01	0xde
0x16b9141:	0x68	0x9f	0x01	0x22	0x9e	0x9e	0x01	0x54
0x16b9149:	0x0d	0x9e	0x01	0xae	0x0d	0x9e	0x01	0x14
0x16b9151:	0xb8	0xa1	0x01	0xd4	0x03	0x9b	0x01	0xaa
0x16b9159:	0x30	0xa2	0x01	0xda	0xd3	0xa1	0x01	0x64
0x16b9161:	0x1c	0xa2	0x01	0xb2	0x6a	0xa1	0x01	0x96
0x16b9169:	0x9f	0xa1	0x01	0xae	0xd9	0x9f	0x01	0x68
0x16b9171:	0x0d
PHONE_RECORD_TAIL words:
0x16b9646:	0x0000	0x0000	0x0000	0x0000	0x019f	0x05c8	0x019b	0x4aae
PHONE_RECORD_ENTRY call=36 dst=0x16b964e base=0x16b964c token=0x667618 arg4=23 arg5=22 arg8=21895423 dict=0x667440 ret=0x1000d3b5
0x667618:	"nine"
0x667440:	0x80	0x00	0xc8	0xa3	0xdd	0x00	0x00	0x00
0x667448:	0x00	0x00	0x00	0x00	0x00	0x00	0x00	0x00
0x667450:	0xff	0xff	0xff	0xff	0xfc	0x75	0x66	0x00
0x667458:	0x71	0x02	0x01	0x10	0x84	0x92	0x07	0x10
Temporary breakpoint 143 at 0x1000d3b5
PHONE_RECORD_RETURN call=36 count=0 token_index=23 status=0 boundary_marker=0xff source=0x16b9653:	"nine"
PHONE_RECORD_HEADER bytes:
0x16b964e:	0x00	0x00	0x17	0x00	0x00	0x6e	0x69	0x6e
0x16b9656:	0x65	0x00	0x64	0xb7	0x9d	0x01	0x20	0x44
0x16b965e:	0xa0	0x01	0x5a	0x5e	0x9c	0x01	0x54	0xba
0x16b9666:	0x9b	0x01	0x32	0xdd	0x9f	0x01	0x7a	0xd9
0x16b966e:	0x9c	0x01	0x8c	0xff	0x9e	0x01	0x3c	0xdd
PHONE_RECORD_TAIL words:
0x16b9b9a:	0x0000	0x0000	0x0000	0x0001	0x01a1	0xa2ac	0x019c	0x0686
PHONE_RECORD_ENTRY call=37 dst=0x16b9ba2 base=0x16b9ba0 token=0x667618 arg4=23 arg5=23 arg8=21895423 dict=0x667440 ret=0x1000d3b5
0x667618:	","
0x667440:	0x00	0x00	0xc8	0xa3	0xdd	0x00	0x00	0x00
0x667448:	0x00	0x00	0x00	0x00	0x00	0x00	0x00	0x00
0x667450:	0xff	0xff	0xff	0xff	0xfc	0x75	0x66	0x00
0x667458:	0x71	0x02	0x01	0x10	0x84	0x92	0x07	0x10
Temporary breakpoint 144 at 0x1000d3b5
PHONE_RECORD_RETURN call=37 count=0 token_index=23 status=0 boundary_marker=0xff source=0x16b9ba7:	","
PHONE_RECORD_HEADER bytes:
0x16b9ba2:	0x00	0x00	0x17	0x00	0x00	0x2c	0x00	0x06
0x16b9baa:	0x9b	0x01	0x5a	0x88	0x9a	0x01	0x7a	0x44
0x16b9bb2:	0xa0	0x01	0x2c	0xde	0x9f	0x01	0x44	0xf6
0x16b9bba:	0xa1	0x01	0xfa	0xb7	0x9d	0x01	0xfc	0x90
0x16b9bc2:	0x9f	0x01	0x26	0xff	0x9b	0x01	0x84	0x15
PHONE_RECORD_TAIL words:
0x16ba0ee:	0x0000	0x0000	0x0000	0x0000	0x019b	0xb818	0x019d	0xbd60
PHONE_RECORD_ENTRY call=38 dst=0x16ba0f6 base=0x16ba0f4 token=0x667618 arg4=24 arg5=23 arg8=21895423 dict=0x667440 ret=0x1000d3b5
0x667618:	"one"
0x667440:	0x01	0xf9	0xbf	0xe4	0x00	0x00	0x00	0x00
0x667448:	0x00	0x00	0x00	0x00	0x00	0x00	0x00	0x00
0x667450:	0xff	0xff	0xff	0xff	0xfc	0x75	0x66	0x00
0x667458:	0x71	0x02	0x01	0x10	0x84	0x92	0x07	0x10
Temporary breakpoint 145 at 0x1000d3b5
PHONE_RECORD_RETURN call=38 count=1 token_index=24 status=0 boundary_marker=0xff source=0x16ba0fb:	"one"
PHONE_RECORD_HEADER bytes:
0x16ba0f6:	0x01	0x00	0x18	0x00	0x00	0x6f	0x6e	0x65
0x16ba0fe:	0x00	0x01	0x88	0xbd	0x9b	0x01	0x6a	0x15
0x16ba106:	0x9e	0x01	0xbc	0xdd	0x9c	0x01	0x04	0xa6
0x16ba10e:	0xa0	0x01	0xb0	0xbd	0x9b	0x01	0x0e	0xa6
0x16ba116:	0xa0	0x01	0x42	0xff	0x9e	0x01	0x92	0xbd
PHONE_SLOT index=0 marker=0xff bytes:
0x16ba12d:	0x42	0x08	0x2d	0x00	0xbd	0x9b	0x01	0xc6
0x16ba135:	0xdd	0x9c	0x01	0x4a	0x46	0xa1	0x01	0x66
0x16ba13d:	0x11	0xa1	0x01	0x7c	0x89	0x9a	0x01	0x84
0x16ba145:	0x08	0x9b	0x01	0xda	0xb9	0x9d	0x01	0xba
0x16ba14d:	0xbd	0x9b	0x01	0xd0	0xdd	0x9c	0x01	0x7a
0x16ba155:	0x11	0xa1	0x01	0xa6	0xbd	0x9b	0x01	0x86
0x16ba15d:	0x89	0x9a	0x01	0xe4	0xb9	0x9d	0x01	0x74
0x16ba165:	0xbd	0x9b	0x01	0x56	0x15	0x9e	0x01	0x70
0x16ba16d:	0x11
PHONE_RECORD_TAIL words:
0x16ba642:	0x0000	0x0000	0x0000	0x0000	0x01a1	0x1148	0x01a1	0xa338
PHONE_RECORD_ENTRY call=39 dst=0x16ba64a base=0x16ba648 token=0x667618 arg4=25 arg5=24 arg8=21895423 dict=0x667440 ret=0x1000d3b5
0x667618:	"thousand"
0x667440:	0x80	0x00	0xbf	0xe4	0x00	0x00	0x00	0x00
0x667448:	0x00	0x00	0x00	0x00	0x00	0x00	0x00	0x00
0x667450:	0xff	0xff	0xff	0xff	0xfc	0x75	0x66	0x00
0x667458:	0x71	0x02	0x01	0x10	0x84	0x92	0x07	0x10
Temporary breakpoint 146 at 0x1000d3b5
PHONE_RECORD_RETURN call=39 count=0 token_index=25 status=0 boundary_marker=0xff source=0x16ba64f:	"thousand"
PHONE_RECORD_HEADER bytes:
0x16ba64a:	0x00	0x00	0x19	0x00	0x00	0x74	0x68	0x6f
0x16ba652:	0x75	0x73	0x61	0x6e	0x64	0x00	0x9a	0xa0
0x16ba65a:	0xa1	0x01	0x36	0x1d	0xa2	0x01	0x34	0x08
0x16ba662:	0x9b	0x01	0x60	0x6c	0xa1	0x01	0x7e	0x72
0x16ba66a:	0xa0	0x01	0xc2	0xff	0x9c	0x01	0xc2	0xde
PHONE_RECORD_TAIL words:
0x16bab96:	0x0000	0x0000	0x0000	0x0001	0x01a2	0xa0e0	0x01a1	0xa1ec
PHONE_RECORD_ENTRY call=40 dst=0x16bab9e base=0x16bab9c token=0x667618 arg4=25 arg5=25 arg8=21895423 dict=0x667440 ret=0x1000d3b5
0x667618:	","
0x667440:	0x00	0x00	0xbf	0xe4	0x00	0x00	0x00	0x00
0x667448:	0x00	0x00	0x00	0x00	0x00	0x00	0x00	0x00
0x667450:	0xff	0xff	0xff	0xff	0xfc	0x75	0x66	0x00
0x667458:	0x71	0x02	0x01	0x10	0x84	0x92	0x07	0x10
Temporary breakpoint 147 at 0x1000d3b5
PHONE_RECORD_RETURN call=40 count=0 token_index=25 status=0 boundary_marker=0xff source=0x16baba3:	","
PHONE_RECORD_HEADER bytes:
0x16bab9e:	0x00	0x00	0x19	0x00	0x00	0x2c	0x00	0xa1
0x16baba6:	0x9e	0x01	0x80	0xdf	0x9f	0x01	0xf2	0x31
0x16babae:	0x9a	0x01	0xc8	0xc0	0x99	0x01	0xec	0x15
0x16babb6:	0x9e	0x01	0x72	0x1d	0xa2	0x01	0xea	0xa0
0x16babbe:	0xa1	0x01	0xc8	0xff	0xa1	0x01	0xba	0x72
PHONE_RECORD_TAIL words:
0x16bb0ea:	0x0000	0x0000	0x0000	0x0000	0x019e	0x8cec	0x019a	0xbf5e
PHONE_RECORD_ENTRY call=41 dst=0x16bb0f2 base=0x16bb0f0 token=0x667618 arg4=26 arg5=25 arg8=21895423 dict=0x667440 ret=0x1000d3b5
0x667618:	"one"
0x667440:	0x01	0xf9	0xbf	0xe4	0x00	0x00	0x00	0x00
0x667448:	0x00	0x00	0x00	0x00	0x00	0x00	0x00	0x00
0x667450:	0xff	0xff	0xff	0xff	0xfc	0x75	0x66	0x00
0x667458:	0x71	0x02	0x01	0x10	0x84	0x92	0x07	0x10
Temporary breakpoint 148 at 0x1000d3b5
PHONE_RECORD_RETURN call=41 count=1 token_index=26 status=0 boundary_marker=0xff source=0x16bb0f7:	"one"
PHONE_RECORD_HEADER bytes:
0x16bb0f2:	0x01	0x00	0x1a	0x00	0x00	0x6f	0x6e	0x65
0x16bb0fa:	0x00	0x01	0x0a	0x0a	0x9b	0x01	0xbc	0x4b
0x16bb102:	0xa2	0x01	0xc8	0x73	0xa0	0x01	0xb4	0xa2
0x16bb10a:	0x9e	0x01	0x0c	0x58	0x9b	0x01	0xbe	0xa2
0x16bb112:	0x9e	0x01	0x16	0xff	0x9b	0x01	0xc8	0xa2
PHONE_SLOT index=0 marker=0xff bytes:
0x16bb129:	0x42	0x08	0x2d	0x00	0xdf	0x9f	0x01	0x0e
0x16bb131:	0xbf	0x9b	0x01	0x56	0xdf	0x9c	0x01	0xc4
0x16bb139:	0x8c	0x9a	0x01	0x20	0xe0	0x9f	0x01	0x60
0x16bb141:	0xdf	0x9c	0x01	0x72	0xbf	0x9b	0x01	0x2e
0x16bb149:	0x12	0xa1	0x01	0xe6	0x73	0xa0	0x01	0x3e
0x16bb151:	0xe0	0x9f	0x01	0x14	0x92	0x9f	0x01	0xc6
0x16bb159:	0x4b	0xa2	0x01	0xf0	0x73	0xa0	0x01	0x56
0x16bb161:	0x16	0x9d	0x01	0xae	0x07	0x9f	0x01	0x1a
0x16bb169:	0xd5
PHONE_RECORD_TAIL words:
0x16bb63e:	0x0000	0x0000	0x0000	0x0000	0x019c	0xa30e	0x019e	0x6a5a
PHONE_RECORD_ENTRY call=42 dst=0x16bb646 base=0x16bb644 token=0x667618 arg4=27 arg5=26 arg8=21895423 dict=0x667440 ret=0x1000d3b5
0x667618:	"thousand"
0x667440:	0x80	0x00	0xbf	0xe4	0x00	0x00	0x00	0x00
0x667448:	0x00	0x00	0x00	0x00	0x00	0x00	0x00	0x00
0x667450:	0xff	0xff	0xff	0xff	0xfc	0x75	0x66	0x00
0x667458:	0x71	0x02	0x01	0x10	0x84	0x92	0x07	0x10
Temporary breakpoint 149 at 0x1000d3b5
PHONE_RECORD_RETURN call=42 count=0 token_index=27 status=0 boundary_marker=0xff source=0x16bb64b:	"thousand"
PHONE_RECORD_HEADER bytes:
0x16bb646:	0x00	0x00	0x1b	0x00	0x00	0x74	0x68	0x6f
0x16bb64e:	0x75	0x73	0x61	0x6e	0x64	0x00	0xcc	0x1d
0x16bb656:	0xa2	0x01	0x7c	0x31	0xa2	0x01	0x0e	0x0b
0x16bb65e:	0x9b	0x01	0xba	0xdf	0x9c	0x01	0x68	0x17
0x16bb666:	0x9e	0x01	0xe2	0xff	0x9c	0x01	0xe4	0x4b
PHONE_RECORD_TAIL words:
0x16bbb92:	0x0000	0x0000	0x0000	0x0001	0x01a1	0x1b3c	0x019e	0xa6ba
PHONE_RECORD_ENTRY call=43 dst=0x16bbb9a base=0x16bbb98 token=0x667618 arg4=28 arg5=27 arg8=21895423 dict=0x667440 ret=0x1000d3b5
0x667618:	"one"
0x667440:	0x01	0xf9	0xbf	0xe4	0x00	0x00	0x00	0x00
0x667448:	0x00	0x00	0x00	0x00	0x00	0x00	0x00	0x00
0x667450:	0xff	0xff	0xff	0xff	0xfc	0x75	0x66	0x00
0x667458:	0x71	0x02	0x01	0x10	0x84	0x92	0x07	0x10
Temporary breakpoint 150 at 0x1000d3b5
PHONE_RECORD_RETURN call=43 count=1 token_index=28 status=0 boundary_marker=0xff source=0x16bbb9f:	"one"
PHONE_RECORD_HEADER bytes:
0x16bbb9a:	0x01	0x00	0x1c	0x00	0x00	0x6f	0x6e	0x65
0x16bbba2:	0x00	0x01	0x80	0x8f	0x9a	0x01	0xe0	0x6e
0x16bbbaa:	0xa1	0x01	0xb2	0x7d	0x9d	0x01	0xa0	0xe2
0x16bbbb2:	0x9f	0x01	0xf2	0x61	0x9c	0x01	0xc8	0x13
0x16bbbba:	0xa1	0x01	0x9e	0xff	0x9a	0x01	0x64	0xc5
PHONE_SLOT index=0 marker=0xff bytes:
0x16bbbd1:	0x42	0x08	0x2d	0x00	0xd5	0xa1	0x01	0x34
0x16bbbd9:	0x0d	0x9b	0x01	0xd2	0x13	0xa1	0x01	0xae
0x16bbbe1:	0xb9	0xa1	0x01	0xa6	0xf8	0xa1	0x01	0x8a
0x16bbbe9:	0xd5	0x9a	0x01	0x1a	0x62	0x9c	0x01	0xb4
0x16bbbf1:	0xe2	0x9f	0x01	0x9c	0xbb	0x9d	0x01	0xa6
0x16bbbf9:	0x45	0xa0	0x01	0x96	0xc5	0x99	0x01	0x2c
0x16bbc01:	0xc4	0x9b	0x01	0xe2	0x0a	0x9f	0x01	0x32
0x16bbc09:	0xa7	0x9e	0x01	0x3e	0x0d	0x9b	0x01	0xa6
0x16bbc11:	0xd5
PHONE_RECORD_TAIL words:
0x16bc0e6:	0x0000	0x0000	0x0000	0x0000	0x019b	0x17b4	0x019d	0xc8aa
PHONE_RECORD_ENTRY call=44 dst=0x16bc0ee base=0x16bc0ec token=0x667618 arg4=28 arg5=28 arg8=21895423 dict=0x667440 ret=0x1000d3b5
0x667618:	","
0x667440:	0x00	0xf9	0xbf	0xe4	0x00	0x00	0x00	0x00
0x667448:	0x00	0x00	0x00	0x00	0x00	0x00	0x00	0x00
0x667450:	0xff	0xff	0xff	0xff	0xfc	0x75	0x66	0x00
0x667458:	0x71	0x02	0x01	0x10	0x84	0x92	0x07	0x10
Temporary breakpoint 151 at 0x1000d3b5
PHONE_RECORD_RETURN call=44 count=0 token_index=28 status=0 boundary_marker=0xff source=0x16bc0f3:	","
PHONE_RECORD_HEADER bytes:
0x16bc0ee:	0x00	0x00	0x1c	0x00	0x00	0x2c	0x00	0xc8
0x16bc0f6:	0xa0	0x01	0x54	0xc4	0x9b	0x01	0x12	0x75
0x16bc0fe:	0xa0	0x01	0x92	0x4d	0xa2	0x01	0x50	0x0b
0x16bc106:	0x9f	0x01	0xfa	0x1b	0x9e	0x01	0x4a	0xc6
0x16bc10e:	0x99	0x01	0xfa	0xff	0x9e	0x01	0x0e	0x1c
PHONE_RECORD_TAIL words:
0x16bc63a:	0x0000	0x0000	0x0000	0x0000	0x01a1	0x6396	0x019c	0xc8c8
PHONE_RECORD_ENTRY call=45 dst=0x16bc642 base=0x16bc640 token=0x667618 arg4=29 arg5=28 arg8=21895423 dict=0x667440 ret=0x1000d3b5
0x667618:	"ten"
0x667440:	0x80	0x00	0xbf	0xe4	0x00	0x00	0x00	0x00
0x667448:	0x00	0x00	0x00	0x00	0x00	0x00	0x00	0x00
0x667450:	0xff	0xff	0xff	0xff	0xfc	0x75	0x66	0x00
0x667458:	0x71	0x02	0x01	0x10	0x84	0x92	0x07	0x10
Temporary breakpoint 152 at 0x1000d3b5
PHONE_RECORD_RETURN call=45 count=0 token_index=29 status=0 boundary_marker=0xff source=0x16bc647:	"ten"
PHONE_RECORD_HEADER bytes:
0x16bc642:	0x00	0x00	0x1d	0x00	0x00	0x74	0x65	0x6e
0x16bc64a:	0x00	0x01	0x1a	0x1f	0x9e	0x01	0xc6	0xa9
0x16bc652:	0x9e	0x01	0xbc	0x15	0xa1	0x01	0xf0	0xf9
0x16bc65a:	0xa1	0x01	0xaa	0x63	0x9c	0x01	0x80	0xc2
0x16bc662:	0x99	0x01	0x7a	0xff	0x9b	0x01	0x6e	0x6a
PHONE_RECORD_TAIL words:
0x16bcb8e:	0x0000	0x0000	0x0000	0x0001	0x019b	0x1300	0x01a1	0xb922
PHONE_RECORD_ENTRY call=46 dst=0x16bcb96 base=0x16bcb94 token=0x667618 arg4=30 arg5=29 arg8=21895423 dict=0x667440 ret=0x1000d3b5
0x667618:	"ten"
0x667440:	0x80	0x00	0xbf	0xe4	0x00	0x00	0x00	0x00
0x667448:	0x00	0x00	0x00	0x00	0x00	0x00	0x00	0x00
0x667450:	0xff	0xff	0xff	0xff	0xfc	0x75	0x66	0x00
0x667458:	0x71	0x02	0x01	0x10	0x84	0x92	0x07	0x10
Temporary breakpoint 153 at 0x1000d3b5
PHONE_RECORD_RETURN call=46 count=0 token_index=30 status=0 boundary_marker=0xff source=0x16bcb9b:	"ten"
PHONE_RECORD_HEADER bytes:
0x16bcb96:	0x00	0x00	0x1e	0x00	0x00	0x74	0x65	0x6e
0x16bcb9e:	0x00	0x01	0x58	0xa1	0xa1	0x01	0xa4	0x31
0x16bcba6:	0xa2	0x01	0xb0	0xe1	0x9f	0x01	0xe4	0x60
0x16bcbae:	0x9c	0x01	0x26	0xa4	0x9e	0x01	0x50	0xe0
0x16bcbb6:	0x9c	0x01	0x3a	0xff	0x9e	0x01	0x86	0x8e
PHONE_RECORD_TAIL words:
0x16bd0e2:	0x0000	0x0000	0x0000	0x0001	0x019f	0xc62c	0x0199	0x0b3c
PHONE_RECORD_ENTRY call=47 dst=0x16bd0ea base=0x16bd0e8 token=0x667618 arg4=30 arg5=30 arg8=21895423 dict=0x667440 ret=0x1000d3b5
0x667618:	","
0x667440:	0x00	0x00	0xbf	0xe4	0x00	0x00	0x00	0x00
0x667448:	0x00	0x00	0x00	0x00	0x00	0x00	0x00	0x00
0x667450:	0xff	0xff	0xff	0xff	0xfc	0x75	0x66	0x00
0x667458:	0x71	0x02	0x01	0x10	0x84	0x92	0x07	0x10
Temporary breakpoint 154 at 0x1000d3b5
PHONE_RECORD_RETURN call=47 count=0 token_index=30 status=0 boundary_marker=0xff source=0x16bd0ef:	","
PHONE_RECORD_HEADER bytes:
0x16bd0ea:	0x00	0x00	0x1e	0x00	0x00	0x2c	0x00	0x0b
0x16bd0f2:	0x9f	0x01	0xfa	0xc5	0x99	0x01	0xe0	0xe1
0x16bd0fa:	0x9c	0x01	0xe4	0x8f	0x9a	0x01	0xc4	0xf8
0x16bd102:	0xa1	0x01	0x5e	0x93	0x9f	0x01	0x18	0xc6
0x16bd10a:	0x99	0x01	0xee	0xff	0x9a	0x01	0x86	0x93
PHONE_RECORD_TAIL words:
0x16bd636:	0x0000	0x0000	0x0000	0x0000	0x01a2	0x1bf0	0x019e	0xc640
PHONE_RECORD_ENTRY call=48 dst=0x16bd63e base=0x16bd63c token=0x667618 arg4=31 arg5=30 arg8=21895423 dict=0x667440 ret=0x1000d3b5
0x667618:	"eleven"
0x667440:	0x80	0x00	0xbf	0xe4	0x00	0x00	0x00	0x00
0x667448:	0x00	0x00	0x00	0x00	0x00	0x00	0x00	0x00
0x667450:	0xff	0xff	0xff	0xff	0xfc	0x75	0x66	0x00
0x667458:	0x71	0x02	0x01	0x10	0x84	0x92	0x07	0x10
Temporary breakpoint 155 at 0x1000d3b5
PHONE_RECORD_RETURN call=48 count=0 token_index=31 status=0 boundary_marker=0xff source=0x16bd643:	"eleven"
PHONE_RECORD_HEADER bytes:
0x16bd63e:	0x00	0x00	0x1f	0x00	0x00	0x65	0x6c	0x65
0x16bd646:	0x76	0x65	0x6e	0x00	0x9a	0x01	0xfa	0x6a
0x16bd64e:	0x9f	0x01	0xbe	0xa7	0x9e	0x01	0x46	0x0b
0x16bd656:	0x9f	0x01	0xa0	0xa7	0x9e	0x01	0x70	0x0d
0x16bd65e:	0x9b	0x01	0xda	0xff	0x9a	0x01	0x76	0x1e
PHONE_RECORD_TAIL words:
0x16bdb8a:	0x0000	0x0000	0x0000	0x0001	0x019e	0x2122	0x019e	0x1018
PHONE_RECORD_ENTRY call=49 dst=0x16bdb92 base=0x16bdb90 token=0x667618 arg4=32 arg5=31 arg8=21895423 dict=0x667440 ret=0x1000d3b5
0x667618:	"hundred"
0x667440:	0x80	0x00	0xbf	0xe4	0x00	0x00	0x00	0x00
0x667448:	0x00	0x00	0x00	0x00	0x00	0x00	0x00	0x00
0x667450:	0xff	0xff	0xff	0xff	0xfc	0x75	0x66	0x00
0x667458:	0x71	0x02	0x01	0x10	0x84	0x92	0x07	0x10
Temporary breakpoint 156 at 0x1000d3b5
PHONE_RECORD_RETURN call=49 count=0 token_index=32 status=0 boundary_marker=0xff source=0x16bdb97:	"hundred"
PHONE_RECORD_HEADER bytes:
0x16bdb92:	0x00	0x00	0x20	0x00	0x00	0x68	0x75	0x6e
0x16bdb9a:	0x64	0x72	0x65	0x64	0x00	0x01	0x44	0xfb
0x16bdba2:	0xa1	0x01	0x16	0x7e	0x9d	0x01	0x56	0xe6
0x16bdbaa:	0x9f	0x01	0xf4	0xa6	0xa0	0x01	0x92	0xc9
0x16bdbb2:	0x99	0x01	0x44	0xff	0x9b	0x01	0x0a	0x92
PHONE_RECORD_TAIL words:
0x16be0de:	0x0000	0x0000	0x0000	0x0001	0x019b	0x75c6	0x01a0	0xbca0
PHONE_RECORD_ENTRY call=50 dst=0x16be0e6 base=0x16be0e4 token=0x667618 arg4=32 arg5=32 arg8=21895423 dict=0x667440 ret=0x1000d3b5
0x667618:	","
0x667440:	0x00	0x00	0xbf	0xe4	0x00	0x00	0x00	0x00
0x667448:	0x00	0x00	0x00	0x00	0x00	0x00	0x00	0x00
0x667450:	0xff	0xff	0xff	0xff	0xfc	0x75	0x66	0x00
0x667458:	0x71	0x02	0x01	0x10	0x84	0x92	0x07	0x10
Temporary breakpoint 157 at 0x1000d3b5
PHONE_RECORD_RETURN call=50 count=0 token_index=32 status=0 boundary_marker=0xff source=0x16be0eb:	","
PHONE_RECORD_HEADER bytes:
0x16be0e6:	0x00	0x00	0x20	0x00	0x00	0x2c	0x00	0xbc
0x16be0ee:	0x9d	0x01	0x20	0xd6	0x9a	0x01	0x88	0xe6
0x16be0f6:	0x9f	0x01	0xd0	0x65	0x9c	0x01	0x4a	0x34
0x16be0fe:	0x9a	0x01	0x42	0x01	0x99	0x01	0xb8	0xc9
0x16be106:	0xa0	0x01	0x08	0xff	0x99	0x01	0x62	0x19
PHONE_RECORD_TAIL words:
0x16be632:	0x0000	0x0000	0x0000	0x0000	0x0199	0xcb8e	0x019b	0x28fc
PHONE_RECORD_ENTRY call=51 dst=0x16be63a base=0x16be638 token=0x667618 arg4=33 arg5=32 arg8=21895423 dict=0x667440 ret=0x1000d3b5
0x667618:	"ninety"
0x667440:	0x01	0xe4	0xc8	0xa3	0xdd	0x00	0x00	0x00
0x667448:	0x00	0x00	0x00	0x00	0x00	0x00	0x00	0x00
0x667450:	0xff	0xff	0xff	0xff	0xfc	0x75	0x66	0x00
0x667458:	0x71	0x02	0x01	0x10	0x84	0x92	0x07	0x10
Temporary breakpoint 158 at 0x1000d3b5
PHONE_RECORD_RETURN call=51 count=1 token_index=33 status=0 boundary_marker=0xff source=0x16be63f:	"ninety"
PHONE_RECORD_HEADER bytes:
0x16be63a:	0x01	0x00	0x21	0x00	0x00	0x6e	0x69	0x6e
0x16be642:	0x65	0x74	0x79	0x00	0x99	0x01	0xf2	0xcb
0x16be64a:	0x9b	0x01	0x16	0x55	0x99	0x01	0x58	0x54
0x16be652:	0x99	0x01	0xd4	0x28	0x99	0x01	0x62	0x54
0x16be65a:	0x99	0x01	0xde	0xff	0x99	0x01	0xa4	0x34
PHONE_SLOT index=0 marker=0xff bytes:
0x16be671:	0x2d	0x11	0x2d	0x39	0x26	0x00	0x01	0xbc
0x16be679:	0x54	0x99	0x01	0x1a	0x29	0x99	0x01	0x1a
0x16be681:	0xab	0x9e	0x01	0x60	0x0f	0x9f	0x01	0x12
0x16be689:	0x22	0x9e	0x01	0x0a	0xe7	0x9f	0x01	0xc0
0x16be691:	0xcb	0x9b	0x01	0x6a	0x0f	0x9f	0x01	0x1c
0x16be699:	0x22	0x9e	0x01	0xa4	0x10	0x9b	0x01	0xca
0x16be6a1:	0x70	0xa1	0x01	0x66	0xd6	0x9a	0x01	0x0c
0x16be6a9:	0x66	0x9c	0x01	0xca	0x91	0x99	0x01	0xb2
0x16be6b1:	0x19
PHONE_RECORD_TAIL words:
0x16beb86:	0x0000	0x0000	0x0000	0x0000	0x0199	0x29e2	0x0199	0x6bda
PHONE_RECORD_ENTRY call=52 dst=0x16beb8e base=0x16beb8c token=0x667618 arg4=34 arg5=33 arg8=21895423 dict=0x667440 ret=0x1000d3b5
0x667618:	"nine"
0x667440:	0x80	0x00	0xc8	0xa3	0xdd	0x00	0x00	0x00
0x667448:	0x00	0x00	0x00	0x00	0x00	0x00	0x00	0x00
0x667450:	0xff	0xff	0xff	0xff	0xfc	0x75	0x66	0x00
0x667458:	0x71	0x02	0x01	0x10	0x84	0x92	0x07	0x10
Temporary breakpoint 159 at 0x1000d3b5
PHONE_RECORD_RETURN call=52 count=0 token_index=34 status=0 boundary_marker=0xff source=0x16beb93:	"nine"
PHONE_RECORD_HEADER bytes:
0x16beb8e:	0x00	0x00	0x22	0x00	0x00	0x6e	0x69	0x6e
0x16beb96:	0x65	0x00	0x94	0x35	0x9a	0x01	0xec	0x29
0x16beb9e:	0x99	0x01	0x7c	0xcb	0x99	0x01	0x52	0x1a
0x16beba6:	0x9d	0x01	0xb2	0xca	0xa0	0x01	0x0e	0x03
0x16bebae:	0x99	0x01	0xd8	0xff	0x9b	0x01	0x4c	0x56
PHONE_RECORD_TAIL words:
0x16bf0da:	0x0000	0x0000	0x0000	0x0001	0x0199	0x10a0	0x019f	0x1bb0
PHONE_RECORD_ENTRY call=53 dst=0x16bf0e2 base=0x16bf0e0 token=0x667618 arg4=35 arg5=34 arg8=21895423 dict=0x667440 ret=0x1000d3b5
0x667618:	"ninety"
0x667440:	0x01	0xe4	0xc8	0xa3	0xdd	0x00	0x00	0x00
0x667448:	0x00	0x00	0x00	0x00	0x00	0x00	0x00	0x00
0x667450:	0xff	0xff	0xff	0xff	0xfc	0x75	0x66	0x00
0x667458:	0x71	0x02	0x01	0x10	0x84	0x92	0x07	0x10
Temporary breakpoint 160 at 0x1000d3b5
PHONE_RECORD_RETURN call=53 count=1 token_index=35 status=0 boundary_marker=0xff source=0x16bf0e7:	"ninety"
PHONE_RECORD_HEADER bytes:
0x16bf0e2:	0x01	0x00	0x23	0x00	0x00	0x6e	0x69	0x6e
0x16bf0ea:	0x65	0x74	0x79	0x00	0x9b	0x01	0x96	0x2a
0x16bf0f2:	0x99	0x01	0x40	0xce	0x9b	0x01	0xa0	0x2a
0x16bf0fa:	0x99	0x01	0xc4	0x1b	0x9d	0x01	0x12	0x04
0x16bf102:	0x99	0x01	0xaa	0xff	0x99	0x01	0xf0	0x10
PHONE_SLOT index=0 marker=0xff bytes:
0x16bf119:	0x2d	0x11	0x2d	0x39	0x26	0x00	0x01	0xa8
0x16bf121:	0x04	0x99	0x01	0x22	0x2b	0x99	0x01	0xfe
0x16bf129:	0xce	0x9b	0x01	0xbe	0x1c	0x9d	0x01	0xbc
0x16bf131:	0x04	0x99	0x01	0x5e	0x58	0x99	0x01	0x2c
0x16bf139:	0x2b	0x99	0x01	0x34	0x36	0x9a	0x01	0x3a
0x16bf141:	0xcc	0x99	0x01	0x60	0x1b	0x9d	0x01	0xf0
0x16bf149:	0xcd	0x9b	0x01	0x50	0x57	0x99	0x01	0x6e
0x16bf151:	0x2a	0x99	0x01	0x0c	0xcb	0xa0	0x01	0xaa
0x16bf159:	0x10
PHONE_RECORD_TAIL words:
0x16bf62e:	0x0000	0x0000	0x0000	0x0000	0x019a	0xcd52	0x0199	0x9206
PHONE_RECORD_ENTRY call=54 dst=0x16bf636 base=0x16bf634 token=0x667618 arg4=36 arg5=35 arg8=21895423 dict=0x667440 ret=0x1000d3b5
0x667618:	"nine"
0x667440:	0x80	0x00	0xc8	0xa3	0xdd	0x00	0x00	0x00
0x667448:	0x00	0x00	0x00	0x00	0x00	0x00	0x00	0x00
0x667450:	0xff	0xff	0xff	0xff	0xfc	0x75	0x66	0x00
0x667458:	0x71	0x02	0x01	0x10	0x84	0x92	0x07	0x10
Temporary breakpoint 161 at 0x1000d3b5
PHONE_RECORD_RETURN call=54 count=0 token_index=36 status=0 boundary_marker=0xff source=0x16bf63b:	"nine"
PHONE_RECORD_HEADER bytes:
0x16bf636:	0x00	0x00	0x24	0x00	0x00	0x6e	0x69	0x6e
0x16bf63e:	0x65	0x00	0x62	0xcf	0x9b	0x01	0xb8	0x58
0x16bf646:	0x99	0x01	0x3a	0x12	0x9f	0x01	0x0c	0xa7
0x16bf64e:	0x9c	0x01	0x74	0x71	0xa1	0x01	0xf0	0xe7
0x16bf656:	0x9f	0x01	0x36	0xff	0xa0	0x01	0x06	0x96
PHONE_RECORD_TAIL words:
0x16bfb82:	0x0000	0x0000	0x0000	0x0001	0x0199	0x3710	0x019a	0x6cd4
PHONE_RECORD_ENTRY call=55 dst=0x16bfb8a base=0x16bfb88 token=0x667618 arg4=36 arg5=36 arg8=21895423 dict=0x667440 ret=0x1000d3b5
0x667618:	","
0x667440:	0x00	0x00	0xc8	0xa3	0xdd	0x00	0x00	0x00
0x667448:	0x00	0x00	0x00	0x00	0x00	0x00	0x00	0x00
0x667450:	0xff	0xff	0xff	0xff	0xfc	0x75	0x66	0x00
0x667458:	0x71	0x02	0x01	0x10	0x84	0x92	0x07	0x10
Temporary breakpoint 162 at 0x1000d3b5
PHONE_RECORD_RETURN call=55 count=0 token_index=36 status=0 boundary_marker=0xff source=0x16bfb8f:	","
PHONE_RECORD_HEADER bytes:
0x16bfb8a:	0x00	0x00	0x24	0x00	0x00	0x2c	0x00	0x6c
0x16bfb92:	0x9b	0x01	0x10	0x92	0x99	0x01	0x2c	0x1d
0x16bfb9a:	0x9d	0x01	0xac	0xcb	0xa0	0x01	0x5c	0xcd
0x16bfba2:	0x99	0x01	0x76	0xcf	0x9b	0x01	0xc2	0x58
0x16bfbaa:	0x99	0x01	0x5e	0xff	0x99	0x01	0x26	0x6c
PHONE_RECORD_TAIL words:
0x16c00d6:	0x0000	0x0000	0x0000	0x0000	0x0000	0x0000	0x0000	0x0000
PHONE_RECORD_ENTRY call=56 dst=0x16c00de base=0x16c00dc token=0x667618 arg4=37 arg5=36 arg8=21895423 dict=0x667440 ret=0x1000d3b5
0x667618:	"ten"
0x667440:	0x80	0x00	0xc8	0xa3	0xdd	0x00	0x00	0x00
0x667448:	0x00	0x00	0x00	0x00	0x00	0x00	0x00	0x00
0x667450:	0xff	0xff	0xff	0xff	0xfc	0x75	0x66	0x00
0x667458:	0x71	0x02	0x01	0x10	0x84	0x92	0x07	0x10
Temporary breakpoint 163 at 0x1000d3b5
PHONE_RECORD_RETURN call=56 count=0 token_index=37 status=0 boundary_marker=0xff source=0x16c00e3:	"ten"
PHONE_RECORD_HEADER bytes:
0x16c00de:	0x00	0x00	0x25	0x00	0x00	0x74	0x65	0x6e
0x16c00e6:	0x00	0x00	0x00	0x00	0x00	0x00	0x00	0x00
0x16c00ee:	0x00	0x00	0x00	0x00	0x00	0x00	0x00	0x00
0x16c00f6:	0x00	0x00	0x00	0x00	0x00	0x00	0x00	0x00
0x16c00fe:	0x00	0x00	0x00	0xff	0x00	0x00	0x00	0x00
PHONE_RECORD_TAIL words:
0x16c062a:	0x0000	0x0000	0x0000	0x0001	0x0000	0x0000	0x0000	0x0000
PHONE_RECORD_ENTRY call=57 dst=0x16c0632 base=0x16c0630 token=0x667618 arg4=38 arg5=37 arg8=21895423 dict=0x667440 ret=0x1000d3b5
0x667618:	"thousand"
0x667440:	0x80	0x00	0xc8	0xa3	0xdd	0x00	0x00	0x00
0x667448:	0x00	0x00	0x00	0x00	0x00	0x00	0x00	0x00
0x667450:	0xff	0xff	0xff	0xff	0xfc	0x75	0x66	0x00
0x667458:	0x71	0x02	0x01	0x10	0x84	0x92	0x07	0x10
Temporary breakpoint 164 at 0x1000d3b5
PHONE_RECORD_RETURN call=57 count=0 token_index=38 status=0 boundary_marker=0xff source=0x16c0637:	"thousand"
PHONE_RECORD_HEADER bytes:
0x16c0632:	0x00	0x00	0x26	0x00	0x00	0x74	0x68	0x6f
0x16c063a:	0x75	0x73	0x61	0x6e	0x64	0x00	0x00	0x00
0x16c0642:	0x00	0x00	0x00	0x00	0x00	0x00	0x00	0x00
0x16c064a:	0x00	0x00	0x00	0x00	0x00	0x00	0x00	0x00
0x16c0652:	0x00	0x00	0x00	0xff	0x00	0x00	0x00	0x00
PHONE_RECORD_TAIL words:
0x16c0b7e:	0x0000	0x0000	0x0000	0x0001	0x0000	0x0000	0x0000	0x0000
PHONE_RECORD_ENTRY call=58 dst=0x16c0b86 base=0x16c0b84 token=0x667618 arg4=38 arg5=38 arg8=21895423 dict=0x667440 ret=0x1000d3b5
0x667618:	","
0x667440:	0x00	0x00	0xc8	0xa3	0xdd	0x00	0x00	0x00
0x667448:	0x00	0x00	0x00	0x00	0x00	0x00	0x00	0x00
0x667450:	0xff	0xff	0xff	0xff	0xfc	0x75	0x66	0x00
0x667458:	0x71	0x02	0x01	0x10	0x84	0x92	0x07	0x10
Temporary breakpoint 165 at 0x1000d3b5
PHONE_RECORD_RETURN call=58 count=0 token_index=38 status=0 boundary_marker=0xff source=0x16c0b8b:	","
PHONE_RECORD_HEADER bytes:
0x16c0b86:	0x00	0x00	0x26	0x00	0x00	0x2c	0x00	0x00
0x16c0b8e:	0x00	0x00	0x00	0x00	0x00	0x00	0x00	0x00
0x16c0b96:	0x00	0x00	0x00	0x00	0x00	0x00	0x00	0x00
0x16c0b9e:	0x00	0x00	0x00	0x00	0x00	0x00	0x00	0x00
0x16c0ba6:	0x00	0x00	0x00	0xff	0x00	0x00	0x00	0x00
PHONE_RECORD_TAIL words:
0x16c10d2:	0x0000	0x0000	0x0000	0x0000	0x0000	0x0000	0x0000	0x0000
PHONE_RECORD_ENTRY call=59 dst=0x16c10da base=0x16c10d8 token=0x667618 arg4=39 arg5=38 arg8=21895423 dict=0x667440 ret=0x1000d3b5
0x667618:	"ten"
0x667440:	0x80	0x00	0xc8	0xa3	0xdd	0x00	0x00	0x00
0x667448:	0x00	0x00	0x00	0x00	0x00	0x00	0x00	0x00
0x667450:	0xff	0xff	0xff	0xff	0xfc	0x75	0x66	0x00
0x667458:	0x71	0x02	0x01	0x10	0x84	0x92	0x07	0x10
Temporary breakpoint 166 at 0x1000d3b5
PHONE_RECORD_RETURN call=59 count=0 token_index=39 status=0 boundary_marker=0xff source=0x16c10df:	"ten"
PHONE_RECORD_HEADER bytes:
0x16c10da:	0x00	0x00	0x27	0x00	0x00	0x74	0x65	0x6e
0x16c10e2:	0x00	0x00	0x00	0x00	0x00	0x00	0x00	0x00
0x16c10ea:	0x00	0x00	0x00	0x00	0x00	0x00	0x00	0x00
0x16c10f2:	0x00	0x00	0x00	0x00	0x00	0x00	0x00	0x00
0x16c10fa:	0x00	0x00	0x00	0xff	0x00	0x00	0x00	0x00
PHONE_RECORD_TAIL words:
0x16c1626:	0x0000	0x0000	0x0000	0x0001	0x0000	0x0000	0x0000	0x0000
PHONE_RECORD_ENTRY call=60 dst=0x16c162e base=0x16c162c token=0x667618 arg4=40 arg5=39 arg8=21895423 dict=0x667440 ret=0x1000d3b5
0x667618:	"thousand"
0x667440:	0x80	0x00	0xc8	0xa3	0xdd	0x00	0x00	0x00
0x667448:	0x00	0x00	0x00	0x00	0x00	0x00	0x00	0x00
0x667450:	0xff	0xff	0xff	0xff	0xfc	0x75	0x66	0x00
0x667458:	0x71	0x02	0x01	0x10	0x84	0x92	0x07	0x10
Temporary breakpoint 167 at 0x1000d3b5
PHONE_RECORD_RETURN call=60 count=0 token_index=40 status=0 boundary_marker=0xff source=0x16c1633:	"thousand"
PHONE_RECORD_HEADER bytes:
0x16c162e:	0x00	0x00	0x28	0x00	0x00	0x74	0x68	0x6f
0x16c1636:	0x75	0x73	0x61	0x6e	0x64	0x00	0x00	0x00
0x16c163e:	0x00	0x00	0x00	0x00	0x00	0x00	0x00	0x00
0x16c1646:	0x00	0x00	0x00	0x00	0x00	0x00	0x00	0x00
0x16c164e:	0x00	0x00	0x00	0xff	0x00	0x00	0x00	0x00
PHONE_RECORD_TAIL words:
0x16c1b7a:	0x0000	0x0000	0x0000	0x0001	0x0000	0x0000	0x0000	0x0000
PHONE_RECORD_ENTRY call=61 dst=0x16c1b82 base=0x16c1b80 token=0x667618 arg4=41 arg5=40 arg8=21895423 dict=0x667440 ret=0x1000d3b5
0x667618:	"one"
0x667440:	0x01	0xf9	0xbf	0xe4	0x00	0x00	0x00	0x00
0x667448:	0x00	0x00	0x00	0x00	0x00	0x00	0x00	0x00
0x667450:	0xff	0xff	0xff	0xff	0xfc	0x75	0x66	0x00
0x667458:	0x71	0x02	0x01	0x10	0x84	0x92	0x07	0x10
Temporary breakpoint 168 at 0x1000d3b5
PHONE_RECORD_RETURN call=61 count=1 token_index=41 status=0 boundary_marker=0xff source=0x16c1b87:	"one"
PHONE_RECORD_HEADER bytes:
0x16c1b82:	0x01	0x00	0x29	0x00	0x00	0x6f	0x6e	0x65
0x16c1b8a:	0x00	0x00	0x00	0x00	0x00	0x00	0x00	0x00
0x16c1b92:	0x00	0x00	0x00	0x00	0x00	0x00	0x00	0x00
0x16c1b9a:	0x00	0x00	0x00	0x00	0x00	0x00	0x00	0x00
0x16c1ba2:	0x00	0x00	0x00	0xff	0x00	0x00	0x00	0x00
PHONE_SLOT index=0 marker=0xff bytes:
0x16c1bb9:	0x42	0x08	0x2d	0x00	0x00	0x00	0x00	0x00
0x16c1bc1:	0x00	0x00	0x00	0x00	0x00	0x00	0x00	0x00
0x16c1bc9:	0x00	0x00	0x00	0x00	0x00	0x00	0x00	0x00
0x16c1bd1:	0x00	0x00	0x00	0x00	0x00	0x00	0x00	0x00
0x16c1bd9:	0x00	0x00	0x00	0x00	0x00	0x00	0x00	0x00
0x16c1be1:	0x00	0x00	0x00	0x00	0x00	0x00	0x00	0x00
0x16c1be9:	0x00	0x00	0x00	0x00	0x00	0x00	0x00	0x00
0x16c1bf1:	0x00	0x00	0x00	0x00	0x00	0x00	0x00	0x00
0x16c1bf9:	0x00
PHONE_RECORD_TAIL words:
0x16c20ce:	0x0000	0x0000	0x0000	0x0000	0x0000	0x0000	0x0000	0x0000
PHONE_RECORD_ENTRY call=62 dst=0x16c20d6 base=0x16c20d4 token=0x667618 arg4=41 arg5=41 arg8=21895423 dict=0x667440 ret=0x1000d3b5
0x667618:	","
0x667440:	0x00	0xf9	0xbf	0xe4	0x00	0x00	0x00	0x00
0x667448:	0x00	0x00	0x00	0x00	0x00	0x00	0x00	0x00
0x667450:	0xff	0xff	0xff	0xff	0xfc	0x75	0x66	0x00
0x667458:	0x71	0x02	0x01	0x10	0x84	0x92	0x07	0x10
Temporary breakpoint 169 at 0x1000d3b5
PHONE_RECORD_RETURN call=62 count=0 token_index=41 status=0 boundary_marker=0xff source=0x16c20db:	","
PHONE_RECORD_HEADER bytes:
0x16c20d6:	0x00	0x00	0x29	0x00	0x00	0x2c	0x00	0x00
0x16c20de:	0x00	0x00	0x00	0x00	0x00	0x00	0x00	0x00
0x16c20e6:	0x00	0x00	0x00	0x00	0x00	0x00	0x00	0x00
0x16c20ee:	0x00	0x00	0x00	0x00	0x00	0x00	0x00	0x00
0x16c20f6:	0x00	0x00	0x00	0xff	0x00	0x00	0x00	0x00
PHONE_RECORD_TAIL words:
0x16c2622:	0x0000	0x0000	0x0000	0x0000	0x0000	0x0000	0x0000	0x0000
PHONE_RECORD_ENTRY call=63 dst=0x16c262a base=0x16c2628 token=0x667618 arg4=42 arg5=41 arg8=21895423 dict=0x667440 ret=0x1000d3b5
0x667618:	"twelve"
0x667440:	0x80	0x00	0xbf	0xe4	0x00	0x00	0x00	0x00
0x667448:	0x00	0x00	0x00	0x00	0x00	0x00	0x00	0x00
0x667450:	0xff	0xff	0xff	0xff	0xfc	0x75	0x66	0x00
0x667458:	0x71	0x02	0x01	0x10	0x84	0x92	0x07	0x10
Temporary breakpoint 170 at 0x1000d3b5
PHONE_RECORD_RETURN call=63 count=0 token_index=42 status=0 boundary_marker=0xff source=0x16c262f:	"twelve"
PHONE_RECORD_HEADER bytes:
0x16c262a:	0x00	0x00	0x2a	0x00	0x00	0x74	0x77	0x65
0x16c2632:	0x6c	0x76	0x65	0x00	0x00	0x00	0x00	0x00
0x16c263a:	0x00	0x00	0x00	0x00	0x00	0x00	0x00	0x00
0x16c2642:	0x00	0x00	0x00	0x00	0x00	0x00	0x00	0x00
0x16c264a:	0x00	0x00	0x00	0xff	0x00	0x00	0x00	0x00
PHONE_RECORD_TAIL words:
0x16c2b76:	0x0000	0x0000	0x0000	0x0001	0x0000	0x0000	0x0000	0x0000
PHONE_RECORD_ENTRY call=64 dst=0x16c2b7e base=0x16c2b7c token=0x667618 arg4=43 arg5=42 arg8=21895423 dict=0x667440 ret=0x1000d3b5
0x667618:	"thousand"
0x667440:	0x80	0x00	0xbf	0xe4	0x00	0x00	0x00	0x00
0x667448:	0x00	0x00	0x00	0x00	0x00	0x00	0x00	0x00
0x667450:	0xff	0xff	0xff	0xff	0xfc	0x75	0x66	0x00
0x667458:	0x71	0x02	0x01	0x10	0x84	0x92	0x07	0x10
Temporary breakpoint 171 at 0x1000d3b5
PHONE_RECORD_RETURN call=64 count=0 token_index=43 status=0 boundary_marker=0xff source=0x16c2b83:	"thousand"
PHONE_RECORD_HEADER bytes:
0x16c2b7e:	0x00	0x00	0x2b	0x00	0x00	0x74	0x68	0x6f
0x16c2b86:	0x75	0x73	0x61	0x6e	0x64	0x00	0x00	0x00
0x16c2b8e:	0x00	0x00	0x00	0x00	0x00	0x00	0x00	0x00
0x16c2b96:	0x00	0x00	0x00	0x00	0x00	0x00	0x00	0x00
0x16c2b9e:	0x00	0x00	0x00	0xff	0x00	0x00	0x00	0x00
PHONE_RECORD_TAIL words:
0x16c30ca:	0x0000	0x0000	0x0000	0x0001	0x0000	0x0000	0x0000	0x0000
PHONE_RECORD_ENTRY call=65 dst=0x16c30d2 base=0x16c30d0 token=0x667618 arg4=44 arg5=43 arg8=21895423 dict=0x667440 ret=0x1000d3b5
0x667618:	"three"
0x667440:	0x80	0x00	0xbf	0xe4	0x00	0x00	0x00	0x00
0x667448:	0x00	0x00	0x00	0x00	0x00	0x00	0x00	0x00
0x667450:	0xff	0xff	0xff	0xff	0xfc	0x75	0x66	0x00
0x667458:	0x71	0x02	0x01	0x10	0x84	0x92	0x07	0x10
Temporary breakpoint 172 at 0x1000d3b5
PHONE_RECORD_RETURN call=65 count=0 token_index=44 status=0 boundary_marker=0xff source=0x16c30d7:	"three"
PHONE_RECORD_HEADER bytes:
0x16c30d2:	0x00	0x00	0x2c	0x00	0x00	0x74	0x68	0x72
0x16c30da:	0x65	0x65	0x00	0x00	0x00	0x00	0x00	0x00
0x16c30e2:	0x00	0x00	0x00	0x00	0x00	0x00	0x00	0x00
0x16c30ea:	0x00	0x00	0x00	0x00	0x00	0x00	0x00	0x00
0x16c30f2:	0x00	0x00	0x00	0xff	0x00	0x00	0x00	0x00
PHONE_RECORD_TAIL words:
0x16c361e:	0x0000	0x0000	0x0000	0x0001	0x0000	0x0000	0x0000	0x0000
PHONE_RECORD_ENTRY call=66 dst=0x16c3626 base=0x16c3624 token=0x667618 arg4=45 arg5=44 arg8=21895423 dict=0x667440 ret=0x1000d3b5
0x667618:	"hundred"
0x667440:	0x80	0x00	0xbf	0xe4	0x00	0x00	0x00	0x00
0x667448:	0x00	0x00	0x00	0x00	0x00	0x00	0x00	0x00
0x667450:	0xff	0xff	0xff	0xff	0xfc	0x75	0x66	0x00
0x667458:	0x71	0x02	0x01	0x10	0x84	0x92	0x07	0x10
Temporary breakpoint 173 at 0x1000d3b5
PHONE_RECORD_RETURN call=66 count=0 token_index=45 status=0 boundary_marker=0xff source=0x16c362b:	"hundred"
PHONE_RECORD_HEADER bytes:
0x16c3626:	0x00	0x00	0x2d	0x00	0x00	0x68	0x75	0x6e
0x16c362e:	0x64	0x72	0x65	0x64	0x00	0x00	0x00	0x00
0x16c3636:	0x00	0x00	0x00	0x00	0x00	0x00	0x00	0x00
0x16c363e:	0x00	0x00	0x00	0x00	0x00	0x00	0x00	0x00
0x16c3646:	0x00	0x00	0x00	0xff	0x00	0x00	0x00	0x00
PHONE_RECORD_TAIL words:
0x16c3b72:	0x0000	0x0000	0x0000	0x0001	0x0000	0x0000	0x0000	0x0000
PHONE_RECORD_ENTRY call=67 dst=0x16c3b7a base=0x16c3b78 token=0x667618 arg4=46 arg5=45 arg8=21895423 dict=0x667440 ret=0x1000d3b5
0x667618:	"forty"
0x667440:	0x80	0x00	0xbf	0xe4	0x00	0x00	0x00	0x00
0x667448:	0x00	0x00	0x00	0x00	0x00	0x00	0x00	0x00
0x667450:	0xff	0xff	0xff	0xff	0xfc	0x75	0x66	0x00
0x667458:	0x71	0x02	0x01	0x10	0x84	0x92	0x07	0x10
Temporary breakpoint 174 at 0x1000d3b5
PHONE_RECORD_RETURN call=67 count=0 token_index=46 status=0 boundary_marker=0xff source=0x16c3b7f:	"forty"
PHONE_RECORD_HEADER bytes:
0x16c3b7a:	0x00	0x00	0x2e	0x00	0x00	0x66	0x6f	0x72
0x16c3b82:	0x74	0x79	0x00	0x00	0x00	0x00	0x00	0x00
0x16c3b8a:	0x00	0x00	0x00	0x00	0x00	0x00	0x00	0x00
0x16c3b92:	0x00	0x00	0x00	0x00	0x00	0x00	0x00	0x00
0x16c3b9a:	0x00	0x00	0x00	0xff	0x00	0x00	0x00	0x00
PHONE_RECORD_TAIL words:
0x16c40c6:	0x0000	0x0000	0x0000	0x0001	0x0000	0x0000	0x0000	0x0000
PHONE_RECORD_ENTRY call=68 dst=0x16c40ce base=0x16c40cc token=0x667618 arg4=47 arg5=46 arg8=21895423 dict=0x667440 ret=0x1000d3b5
0x667618:	"five"
0x667440:	0x80	0x00	0xbf	0xe4	0x00	0x00	0x00	0x00
0x667448:	0x00	0x00	0x00	0x00	0x00	0x00	0x00	0x00
0x667450:	0xff	0xff	0xff	0xff	0xfc	0x75	0x66	0x00
0x667458:	0x71	0x02	0x01	0x10	0x84	0x92	0x07	0x10
Temporary breakpoint 175 at 0x1000d3b5
PHONE_RECORD_RETURN call=68 count=0 token_index=47 status=0 boundary_marker=0xff source=0x16c40d3:	"five"
PHONE_RECORD_HEADER bytes:
0x16c40ce:	0x00	0x00	0x2f	0x00	0x00	0x66	0x69	0x76
0x16c40d6:	0x65	0x00	0x00	0x00	0x00	0x00	0x00	0x00
0x16c40de:	0x00	0x00	0x00	0x00	0x00	0x00	0x00	0x00
0x16c40e6:	0x00	0x00	0x00	0x00	0x00	0x00	0x00	0x00
0x16c40ee:	0x00	0x00	0x00	0xff	0x00	0x00	0x00	0x00
PHONE_RECORD_TAIL words:
0x16c461a:	0x0000	0x0000	0x0000	0x0001	0x0000	0x0000	0x0000	0x0000
PHONE_RECORD_ENTRY call=69 dst=0x16c4622 base=0x16c4620 token=0x667618 arg4=47 arg5=47 arg8=21895423 dict=0x667440 ret=0x1000d3b5
0x667618:	","
0x667440:	0x00	0x00	0xbf	0xe4	0x00	0x00	0x00	0x00
0x667448:	0x00	0x00	0x00	0x00	0x00	0x00	0x00	0x00
0x667450:	0xff	0xff	0xff	0xff	0xfc	0x75	0x66	0x00
0x667458:	0x71	0x02	0x01	0x10	0x84	0x92	0x07	0x10
Temporary breakpoint 176 at 0x1000d3b5
PHONE_RECORD_RETURN call=69 count=0 token_index=47 status=0 boundary_marker=0xff source=0x16c4627:	","
PHONE_RECORD_HEADER bytes:
0x16c4622:	0x00	0x00	0x2f	0x00	0x00	0x2c	0x00	0x00
0x16c462a:	0x00	0x00	0x00	0x00	0x00	0x00	0x00	0x00
0x16c4632:	0x00	0x00	0x00	0x00	0x00	0x00	0x00	0x00
0x16c463a:	0x00	0x00	0x00	0x00	0x00	0x00	0x00	0x00
0x16c4642:	0x00	0x00	0x00	0xff	0x00	0x00	0x00	0x00
PHONE_RECORD_TAIL words:
0x16c4b6e:	0x0000	0x0000	0x0000	0x0000	0x0000	0x0000	0x0000	0x0000
PHONE_RECORD_ENTRY call=70 dst=0x16c4b76 base=0x16c4b74 token=0x667618 arg4=48 arg5=47 arg8=21895423 dict=0x667440 ret=0x1000d3b5
0x667618:	"one"
0x667440:	0x01	0xf9	0xbf	0xe4	0x00	0x00	0x00	0x00
0x667448:	0x00	0x00	0x00	0x00	0x00	0x00	0x00	0x00
0x667450:	0xff	0xff	0xff	0xff	0xfc	0x75	0x66	0x00
0x667458:	0x71	0x02	0x01	0x10	0x84	0x92	0x07	0x10
Temporary breakpoint 177 at 0x1000d3b5
PHONE_RECORD_RETURN call=70 count=1 token_index=48 status=0 boundary_marker=0xff source=0x16c4b7b:	"one"
PHONE_RECORD_HEADER bytes:
0x16c4b76:	0x01	0x00	0x30	0x00	0x00	0x6f	0x6e	0x65
0x16c4b7e:	0x00	0x00	0x00	0x00	0x00	0x00	0x00	0x00
0x16c4b86:	0x00	0x00	0x00	0x00	0x00	0x00	0x00	0x00
0x16c4b8e:	0x00	0x00	0x00	0x00	0x00	0x00	0x00	0x00
0x16c4b96:	0x00	0x00	0x00	0xff	0x00	0x00	0x00	0x00
PHONE_SLOT index=0 marker=0xff bytes:
0x16c4bad:	0x42	0x08	0x2d	0x00	0x00	0x00	0x00	0x00
0x16c4bb5:	0x00	0x00	0x00	0x00	0x00	0x00	0x00	0x00
0x16c4bbd:	0x00	0x00	0x00	0x00	0x00	0x00	0x00	0x00
0x16c4bc5:	0x00	0x00	0x00	0x00	0x00	0x00	0x00	0x00
0x16c4bcd:	0x00	0x00	0x00	0x00	0x00	0x00	0x00	0x00
0x16c4bd5:	0x00	0x00	0x00	0x00	0x00	0x00	0x00	0x00
0x16c4bdd:	0x00	0x00	0x00	0x00	0x00	0x00	0x00	0x00
0x16c4be5:	0x00	0x00	0x00	0x00	0x00	0x00	0x00	0x00
0x16c4bed:	0x00
PHONE_RECORD_TAIL words:
0x16c50c2:	0x0000	0x0000	0x0000	0x0000	0x0000	0x0000	0x0000	0x0000
PHONE_RECORD_ENTRY call=71 dst=0x16c50ca base=0x16c50c8 token=0x667618 arg4=49 arg5=48 arg8=21895423 dict=0x667440 ret=0x1000d3b5
0x667618:	"hundred"
0x667440:	0x80	0x00	0xbf	0xe4	0x00	0x00	0x00	0x00
0x667448:	0x00	0x00	0x00	0x00	0x00	0x00	0x00	0x00
0x667450:	0xff	0xff	0xff	0xff	0xfc	0x75	0x66	0x00
0x667458:	0x71	0x02	0x01	0x10	0x84	0x92	0x07	0x10
Temporary breakpoint 178 at 0x1000d3b5
PHONE_RECORD_RETURN call=71 count=0 token_index=49 status=0 boundary_marker=0xff source=0x16c50cf:	"hundred"
PHONE_RECORD_HEADER bytes:
0x16c50ca:	0x00	0x00	0x31	0x00	0x00	0x68	0x75	0x6e
0x16c50d2:	0x64	0x72	0x65	0x64	0x00	0x00	0x00	0x00
0x16c50da:	0x00	0x00	0x00	0x00	0x00	0x00	0x00	0x00
0x16c50e2:	0x00	0x00	0x00	0x00	0x00	0x00	0x00	0x00
0x16c50ea:	0x00	0x00	0x00	0xff	0x00	0x00	0x00	0x00
PHONE_RECORD_TAIL words:
0x16c5616:	0x0000	0x0000	0x0000	0x0001	0x0000	0x0000	0x0000	0x0000
PHONE_RECORD_ENTRY call=72 dst=0x16c561e base=0x16c561c token=0x667618 arg4=50 arg5=49 arg8=21895423 dict=0x667440 ret=0x1000d3b5
0x667618:	"thousand"
0x667440:	0x80	0x00	0xbf	0xe4	0x00	0x00	0x00	0x00
0x667448:	0x00	0x00	0x00	0x00	0x00	0x00	0x00	0x00
0x667450:	0xff	0xff	0xff	0xff	0xfc	0x75	0x66	0x00
0x667458:	0x71	0x02	0x01	0x10	0x84	0x92	0x07	0x10
Temporary breakpoint 179 at 0x1000d3b5
PHONE_RECORD_RETURN call=72 count=0 token_index=50 status=0 boundary_marker=0xff source=0x16c5623:	"thousand"
PHONE_RECORD_HEADER bytes:
0x16c561e:	0x00	0x00	0x32	0x00	0x00	0x74	0x68	0x6f
0x16c5626:	0x75	0x73	0x61	0x6e	0x64	0x00	0x00	0x00
0x16c562e:	0x00	0x00	0x00	0x00	0x00	0x00	0x00	0x00
0x16c5636:	0x00	0x00	0x00	0x00	0x00	0x00	0x00	0x00
0x16c563e:	0x00	0x00	0x00	0xff	0x00	0x00	0x00	0x00
PHONE_RECORD_TAIL words:
0x16c5b6a:	0x0000	0x0000	0x0000	0x0001	0x0000	0x0000	0x0000	0x0000
PHONE_RECORD_ENTRY call=73 dst=0x16c5b72 base=0x16c5b70 token=0x667618 arg4=50 arg5=50 arg8=21895423 dict=0x667440 ret=0x1000d3b5
0x667618:	","
0x667440:	0x00	0x00	0xbf	0xe4	0x00	0x00	0x00	0x00
0x667448:	0x00	0x00	0x00	0x00	0x00	0x00	0x00	0x00
0x667450:	0xff	0xff	0xff	0xff	0xfc	0x75	0x66	0x00
0x667458:	0x71	0x02	0x01	0x10	0x84	0x92	0x07	0x10
Temporary breakpoint 180 at 0x1000d3b5
PHONE_RECORD_RETURN call=73 count=0 token_index=50 status=0 boundary_marker=0xff source=0x16c5b77:	","
PHONE_RECORD_HEADER bytes:
0x16c5b72:	0x00	0x00	0x32	0x00	0x00	0x2c	0x00	0x00
0x16c5b7a:	0x00	0x00	0x00	0x00	0x00	0x00	0x00	0x00
0x16c5b82:	0x00	0x00	0x00	0x00	0x00	0x00	0x00	0x00
0x16c5b8a:	0x00	0x00	0x00	0x00	0x00	0x00	0x00	0x00
0x16c5b92:	0x00	0x00	0x00	0xff	0x00	0x00	0x00	0x00
PHONE_RECORD_TAIL words:
0x16c60be:	0x0000	0x0000	0x0000	0x0000	0x0000	0x0000	0x0000	0x0000
PHONE_RECORD_ENTRY call=74 dst=0x16c60c6 base=0x16c60c4 token=0x667618 arg4=51 arg5=50 arg8=21895423 dict=0x667440 ret=0x1000d3b5
0x667618:	"one"
0x667440:	0x01	0xf9	0xbf	0xe4	0x00	0x00	0x00	0x00
0x667448:	0x00	0x00	0x00	0x00	0x00	0x00	0x00	0x00
0x667450:	0xff	0xff	0xff	0xff	0xfc	0x75	0x66	0x00
0x667458:	0x71	0x02	0x01	0x10	0x84	0x92	0x07	0x10
Temporary breakpoint 181 at 0x1000d3b5
PHONE_RECORD_RETURN call=74 count=1 token_index=51 status=0 boundary_marker=0xff source=0x16c60cb:	"one"
PHONE_RECORD_HEADER bytes:
0x16c60c6:	0x01	0x00	0x33	0x00	0x00	0x6f	0x6e	0x65
0x16c60ce:	0x00	0x00	0x00	0x00	0x00	0x00	0x00	0x00
0x16c60d6:	0x00	0x00	0x00	0x00	0x00	0x00	0x00	0x00
0x16c60de:	0x00	0x00	0x00	0x00	0x00	0x00	0x00	0x00
0x16c60e6:	0x00	0x00	0x00	0xff	0x00	0x00	0x00	0x00
PHONE_SLOT index=0 marker=0xff bytes:
0x16c60fd:	0x42	0x08	0x2d	0x00	0x00	0x00	0x00	0x00
0x16c6105:	0x00	0x00	0x00	0x00	0x00	0x00	0x00	0x00
0x16c610d:	0x00	0x00	0x00	0x00	0x00	0x00	0x00	0x00
0x16c6115:	0x00	0x00	0x00	0x00	0x00	0x00	0x00	0x00
0x16c611d:	0x00	0x00	0x00	0x00	0x00	0x00	0x00	0x00
0x16c6125:	0x00	0x00	0x00	0x00	0x00	0x00	0x00	0x00
0x16c612d:	0x00	0x00	0x00	0x00	0x00	0x00	0x00	0x00
0x16c6135:	0x00	0x00	0x00	0x00	0x00	0x00	0x00	0x00
0x16c613d:	0x00
PHONE_RECORD_TAIL words:
0x16c6612:	0x0000	0x0000	0x0000	0x0000	0x0000	0x0000	0x0000	0x0000
PHONE_RECORD_ENTRY call=75 dst=0x16c661a base=0x16c6618 token=0x667618 arg4=52 arg5=51 arg8=21895423 dict=0x667440 ret=0x1000d3b5
0x667618:	"hundred"
0x667440:	0x80	0x00	0xbf	0xe4	0x00	0x00	0x00	0x00
0x667448:	0x00	0x00	0x00	0x00	0x00	0x00	0x00	0x00
0x667450:	0xff	0xff	0xff	0xff	0xfc	0x75	0x66	0x00
0x667458:	0x71	0x02	0x01	0x10	0x84	0x92	0x07	0x10
Temporary breakpoint 182 at 0x1000d3b5
PHONE_RECORD_RETURN call=75 count=0 token_index=52 status=0 boundary_marker=0xff source=0x16c661f:	"hundred"
PHONE_RECORD_HEADER bytes:
0x16c661a:	0x00	0x00	0x34	0x00	0x00	0x68	0x75	0x6e
0x16c6622:	0x64	0x72	0x65	0x64	0x00	0x00	0x00	0x00
0x16c662a:	0x00	0x00	0x00	0x00	0x00	0x00	0x00	0x00
0x16c6632:	0x00	0x00	0x00	0x00	0x00	0x00	0x00	0x00
0x16c663a:	0x00	0x00	0x00	0xff	0x00	0x00	0x00	0x00
PHONE_RECORD_TAIL words:
0x16c6b66:	0x0000	0x0000	0x0000	0x0001	0x0000	0x0000	0x0000	0x0000
PHONE_RECORD_ENTRY call=76 dst=0x16c6b6e base=0x16c6b6c token=0x667618 arg4=53 arg5=52 arg8=21895423 dict=0x667440 ret=0x1000d3b5
0x667618:	"thousand"
0x667440:	0x80	0x00	0xbf	0xe4	0x00	0x00	0x00	0x00
0x667448:	0x00	0x00	0x00	0x00	0x00	0x00	0x00	0x00
0x667450:	0xff	0xff	0xff	0xff	0xfc	0x75	0x66	0x00
0x667458:	0x71	0x02	0x01	0x10	0x84	0x92	0x07	0x10
Temporary breakpoint 183 at 0x1000d3b5
PHONE_RECORD_RETURN call=76 count=0 token_index=53 status=0 boundary_marker=0xff source=0x16c6b73:	"thousand"
PHONE_RECORD_HEADER bytes:
0x16c6b6e:	0x00	0x00	0x35	0x00	0x00	0x74	0x68	0x6f
0x16c6b76:	0x75	0x73	0x61	0x6e	0x64	0x00	0x00	0x00
0x16c6b7e:	0x00	0x00	0x00	0x00	0x00	0x00	0x00	0x00
0x16c6b86:	0x00	0x00	0x00	0x00	0x00	0x00	0x00	0x00
0x16c6b8e:	0x00	0x00	0x00	0xff	0x00	0x00	0x00	0x00
PHONE_RECORD_TAIL words:
0x16c70ba:	0x0000	0x0000	0x0000	0x0001	0x0000	0x0000	0x0000	0x0000
PHONE_RECORD_ENTRY call=77 dst=0x16c70c2 base=0x16c70c0 token=0x667618 arg4=54 arg5=53 arg8=21895423 dict=0x667440 ret=0x1000d3b5
0x667618:	"one"
0x667440:	0x01	0xf9	0xbf	0xe4	0x00	0x00	0x00	0x00
0x667448:	0x00	0x00	0x00	0x00	0x00	0x00	0x00	0x00
0x667450:	0xff	0xff	0xff	0xff	0xfc	0x75	0x66	0x00
0x667458:	0x71	0x02	0x01	0x10	0x84	0x92	0x07	0x10
Temporary breakpoint 184 at 0x1000d3b5
PHONE_RECORD_RETURN call=77 count=1 token_index=54 status=0 boundary_marker=0xff source=0x16c70c7:	"one"
PHONE_RECORD_HEADER bytes:
0x16c70c2:	0x01	0x00	0x36	0x00	0x00	0x6f	0x6e	0x65
0x16c70ca:	0x00	0x00	0x00	0x00	0x00	0x00	0x00	0x00
0x16c70d2:	0x00	0x00	0x00	0x00	0x00	0x00	0x00	0x00
0x16c70da:	0x00	0x00	0x00	0x00	0x00	0x00	0x00	0x00
0x16c70e2:	0x00	0x00	0x00	0xff	0x00	0x00	0x00	0x00
PHONE_SLOT index=0 marker=0xff bytes:
0x16c70f9:	0x42	0x08	0x2d	0x00	0x00	0x00	0x00	0x00
0x16c7101:	0x00	0x00	0x00	0x00	0x00	0x00	0x00	0x00
0x16c7109:	0x00	0x00	0x00	0x00	0x00	0x00	0x00	0x00
0x16c7111:	0x00	0x00	0x00	0x00	0x00	0x00	0x00	0x00
0x16c7119:	0x00	0x00	0x00	0x00	0x00	0x00	0x00	0x00
0x16c7121:	0x00	0x00	0x00	0x00	0x00	0x00	0x00	0x00
0x16c7129:	0x00	0x00	0x00	0x00	0x00	0x00	0x00	0x00
0x16c7131:	0x00	0x00	0x00	0x00	0x00	0x00	0x00	0x00
0x16c7139:	0x00
PHONE_RECORD_TAIL words:
0x16c760e:	0x0000	0x0000	0x0000	0x0000	0x0000	0x0000	0x0000	0x0000
PHONE_RECORD_ENTRY call=78 dst=0x16c7616 base=0x16c7614 token=0x667618 arg4=54 arg5=54 arg8=21895423 dict=0x667440 ret=0x1000d3b5
0x667618:	","
0x667440:	0x00	0xf9	0xbf	0xe4	0x00	0x00	0x00	0x00
0x667448:	0x00	0x00	0x00	0x00	0x00	0x00	0x00	0x00
0x667450:	0xff	0xff	0xff	0xff	0xfc	0x75	0x66	0x00
0x667458:	0x71	0x02	0x01	0x10	0x84	0x92	0x07	0x10
Temporary breakpoint 185 at 0x1000d3b5
PHONE_RECORD_RETURN call=78 count=0 token_index=54 status=0 boundary_marker=0xff source=0x16c761b:	","
PHONE_RECORD_HEADER bytes:
0x16c7616:	0x00	0x00	0x36	0x00	0x00	0x2c	0x00	0x00
0x16c761e:	0x00	0x00	0x00	0x00	0x00	0x00	0x00	0x00
0x16c7626:	0x00	0x00	0x00	0x00	0x00	0x00	0x00	0x00
0x16c762e:	0x00	0x00	0x00	0x00	0x00	0x00	0x00	0x00
0x16c7636:	0x00	0x00	0x00	0xff	0x00	0x00	0x00	0x00
PHONE_RECORD_TAIL words:
0x16c7b62:	0x0000	0x0000	0x0000	0x0000	0x0000	0x0000	0x0000	0x0000
PHONE_RECORD_ENTRY call=79 dst=0x16c7b6a base=0x16c7b68 token=0x667618 arg4=55 arg5=54 arg8=21895423 dict=0x667440 ret=0x1000d3b5
0x667618:	"one"
0x667440:	0x01	0xf9	0xbf	0xe4	0x00	0x00	0x00	0x00
0x667448:	0x00	0x00	0x00	0x00	0x00	0x00	0x00	0x00
0x667450:	0xff	0xff	0xff	0xff	0xfc	0x75	0x66	0x00
0x667458:	0x71	0x02	0x01	0x10	0x84	0x92	0x07	0x10
Temporary breakpoint 186 at 0x1000d3b5
PHONE_RECORD_RETURN call=79 count=1 token_index=55 status=0 boundary_marker=0xff source=0x16c7b6f:	"one"
PHONE_RECORD_HEADER bytes:
0x16c7b6a:	0x01	0x00	0x37	0x00	0x00	0x6f	0x6e	0x65
0x16c7b72:	0x00	0x00	0x00	0x00	0x00	0x00	0x00	0x00
0x16c7b7a:	0x00	0x00	0x00	0x00	0x00	0x00	0x00	0x00
0x16c7b82:	0x00	0x00	0x00	0x00	0x00	0x00	0x00	0x00
0x16c7b8a:	0x00	0x00	0x00	0xff	0x00	0x00	0x00	0x00
PHONE_SLOT index=0 marker=0xff bytes:
0x16c7ba1:	0x42	0x08	0x2d	0x00	0x00	0x00	0x00	0x00
0x16c7ba9:	0x00	0x00	0x00	0x00	0x00	0x00	0x00	0x00
0x16c7bb1:	0x00	0x00	0x00	0x00	0x00	0x00	0x00	0x00
0x16c7bb9:	0x00	0x00	0x00	0x00	0x00	0x00	0x00	0x00
0x16c7bc1:	0x00	0x00	0x00	0x00	0x00	0x00	0x00	0x00
0x16c7bc9:	0x00	0x00	0x00	0x00	0x00	0x00	0x00	0x00
0x16c7bd1:	0x00	0x00	0x00	0x00	0x00	0x00	0x00	0x00
0x16c7bd9:	0x00	0x00	0x00	0x00	0x00	0x00	0x00	0x00
0x16c7be1:	0x00
PHONE_RECORD_TAIL words:
0x16c80b6:	0x0000	0x0000	0x0000	0x0000	0x0000	0x0000	0x0000	0x0000
PHONE_RECORD_ENTRY call=80 dst=0x16c80be base=0x16c80bc token=0x667618 arg4=56 arg5=55 arg8=21895423 dict=0x667440 ret=0x1000d3b5
0x667618:	"million"
0x667440:	0x80	0x00	0xbf	0xe4	0x00	0x00	0x00	0x00
0x667448:	0x00	0x00	0x00	0x00	0x00	0x00	0x00	0x00
0x667450:	0xff	0xff	0xff	0xff	0xfc	0x75	0x66	0x00
0x667458:	0x71	0x02	0x01	0x10	0x84	0x92	0x07	0x10
Temporary breakpoint 187 at 0x1000d3b5
PHONE_RECORD_RETURN call=80 count=0 token_index=56 status=0 boundary_marker=0xff source=0x16c80c3:	"million"
PHONE_RECORD_HEADER bytes:
0x16c80be:	0x00	0x00	0x38	0x00	0x00	0x6d	0x69	0x6c
0x16c80c6:	0x6c	0x69	0x6f	0x6e	0x00	0x00	0x00	0x00
0x16c80ce:	0x00	0x00	0x00	0x00	0x00	0x00	0x00	0x00
0x16c80d6:	0x00	0x00	0x00	0x00	0x00	0x00	0x00	0x00
0x16c80de:	0x00	0x00	0x00	0xff	0x00	0x00	0x00	0x00
PHONE_RECORD_TAIL words:
0x16c860a:	0x0000	0x0000	0x0000	0x0001	0x0000	0x0000	0x0000	0x0000
PHONE_RECORD_ENTRY call=81 dst=0x16c8612 base=0x16c8610 token=0x667618 arg4=56 arg5=56 arg8=21895423 dict=0x667440 ret=0x1000d3b5
0x667618:	","
0x667440:	0x00	0x00	0xbf	0xe4	0x00	0x00	0x00	0x00
0x667448:	0x00	0x00	0x00	0x00	0x00	0x00	0x00	0x00
0x667450:	0xff	0xff	0xff	0xff	0xfc	0x75	0x66	0x00
0x667458:	0x71	0x02	0x01	0x10	0x84	0x92	0x07	0x10
Temporary breakpoint 188 at 0x1000d3b5
PHONE_RECORD_RETURN call=81 count=0 token_index=56 status=0 boundary_marker=0xff source=0x16c8617:	","
PHONE_RECORD_HEADER bytes:
0x16c8612:	0x00	0x00	0x38	0x00	0x00	0x2c	0x00	0x00
0x16c861a:	0x00	0x00	0x00	0x00	0x00	0x00	0x00	0x00
0x16c8622:	0x00	0x00	0x00	0x00	0x00	0x00	0x00	0x00
0x16c862a:	0x00	0x00	0x00	0x00	0x00	0x00	0x00	0x00
0x16c8632:	0x00	0x00	0x00	0xff	0x00	0x00	0x00	0x00
PHONE_RECORD_TAIL words:
0x16c8b5e:	0x0000	0x0000	0x0000	0x0000	0x0000	0x0000	0x0000	0x0000
PHONE_RECORD_ENTRY call=82 dst=0x16c8b66 base=0x16c8b64 token=0x667618 arg4=57 arg5=56 arg8=21895423 dict=0x667440 ret=0x1000d3b5
0x667618:	"one"
0x667440:	0x01	0xf9	0xbf	0xe4	0x00	0x00	0x00	0x00
0x667448:	0x00	0x00	0x00	0x00	0x00	0x00	0x00	0x00
0x667450:	0xff	0xff	0xff	0xff	0xfc	0x75	0x66	0x00
0x667458:	0x71	0x02	0x01	0x10	0x84	0x92	0x07	0x10
Temporary breakpoint 189 at 0x1000d3b5
PHONE_RECORD_RETURN call=82 count=1 token_index=57 status=0 boundary_marker=0xff source=0x16c8b6b:	"one"
PHONE_RECORD_HEADER bytes:
0x16c8b66:	0x01	0x00	0x39	0x00	0x00	0x6f	0x6e	0x65
0x16c8b6e:	0x00	0x00	0x00	0x00	0x00	0x00	0x00	0x00
0x16c8b76:	0x00	0x00	0x00	0x00	0x00	0x00	0x00	0x00
0x16c8b7e:	0x00	0x00	0x00	0x00	0x00	0x00	0x00	0x00
0x16c8b86:	0x00	0x00	0x00	0xff	0x00	0x00	0x00	0x00
PHONE_SLOT index=0 marker=0xff bytes:
0x16c8b9d:	0x42	0x08	0x2d	0x00	0x00	0x00	0x00	0x00
0x16c8ba5:	0x00	0x00	0x00	0x00	0x00	0x00	0x00	0x00
0x16c8bad:	0x00	0x00	0x00	0x00	0x00	0x00	0x00	0x00
0x16c8bb5:	0x00	0x00	0x00	0x00	0x00	0x00	0x00	0x00
0x16c8bbd:	0x00	0x00	0x00	0x00	0x00	0x00	0x00	0x00
0x16c8bc5:	0x00	0x00	0x00	0x00	0x00	0x00	0x00	0x00
0x16c8bcd:	0x00	0x00	0x00	0x00	0x00	0x00	0x00	0x00
0x16c8bd5:	0x00	0x00	0x00	0x00	0x00	0x00	0x00	0x00
0x16c8bdd:	0x00
PHONE_RECORD_TAIL words:
0x16c90b2:	0x0000	0x0000	0x0000	0x0000	0x0000	0x0000	0x0000	0x0000
PHONE_RECORD_ENTRY call=83 dst=0x16c90ba base=0x16c90b8 token=0x667618 arg4=58 arg5=57 arg8=21895423 dict=0x667440 ret=0x1000d3b5
0x667618:	"million"
0x667440:	0x80	0x00	0xbf	0xe4	0x00	0x00	0x00	0x00
0x667448:	0x00	0x00	0x00	0x00	0x00	0x00	0x00	0x00
0x667450:	0xff	0xff	0xff	0xff	0xfc	0x75	0x66	0x00
0x667458:	0x71	0x02	0x01	0x10	0x84	0x92	0x07	0x10
Temporary breakpoint 190 at 0x1000d3b5
PHONE_RECORD_RETURN call=83 count=0 token_index=58 status=0 boundary_marker=0xff source=0x16c90bf:	"million"
PHONE_RECORD_HEADER bytes:
0x16c90ba:	0x00	0x00	0x3a	0x00	0x00	0x6d	0x69	0x6c
0x16c90c2:	0x6c	0x69	0x6f	0x6e	0x00	0x00	0x00	0x00
0x16c90ca:	0x00	0x00	0x00	0x00	0x00	0x00	0x00	0x00
0x16c90d2:	0x00	0x00	0x00	0x00	0x00	0x00	0x00	0x00
0x16c90da:	0x00	0x00	0x00	0xff	0x00	0x00	0x00	0x00
PHONE_RECORD_TAIL words:
0x16c9606:	0x0000	0x0000	0x0000	0x0001	0x0000	0x0000	0x0000	0x0000
PHONE_RECORD_ENTRY call=84 dst=0x16c960e base=0x16c960c token=0x667618 arg4=59 arg5=58 arg8=21895423 dict=0x667440 ret=0x1000d3b5
0x667618:	"one"
0x667440:	0x01	0xf9	0xbf	0xe4	0x00	0x00	0x00	0x00
0x667448:	0x00	0x00	0x00	0x00	0x00	0x00	0x00	0x00
0x667450:	0xff	0xff	0xff	0xff	0xfc	0x75	0x66	0x00
0x667458:	0x71	0x02	0x01	0x10	0x84	0x92	0x07	0x10
Temporary breakpoint 191 at 0x1000d3b5
PHONE_RECORD_RETURN call=84 count=1 token_index=59 status=0 boundary_marker=0xff source=0x16c9613:	"one"
PHONE_RECORD_HEADER bytes:
0x16c960e:	0x01	0x00	0x3b	0x00	0x00	0x6f	0x6e	0x65
0x16c9616:	0x00	0x00	0x00	0x00	0x00	0x00	0x00	0x00
0x16c961e:	0x00	0x00	0x00	0x00	0x00	0x00	0x00	0x00
0x16c9626:	0x00	0x00	0x00	0x00	0x00	0x00	0x00	0x00
0x16c962e:	0x00	0x00	0x00	0xff	0x00	0x00	0x00	0x00
PHONE_SLOT index=0 marker=0xff bytes:
0x16c9645:	0x42	0x08	0x2d	0x00	0x00	0x00	0x00	0x00
0x16c964d:	0x00	0x00	0x00	0x00	0x00	0x00	0x00	0x00
0x16c9655:	0x00	0x00	0x00	0x00	0x00	0x00	0x00	0x00
0x16c965d:	0x00	0x00	0x00	0x00	0x00	0x00	0x00	0x00
0x16c9665:	0x00	0x00	0x00	0x00	0x00	0x00	0x00	0x00
0x16c966d:	0x00	0x00	0x00	0x00	0x00	0x00	0x00	0x00
0x16c9675:	0x00	0x00	0x00	0x00	0x00	0x00	0x00	0x00
0x16c967d:	0x00	0x00	0x00	0x00	0x00	0x00	0x00	0x00
0x16c9685:	0x00
PHONE_RECORD_TAIL words:
0x16c9b5a:	0x0000	0x0000	0x0000	0x0000	0x0000	0x0000	0x0000	0x0000
PHONE_RECORD_ENTRY call=85 dst=0x16c9b62 base=0x16c9b60 token=0x667618 arg4=59 arg5=59 arg8=21895423 dict=0x667440 ret=0x1000d3b5
0x667618:	","
0x667440:	0x00	0xf9	0xbf	0xe4	0x00	0x00	0x00	0x00
0x667448:	0x00	0x00	0x00	0x00	0x00	0x00	0x00	0x00
0x667450:	0xff	0xff	0xff	0xff	0xfc	0x75	0x66	0x00
0x667458:	0x71	0x02	0x01	0x10	0x84	0x92	0x07	0x10
Temporary breakpoint 192 at 0x1000d3b5
PHONE_RECORD_RETURN call=85 count=0 token_index=59 status=0 boundary_marker=0xff source=0x16c9b67:	","
PHONE_RECORD_HEADER bytes:
0x16c9b62:	0x00	0x00	0x3b	0x00	0x00	0x2c	0x00	0x00
0x16c9b6a:	0x00	0x00	0x00	0x00	0x00	0x00	0x00	0x00
0x16c9b72:	0x00	0x00	0x00	0x00	0x00	0x00	0x00	0x00
0x16c9b7a:	0x00	0x00	0x00	0x00	0x00	0x00	0x00	0x00
0x16c9b82:	0x00	0x00	0x00	0xff	0x00	0x00	0x00	0x00
PHONE_RECORD_TAIL words:
0x16ca0ae:	0x0000	0x0000	0x0000	0x0000	0x0000	0x0000	0x0000	0x0000
PHONE_RECORD_ENTRY call=86 dst=0x16ca0b6 base=0x16ca0b4 token=0x667618 arg4=60 arg5=59 arg8=21895423 dict=0x667440 ret=0x1000d3b5
0x667618:	"one"
0x667440:	0x01	0xf9	0xbf	0xe4	0x00	0x00	0x00	0x00
0x667448:	0x00	0x00	0x00	0x00	0x00	0x00	0x00	0x00
0x667450:	0xff	0xff	0xff	0xff	0xfc	0x75	0x66	0x00
0x667458:	0x71	0x02	0x01	0x10	0x84	0x92	0x07	0x10
Temporary breakpoint 193 at 0x1000d3b5
PHONE_RECORD_RETURN call=86 count=1 token_index=60 status=0 boundary_marker=0xff source=0x16ca0bb:	"one"
PHONE_RECORD_HEADER bytes:
0x16ca0b6:	0x01	0x00	0x3c	0x00	0x00	0x6f	0x6e	0x65
0x16ca0be:	0x00	0x00	0x00	0x00	0x00	0x00	0x00	0x00
0x16ca0c6:	0x00	0x00	0x00	0x00	0x00	0x00	0x00	0x00
0x16ca0ce:	0x00	0x00	0x00	0x00	0x00	0x00	0x00	0x00
0x16ca0d6:	0x00	0x00	0x00	0xff	0x00	0x00	0x00	0x00
PHONE_SLOT index=0 marker=0xff bytes:
0x16ca0ed:	0x42	0x08	0x2d	0x00	0x00	0x00	0x00	0x00
0x16ca0f5:	0x00	0x00	0x00	0x00	0x00	0x00	0x00	0x00
0x16ca0fd:	0x00	0x00	0x00	0x00	0x00	0x00	0x00	0x00
0x16ca105:	0x00	0x00	0x00	0x00	0x00	0x00	0x00	0x00
0x16ca10d:	0x00	0x00	0x00	0x00	0x00	0x00	0x00	0x00
0x16ca115:	0x00	0x00	0x00	0x00	0x00	0x00	0x00	0x00
0x16ca11d:	0x00	0x00	0x00	0x00	0x00	0x00	0x00	0x00
0x16ca125:	0x00	0x00	0x00	0x00	0x00	0x00	0x00	0x00
0x16ca12d:	0x00
PHONE_RECORD_TAIL words:
0x16ca602:	0x0000	0x0000	0x0000	0x0000	0x0000	0x0000	0x0000	0x0000
PHONE_RECORD_ENTRY call=87 dst=0x16ca60a base=0x16ca608 token=0x667618 arg4=61 arg5=60 arg8=21895423 dict=0x667440 ret=0x1000d3b5
0x667618:	"million"
0x667440:	0x80	0x00	0xbf	0xe4	0x00	0x00	0x00	0x00
0x667448:	0x00	0x00	0x00	0x00	0x00	0x00	0x00	0x00
0x667450:	0xff	0xff	0xff	0xff	0xfc	0x75	0x66	0x00
0x667458:	0x71	0x02	0x01	0x10	0x84	0x92	0x07	0x10
Temporary breakpoint 194 at 0x1000d3b5
PHONE_RECORD_RETURN call=87 count=0 token_index=61 status=0 boundary_marker=0xff source=0x16ca60f:	"million"
PHONE_RECORD_HEADER bytes:
0x16ca60a:	0x00	0x00	0x3d	0x00	0x00	0x6d	0x69	0x6c
0x16ca612:	0x6c	0x69	0x6f	0x6e	0x00	0x00	0x00	0x00
0x16ca61a:	0x00	0x00	0x00	0x00	0x00	0x00	0x00	0x00
0x16ca622:	0x00	0x00	0x00	0x00	0x00	0x00	0x00	0x00
0x16ca62a:	0x00	0x00	0x00	0xff	0x00	0x00	0x00	0x00
PHONE_RECORD_TAIL words:
0x16cab56:	0x0000	0x0000	0x0000	0x0001	0x0000	0x0000	0x0000	0x0000
PHONE_RECORD_ENTRY call=88 dst=0x16cab5e base=0x16cab5c token=0x667618 arg4=62 arg5=61 arg8=21895423 dict=0x667440 ret=0x1000d3b5
0x667618:	"two"
0x667440:	0x80	0x00	0xbf	0xe4	0x00	0x00	0x00	0x00
0x667448:	0x00	0x00	0x00	0x00	0x00	0x00	0x00	0x00
0x667450:	0xff	0xff	0xff	0xff	0xfc	0x75	0x66	0x00
0x667458:	0x71	0x02	0x01	0x10	0x84	0x92	0x07	0x10
Temporary breakpoint 195 at 0x1000d3b5
PHONE_RECORD_RETURN call=88 count=0 token_index=62 status=0 boundary_marker=0xff source=0x16cab63:	"two"
PHONE_RECORD_HEADER bytes:
0x16cab5e:	0x00	0x00	0x3e	0x00	0x00	0x74	0x77	0x6f
0x16cab66:	0x00	0x00	0x00	0x00	0x00	0x00	0x00	0x00
0x16cab6e:	0x00	0x00	0x00	0x00	0x00	0x00	0x00	0x00
0x16cab76:	0x00	0x00	0x00	0x00	0x00	0x00	0x00	0x00
0x16cab7e:	0x00	0x00	0x00	0xff	0x00	0x00	0x00	0x00
PHONE_RECORD_TAIL words:
0x16cb0aa:	0x0000	0x0000	0x0000	0x0001	0x0000	0x0000	0x0000	0x0000
PHONE_RECORD_ENTRY call=89 dst=0x16cb0b2 base=0x16cb0b0 token=0x667618 arg4=63 arg5=62 arg8=21895423 dict=0x667440 ret=0x1000d3b5
0x667618:	"hundred"
0x667440:	0x80	0x00	0xbf	0xe4	0x00	0x00	0x00	0x00
0x667448:	0x00	0x00	0x00	0x00	0x00	0x00	0x00	0x00
0x667450:	0xff	0xff	0xff	0xff	0xfc	0x75	0x66	0x00
0x667458:	0x71	0x02	0x01	0x10	0x84	0x92	0x07	0x10
Temporary breakpoint 196 at 0x1000d3b5
PHONE_RECORD_RETURN call=89 count=0 token_index=63 status=0 boundary_marker=0xff source=0x16cb0b7:	"hundred"
PHONE_RECORD_HEADER bytes:
0x16cb0b2:	0x00	0x00	0x3f	0x00	0x00	0x68	0x75	0x6e
0x16cb0ba:	0x64	0x72	0x65	0x64	0x00	0x00	0x00	0x00
0x16cb0c2:	0x00	0x00	0x00	0x00	0x00	0x00	0x00	0x00
0x16cb0ca:	0x00	0x00	0x00	0x00	0x00	0x00	0x00	0x00
0x16cb0d2:	0x00	0x00	0x00	0xff	0x00	0x00	0x00	0x00
PHONE_RECORD_TAIL words:
0x16cb5fe:	0x0000	0x0000	0x0000	0x0001	0x0000	0x0000	0x0000	0x0000
PHONE_RECORD_ENTRY call=90 dst=0x16cb606 base=0x16cb604 token=0x667618 arg4=64 arg5=63 arg8=21895423 dict=0x667440 ret=0x1000d3b5
0x667618:	"thirty"
0x667440:	0x80	0x00	0xbf	0xe4	0x00	0x00	0x00	0x00
0x667448:	0x00	0x00	0x00	0x00	0x00	0x00	0x00	0x00
0x667450:	0xff	0xff	0xff	0xff	0xfc	0x75	0x66	0x00
0x667458:	0x71	0x02	0x01	0x10	0x84	0x92	0x07	0x10
Temporary breakpoint 197 at 0x1000d3b5
PHONE_RECORD_RETURN call=90 count=0 token_index=64 status=0 boundary_marker=0xff source=0x16cb60b:	"thirty"
PHONE_RECORD_HEADER bytes:
0x16cb606:	0x00	0x00	0x40	0x00	0x00	0x74	0x68	0x69
0x16cb60e:	0x72	0x74	0x79	0x00	0x00	0x00	0x00	0x00
0x16cb616:	0x00	0x00	0x00	0x00	0x00	0x00	0x00	0x00
0x16cb61e:	0x00	0x00	0x00	0x00	0x00	0x00	0x00	0x00
0x16cb626:	0x00	0x00	0x00	0xff	0x00	0x00	0x00	0x00
PHONE_RECORD_TAIL words:
0x16cbb52:	0x0000	0x0000	0x0000	0x0001	0x0000	0x0000	0x0000	0x0000
PHONE_RECORD_ENTRY call=91 dst=0x16cbb5a base=0x16cbb58 token=0x667618 arg4=65 arg5=64 arg8=21895423 dict=0x667440 ret=0x1000d3b5
0x667618:	"four"
0x667440:	0x80	0x00	0xbf	0xe4	0x00	0x00	0x00	0x00
0x667448:	0x00	0x00	0x00	0x00	0x00	0x00	0x00	0x00
0x667450:	0xff	0xff	0xff	0xff	0xfc	0x75	0x66	0x00
0x667458:	0x71	0x02	0x01	0x10	0x84	0x92	0x07	0x10
Temporary breakpoint 198 at 0x1000d3b5
PHONE_RECORD_RETURN call=91 count=0 token_index=65 status=0 boundary_marker=0xff source=0x16cbb5f:	"four"
PHONE_RECORD_HEADER bytes:
0x16cbb5a:	0x00	0x00	0x41	0x00	0x00	0x66	0x6f	0x75
0x16cbb62:	0x72	0x00	0x00	0x00	0x00	0x00	0x00	0x00
0x16cbb6a:	0x00	0x00	0x00	0x00	0x00	0x00	0x00	0x00
0x16cbb72:	0x00	0x00	0x00	0x00	0x00	0x00	0x00	0x00
0x16cbb7a:	0x00	0x00	0x00	0xff	0x00	0x00	0x00	0x00
PHONE_RECORD_TAIL words:
0x16cc0a6:	0x0000	0x0000	0x0000	0x0001	0x0000	0x0000	0x0000	0x0000
PHONE_RECORD_ENTRY call=92 dst=0x16cc0ae base=0x16cc0ac token=0x667618 arg4=66 arg5=65 arg8=21895423 dict=0x667440 ret=0x1000d3b5
0x667618:	"thousand"
0x667440:	0x80	0x00	0xbf	0xe4	0x00	0x00	0x00	0x00
0x667448:	0x00	0x00	0x00	0x00	0x00	0x00	0x00	0x00
0x667450:	0xff	0xff	0xff	0xff	0xfc	0x75	0x66	0x00
0x667458:	0x71	0x02	0x01	0x10	0x84	0x92	0x07	0x10
Temporary breakpoint 199 at 0x1000d3b5
PHONE_RECORD_RETURN call=92 count=0 token_index=66 status=0 boundary_marker=0xff source=0x16cc0b3:	"thousand"
PHONE_RECORD_HEADER bytes:
0x16cc0ae:	0x00	0x00	0x42	0x00	0x00	0x74	0x68	0x6f
0x16cc0b6:	0x75	0x73	0x61	0x6e	0x64	0x00	0x00	0x00
0x16cc0be:	0x00	0x00	0x00	0x00	0x00	0x00	0x00	0x00
0x16cc0c6:	0x00	0x00	0x00	0x00	0x00	0x00	0x00	0x00
0x16cc0ce:	0x00	0x00	0x00	0xff	0x00	0x00	0x00	0x00
PHONE_RECORD_TAIL words:
0x16cc5fa:	0x0000	0x0000	0x0000	0x0001	0x0000	0x0000	0x0000	0x0000
PHONE_RECORD_ENTRY call=93 dst=0x16cc602 base=0x16cc600 token=0x667618 arg4=67 arg5=66 arg8=21895423 dict=0x667440 ret=0x1000d3b5
0x667618:	"five"
0x667440:	0x80	0x00	0xbf	0xe4	0x00	0x00	0x00	0x00
0x667448:	0x00	0x00	0x00	0x00	0x00	0x00	0x00	0x00
0x667450:	0xff	0xff	0xff	0xff	0xfc	0x75	0x66	0x00
0x667458:	0x71	0x02	0x01	0x10	0x84	0x92	0x07	0x10
Temporary breakpoint 200 at 0x1000d3b5
PHONE_RECORD_RETURN call=93 count=0 token_index=67 status=0 boundary_marker=0xff source=0x16cc607:	"five"
PHONE_RECORD_HEADER bytes:
0x16cc602:	0x00	0x00	0x43	0x00	0x00	0x66	0x69	0x76
0x16cc60a:	0x65	0x00	0x00	0x00	0x00	0x00	0x00	0x00
0x16cc612:	0x00	0x00	0x00	0x00	0x00	0x00	0x00	0x00
0x16cc61a:	0x00	0x00	0x00	0x00	0x00	0x00	0x00	0x00
0x16cc622:	0x00	0x00	0x00	0xff	0x00	0x00	0x00	0x00
PHONE_RECORD_TAIL words:
0x16ccb4e:	0x0000	0x0000	0x0000	0x0001	0x0000	0x0000	0x0000	0x0000
PHONE_RECORD_ENTRY call=94 dst=0x16ccb56 base=0x16ccb54 token=0x667618 arg4=68 arg5=67 arg8=21895423 dict=0x667440 ret=0x1000d3b5
0x667618:	"hundred"
0x667440:	0x80	0x00	0xbf	0xe4	0x00	0x00	0x00	0x00
0x667448:	0x00	0x00	0x00	0x00	0x00	0x00	0x00	0x00
0x667450:	0xff	0xff	0xff	0xff	0xfc	0x75	0x66	0x00
0x667458:	0x71	0x02	0x01	0x10	0x84	0x92	0x07	0x10
Temporary breakpoint 201 at 0x1000d3b5
PHONE_RECORD_RETURN call=94 count=0 token_index=68 status=0 boundary_marker=0xff source=0x16ccb5b:	"hundred"
PHONE_RECORD_HEADER bytes:
0x16ccb56:	0x00	0x00	0x44	0x00	0x00	0x68	0x75	0x6e
0x16ccb5e:	0x64	0x72	0x65	0x64	0x00	0x00	0x00	0x00
0x16ccb66:	0x00	0x00	0x00	0x00	0x00	0x00	0x00	0x00
0x16ccb6e:	0x00	0x00	0x00	0x00	0x00	0x00	0x00	0x00
0x16ccb76:	0x00	0x00	0x00	0xff	0x00	0x00	0x00	0x00
PHONE_RECORD_TAIL words:
0x16cd0a2:	0x0000	0x0000	0x0000	0x0001	0x0000	0x0000	0x0000	0x0000
PHONE_RECORD_ENTRY call=95 dst=0x16cd0aa base=0x16cd0a8 token=0x667618 arg4=69 arg5=68 arg8=21895423 dict=0x667440 ret=0x1000d3b5
0x667618:	"sixty"
0x667440:	0x80	0x00	0xbf	0xe4	0x00	0x00	0x00	0x00
0x667448:	0x00	0x00	0x00	0x00	0x00	0x00	0x00	0x00
0x667450:	0xff	0xff	0xff	0xff	0xfc	0x75	0x66	0x00
0x667458:	0x71	0x02	0x01	0x10	0x84	0x92	0x07	0x10
Temporary breakpoint 202 at 0x1000d3b5
PHONE_RECORD_RETURN call=95 count=0 token_index=69 status=0 boundary_marker=0xff source=0x16cd0af:	"sixty"
PHONE_RECORD_HEADER bytes:
0x16cd0aa:	0x00	0x00	0x45	0x00	0x00	0x73	0x69	0x78
0x16cd0b2:	0x74	0x79	0x00	0x00	0x00	0x00	0x00	0x00
0x16cd0ba:	0x00	0x00	0x00	0x00	0x00	0x00	0x00	0x00
0x16cd0c2:	0x00	0x00	0x00	0x00	0x00	0x00	0x00	0x00
0x16cd0ca:	0x00	0x00	0x00	0xff	0x00	0x00	0x00	0x00
PHONE_RECORD_TAIL words:
0x16cd5f6:	0x0000	0x0000	0x0000	0x0001	0x0000	0x0000	0x0000	0x0000
PHONE_RECORD_ENTRY call=96 dst=0x16cd5fe base=0x16cd5fc token=0x667618 arg4=70 arg5=69 arg8=21895423 dict=0x667440 ret=0x1000d3b5
0x667618:	"seven"
0x667440:	0x80	0x00	0xbf	0xe4	0x00	0x00	0x00	0x00
0x667448:	0x00	0x00	0x00	0x00	0x00	0x00	0x00	0x00
0x667450:	0xff	0xff	0xff	0xff	0xfc	0x75	0x66	0x00
0x667458:	0x71	0x02	0x01	0x10	0x84	0x92	0x07	0x10
Temporary breakpoint 203 at 0x1000d3b5
PHONE_RECORD_RETURN call=96 count=0 token_index=70 status=0 boundary_marker=0xff source=0x16cd603:	"seven"
PHONE_RECORD_HEADER bytes:
0x16cd5fe:	0x00	0x00	0x46	0x00	0x00	0x73	0x65	0x76
0x16cd606:	0x65	0x6e	0x00	0x00	0x00	0x00	0x00	0x00
0x16cd60e:	0x00	0x00	0x00	0x00	0x00	0x00	0x00	0x00
0x16cd616:	0x00	0x00	0x00	0x00	0x00	0x00	0x00	0x00
0x16cd61e:	0x00	0x00	0x00	0xff	0x00	0x00	0x00	0x00
PHONE_RECORD_TAIL words:
0x16cdb4a:	0x0000	0x0000	0x0000	0x0001	0x0000	0x0000	0x0000	0x0000
PHONE_RECORD_ENTRY call=97 dst=0x16cdb52 base=0x16cdb50 token=0x667618 arg4=70 arg5=70 arg8=21895423 dict=0x667440 ret=0x1000d3b5
0x667618:	","
0x667440:	0x00	0x00	0xbf	0xe4	0x00	0x00	0x00	0x00
0x667448:	0x00	0x00	0x00	0x00	0x00	0x00	0x00	0x00
0x667450:	0xff	0xff	0xff	0xff	0xfc	0x75	0x66	0x00
0x667458:	0x71	0x02	0x01	0x10	0x84	0x92	0x07	0x10
Temporary breakpoint 204 at 0x1000d3b5
PHONE_RECORD_RETURN call=97 count=0 token_index=70 status=0 boundary_marker=0xff source=0x16cdb57:	","
PHONE_RECORD_HEADER bytes:
0x16cdb52:	0x00	0x00	0x46	0x00	0x00	0x2c	0x00	0x00
0x16cdb5a:	0x00	0x00	0x00	0x00	0x00	0x00	0x00	0x00
0x16cdb62:	0x00	0x00	0x00	0x00	0x00	0x00	0x00	0x00
0x16cdb6a:	0x00	0x00	0x00	0x00	0x00	0x00	0x00	0x00
0x16cdb72:	0x00	0x00	0x00	0xff	0x00	0x00	0x00	0x00
PHONE_RECORD_TAIL words:
0x16ce09e:	0x0000	0x0000	0x0000	0x0000	0x0000	0x0000	0x0000	0x0000
PHONE_RECORD_ENTRY call=98 dst=0x16ce0a6 base=0x16ce0a4 token=0x667618 arg4=71 arg5=70 arg8=21895423 dict=0x667440 ret=0x1000d3b5
0x667618:	"one"
0x667440:	0x01	0xf9	0xbf	0xe4	0x00	0x00	0x00	0x00
0x667448:	0x00	0x00	0x00	0x00	0x00	0x00	0x00	0x00
0x667450:	0xff	0xff	0xff	0xff	0xfc	0x75	0x66	0x00
0x667458:	0x71	0x02	0x01	0x10	0x84	0x92	0x07	0x10
Temporary breakpoint 205 at 0x1000d3b5
PHONE_RECORD_RETURN call=98 count=1 token_index=71 status=0 boundary_marker=0xff source=0x16ce0ab:	"one"
PHONE_RECORD_HEADER bytes:
0x16ce0a6:	0x01	0x00	0x47	0x00	0x00	0x6f	0x6e	0x65
0x16ce0ae:	0x00	0x00	0x00	0x00	0x00	0x00	0x00	0x00
0x16ce0b6:	0x00	0x00	0x00	0x00	0x00	0x00	0x00	0x00
0x16ce0be:	0x00	0x00	0x00	0x00	0x00	0x00	0x00	0x00
0x16ce0c6:	0x00	0x00	0x00	0xff	0x00	0x00	0x00	0x00
PHONE_SLOT index=0 marker=0xff bytes:
0x16ce0dd:	0x42	0x08	0x2d	0x00	0x00	0x00	0x00	0x00
0x16ce0e5:	0x00	0x00	0x00	0x00	0x00	0x00	0x00	0x00
0x16ce0ed:	0x00	0x00	0x00	0x00	0x00	0x00	0x00	0x00
0x16ce0f5:	0x00	0x00	0x00	0x00	0x00	0x00	0x00	0x00
0x16ce0fd:	0x00	0x00	0x00	0x00	0x00	0x00	0x00	0x00
0x16ce105:	0x00	0x00	0x00	0x00	0x00	0x00	0x00	0x00
0x16ce10d:	0x00	0x00	0x00	0x00	0x00	0x00	0x00	0x00
0x16ce115:	0x00	0x00	0x00	0x00	0x00	0x00	0x00	0x00
0x16ce11d:	0x00
PHONE_RECORD_TAIL words:
0x16ce5f2:	0x0000	0x0000	0x0000	0x0000	0x0000	0x0000	0x0000	0x0000
PHONE_RECORD_ENTRY call=99 dst=0x16ce5fa base=0x16ce5f8 token=0x667618 arg4=72 arg5=71 arg8=21895423 dict=0x667440 ret=0x1000d3b5
0x667618:	"hundred"
0x667440:	0x80	0x00	0xbf	0xe4	0x00	0x00	0x00	0x00
0x667448:	0x00	0x00	0x00	0x00	0x00	0x00	0x00	0x00
0x667450:	0xff	0xff	0xff	0xff	0xfc	0x75	0x66	0x00
0x667458:	0x71	0x02	0x01	0x10	0x84	0x92	0x07	0x10
Temporary breakpoint 206 at 0x1000d3b5
PHONE_RECORD_RETURN call=99 count=0 token_index=72 status=0 boundary_marker=0xff source=0x16ce5ff:	"hundred"
PHONE_RECORD_HEADER bytes:
0x16ce5fa:	0x00	0x00	0x48	0x00	0x00	0x68	0x75	0x6e
0x16ce602:	0x64	0x72	0x65	0x64	0x00	0x00	0x00	0x00
0x16ce60a:	0x00	0x00	0x00	0x00	0x00	0x00	0x00	0x00
0x16ce612:	0x00	0x00	0x00	0x00	0x00	0x00	0x00	0x00
0x16ce61a:	0x00	0x00	0x00	0xff	0x00	0x00	0x00	0x00
PHONE_RECORD_TAIL words:
0x16ceb46:	0x0000	0x0000	0x0000	0x0001	0x0000	0x0000	0x0000	0x0000
PHONE_RECORD_ENTRY call=100 dst=0x16ceb4e base=0x16ceb4c token=0x667618 arg4=73 arg5=72 arg8=21895423 dict=0x667440 ret=0x1000d3b5
0x667618:	"million"
0x667440:	0x80	0x00	0xbf	0xe4	0x00	0x00	0x00	0x00
0x667448:	0x00	0x00	0x00	0x00	0x00	0x00	0x00	0x00
0x667450:	0xff	0xff	0xff	0xff	0xfc	0x75	0x66	0x00
0x667458:	0x71	0x02	0x01	0x10	0x84	0x92	0x07	0x10
Temporary breakpoint 207 at 0x1000d3b5
PHONE_RECORD_RETURN call=100 count=0 token_index=73 status=0 boundary_marker=0xff source=0x16ceb53:	"million"
PHONE_RECORD_HEADER bytes:
0x16ceb4e:	0x00	0x00	0x49	0x00	0x00	0x6d	0x69	0x6c
0x16ceb56:	0x6c	0x69	0x6f	0x6e	0x00	0x00	0x00	0x00
0x16ceb5e:	0x00	0x00	0x00	0x00	0x00	0x00	0x00	0x00
0x16ceb66:	0x00	0x00	0x00	0x00	0x00	0x00	0x00	0x00
0x16ceb6e:	0x00	0x00	0x00	0xff	0x00	0x00	0x00	0x00
PHONE_RECORD_TAIL words:
0x16cf09a:	0x0000	0x0000	0x0000	0x0001	0x0000	0x0000	0x0000	0x0000
PHONE_RECORD_ENTRY call=101 dst=0x16cf0a2 base=0x16cf0a0 token=0x667618 arg4=73 arg5=73 arg8=21895423 dict=0x667440 ret=0x1000d3b5
0x667618:	","
0x667440:	0x00	0x00	0xbf	0xe4	0x00	0x00	0x00	0x00
0x667448:	0x00	0x00	0x00	0x00	0x00	0x00	0x00	0x00
0x667450:	0xff	0xff	0xff	0xff	0xfc	0x75	0x66	0x00
0x667458:	0x71	0x02	0x01	0x10	0x84	0x92	0x07	0x10
Temporary breakpoint 208 at 0x1000d3b5
PHONE_RECORD_RETURN call=101 count=0 token_index=73 status=0 boundary_marker=0xff source=0x16cf0a7:	","
PHONE_RECORD_HEADER bytes:
0x16cf0a2:	0x00	0x00	0x49	0x00	0x00	0x2c	0x00	0x00
0x16cf0aa:	0x00	0x00	0x00	0x00	0x00	0x00	0x00	0x00
0x16cf0b2:	0x00	0x00	0x00	0x00	0x00	0x00	0x00	0x00
0x16cf0ba:	0x00	0x00	0x00	0x00	0x00	0x00	0x00	0x00
0x16cf0c2:	0x00	0x00	0x00	0xff	0x00	0x00	0x00	0x00
PHONE_RECORD_TAIL words:
0x16cf5ee:	0x0000	0x0000	0x0000	0x0000	0x0000	0x0000	0x0000	0x0000
PHONE_RECORD_ENTRY call=102 dst=0x16cf5f6 base=0x16cf5f4 token=0x667618 arg4=74 arg5=73 arg8=21895423 dict=0x667440 ret=0x1000d3b5
0x667618:	"nine"
0x667440:	0x80	0x00	0xbf	0xe4	0x00	0x00	0x00	0x00
0x667448:	0x00	0x00	0x00	0x00	0x00	0x00	0x00	0x00
0x667450:	0xff	0xff	0xff	0xff	0xfc	0x75	0x66	0x00
0x667458:	0x71	0x02	0x01	0x10	0x84	0x92	0x07	0x10
Temporary breakpoint 209 at 0x1000d3b5
PHONE_RECORD_RETURN call=102 count=0 token_index=74 status=0 boundary_marker=0xff source=0x16cf5fb:	"nine"
PHONE_RECORD_HEADER bytes:
0x16cf5f6:	0x00	0x00	0x4a	0x00	0x00	0x6e	0x69	0x6e
0x16cf5fe:	0x65	0x00	0x00	0x00	0x00	0x00	0x00	0x00
0x16cf606:	0x00	0x00	0x00	0x00	0x00	0x00	0x00	0x00
0x16cf60e:	0x00	0x00	0x00	0x00	0x00	0x00	0x00	0x00
0x16cf616:	0x00	0x00	0x00	0xff	0x00	0x00	0x00	0x00
PHONE_RECORD_TAIL words:
0x16cfb42:	0x0000	0x0000	0x0000	0x0001	0x0000	0x0000	0x0000	0x0000
PHONE_RECORD_ENTRY call=103 dst=0x16cfb4a base=0x16cfb48 token=0x667618 arg4=75 arg5=74 arg8=21895423 dict=0x667440 ret=0x1000d3b5
0x667618:	"hundred"
0x667440:	0x80	0x00	0xbf	0xe4	0x00	0x00	0x00	0x00
0x667448:	0x00	0x00	0x00	0x00	0x00	0x00	0x00	0x00
0x667450:	0xff	0xff	0xff	0xff	0xfc	0x75	0x66	0x00
0x667458:	0x71	0x02	0x01	0x10	0x84	0x92	0x07	0x10
Temporary breakpoint 210 at 0x1000d3b5
PHONE_RECORD_RETURN call=103 count=0 token_index=75 status=0 boundary_marker=0xff source=0x16cfb4f:	"hundred"
PHONE_RECORD_HEADER bytes:
0x16cfb4a:	0x00	0x00	0x4b	0x00	0x00	0x68	0x75	0x6e
0x16cfb52:	0x64	0x72	0x65	0x64	0x00	0x00	0x00	0x00
0x16cfb5a:	0x00	0x00	0x00	0x00	0x00	0x00	0x00	0x00
0x16cfb62:	0x00	0x00	0x00	0x00	0x00	0x00	0x00	0x00
0x16cfb6a:	0x00	0x00	0x00	0xff	0x00	0x00	0x00	0x00
PHONE_RECORD_TAIL words:
0x16d0096:	0x0000	0x0000	0x0000	0x0001	0x0000	0x0000	0x0000	0x0000
PHONE_RECORD_ENTRY call=104 dst=0x16d009e base=0x16d009c token=0x667618 arg4=76 arg5=75 arg8=21895423 dict=0x667440 ret=0x1000d3b5
0x667618:	"ninety"
0x667440:	0x01	0xe4	0xc8	0xa3	0xdd	0x00	0x00	0x00
0x667448:	0x00	0x00	0x00	0x00	0x00	0x00	0x00	0x00
0x667450:	0xff	0xff	0xff	0xff	0xfc	0x75	0x66	0x00
0x667458:	0x71	0x02	0x01	0x10	0x84	0x92	0x07	0x10
Temporary breakpoint 211 at 0x1000d3b5
PHONE_RECORD_RETURN call=104 count=1 token_index=76 status=0 boundary_marker=0xff source=0x16d00a3:	"ninety"
PHONE_RECORD_HEADER bytes:
0x16d009e:	0x01	0x00	0x4c	0x00	0x00	0x6e	0x69	0x6e
0x16d00a6:	0x65	0x74	0x79	0x00	0x00	0x00	0x00	0x00
0x16d00ae:	0x00	0x00	0x00	0x00	0x00	0x00	0x00	0x00
0x16d00b6:	0x00	0x00	0x00	0x00	0x00	0x00	0x00	0x00
0x16d00be:	0x00	0x00	0x00	0xff	0x00	0x00	0x00	0x00
PHONE_SLOT index=0 marker=0xff bytes:
0x16d00d5:	0x2d	0x11	0x2d	0x39	0x26	0x00	0x00	0x00
0x16d00dd:	0x00	0x00	0x00	0x00	0x00	0x00	0x00	0x00
0x16d00e5:	0x00	0x00	0x00	0x00	0x00	0x00	0x00	0x00
0x16d00ed:	0x00	0x00	0x00	0x00	0x00	0x00	0x00	0x00
0x16d00f5:	0x00	0x00	0x00	0x00	0x00	0x00	0x00	0x00
0x16d00fd:	0x00	0x00	0x00	0x00	0x00	0x00	0x00	0x00
0x16d0105:	0x00	0x00	0x00	0x00	0x00	0x00	0x00	0x00
0x16d010d:	0x00	0x00	0x00	0x00	0x00	0x00	0x00	0x00
0x16d0115:	0x00
PHONE_RECORD_TAIL words:
0x16d05ea:	0x0000	0x0000	0x0000	0x0000	0x0000	0x0000	0x0000	0x0000
PHONE_RECORD_ENTRY call=105 dst=0x16d05f2 base=0x16d05f0 token=0x667618 arg4=77 arg5=76 arg8=21895423 dict=0x667440 ret=0x1000d3b5
0x667618:	"nine"
0x667440:	0x80	0x00	0xc8	0xa3	0xdd	0x00	0x00	0x00
0x667448:	0x00	0x00	0x00	0x00	0x00	0x00	0x00	0x00
0x667450:	0xff	0xff	0xff	0xff	0xfc	0x75	0x66	0x00
0x667458:	0x71	0x02	0x01	0x10	0x84	0x92	0x07	0x10
Temporary breakpoint 212 at 0x1000d3b5
PHONE_RECORD_RETURN call=105 count=0 token_index=77 status=0 boundary_marker=0xff source=0x16d05f7:	"nine"
PHONE_RECORD_HEADER bytes:
0x16d05f2:	0x00	0x00	0x4d	0x00	0x00	0x6e	0x69	0x6e
0x16d05fa:	0x65	0x00	0x00	0x00	0x00	0x00	0x00	0x00
0x16d0602:	0x00	0x00	0x00	0x00	0x00	0x00	0x00	0x00
0x16d060a:	0x00	0x00	0x00	0x00	0x00	0x00	0x00	0x00
0x16d0612:	0x00	0x00	0x00	0xff	0x00	0x00	0x00	0x00
PHONE_RECORD_TAIL words:
0x16d0b3e:	0x0000	0x0000	0x0000	0x0001	0x0000	0x0000	0x0000	0x0000
PHONE_RECORD_ENTRY call=106 dst=0x16d0b46 base=0x16d0b44 token=0x667618 arg4=78 arg5=77 arg8=21895423 dict=0x667440 ret=0x1000d3b5
0x667618:	"million"
0x667440:	0x80	0x00	0xc8	0xa3	0xdd	0x00	0x00	0x00
0x667448:	0x00	0x00	0x00	0x00	0x00	0x00	0x00	0x00
0x667450:	0xff	0xff	0xff	0xff	0xfc	0x75	0x66	0x00
0x667458:	0x71	0x02	0x01	0x10	0x84	0x92	0x07	0x10
Temporary breakpoint 213 at 0x1000d3b5
PHONE_RECORD_RETURN call=106 count=0 token_index=78 status=0 boundary_marker=0xff source=0x16d0b4b:	"million"
PHONE_RECORD_HEADER bytes:
0x16d0b46:	0x00	0x00	0x4e	0x00	0x00	0x6d	0x69	0x6c
0x16d0b4e:	0x6c	0x69	0x6f	0x6e	0x00	0x00	0x00	0x00
0x16d0b56:	0x00	0x00	0x00	0x00	0x00	0x00	0x00	0x00
0x16d0b5e:	0x00	0x00	0x00	0x00	0x00	0x00	0x00	0x00
0x16d0b66:	0x00	0x00	0x00	0xff	0x00	0x00	0x00	0x00
PHONE_RECORD_TAIL words:
0x16d1092:	0x0000	0x0000	0x0000	0x0001	0x0000	0x0000	0x0000	0x0000
PHONE_RECORD_ENTRY call=107 dst=0x16d109a base=0x16d1098 token=0x667618 arg4=79 arg5=78 arg8=21895423 dict=0x667440 ret=0x1000d3b5
0x667618:	"nine"
0x667440:	0x80	0x00	0xc8	0xa3	0xdd	0x00	0x00	0x00
0x667448:	0x00	0x00	0x00	0x00	0x00	0x00	0x00	0x00
0x667450:	0xff	0xff	0xff	0xff	0xfc	0x75	0x66	0x00
0x667458:	0x71	0x02	0x01	0x10	0x84	0x92	0x07	0x10
Temporary breakpoint 214 at 0x1000d3b5
PHONE_RECORD_RETURN call=107 count=0 token_index=79 status=0 boundary_marker=0xff source=0x16d109f:	"nine"
PHONE_RECORD_HEADER bytes:
0x16d109a:	0x00	0x00	0x4f	0x00	0x00	0x6e	0x69	0x6e
0x16d10a2:	0x65	0x00	0x00	0x00	0x00	0x00	0x00	0x00
0x16d10aa:	0x00	0x00	0x00	0x00	0x00	0x00	0x00	0x00
0x16d10b2:	0x00	0x00	0x00	0x00	0x00	0x00	0x00	0x00
0x16d10ba:	0x00	0x00	0x00	0xff	0x00	0x00	0x00	0x00
PHONE_RECORD_TAIL words:
0x16d15e6:	0x0000	0x0000	0x0000	0x0001	0x0000	0x0000	0x0000	0x0000
PHONE_RECORD_ENTRY call=108 dst=0x16d15ee base=0x16d15ec token=0x667618 arg4=80 arg5=79 arg8=21895423 dict=0x667440 ret=0x1000d3b5
0x667618:	"hundred"
0x667440:	0x80	0x00	0xc8	0xa3	0xdd	0x00	0x00	0x00
0x667448:	0x00	0x00	0x00	0x00	0x00	0x00	0x00	0x00
0x667450:	0xff	0xff	0xff	0xff	0xfc	0x75	0x66	0x00
0x667458:	0x71	0x02	0x01	0x10	0x84	0x92	0x07	0x10
Temporary breakpoint 215 at 0x1000d3b5
PHONE_RECORD_RETURN call=108 count=0 token_index=80 status=0 boundary_marker=0xff source=0x16d15f3:	"hundred"
PHONE_RECORD_HEADER bytes:
0x16d15ee:	0x00	0x00	0x50	0x00	0x00	0x68	0x75	0x6e
0x16d15f6:	0x64	0x72	0x65	0x64	0x00	0x00	0x00	0x00
0x16d15fe:	0x00	0x00	0x00	0x00	0x00	0x00	0x00	0x00
0x16d1606:	0x00	0x00	0x00	0x00	0x00	0x00	0x00	0x00
0x16d160e:	0x00	0x00	0x00	0xff	0x00	0x00	0x00	0x00
PHONE_RECORD_TAIL words:
0x16d1b3a:	0x0000	0x0000	0x0000	0x0001	0x0000	0x0000	0x0000	0x0000
PHONE_RECORD_ENTRY call=109 dst=0x16d1b42 base=0x16d1b40 token=0x667618 arg4=81 arg5=80 arg8=21895423 dict=0x667440 ret=0x1000d3b5
0x667618:	"ninety"
0x667440:	0x01	0xe4	0xc8	0xa3	0xdd	0x00	0x00	0x00
0x667448:	0x00	0x00	0x00	0x00	0x00	0x00	0x00	0x00
0x667450:	0xff	0xff	0xff	0xff	0xfc	0x75	0x66	0x00
0x667458:	0x71	0x02	0x01	0x10	0x84	0x92	0x07	0x10
Temporary breakpoint 216 at 0x1000d3b5
PHONE_RECORD_RETURN call=109 count=1 token_index=81 status=0 boundary_marker=0xff source=0x16d1b47:	"ninety"
PHONE_RECORD_HEADER bytes:
0x16d1b42:	0x01	0x00	0x51	0x00	0x00	0x6e	0x69	0x6e
0x16d1b4a:	0x65	0x74	0x79	0x00	0x00	0x00	0x00	0x00
0x16d1b52:	0x00	0x00	0x00	0x00	0x00	0x00	0x00	0x00
0x16d1b5a:	0x00	0x00	0x00	0x00	0x00	0x00	0x00	0x00
0x16d1b62:	0x00	0x00	0x00	0xff	0x00	0x00	0x00	0x00
PHONE_SLOT index=0 marker=0xff bytes:
0x16d1b79:	0x2d	0x11	0x2d	0x39	0x26	0x00	0x00	0x00
0x16d1b81:	0x00	0x00	0x00	0x00	0x00	0x00	0x00	0x00
0x16d1b89:	0x00	0x00	0x00	0x00	0x00	0x00	0x00	0x00
0x16d1b91:	0x00	0x00	0x00	0x00	0x00	0x00	0x00	0x00
0x16d1b99:	0x00	0x00	0x00	0x00	0x00	0x00	0x00	0x00
0x16d1ba1:	0x00	0x00	0x00	0x00	0x00	0x00	0x00	0x00
0x16d1ba9:	0x00	0x00	0x00	0x00	0x00	0x00	0x00	0x00
0x16d1bb1:	0x00	0x00	0x00	0x00	0x00	0x00	0x00	0x00
0x16d1bb9:	0x00
PHONE_RECORD_TAIL words:
0x16d208e:	0x0000	0x0000	0x0000	0x0000	0x0000	0x0000	0x0000	0x0000
PHONE_RECORD_ENTRY call=110 dst=0x16d2096 base=0x16d2094 token=0x667618 arg4=82 arg5=81 arg8=21895423 dict=0x667440 ret=0x1000d3b5
0x667618:	"nine"
0x667440:	0x80	0x00	0xc8	0xa3	0xdd	0x00	0x00	0x00
0x667448:	0x00	0x00	0x00	0x00	0x00	0x00	0x00	0x00
0x667450:	0xff	0xff	0xff	0xff	0xfc	0x75	0x66	0x00
0x667458:	0x71	0x02	0x01	0x10	0x84	0x92	0x07	0x10
Temporary breakpoint 217 at 0x1000d3b5
PHONE_RECORD_RETURN call=110 count=0 token_index=82 status=0 boundary_marker=0xff source=0x16d209b:	"nine"
PHONE_RECORD_HEADER bytes:
0x16d2096:	0x00	0x00	0x52	0x00	0x00	0x6e	0x69	0x6e
0x16d209e:	0x65	0x00	0x00	0x00	0x00	0x00	0x00	0x00
0x16d20a6:	0x00	0x00	0x00	0x00	0x00	0x00	0x00	0x00
0x16d20ae:	0x00	0x00	0x00	0x00	0x00	0x00	0x00	0x00
0x16d20b6:	0x00	0x00	0x00	0xff	0x00	0x00	0x00	0x00
PHONE_RECORD_TAIL words:
0x16d25e2:	0x0000	0x0000	0x0000	0x0001	0x0000	0x0000	0x0000	0x0000
PHONE_RECORD_ENTRY call=111 dst=0x16d25ea base=0x16d25e8 token=0x667618 arg4=83 arg5=82 arg8=21895423 dict=0x667440 ret=0x1000d3b5
0x667618:	"thousand"
0x667440:	0x80	0x00	0xc8	0xa3	0xdd	0x00	0x00	0x00
0x667448:	0x00	0x00	0x00	0x00	0x00	0x00	0x00	0x00
0x667450:	0xff	0xff	0xff	0xff	0xfc	0x75	0x66	0x00
0x667458:	0x71	0x02	0x01	0x10	0x84	0x92	0x07	0x10
Temporary breakpoint 218 at 0x1000d3b5
PHONE_RECORD_RETURN call=111 count=0 token_index=83 status=0 boundary_marker=0xff source=0x16d25ef:	"thousand"
PHONE_RECORD_HEADER bytes:
0x16d25ea:	0x00	0x00	0x53	0x00	0x00	0x74	0x68	0x6f
0x16d25f2:	0x75	0x73	0x61	0x6e	0x64	0x00	0x00	0x00
0x16d25fa:	0x00	0x00	0x00	0x00	0x00	0x00	0x00	0x00
0x16d2602:	0x00	0x00	0x00	0x00	0x00	0x00	0x00	0x00
0x16d260a:	0x00	0x00	0x00	0xff	0x00	0x00	0x00	0x00
PHONE_RECORD_TAIL words:
0x16d2b36:	0x0000	0x0000	0x0000	0x0001	0x0000	0x0000	0x0000	0x0000
PHONE_RECORD_ENTRY call=112 dst=0x16d2b3e base=0x16d2b3c token=0x667618 arg4=84 arg5=83 arg8=21895423 dict=0x667440 ret=0x1000d3b5
0x667618:	"nine"
0x667440:	0x80	0x00	0xc8	0xa3	0xdd	0x00	0x00	0x00
0x667448:	0x00	0x00	0x00	0x00	0x00	0x00	0x00	0x00
0x667450:	0xff	0xff	0xff	0xff	0xfc	0x75	0x66	0x00
0x667458:	0x71	0x02	0x01	0x10	0x84	0x92	0x07	0x10
Temporary breakpoint 219 at 0x1000d3b5
PHONE_RECORD_RETURN call=112 count=0 token_index=84 status=0 boundary_marker=0xff source=0x16d2b43:	"nine"
PHONE_RECORD_HEADER bytes:
0x16d2b3e:	0x00	0x00	0x54	0x00	0x00	0x6e	0x69	0x6e
0x16d2b46:	0x65	0x00	0x00	0x00	0x00	0x00	0x00	0x00
0x16d2b4e:	0x00	0x00	0x00	0x00	0x00	0x00	0x00	0x00
0x16d2b56:	0x00	0x00	0x00	0x00	0x00	0x00	0x00	0x00
0x16d2b5e:	0x00	0x00	0x00	0xff	0x00	0x00	0x00	0x00
PHONE_RECORD_TAIL words:
0x16d308a:	0x0000	0x0000	0x0000	0x0001	0x0000	0x0000	0x0000	0x0000
PHONE_RECORD_ENTRY call=113 dst=0x16d3092 base=0x16d3090 token=0x667618 arg4=85 arg5=84 arg8=21895423 dict=0x667440 ret=0x1000d3b5
0x667618:	"hundred"
0x667440:	0x80	0x00	0xc8	0xa3	0xdd	0x00	0x00	0x00
0x667448:	0x00	0x00	0x00	0x00	0x00	0x00	0x00	0x00
0x667450:	0xff	0xff	0xff	0xff	0xfc	0x75	0x66	0x00
0x667458:	0x71	0x02	0x01	0x10	0x84	0x92	0x07	0x10
Temporary breakpoint 220 at 0x1000d3b5
PHONE_RECORD_RETURN call=113 count=0 token_index=85 status=0 boundary_marker=0xff source=0x16d3097:	"hundred"
PHONE_RECORD_HEADER bytes:
0x16d3092:	0x00	0x00	0x55	0x00	0x00	0x68	0x75	0x6e
0x16d309a:	0x64	0x72	0x65	0x64	0x00	0x00	0x00	0x00
0x16d30a2:	0x00	0x00	0x00	0x00	0x00	0x00	0x00	0x00
0x16d30aa:	0x00	0x00	0x00	0x00	0x00	0x00	0x00	0x00
0x16d30b2:	0x00	0x00	0x00	0xff	0x00	0x00	0x00	0x00
PHONE_RECORD_TAIL words:
0x16d35de:	0x0000	0x0000	0x0000	0x0001	0x0000	0x0000	0x0000	0x0000
PHONE_RECORD_ENTRY call=114 dst=0x16d35e6 base=0x16d35e4 token=0x667618 arg4=86 arg5=85 arg8=21895423 dict=0x667440 ret=0x1000d3b5
0x667618:	"ninety"
0x667440:	0x01	0xe4	0xc8	0xa3	0xdd	0x00	0x00	0x00
0x667448:	0x00	0x00	0x00	0x00	0x00	0x00	0x00	0x00
0x667450:	0xff	0xff	0xff	0xff	0xfc	0x75	0x66	0x00
0x667458:	0x71	0x02	0x01	0x10	0x84	0x92	0x07	0x10
Temporary breakpoint 221 at 0x1000d3b5
PHONE_RECORD_RETURN call=114 count=1 token_index=86 status=0 boundary_marker=0xff source=0x16d35eb:	"ninety"
PHONE_RECORD_HEADER bytes:
0x16d35e6:	0x01	0x00	0x56	0x00	0x00	0x6e	0x69	0x6e
0x16d35ee:	0x65	0x74	0x79	0x00	0x00	0x00	0x00	0x00
0x16d35f6:	0x00	0x00	0x00	0x00	0x00	0x00	0x00	0x00
0x16d35fe:	0x00	0x00	0x00	0x00	0x00	0x00	0x00	0x00
0x16d3606:	0x00	0x00	0x00	0xff	0x00	0x00	0x00	0x00
PHONE_SLOT index=0 marker=0xff bytes:
0x16d361d:	0x2d	0x11	0x2d	0x39	0x26	0x00	0x00	0x00
0x16d3625:	0x00	0x00	0x00	0x00	0x00	0x00	0x00	0x00
0x16d362d:	0x00	0x00	0x00	0x00	0x00	0x00	0x00	0x00
0x16d3635:	0x00	0x00	0x00	0x00	0x00	0x00	0x00	0x00
0x16d363d:	0x00	0x00	0x00	0x00	0x00	0x00	0x00	0x00
0x16d3645:	0x00	0x00	0x00	0x00	0x00	0x00	0x00	0x00
0x16d364d:	0x00	0x00	0x00	0x00	0x00	0x00	0x00	0x00
0x16d3655:	0x00	0x00	0x00	0x00	0x00	0x00	0x00	0x00
0x16d365d:	0x00
PHONE_RECORD_TAIL words:
0x16d3b32:	0x0000	0x0000	0x0000	0x0000	0x0000	0x0000	0x0000	0x0000
PHONE_RECORD_ENTRY call=115 dst=0x16d3b3a base=0x16d3b38 token=0x667618 arg4=87 arg5=86 arg8=21895423 dict=0x667440 ret=0x1000d3b5
0x667618:	"nine"
0x667440:	0x80	0x00	0xc8	0xa3	0xdd	0x00	0x00	0x00
0x667448:	0x00	0x00	0x00	0x00	0x00	0x00	0x00	0x00
0x667450:	0xff	0xff	0xff	0xff	0xfc	0x75	0x66	0x00
0x667458:	0x71	0x02	0x01	0x10	0x84	0x92	0x07	0x10
Temporary breakpoint 222 at 0x1000d3b5
PHONE_RECORD_RETURN call=115 count=0 token_index=87 status=0 boundary_marker=0xff source=0x16d3b3f:	"nine"
PHONE_RECORD_HEADER bytes:
0x16d3b3a:	0x00	0x00	0x57	0x00	0x00	0x6e	0x69	0x6e
0x16d3b42:	0x65	0x00	0x00	0x00	0x00	0x00	0x00	0x00
0x16d3b4a:	0x00	0x00	0x00	0x00	0x00	0x00	0x00	0x00
0x16d3b52:	0x00	0x00	0x00	0x00	0x00	0x00	0x00	0x00
0x16d3b5a:	0x00	0x00	0x00	0xff	0x00	0x00	0x00	0x00
PHONE_RECORD_TAIL words:
0x16d4086:	0x0000	0x0000	0x0000	0x0001	0x0000	0x0000	0x0000	0x0000
PHONE_RECORD_ENTRY call=116 dst=0x16d408e base=0x16d408c token=0x667618 arg4=87 arg5=87 arg8=21895423 dict=0x667440 ret=0x1000d3b5
0x667618:	","
0x667440:	0x00	0x00	0xc8	0xa3	0xdd	0x00	0x00	0x00
0x667448:	0x00	0x00	0x00	0x00	0x00	0x00	0x00	0x00
0x667450:	0xff	0xff	0xff	0xff	0xfc	0x75	0x66	0x00
0x667458:	0x71	0x02	0x01	0x10	0x84	0x92	0x07	0x10
Temporary breakpoint 223 at 0x1000d3b5
PHONE_RECORD_RETURN call=116 count=0 token_index=87 status=0 boundary_marker=0xff source=0x16d4093:	","
PHONE_RECORD_HEADER bytes:
0x16d408e:	0x00	0x00	0x57	0x00	0x00	0x2c	0x00	0x00
0x16d4096:	0x00	0x00	0x00	0x00	0x00	0x00	0x00	0x00
0x16d409e:	0x00	0x00	0x00	0x00	0x00	0x00	0x00	0x00
0x16d40a6:	0x00	0x00	0x00	0x00	0x00	0x00	0x00	0x00
0x16d40ae:	0x00	0x00	0x00	0xff	0x00	0x00	0x00	0x00
PHONE_RECORD_TAIL words:
0x16d45da:	0x0000	0x0000	0x0000	0x0000	0x0000	0x0000	0x0000	0x0000
PHONE_RECORD_ENTRY call=117 dst=0x16d45e2 base=0x16d45e0 token=0x667618 arg4=88 arg5=87 arg8=21895423 dict=0x667440 ret=0x1000d3b5
0x667618:	"one"
0x667440:	0x01	0xf9	0xbf	0xe4	0x00	0x00	0x00	0x00
0x667448:	0x00	0x00	0x00	0x00	0x00	0x00	0x00	0x00
0x667450:	0xff	0xff	0xff	0xff	0xfc	0x75	0x66	0x00
0x667458:	0x71	0x02	0x01	0x10	0x84	0x92	0x07	0x10
Temporary breakpoint 224 at 0x1000d3b5
PHONE_RECORD_RETURN call=117 count=1 token_index=88 status=0 boundary_marker=0xff source=0x16d45e7:	"one"
PHONE_RECORD_HEADER bytes:
0x16d45e2:	0x01	0x00	0x58	0x00	0x00	0x6f	0x6e	0x65
0x16d45ea:	0x00	0x00	0x00	0x00	0x00	0x00	0x00	0x00
0x16d45f2:	0x00	0x00	0x00	0x00	0x00	0x00	0x00	0x00
0x16d45fa:	0x00	0x00	0x00	0x00	0x00	0x00	0x00	0x00
0x16d4602:	0x00	0x00	0x00	0xff	0x00	0x00	0x00	0x00
PHONE_SLOT index=0 marker=0xff bytes:
0x16d4619:	0x42	0x08	0x2d	0x00	0x00	0x00	0x00	0x00
0x16d4621:	0x00	0x00	0x00	0x00	0x00	0x00	0x00	0x00
0x16d4629:	0x00	0x00	0x00	0x00	0x00	0x00	0x00	0x00
0x16d4631:	0x00	0x00	0x00	0x00	0x00	0x00	0x00	0x00
0x16d4639:	0x00	0x00	0x00	0x00	0x00	0x00	0x00	0x00
0x16d4641:	0x00	0x00	0x00	0x00	0x00	0x00	0x00	0x00
0x16d4649:	0x00	0x00	0x00	0x00	0x00	0x00	0x00	0x00
0x16d4651:	0x00	0x00	0x00	0x00	0x00	0x00	0x00	0x00
0x16d4659:	0x00
PHONE_RECORD_TAIL words:
0x16d4b2e:	0x0000	0x0000	0x0000	0x0000	0x0000	0x0000	0x0000	0x0000
PHONE_RECORD_ENTRY call=118 dst=0x16d4b36 base=0x16d4b34 token=0x667618 arg4=89 arg5=88 arg8=21895423 dict=0x667440 ret=0x1000d3b5
0x667618:	"billion"
0x667440:	0x80	0x00	0xbf	0xe4	0x00	0x00	0x00	0x00
0x667448:	0x00	0x00	0x00	0x00	0x00	0x00	0x00	0x00
0x667450:	0xff	0xff	0xff	0xff	0xfc	0x75	0x66	0x00
0x667458:	0x71	0x02	0x01	0x10	0x84	0x92	0x07	0x10
Temporary breakpoint 225 at 0x1000d3b5
PHONE_RECORD_RETURN call=118 count=0 token_index=89 status=0 boundary_marker=0xff source=0x16d4b3b:	"billion"
PHONE_RECORD_HEADER bytes:
0x16d4b36:	0x00	0x00	0x59	0x00	0x00	0x62	0x69	0x6c
0x16d4b3e:	0x6c	0x69	0x6f	0x6e	0x00	0x00	0x00	0x00
0x16d4b46:	0x00	0x00	0x00	0x00	0x00	0x00	0x00	0x00
0x16d4b4e:	0x00	0x00	0x00	0x00	0x00	0x00	0x00	0x00
0x16d4b56:	0x00	0x00	0x00	0xff	0x00	0x00	0x00	0x00
PHONE_RECORD_TAIL words:
0x16d5082:	0x0000	0x0000	0x0000	0x0001	0x0000	0x0000	0x0000	0x0000
PHONE_RECORD_ENTRY call=119 dst=0x16d508a base=0x16d5088 token=0x667618 arg4=89 arg5=89 arg8=21895423 dict=0x667440 ret=0x1000d3b5
0x667618:	"."
0x667440:	0x00	0x00	0xbf	0xe4	0x00	0x00	0x00	0x00
0x667448:	0x00	0x00	0x00	0x00	0x00	0x00	0x00	0x00
0x667450:	0xff	0xff	0xff	0xff	0xfc	0x75	0x66	0x00
0x667458:	0x71	0x02	0x01	0x10	0x84	0x92	0x07	0x10
Temporary breakpoint 226 at 0x1000d3b5
PHONE_RECORD_RETURN call=119 count=0 token_index=89 status=0 boundary_marker=0xff source=0x16d508f:	"."
PHONE_RECORD_HEADER bytes:
0x16d508a:	0x00	0x00	0x59	0x00	0x00	0x2e	0x00	0x00
0x16d5092:	0x00	0x00	0x00	0x00	0x00	0x00	0x00	0x00
0x16d509a:	0x00	0x00	0x00	0x00	0x00	0x00	0x00	0x00
0x16d50a2:	0x00	0x00	0x00	0x00	0x00	0x00	0x00	0x00
0x16d50aa:	0x00	0x00	0x00	0xff	0x00	0x00	0x00	0x00
PHONE_RECORD_TAIL words:
0x16d55d6:	0x0000	0x0000	0x0000	0x0000	0x0000	0x0000	0x0000	0x0000
YEAR_ENTRY input=0x667620
0x667620:	"1000"
Temporary breakpoint 227 at 0x10061207
CARDINAL_ENTRY number=1000 mode=L current=0x667414:	""
Temporary breakpoint 228 at 0x10061427
CARDINAL_ENTRY number=1 mode=L current=0x667414:	""
Temporary breakpoint 229 at 0x10060074
CARDINAL_RETURN number=1 mode=L output=0x667414:	"one"
CARDINAL_ENTRY number=0 mode=L current=0x667414:	"one thousand"
Temporary breakpoint 230 at 0x100600b3
CARDINAL_RETURN number=0 mode=L output=0x667414:	"one thousand"
CARDINAL_RETURN number=0 mode=L output=0x667414:	"one thousand"
YEAR_RETURN output=0x667414
0x667414:	"one thousand"
YEAR_ENTRY input=0x667620
0x667620:	"1001"
Temporary breakpoint 231 at 0x10061207
CARDINAL_ENTRY number=1001 mode=L current=0x667414:	""
Temporary breakpoint 232 at 0x10061427
CARDINAL_ENTRY number=1 mode=L current=0x667414:	""
Temporary breakpoint 233 at 0x10060074
CARDINAL_RETURN number=1 mode=L output=0x667414:	"one"
CARDINAL_ENTRY number=1 mode=L current=0x667414:	"one thousand"
Temporary breakpoint 234 at 0x100600b3
CARDINAL_RETURN number=1 mode=L output=0x667414:	"one thousand one"
CARDINAL_RETURN number=1 mode=L output=0x667414:	"one thousand one"
YEAR_RETURN output=0x667414
0x667414:	"one thousand one"
CARDINAL_ENTRY number=10 mode=L current=0x667400:	""
Temporary breakpoint 235 at 0x10061427
CARDINAL_RETURN number=10 mode=L output=0x667400:	"ten"
CARDINAL_ENTRY number=10 mode=L current=0x6673f8:	""
Temporary breakpoint 236 at 0x10061427
CARDINAL_RETURN number=10 mode=L output=0x6673f8:	"ten"
YEAR_ENTRY input=0x667620
0x667620:	"1010"
Temporary breakpoint 237 at 0x10061207
CARDINAL_ENTRY number=10 mode=L current=0x667414:	""
Temporary breakpoint 238 at 0x10061427
CARDINAL_RETURN number=10 mode=L output=0x667414:	"ten"
CARDINAL_ENTRY number=10 mode=L current=0x667254:	""
Temporary breakpoint 239 at 0x10061427
CARDINAL_RETURN number=10 mode=L output=0x667254:	"ten"
YEAR_RETURN output=0x667414
0x667414:	"ten ten"
CARDINAL_ENTRY number=11 mode=L current=0x667400:	""
Temporary breakpoint 240 at 0x10061427
CARDINAL_RETURN number=11 mode=L output=0x667400:	"eleven"
YEAR_ENTRY input=0x667620
0x667620:	"1100"
Temporary breakpoint 241 at 0x10061207
CARDINAL_ENTRY number=11 mode=L current=0x667414:	""
Temporary breakpoint 242 at 0x10061427
CARDINAL_RETURN number=11 mode=L output=0x667414:	"eleven"
YEAR_RETURN output=0x667414
0x667414:	"eleven hundred"
CARDINAL_ENTRY number=19 mode=L current=0x667400:	""
Temporary breakpoint 243 at 0x10061427
CARDINAL_RETURN number=19 mode=L output=0x667400:	"nineteen"
YEAR_ENTRY input=0x667620
0x667620:	"1900"
Temporary breakpoint 244 at 0x10061207
CARDINAL_ENTRY number=19 mode=L current=0x667414:	""
Temporary breakpoint 245 at 0x10061427
CARDINAL_RETURN number=19 mode=L output=0x667414:	"nineteen"
YEAR_RETURN output=0x667414
0x667414:	"nineteen hundred"
CARDINAL_ENTRY number=19 mode=L current=0x667400:	""
Temporary breakpoint 246 at 0x10061427
CARDINAL_RETURN number=19 mode=L output=0x667400:	"nineteen"
CARDINAL_ENTRY number=99 mode=L current=0x6673f8:	""
Temporary breakpoint 247 at 0x10061427
CARDINAL_RETURN number=99 mode=L output=0x6673f8:	"ninety nine"
YEAR_ENTRY input=0x667620
0x667620:	"1999"
Temporary breakpoint 248 at 0x10061207
CARDINAL_ENTRY number=19 mode=L current=0x667414:	""
Temporary breakpoint 249 at 0x10061427
CARDINAL_RETURN number=19 mode=L output=0x667414:	"nineteen"
CARDINAL_ENTRY number=99 mode=L current=0x667254:	""
Temporary breakpoint 250 at 0x10061427
CARDINAL_RETURN number=99 mode=L output=0x667254:	"ninety nine"
YEAR_RETURN output=0x667414
0x667414:	"nineteen ninety nine"
YEAR_ENTRY input=0x667620
0x667620:	"2000"
Temporary breakpoint 251 at 0x10061207
CARDINAL_ENTRY number=2000 mode=L current=0x667414:	""
Temporary breakpoint 252 at 0x10061427
CARDINAL_ENTRY number=2 mode=L current=0x667414:	""
Temporary breakpoint 253 at 0x10060074
CARDINAL_RETURN number=2 mode=L output=0x667414:	"two"
CARDINAL_ENTRY number=0 mode=L current=0x667414:	"two thousand"
Temporary breakpoint 254 at 0x100600b3
CARDINAL_RETURN number=0 mode=L output=0x667414:	"two thousand"
CARDINAL_RETURN number=0 mode=L output=0x667414:	"two thousand"
YEAR_RETURN output=0x667414
0x667414:	"two thousand"
YEAR_ENTRY input=0x667620
0x667620:	"2001"
Temporary breakpoint 255 at 0x10061207
CARDINAL_ENTRY number=2001 mode=L current=0x667414:	""
Temporary breakpoint 256 at 0x10061427
CARDINAL_ENTRY number=2 mode=L current=0x667414:	""
Temporary breakpoint 257 at 0x10060074
CARDINAL_RETURN number=2 mode=L output=0x667414:	"two"
CARDINAL_ENTRY number=1 mode=L current=0x667414:	"two thousand"
Temporary breakpoint 258 at 0x100600b3
CARDINAL_RETURN number=1 mode=L output=0x667414:	"two thousand one"
CARDINAL_RETURN number=1 mode=L output=0x667414:	"two thousand one"
YEAR_RETURN output=0x667414
0x667414:	"two thousand one"
YEAR_ENTRY input=0x667620
0x667620:	"2005"
Temporary breakpoint 259 at 0x10061207
CARDINAL_ENTRY number=2005 mode=L current=0x667414:	""
Temporary breakpoint 260 at 0x10061427
CARDINAL_ENTRY number=2 mode=L current=0x667414:	""
Temporary breakpoint 261 at 0x10060074
CARDINAL_RETURN number=2 mode=L output=0x667414:	"two"
CARDINAL_ENTRY number=5 mode=L current=0x667414:	"two thousand"
Temporary breakpoint 262 at 0x100600b3
CARDINAL_RETURN number=5 mode=L output=0x667414:	"two thousand five"
CARDINAL_RETURN number=5 mode=L output=0x667414:	"two thousand five"
YEAR_RETURN output=0x667414
0x667414:	"two thousand five"
CARDINAL_ENTRY number=20 mode=L current=0x667400:	""
Temporary breakpoint 263 at 0x10061427
CARDINAL_RETURN number=20 mode=L output=0x667400:	"twenty"
CARDINAL_ENTRY number=10 mode=L current=0x6673f8:	""
Temporary breakpoint 264 at 0x10061427
CARDINAL_RETURN number=10 mode=L output=0x6673f8:	"ten"
YEAR_ENTRY input=0x667620
0x667620:	"2010"
Temporary breakpoint 265 at 0x10061207
CARDINAL_ENTRY number=20 mode=L current=0x667414:	""
Temporary breakpoint 266 at 0x10061427
CARDINAL_RETURN number=20 mode=L output=0x667414:	"twenty"
CARDINAL_ENTRY number=10 mode=L current=0x667254:	""
Temporary breakpoint 267 at 0x10061427
CARDINAL_RETURN number=10 mode=L output=0x667254:	"ten"
YEAR_RETURN output=0x667414
0x667414:	"twenty ten"
CARDINAL_ENTRY number=20 mode=L current=0x667400:	""
Temporary breakpoint 268 at 0x10061427
CARDINAL_RETURN number=20 mode=L output=0x667400:	"twenty"
CARDINAL_ENTRY number=24 mode=L current=0x6673f8:	""
Temporary breakpoint 269 at 0x10061427
CARDINAL_RETURN number=24 mode=L output=0x6673f8:	"twenty four"
YEAR_ENTRY input=0x667620
0x667620:	"2024"
Temporary breakpoint 270 at 0x10061207
CARDINAL_ENTRY number=20 mode=L current=0x667414:	""
Temporary breakpoint 271 at 0x10061427
CARDINAL_RETURN number=20 mode=L output=0x667414:	"twenty"
CARDINAL_ENTRY number=24 mode=L current=0x667254:	""
Temporary breakpoint 272 at 0x10061427
CARDINAL_RETURN number=24 mode=L output=0x667254:	"twenty four"
YEAR_RETURN output=0x667414
0x667414:	"twenty twenty four"
CARDINAL_ENTRY number=20 mode=L current=0x667400:	""
Temporary breakpoint 273 at 0x10061427
CARDINAL_RETURN number=20 mode=L output=0x667400:	"twenty"
CARDINAL_ENTRY number=99 mode=L current=0x6673f8:	""
Temporary breakpoint 274 at 0x10061427
CARDINAL_RETURN number=99 mode=L output=0x6673f8:	"ninety nine"
YEAR_ENTRY input=0x667620
0x667620:	"2099"
Temporary breakpoint 275 at 0x10061207
CARDINAL_ENTRY number=20 mode=L current=0x667414:	""
Temporary breakpoint 276 at 0x10061427
CARDINAL_RETURN number=20 mode=L output=0x667414:	"twenty"
CARDINAL_ENTRY number=99 mode=L current=0x667254:	""
Temporary breakpoint 277 at 0x10061427
CARDINAL_RETURN number=99 mode=L output=0x667254:	"ninety nine"
YEAR_RETURN output=0x667414
0x667414:	"twenty ninety nine"
CARDINAL_ENTRY number=21 mode=L current=0x667400:	""
Temporary breakpoint 278 at 0x10061427
CARDINAL_RETURN number=21 mode=L output=0x667400:	"twenty one"
YEAR_ENTRY input=0x667620
0x667620:	"2100"
Temporary breakpoint 279 at 0x10061207
CARDINAL_ENTRY number=21 mode=L current=0x667414:	""
Temporary breakpoint 280 at 0x10061427
CARDINAL_RETURN number=21 mode=L output=0x667414:	"twenty one"
YEAR_RETURN output=0x667414
0x667414:	"twenty one hundred"
PHONE_RECORD_ENTRY call=120 dst=0x16adbd2 base=0x16adbd0 token=0x6675f8 arg4=0 arg5=-1 arg8=21895423 dict=0x667420 ret=0x1000d3b5
0x6675f8:	"Years"
0x667420:	0xb0	0x00	0x00	0x00	0x00	0x00	0x00	0x00
0x667428:	0x00	0x00	0x00	0x00	0x00	0x00	0x00	0x00
0x667430:	0xff	0xff	0xff	0xff	0xdd	0x75	0x66	0x00
0x667438:	0x71	0x02	0x01	0x10	0x84	0x92	0x07	0x10
Temporary breakpoint 281 at 0x1000d3b5
PHONE_RECORD_RETURN call=120 count=0 token_index=0 status=0 boundary_marker=0xff source=0x16adbd7:	"Years"
PHONE_RECORD_HEADER bytes:
0x16adbd2:	0x00	0x00	0x00	0x00	0x00	0x59	0x65	0x61
0x16adbda:	0x72	0x73	0x00	0x73	0x00	0x01	0x10	0xcb
0x16adbe2:	0x9c	0x01	0x30	0xf0	0x9d	0x01	0x3a	0xf0
0x16adbea:	0x9d	0x01	0x4a	0x85	0x9e	0x01	0x78	0x69
0x16adbf2:	0xa0	0x01	0x54	0xff	0x9e	0x01	0x02	0x42
PHONE_RECORD_TAIL words:
0x16ae11e:	0x0000	0x0001	0x0001	0x0001	0x0000	0x0001	0x7a00	0x7265
PHONE_RECORD_ENTRY call=121 dst=0x16ae126 base=0x16ae124 token=0x6675f8 arg4=1 arg5=0 arg8=21895423 dict=0x667420 ret=0x1000d3b5
0x6675f8:	"one"
0x667420:	0x01	0xf9	0xbf	0xe4	0x00	0x00	0x00	0x00
0x667428:	0x00	0x00	0x00	0x00	0x00	0x00	0x00	0x00
0x667430:	0xff	0xff	0xff	0xff	0xdd	0x75	0x66	0x00
0x667438:	0x71	0x02	0x01	0x10	0x84	0x92	0x07	0x10
Temporary breakpoint 282 at 0x1000d3b5
PHONE_RECORD_RETURN call=121 count=1 token_index=1 status=0 boundary_marker=0xff source=0x16ae12b:	"one"
PHONE_RECORD_HEADER bytes:
0x16ae126:	0x01	0x00	0x01	0x00	0x00	0x6f	0x6e	0x65
0x16ae12e:	0x00	0x00	0x14	0x74	0x9a	0x01	0x70	0xca
0x16ae136:	0xa1	0x01	0x3c	0x5e	0xa1	0x01	0xb2	0x80
0x16ae13e:	0x9f	0x01	0x8c	0x69	0xa0	0x01	0x70	0xa1
0x16ae146:	0x9d	0x01	0x9e	0xff	0x9b	0x01	0xbc	0xea
PHONE_SLOT index=0 marker=0xff bytes:
0x16ae15d:	0x42	0x08	0x2d	0x00	0x27	0x9a	0x01	0xd0
0x16ae165:	0x05	0x9d	0x01	0xc2	0xad	0x99	0x01	0xa0
0x16ae16d:	0x69	0xa0	0x01	0xf8	0x80	0x9f	0x01	0x7a
0x16ae175:	0x94	0x9b	0x01	0x20	0x06	0x9d	0x01	0x96
0x16ae17d:	0x74	0x9a	0x01	0xe8	0xa1	0x9d	0x01	0x02
0x16ae185:	0x98	0xa1	0x01	0x3a	0xae	0x99	0x01	0x2a
0x16ae18d:	0x06	0x9d	0x01	0xa0	0x74	0x9a	0x01	0x0c
0x16ae195:	0x98	0xa1	0x01	0xf2	0xa1	0x9d	0x01	0x44
0x16ae19d:	0xae
PHONE_RECORD_TAIL words:
0x16ae672:	0x0000	0x0000	0x0000	0x0000	0x0000	0x0001	0x2c00	0x7300
PHONE_RECORD_ENTRY call=122 dst=0x16ae67a base=0x16ae678 token=0x6675f8 arg4=2 arg5=1 arg8=21895423 dict=0x667420 ret=0x1000d3b5
0x6675f8:	"thousand"
0x667420:	0x80	0x00	0xbf	0xe4	0x00	0x00	0x00	0x00
0x667428:	0x00	0x00	0x00	0x00	0x00	0x00	0x00	0x00
0x667430:	0xff	0xff	0xff	0xff	0xdd	0x75	0x66	0x00
0x667438:	0x71	0x02	0x01	0x10	0x84	0x92	0x07	0x10
Temporary breakpoint 283 at 0x1000d3b5
PHONE_RECORD_RETURN call=122 count=0 token_index=2 status=0 boundary_marker=0xff source=0x16ae67f:	"thousand"
PHONE_RECORD_HEADER bytes:
0x16ae67a:	0x00	0x00	0x02	0x00	0x00	0x74	0x68	0x6f
0x16ae682:	0x75	0x73	0x61	0x6e	0x64	0x00	0xa8	0x73
0x16ae68a:	0x9d	0x01	0x70	0x63	0x9f	0x01	0xde	0x06
0x16ae692:	0x9d	0x01	0x1a	0xb0	0x99	0x01	0xdc	0x96
0x16ae69a:	0x9b	0x01	0xaa	0xff	0x9c	0x01	0x28	0xf3
PHONE_RECORD_TAIL words:
0x16aebc6:	0x0000	0x0000	0x0000	0x0001	0x0001	0x0002	0x6f00	0x656e
PHONE_RECORD_ENTRY call=123 dst=0x16aebce base=0x16aebcc token=0x6675f8 arg4=2 arg5=2 arg8=21895423 dict=0x667420 ret=0x1000d3b5
0x6675f8:	","
0x667420:	0x00	0x00	0xbf	0xe4	0x00	0x00	0x00	0x00
0x667428:	0x00	0x00	0x00	0x00	0x00	0x00	0x00	0x00
0x667430:	0xff	0xff	0xff	0xff	0xdd	0x75	0x66	0x00
0x667438:	0x71	0x02	0x01	0x10	0x84	0x92	0x07	0x10
Temporary breakpoint 284 at 0x1000d3b5
PHONE_RECORD_RETURN call=123 count=0 token_index=2 status=0 boundary_marker=0xff source=0x16aebd3:	","
PHONE_RECORD_HEADER bytes:
0x16aebce:	0x00	0x00	0x02	0x00	0x00	0x2c	0x00	0x65
0x16aebd6:	0x00	0x01	0x22	0xcd	0x9c	0x01	0x7e	0x88
0x16aebde:	0x9e	0x01	0xfe	0xf2	0x9a	0x01	0xea	0x5f
0x16aebe6:	0xa1	0x01	0xce	0xb2	0xa1	0x01	0x0c	0x9e
0x16aebee:	0xa0	0x01	0x98	0xff	0x9a	0x01	0x98	0xc7
PHONE_RECORD_TAIL words:
0x16af11a:	0x0000	0x0000	0x0000	0x0000	0x0000	0x0002	0x2c00	0xaf00
PHONE_RECORD_ENTRY call=124 dst=0x16af122 base=0x16af120 token=0x6675f8 arg4=3 arg5=2 arg8=21895423 dict=0x667420 ret=0x1000d3b5
0x6675f8:	"one"
0x667420:	0x01	0xf9	0xbf	0xe4	0x00	0x00	0x00	0x00
0x667428:	0x00	0x00	0x00	0x00	0x00	0x00	0x00	0x00
0x667430:	0xff	0xff	0xff	0xff	0xdd	0x75	0x66	0x00
0x667438:	0x71	0x02	0x01	0x10	0x84	0x92	0x07	0x10
Temporary breakpoint 285 at 0x1000d3b5
PHONE_RECORD_RETURN call=124 count=1 token_index=3 status=0 boundary_marker=0xff source=0x16af127:	"one"
PHONE_RECORD_HEADER bytes:
0x16af122:	0x01	0x00	0x03	0x00	0x00	0x6f	0x6e	0x65
0x16af12a:	0x00	0x01	0x60	0x95	0x9b	0x01	0xb0	0xf0
0x16af132:	0x9a	0x01	0x04	0x96	0x9c	0x01	0xcc	0xc5
0x16af13a:	0x9f	0x01	0x1c	0xec	0xa1	0x01	0x3e	0xaf
0x16af142:	0x99	0x01	0x74	0xff	0x9b	0x01	0xf2	0xeb
PHONE_SLOT index=0 marker=0xff bytes:
0x16af159:	0x42	0x08	0x2d	0x00	0xec	0xa1	0x01	0x5c
0x16af161:	0x81	0x9f	0x01	0x98	0x42	0xa2	0x01	0xd6
0x16af169:	0x41	0xa1	0x01	0xca	0xeb	0x9e	0x01	0xae
0x16af171:	0xc5	0x9f	0x01	0x66	0x06	0x9d	0x01	0xf2
0x16af179:	0x3a	0xa0	0x01	0x84	0x06	0x9d	0x01	0x9c
0x16af181:	0x95	0x9b	0x01	0xe8	0x27	0x9a	0x01	0x7a
0x16af189:	0xaf	0x99	0x01	0x66	0xf1	0x9d	0x01	0xfc
0x16af191:	0xeb	0x9e	0x01	0x8a	0x86	0x9e	0x01	0xd8
0x16af199:	0xf0
PHONE_RECORD_TAIL words:
0x16af66e:	0x0000	0x0000	0x0000	0x0000	0x0000	0x0003	0x6e00	0x6e69
PHONE_RECORD_ENTRY call=125 dst=0x16af676 base=0x16af674 token=0x6675f8 arg4=4 arg5=3 arg8=21895423 dict=0x667420 ret=0x1000d3b5
0x6675f8:	"thousand"
0x667420:	0x80	0x00	0xbf	0xe4	0x00	0x00	0x00	0x00
0x667428:	0x00	0x00	0x00	0x00	0x00	0x00	0x00	0x00
0x667430:	0xff	0xff	0xff	0xff	0xdd	0x75	0x66	0x00
0x667438:	0x71	0x02	0x01	0x10	0x84	0x92	0x07	0x10
Temporary breakpoint 286 at 0x1000d3b5
PHONE_RECORD_RETURN call=125 count=0 token_index=4 status=0 boundary_marker=0xff source=0x16af67b:	"thousand"
PHONE_RECORD_HEADER bytes:
0x16af676:	0x00	0x00	0x04	0x00	0x00	0x74	0x68	0x6f
0x16af67e:	0x75	0x73	0x61	0x6e	0x64	0x00	0xe6	0x69
0x16af686:	0xa0	0x01	0x28	0xa3	0x9d	0x01	0xb6	0x42
0x16af68e:	0xa2	0x01	0xf2	0xf1	0x9d	0x01	0x1a	0xf2
0x16af696:	0x9d	0x01	0x4c	0xff	0x9d	0x01	0x24	0xec
PHONE_RECORD_TAIL words:
0x16afbc2:	0x0000	0x0000	0x0000	0x0001	0x0000	0x0003	0x2c00	0xf600
PHONE_RECORD_ENTRY call=126 dst=0x16afbca base=0x16afbc8 token=0x6675f8 arg4=5 arg5=4 arg8=21895423 dict=0x667420 ret=0x1000d3b5
0x6675f8:	"one"
0x667420:	0x01	0xf9	0xbf	0xe4	0x00	0x00	0x00	0x00
0x667428:	0x00	0x00	0x00	0x00	0x00	0x00	0x00	0x00
0x667430:	0xff	0xff	0xff	0xff	0xdd	0x75	0x66	0x00
0x667438:	0x71	0x02	0x01	0x10	0x84	0x92	0x07	0x10
Temporary breakpoint 287 at 0x1000d3b5
PHONE_RECORD_RETURN call=126 count=1 token_index=5 status=0 boundary_marker=0xff source=0x16afbcf:	"one"
PHONE_RECORD_HEADER bytes:
0x16afbca:	0x01	0x00	0x05	0x00	0x00	0x6f	0x6e	0x65
0x16afbd2:	0x00	0x01	0x46	0xb3	0xa1	0x01	0x42	0xee
0x16afbda:	0xa1	0x01	0x4c	0x43	0xa2	0x01	0x3e	0x99
0x16afbe2:	0x9b	0x01	0x36	0xb2	0x99	0x01	0x7a	0x98
0x16afbea:	0x9c	0x01	0x2a	0xff	0x9d	0x01	0x3e	0xf6
PHONE_SLOT index=0 marker=0xff bytes:
0x16afc01:	0x42	0x08	0x2d	0x00	0xb2	0x99	0x01	0x1c
0x16afc09:	0xce	0x9c	0x01	0x48	0xf6	0x9d	0x01	0xf0
0x16afc11:	0x89	0x9e	0x01	0xd0	0xf3	0x9a	0x01	0x5a
0x16afc19:	0xb3	0xa1	0x01	0x5a	0xcc	0xa1	0x01	0x38
0x16afc21:	0x78	0x9a	0x01	0x2e	0xc8	0x9f	0x01	0x90
0x16afc29:	0x84	0x9f	0x01	0x56	0x43	0xa2	0x01	0x4a
0x16afc31:	0xb2	0x99	0x01	0x52	0x99	0x9b	0x01	0x30
0x16afc39:	0xef	0x9e	0x01	0xfa	0x89	0x9e	0x01	0x26
0x16afc41:	0xce
PHONE_RECORD_TAIL words:
0x16b0116:	0x0000	0x0000	0x0000	0x0000	0x0000	0x0004	0x7400	0x6e65
PHONE_RECORD_ENTRY call=127 dst=0x16b011e base=0x16b011c token=0x6675f8 arg4=5 arg5=5 arg8=21895423 dict=0x667420 ret=0x1000d3b5
0x6675f8:	","
0x667420:	0x00	0xf9	0xbf	0xe4	0x00	0x00	0x00	0x00
0x667428:	0x00	0x00	0x00	0x00	0x00	0x00	0x00	0x00
0x667430:	0xff	0xff	0xff	0xff	0xdd	0x75	0x66	0x00
0x667438:	0x71	0x02	0x01	0x10	0x84	0x92	0x07	0x10
Temporary breakpoint 288 at 0x1000d3b5
PHONE_RECORD_RETURN call=127 count=0 token_index=5 status=0 boundary_marker=0xff source=0x16b0123:	","
PHONE_RECORD_HEADER bytes:
0x16b011e:	0x00	0x00	0x05	0x00	0x00	0x2c	0x00	0x6e
0x16b0126:	0x00	0x01	0xbc	0xef	0x9e	0x01	0x9c	0x78
0x16b012e:	0x9a	0x01	0xa4	0xb2	0x99	0x01	0x02	0xf4
0x16b0136:	0x9a	0x01	0x56	0xc8	0x9f	0x01	0xc4	0x78
0x16b013e:	0x9a	0x01	0xba	0xff	0x9a	0x01	0xc6	0xef
PHONE_RECORD_TAIL words:
0x16b066a:	0x0000	0x0000	0x0000	0x0000	0x0000	0x0004	0x2c00	0xf800
PHONE_RECORD_ENTRY call=128 dst=0x16b0672 base=0x16b0670 token=0x6675f8 arg4=6 arg5=5 arg8=21895423 dict=0x667420 ret=0x1000d3b5
0x6675f8:	"ten"
0x667420:	0x80	0x00	0xbf	0xe4	0x00	0x00	0x00	0x00
0x667428:	0x00	0x00	0x00	0x00	0x00	0x00	0x00	0x00
0x667430:	0xff	0xff	0xff	0xff	0xdd	0x75	0x66	0x00
0x667438:	0x71	0x02	0x01	0x10	0x84	0x92	0x07	0x10
Temporary breakpoint 289 at 0x1000d3b5
PHONE_RECORD_RETURN call=128 count=0 token_index=6 status=0 boundary_marker=0xff source=0x16b0677:	"ten"
PHONE_RECORD_HEADER bytes:
0x16b0672:	0x00	0x00	0x06	0x00	0x00	0x74	0x65	0x6e
0x16b067a:	0x00	0x01	0xf2	0x63	0x9f	0x01	0x7a	0x8c
0x16b0682:	0x9e	0x01	0x88	0xf1	0x9e	0x01	0x5a	0x79
0x16b068a:	0x9a	0x01	0x12	0x06	0xa1	0x01	0x6a	0x99
0x16b0692:	0x9c	0x01	0x1a	0xff	0x9a	0x01	0xe4	0x92
PHONE_RECORD_TAIL words:
0x16b0bbe:	0x0000	0x0000	0x0000	0x0001	0x0000	0x0005	0x6500	0x656c
PHONE_RECORD_ENTRY call=129 dst=0x16b0bc6 base=0x16b0bc4 token=0x6675f8 arg4=7 arg5=6 arg8=21895423 dict=0x667420 ret=0x1000d3b5
0x6675f8:	"ten"
0x667420:	0x80	0x00	0xbf	0xe4	0x00	0x00	0x00	0x00
0x667428:	0x00	0x00	0x00	0x00	0x00	0x00	0x00	0x00
0x667430:	0xff	0xff	0xff	0xff	0xdd	0x75	0x66	0x00
0x667438:	0x71	0x02	0x01	0x10	0x84	0x92	0x07	0x10
Temporary breakpoint 290 at 0x1000d3b5
PHONE_RECORD_RETURN call=129 count=0 token_index=7 status=0 boundary_marker=0xff source=0x16b0bcb:	"ten"
PHONE_RECORD_HEADER bytes:
0x16b0bc6:	0x00	0x00	0x07	0x00	0x00	0x74	0x65	0x6e
0x16b0bce:	0x00	0x65	0x6e	0x00	0x9f	0x01	0xc6	0x3e
0x16b0bd6:	0xa0	0x01	0xe0	0xf0	0xa1	0x01	0xf0	0x44
0x16b0bde:	0xa2	0x01	0x06	0x9f	0x9b	0x01	0x7c	0xf3
0x16b0be6:	0x9e	0x01	0x0e	0xff	0x9a	0x01	0x56	0x9f
PHONE_RECORD_TAIL words:
0x16b1112:	0x0000	0x0000	0x0000	0x0001	0x0000	0x0005	0x2c00	0xc000
PHONE_RECORD_ENTRY call=130 dst=0x16b111a base=0x16b1118 token=0x6675f8 arg4=7 arg5=7 arg8=21895423 dict=0x667420 ret=0x1000d3b5
0x6675f8:	","
0x667420:	0x00	0x00	0xbf	0xe4	0x00	0x00	0x00	0x00
0x667428:	0x00	0x00	0x00	0x00	0x00	0x00	0x00	0x00
0x667430:	0xff	0xff	0xff	0xff	0xdd	0x75	0x66	0x00
0x667438:	0x71	0x02	0x01	0x10	0x84	0x92	0x07	0x10
Temporary breakpoint 291 at 0x1000d3b5
PHONE_RECORD_RETURN call=130 count=0 token_index=7 status=0 boundary_marker=0xff source=0x16b111f:	","
PHONE_RECORD_HEADER bytes:
0x16b111a:	0x00	0x00	0x07	0x00	0x00	0x2c	0x00	0xc0
0x16b1122:	0xa0	0x01	0xf6	0x9f	0x9b	0x01	0x72	0x2a
0x16b112a:	0x9a	0x01	0xbc	0xfa	0x9d	0x01	0xa0	0x8e
0x16b1132:	0x9e	0x01	0x18	0xb4	0xa1	0x01	0xea	0xcd
0x16b113a:	0xa1	0x01	0x34	0xff	0xa1	0x01	0x78	0x9a
PHONE_RECORD_TAIL words:
0x16b1666:	0x0000	0x0000	0x0000	0x0000	0x0001	0x0006	0x6e00	0x6e69
PHONE_RECORD_ENTRY call=131 dst=0x16b166e base=0x16b166c token=0x6675f8 arg4=8 arg5=7 arg8=21895423 dict=0x667420 ret=0x1000d3b5
0x6675f8:	"eleven"
0x667420:	0x80	0x00	0xbf	0xe4	0x00	0x00	0x00	0x00
0x667428:	0x00	0x00	0x00	0x00	0x00	0x00	0x00	0x00
0x667430:	0xff	0xff	0xff	0xff	0xdd	0x75	0x66	0x00
0x667438:	0x71	0x02	0x01	0x10	0x84	0x92	0x07	0x10
Temporary breakpoint 292 at 0x1000d3b5
PHONE_RECORD_RETURN call=131 count=0 token_index=8 status=0 boundary_marker=0xff source=0x16b1673:	"eleven"
PHONE_RECORD_HEADER bytes:
0x16b166e:	0x00	0x00	0x08	0x00	0x00	0x65	0x6c	0x65
0x16b1676:	0x76	0x65	0x6e	0x00	0x6e	0x00	0x64	0x76
0x16b167e:	0x9d	0x01	0xa8	0xd3	0x9c	0x01	0xac	0x0b
0x16b1686:	0x9d	0x01	0x60	0x51	0x99	0x01	0xa2	0xc1
0x16b168e:	0xa0	0x01	0xc0	0xff	0x9b	0x01	0x4e	0x2b
PHONE_RECORD_TAIL words:
0x16b1bba:	0x0000	0x0000	0x0000	0x0001	0x0000	0x0006	0x2c00	0x6100
PHONE_RECORD_ENTRY call=132 dst=0x16b1bc2 base=0x16b1bc0 token=0x6675f8 arg4=9 arg5=8 arg8=21895423 dict=0x667420 ret=0x1000d3b5
0x6675f8:	"hundred"
0x667420:	0x80	0x00	0xbf	0xe4	0x00	0x00	0x00	0x00
0x667428:	0x00	0x00	0x00	0x00	0x00	0x00	0x00	0x00
0x667430:	0xff	0xff	0xff	0xff	0xdd	0x75	0x66	0x00
0x667438:	0x71	0x02	0x01	0x10	0x84	0x92	0x07	0x10
Temporary breakpoint 293 at 0x1000d3b5
PHONE_RECORD_RETURN call=132 count=0 token_index=9 status=0 boundary_marker=0xff source=0x16b1bc7:	"hundred"
PHONE_RECORD_HEADER bytes:
0x16b1bc2:	0x00	0x00	0x09	0x00	0x00	0x68	0x75	0x6e
0x16b1bca:	0x64	0x72	0x65	0x64	0x00	0x01	0x14	0xf6
0x16b1bd2:	0x9a	0x01	0x4e	0x06	0xa1	0x01	0x90	0xcd
0x16b1bda:	0xa1	0x01	0x2c	0xca	0x9f	0x01	0x10	0x75
0x16b1be2:	0x9d	0x01	0xf8	0xff	0x9b	0x01	0x9a	0x09
PHONE_RECORD_TAIL words:
0x16b210e:	0x0000	0x0000	0x0000	0x0001	0x0000	0x0007	0x7400	0x6577
PHONE_RECORD_ENTRY call=133 dst=0x16b2116 base=0x16b2114 token=0x6675f8 arg4=9 arg5=9 arg8=21895423 dict=0x667420 ret=0x1000d3b5
0x6675f8:	","
0x667420:	0x00	0x00	0xbf	0xe4	0x00	0x00	0x00	0x00
0x667428:	0x00	0x00	0x00	0x00	0x00	0x00	0x00	0x00
0x667430:	0xff	0xff	0xff	0xff	0xdd	0x75	0x66	0x00
0x667438:	0x71	0x02	0x01	0x10	0x84	0x92	0x07	0x10
Temporary breakpoint 294 at 0x1000d3b5
PHONE_RECORD_RETURN call=133 count=0 token_index=9 status=0 boundary_marker=0xff source=0x16b211b:	","
PHONE_RECORD_HEADER bytes:
0x16b2116:	0x00	0x00	0x09	0x00	0x00	0x2c	0x00	0x65
0x16b211e:	0x6e	0x74	0x79	0x00	0xa1	0x01	0xa6	0x9f
0x16b2126:	0xa0	0x01	0x9a	0x45	0xa2	0x01	0xaa	0xef
0x16b212e:	0xa1	0x01	0x90	0x9c	0x9b	0x01	0xc0	0x8c
0x16b2136:	0x9e	0x01	0x1e	0xff	0x9e	0x01	0x98	0x86
PHONE_RECORD_TAIL words:
0x16b2662:	0x0000	0x0000	0x0000	0x0000	0x0000	0x0007	0x2c00	0x6100
PHONE_RECORD_ENTRY call=134 dst=0x16b266a base=0x16b2668 token=0x6675f8 arg4=10 arg5=9 arg8=21895423 dict=0x667420 ret=0x1000d3b5
0x6675f8:	"nineteen"
0x667420:	0x01	0xe4	0xc9	0xa3	0x47	0x00	0x00	0x00
0x667428:	0x00	0x00	0x00	0x00	0x00	0x00	0x00	0x00
0x667430:	0xff	0xff	0xff	0xff	0xdd	0x75	0x66	0x00
0x667438:	0x71	0x02	0x01	0x10	0x84	0x92	0x07	0x10
Temporary breakpoint 295 at 0x1000d3b5
PHONE_RECORD_RETURN call=134 count=1 token_index=10 status=0 boundary_marker=0xff source=0x16b266f:	"nineteen"
PHONE_RECORD_HEADER bytes:
0x16b266a:	0x01	0x00	0x0a	0x00	0x00	0x6e	0x69	0x6e
0x16b2672:	0x65	0x74	0x65	0x65	0x6e	0x00	0xca	0x9e
0x16b267a:	0x9b	0x01	0xdc	0x29	0x9a	0x01	0xcc	0x7a
0x16b2682:	0x9a	0x01	0x46	0xf6	0x9a	0x01	0xa2	0x61
0x16b268a:	0xa1	0x01	0x3c	0xff	0xa2	0x01	0x42	0x87
PHONE_SLOT index=0 marker=0xff bytes:
0x16b26a1:	0x2d	0x12	0x2d	0x39	0x27	0x2d	0x00	0xfe
0x16b26a9:	0xf9	0x9d	0x01	0xfe	0x7a	0x9a	0x01	0xf0
0x16b26b1:	0x54	0x9c	0x01	0x74	0x87	0x9f	0x01	0x90
0x16b26b9:	0xf0	0xa1	0x01	0x42	0x75	0x9d	0x01	0x84
0x16b26c1:	0xb4	0x99	0x01	0xb6	0x9e	0x9b	0x01	0x26
0x16b26c9:	0xfa	0x9d	0x01	0x02	0x43	0xa1	0x01	0xe2
0x16b26d1:	0x8d	0x9e	0x01	0x7e	0xd0	0x9c	0x01	0x2c
0x16b26d9:	0xf3	0x9e	0x01	0x30	0x7b	0x9a	0x01	0x4e
0x16b26e1:	0x3e
PHONE_RECORD_TAIL words:
0x16b2bb6:	0x0000	0x0000	0x0000	0x0000	0x0000	0x0008	0x7400	0x6577
PHONE_RECORD_ENTRY call=135 dst=0x16b2bbe base=0x16b2bbc token=0x6675f8 arg4=11 arg5=10 arg8=21895423 dict=0x667420 ret=0x1000d3b5
0x6675f8:	"hundred"
0x667420:	0x80	0x00	0xc9	0xa3	0x47	0x00	0x00	0x00
0x667428:	0x00	0x00	0x00	0x00	0x00	0x00	0x00	0x00
0x667430:	0xff	0xff	0xff	0xff	0xdd	0x75	0x66	0x00
0x667438:	0x71	0x02	0x01	0x10	0x84	0x92	0x07	0x10
Temporary breakpoint 296 at 0x1000d3b5
PHONE_RECORD_RETURN call=135 count=0 token_index=11 status=0 boundary_marker=0xff source=0x16b2bc3:	"hundred"
PHONE_RECORD_HEADER bytes:
0x16b2bbe:	0x00	0x00	0x0b	0x00	0x00	0x68	0x75	0x6e
0x16b2bc6:	0x64	0x72	0x65	0x64	0x00	0x01	0x48	0xf2
0x16b2bce:	0xa1	0x01	0x66	0xcc	0x9f	0x01	0x0e	0xcf
0x16b2bd6:	0x9a	0x01	0x94	0x56	0x9c	0x01	0xee	0xa2
0x16b2bde:	0x9b	0x01	0x82	0xff	0x9d	0x01	0x58	0x90
PHONE_RECORD_TAIL words:
0x16b310a:	0x0000	0x0000	0x0000	0x0001	0x0001	0x0009	0x6f00	0x656e
PHONE_RECORD_ENTRY call=136 dst=0x16b3112 base=0x16b3110 token=0x6675f8 arg4=11 arg5=11 arg8=21895423 dict=0x667420 ret=0x1000d3b5
0x6675f8:	","
0x667420:	0x00	0x00	0xc9	0xa3	0x47	0x00	0x00	0x00
0x667428:	0x00	0x00	0x00	0x00	0x00	0x00	0x00	0x00
0x667430:	0xff	0xff	0xff	0xff	0xdd	0x75	0x66	0x00
0x667438:	0x71	0x02	0x01	0x10	0x84	0x92	0x07	0x10
Temporary breakpoint 297 at 0x1000d3b5
PHONE_RECORD_RETURN call=136 count=0 token_index=11 status=0 boundary_marker=0xff source=0x16b3117:	","
PHONE_RECORD_HEADER bytes:
0x16b3112:	0x00	0x00	0x0b	0x00	0x00	0x2c	0x00	0x65
0x16b311a:	0x00	0x01	0xe2	0xac	0x9d	0x01	0x10	0x0c
0x16b3122:	0x9d	0x01	0xc4	0xb5	0x99	0x01	0x9e	0x2b
0x16b312a:	0x9a	0x01	0x6a	0xa4	0x9b	0x01	0xc2	0xfe
0x16b3132:	0x9d	0x01	0x78	0xff	0xa1	0x01	0x92	0x08
PHONE_RECORD_TAIL words:
0x16b365e:	0x0000	0x0000	0x0000	0x0000	0x0000	0x0009	0x2c00	0x7700
PHONE_RECORD_ENTRY call=137 dst=0x16b3666 base=0x16b3664 token=0x6675f8 arg4=12 arg5=11 arg8=21895423 dict=0x667420 ret=0x1000d3b5
0x6675f8:	"nineteen"
0x667420:	0x01	0xe4	0xc9	0xa3	0x47	0x00	0x00	0x00
0x667428:	0x00	0x00	0x00	0x00	0x00	0x00	0x00	0x00
0x667430:	0xff	0xff	0xff	0xff	0xdd	0x75	0x66	0x00
0x667438:	0x71	0x02	0x01	0x10	0x84	0x92	0x07	0x10
Temporary breakpoint 298 at 0x1000d3b5
PHONE_RECORD_RETURN call=137 count=1 token_index=12 status=0 boundary_marker=0xff source=0x16b366b:	"nineteen"
PHONE_RECORD_HEADER bytes:
0x16b3666:	0x01	0x00	0x0c	0x00	0x00	0x6e	0x69	0x6e
0x16b366e:	0x65	0x74	0x65	0x65	0x6e	0x00	0xa2	0x6c
0x16b3676:	0xa0	0x01	0x62	0x52	0x9b	0x01	0x6c	0x52
0x16b367e:	0x9b	0x01	0x24	0xc2	0xa0	0x01	0x86	0x0e
0x16b3686:	0x9d	0x01	0xfa	0xff	0x99	0x01	0x48	0xa8
PHONE_SLOT index=0 marker=0xff bytes:
0x16b369d:	0x2d	0x12	0x2d	0x39	0x27	0x2d	0x00	0x44
0x16b36a5:	0x65	0xa1	0x01	0x6c	0xb5	0xa1	0x01	0x9a
0x16b36ad:	0x7f	0x9a	0x01	0xcc	0x18	0xa2	0x01	0x28
0x16b36b5:	0xfb	0x9a	0x01	0x44	0x2d	0xa2	0x01	0x18
0x16b36bd:	0xa1	0xa0	0x01	0xb0	0x6d	0xa0	0x01	0x70
0x16b36c5:	0x53	0x9b	0x01	0x22	0xa1	0xa0	0x01	0x7a
0x16b36cd:	0x53	0x9b	0x01	0x52	0xa8	0x9b	0x01	0x16
0x16b36d5:	0x10	0x9d	0x01	0x78	0xaa	0x9b	0x01	0xfc
0x16b36dd:	0x96
PHONE_RECORD_TAIL words:
0x16b3bb2:	0x0000	0x0000	0x0000	0x0000	0x0001	0x000a	0x6e00	0x6e69
PHONE_RECORD_ENTRY call=138 dst=0x16b3bba base=0x16b3bb8 token=0x6675f8 arg4=13 arg5=12 arg8=21895423 dict=0x667420 ret=0x1000d3b5
0x6675f8:	"ninety"
0x667420:	0x01	0xe4	0xc8	0xa3	0xdd	0x00	0x00	0x00
0x667428:	0x00	0x00	0x00	0x00	0x00	0x00	0x00	0x00
0x667430:	0xff	0xff	0xff	0xff	0xdd	0x75	0x66	0x00
0x667438:	0x71	0x02	0x01	0x10	0x84	0x92	0x07	0x10
Temporary breakpoint 299 at 0x1000d3b5
PHONE_RECORD_RETURN call=138 count=1 token_index=13 status=0 boundary_marker=0xff source=0x16b3bbf:	"ninety"
PHONE_RECORD_HEADER bytes:
0x16b3bba:	0x01	0x00	0x0d	0x00	0x00	0x6e	0x69	0x6e
0x16b3bc2:	0x65	0x74	0x79	0x00	0xa0	0x01	0x9c	0xa9
0x16b3bca:	0x9b	0x01	0x68	0x03	0x9e	0x01	0x52	0x96
0x16b3bd2:	0x9e	0x01	0x24	0xd5	0x9c	0x01	0x4a	0xfc
0x16b3bda:	0x9a	0x01	0x3e	0xff	0xa1	0x01	0x32	0x59
PHONE_SLOT index=0 marker=0xff bytes:
0x16b3bf1:	0x2d	0x11	0x2d	0x39	0x26	0x00	0x01	0x2e
0x16b3bf9:	0xd5	0x9c	0x01	0x5c	0x96	0x9e	0x01	0x72
0x16b3c01:	0x03	0x9e	0x01	0x54	0xfc	0x9a	0x01	0x7a
0x16b3c09:	0x9d	0x9c	0x01	0xa6	0x40	0xa0	0x01	0xaa
0x16b3c11:	0x6e	0xa0	0x01	0x2a	0xd1	0x9f	0x01	0x76
0x16b3c19:	0xaf	0x9d	0x01	0x3c	0x59	0x9c	0x01	0x8a
0x16b3c21:	0x0f	0x9d	0x01	0xc4	0xa9	0x9b	0x01	0x1e
0x16b3c29:	0x52	0x99	0x01	0x6c	0xf9	0x9e	0x01	0x70
0x16b3c31:	0x96
PHONE_RECORD_TAIL words:
0x16b4106:	0x0000	0x0000	0x0000	0x0000	0x0000	0x000b	0x6e00	0x6e69
PHONE_RECORD_ENTRY call=139 dst=0x16b410e base=0x16b410c token=0x6675f8 arg4=14 arg5=13 arg8=21895423 dict=0x667420 ret=0x1000d3b5
0x6675f8:	"nine"
0x667420:	0x80	0x00	0xc8	0xa3	0xdd	0x00	0x00	0x00
0x667428:	0x00	0x00	0x00	0x00	0x00	0x00	0x00	0x00
0x667430:	0xff	0xff	0xff	0xff	0xdd	0x75	0x66	0x00
0x667438:	0x71	0x02	0x01	0x10	0x84	0x92	0x07	0x10
Temporary breakpoint 300 at 0x1000d3b5
PHONE_RECORD_RETURN call=139 count=0 token_index=14 status=0 boundary_marker=0xff source=0x16b4113:	"nine"
PHONE_RECORD_HEADER bytes:
0x16b410e:	0x00	0x00	0x0e	0x00	0x00	0x6e	0x69	0x6e
0x16b4116:	0x65	0x00	0xfe	0xa1	0xa0	0x01	0xf6	0x40
0x16b411e:	0xa0	0x01	0xe4	0x0f	0x9d	0x01	0xb0	0x2d
0x16b4126:	0x9a	0x01	0x14	0xaa	0x9b	0x01	0x60	0x44
0x16b412e:	0xa1	0x01	0xb6	0xff	0x9e	0x01	0xea	0x03
PHONE_RECORD_TAIL words:
0x16b465a:	0x0000	0x0000	0x0000	0x0001	0x0000	0x000b	0x2c00	0xd100
PHONE_RECORD_ENTRY call=140 dst=0x16b4662 base=0x16b4660 token=0x6675f8 arg4=14 arg5=14 arg8=21895423 dict=0x667420 ret=0x1000d3b5
0x6675f8:	","
0x667420:	0x00	0x00	0xc8	0xa3	0xdd	0x00	0x00	0x00
0x667428:	0x00	0x00	0x00	0x00	0x00	0x00	0x00	0x00
0x667430:	0xff	0xff	0xff	0xff	0xdd	0x75	0x66	0x00
0x667438:	0x71	0x02	0x01	0x10	0x84	0x92	0x07	0x10
Temporary breakpoint 301 at 0x1000d3b5
PHONE_RECORD_RETURN call=140 count=0 token_index=14 status=0 boundary_marker=0xff source=0x16b4667:	","
PHONE_RECORD_HEADER bytes:
0x16b4662:	0x00	0x00	0x0e	0x00	0x00	0x2c	0x00	0xd1
0x16b466a:	0x9a	0x01	0xf0	0x59	0x9c	0x01	0x00	0x55
0x16b4672:	0x9b	0x01	0x14	0x55	0x9b	0x01	0xf6	0x2d
0x16b467a:	0x9a	0x01	0x2c	0xc4	0xa0	0x01	0x2c	0xab
0x16b4682:	0x9b	0x01	0x52	0xff	0x9e	0x01	0xfe	0x66
PHONE_RECORD_TAIL words:
0x16b4bae:	0x0000	0x0000	0x0000	0x0000	0x0001	0x000c	0x6f00	0x656e
PHONE_RECORD_ENTRY call=141 dst=0x16b4bb6 base=0x16b4bb4 token=0x6675f8 arg4=15 arg5=14 arg8=21895423 dict=0x667420 ret=0x1000d3b5
0x6675f8:	"two"
0x667420:	0x80	0x00	0xc8	0xa3	0xdd	0x00	0x00	0x00
0x667428:	0x00	0x00	0x00	0x00	0x00	0x00	0x00	0x00
0x667430:	0xff	0xff	0xff	0xff	0xdd	0x75	0x66	0x00
0x667438:	0x71	0x02	0x01	0x10	0x84	0x92	0x07	0x10
Temporary breakpoint 302 at 0x1000d3b5
PHONE_RECORD_RETURN call=141 count=0 token_index=15 status=0 boundary_marker=0xff source=0x16b4bbb:	"two"
PHONE_RECORD_HEADER bytes:
0x16b4bb6:	0x00	0x00	0x0f	0x00	0x00	0x74	0x77	0x6f
0x16b4bbe:	0x00	0x01	0xfa	0x93	0x9e	0x01	0x76	0x9c
0x16b4bc6:	0x9c	0x01	0xc2	0xae	0x9d	0x01	0xe6	0xce
0x16b4bce:	0x9f	0x01	0x06	0x6d	0xa0	0x01	0x5c	0x8b
0x16b4bd6:	0x9f	0x01	0x12	0xff	0x9b	0x01	0x04	0x94
PHONE_RECORD_TAIL words:
0x16b5102:	0x0000	0x0000	0x0000	0x0001	0x0000	0x000d	0x6800	0x6e75
PHONE_RECORD_ENTRY call=142 dst=0x16b510a base=0x16b5108 token=0x6675f8 arg4=16 arg5=15 arg8=21895423 dict=0x667420 ret=0x1000d3b5
0x6675f8:	"thousand"
0x667420:	0x80	0x00	0xc8	0xa3	0xdd	0x00	0x00	0x00
0x667428:	0x00	0x00	0x00	0x00	0x00	0x00	0x00	0x00
0x667430:	0xff	0xff	0xff	0xff	0xdd	0x75	0x66	0x00
0x667438:	0x71	0x02	0x01	0x10	0x84	0x92	0x07	0x10
Temporary breakpoint 303 at 0x1000d3b5
PHONE_RECORD_RETURN call=142 count=0 token_index=16 status=0 boundary_marker=0xff source=0x16b510f:	"thousand"
PHONE_RECORD_HEADER bytes:
0x16b510a:	0x00	0x00	0x10	0x00	0x00	0x74	0x68	0x6f
0x16b5112:	0x75	0x73	0x61	0x6e	0x64	0x00	0x64	0x9a
0x16b511a:	0xa1	0x01	0x9a	0x2c	0xa2	0x01	0xf0	0x17
0x16b5122:	0xa2	0x01	0xd6	0xb4	0xa1	0x01	0x58	0x9c
0x16b512a:	0x9c	0x01	0x80	0xff	0x9b	0x01	0x40	0x64
PHONE_RECORD_TAIL words:
0x16b5656:	0x0000	0x0000	0x0000	0x0001	0x0000	0x000d	0x2c00	0xd100
PHONE_RECORD_ENTRY call=143 dst=0x16b565e base=0x16b565c token=0x6675f8 arg4=16 arg5=16 arg8=21895423 dict=0x667420 ret=0x1000d3b5
0x6675f8:	","
0x667420:	0x00	0x00	0xc8	0xa3	0xdd	0x00	0x00	0x00
0x667428:	0x00	0x00	0x00	0x00	0x00	0x00	0x00	0x00
0x667430:	0xff	0xff	0xff	0xff	0xdd	0x75	0x66	0x00
0x667438:	0x71	0x02	0x01	0x10	0x84	0x92	0x07	0x10
Temporary breakpoint 304 at 0x1000d3b5
PHONE_RECORD_RETURN call=143 count=0 token_index=16 status=0 boundary_marker=0xff source=0x16b5663:	","
PHONE_RECORD_HEADER bytes:
0x16b565e:	0x00	0x00	0x10	0x00	0x00	0x2c	0x00	0xd1
0x16b5666:	0x9a	0x01	0x6e	0x41	0xa0	0x01	0x7e	0xd2
0x16b566e:	0x9f	0x01	0x58	0xa2	0xa0	0x01	0xfa	0x59
0x16b5676:	0x9c	0x01	0x7c	0x6f	0xa0	0x01	0x7c	0xc4
0x16b567e:	0xa0	0x01	0xa4	0xff	0x9b	0x01	0xac	0x10
PHONE_RECORD_TAIL words:
0x16b5baa:	0x0000	0x0000	0x0000	0x0000	0x0001	0x000e	0x6f00	0x656e
PHONE_RECORD_ENTRY call=144 dst=0x16b5bb2 base=0x16b5bb0 token=0x6675f8 arg4=17 arg5=16 arg8=21895423 dict=0x667420 ret=0x1000d3b5
0x6675f8:	"two"
0x667420:	0x80	0x00	0xc8	0xa3	0xdd	0x00	0x00	0x00
0x667428:	0x00	0x00	0x00	0x00	0x00	0x00	0x00	0x00
0x667430:	0xff	0xff	0xff	0xff	0xdd	0x75	0x66	0x00
0x667438:	0x71	0x02	0x01	0x10	0x84	0x92	0x07	0x10
Temporary breakpoint 305 at 0x1000d3b5
PHONE_RECORD_RETURN call=144 count=0 token_index=17 status=0 boundary_marker=0xff source=0x16b5bb7:	"two"
PHONE_RECORD_HEADER bytes:
0x16b5bb2:	0x00	0x00	0x11	0x00	0x00	0x74	0x77	0x6f
0x16b5bba:	0x00	0x01	0x3e	0x10	0x9d	0x01	0xe6	0xaa
0x16b5bc2:	0x9b	0x01	0x32	0x52	0x99	0x01	0x30	0xb8
0x16b5bca:	0x99	0x01	0x24	0x97	0x9e	0x01	0xd6	0x66
0x16b5bd2:	0x9f	0x01	0x80	0xff	0x9e	0x01	0x30	0xfd
PHONE_RECORD_TAIL words:
0x16b60fe:	0x0000	0x0000	0x0000	0x0001	0x0000	0x000f	0x6800	0x6e75
PHONE_RECORD_ENTRY call=145 dst=0x16b6106 base=0x16b6104 token=0x6675f8 arg4=18 arg5=17 arg8=21895423 dict=0x667420 ret=0x1000d3b5
0x6675f8:	"thousand"
0x667420:	0x80	0x00	0xc8	0xa3	0xdd	0x00	0x00	0x00
0x667428:	0x00	0x00	0x00	0x00	0x00	0x00	0x00	0x00
0x667430:	0xff	0xff	0xff	0xff	0xdd	0x75	0x66	0x00
0x667438:	0x71	0x02	0x01	0x10	0x84	0x92	0x07	0x10
Temporary breakpoint 306 at 0x1000d3b5
PHONE_RECORD_RETURN call=145 count=0 token_index=18 status=0 boundary_marker=0xff source=0x16b610b:	"thousand"
PHONE_RECORD_HEADER bytes:
0x16b6106:	0x00	0x00	0x12	0x00	0x00	0x74	0x68	0x6f
0x16b610e:	0x75	0x73	0x61	0x6e	0x64	0x00	0xaa	0x41
0x16b6116:	0xa0	0x01	0xc0	0x10	0x9d	0x01	0x46	0x2e
0x16b611e:	0x9a	0x01	0x90	0xc4	0xa0	0x01	0xb8	0xab
0x16b6126:	0x9b	0x01	0x94	0xff	0x99	0x01	0x20	0x05
PHONE_RECORD_TAIL words:
0x16b6652:	0x0000	0x0000	0x0000	0x0001	0x0001	0x0010	0x6f00	0x656e
PHONE_RECORD_ENTRY call=146 dst=0x16b665a base=0x16b6658 token=0x6675f8 arg4=19 arg5=18 arg8=21895423 dict=0x667420 ret=0x1000d3b5
0x6675f8:	"one"
0x667420:	0x01	0xf9	0xbf	0xe4	0x00	0x00	0x00	0x00
0x667428:	0x00	0x00	0x00	0x00	0x00	0x00	0x00	0x00
0x667430:	0xff	0xff	0xff	0xff	0xdd	0x75	0x66	0x00
0x667438:	0x71	0x02	0x01	0x10	0x84	0x92	0x07	0x10
Temporary breakpoint 307 at 0x1000d3b5
PHONE_RECORD_RETURN call=146 count=1 token_index=19 status=0 boundary_marker=0xff source=0x16b665f:	"one"
PHONE_RECORD_HEADER bytes:
0x16b665a:	0x01	0x00	0x13	0x00	0x00	0x6f	0x6e	0x65
0x16b6662:	0x00	0x01	0x5e	0xd4	0x9f	0x01	0x08	0x5b
0x16b666a:	0x9c	0x01	0x7a	0xb0	0x9d	0x01	0x2c	0x42
0x16b6672:	0xa0	0x01	0xa8	0x70	0xa0	0x01	0x06	0x7a
0x16b667a:	0x9d	0x01	0x8c	0xff	0x9d	0x01	0x2e	0xae
PHONE_SLOT index=0 marker=0xff bytes:
0x16b6691:	0x42	0x08	0x2d	0x00	0xd2	0x9a	0x01	0x72
0x16b6699:	0x56	0x9b	0x01	0x7c	0x56	0x9b	0x01	0x96
0x16b66a1:	0x12	0x9d	0x01	0x38	0xae	0x9b	0x01	0xc2
0x16b66a9:	0x2f	0x9a	0x01	0x80	0xc5	0xa0	0x01	0xc0
0x16b66b1:	0xb9	0x99	0x01	0x0a	0x45	0xa1	0x01	0xc8
0x16b66b9:	0xfc	0x9e	0x01	0x9a	0x99	0x9e	0x01	0xec
0x16b66c1:	0x06	0x9e	0x01	0x2e	0x9e	0xa1	0x01	0xdc
0x16b66c9:	0x68	0xa1	0x01	0x00	0x30	0xa2	0x01	0xe8
0x16b66d1:	0xfe
PHONE_RECORD_TAIL words:
0x16b6ba6:	0x0000	0x0000	0x0000	0x0000	0x0000	0x0010	0x2c00	0xba00
PHONE_RECORD_ENTRY call=147 dst=0x16b6bae base=0x16b6bac token=0x6675f8 arg4=19 arg5=19 arg8=21895423 dict=0x667420 ret=0x1000d3b5
0x6675f8:	","
0x667420:	0x00	0xf9	0xbf	0xe4	0x00	0x00	0x00	0x00
0x667428:	0x00	0x00	0x00	0x00	0x00	0x00	0x00	0x00
0x667430:	0xff	0xff	0xff	0xff	0xdd	0x75	0x66	0x00
0x667438:	0x71	0x02	0x01	0x10	0x84	0x92	0x07	0x10
Temporary breakpoint 308 at 0x1000d3b5
PHONE_RECORD_RETURN call=147 count=0 token_index=19 status=0 boundary_marker=0xff source=0x16b6bb3:	","
PHONE_RECORD_HEADER bytes:
0x16b6bae:	0x00	0x00	0x13	0x00	0x00	0x2c	0x00	0xba
0x16b6bb6:	0x99	0x01	0x12	0xb1	0x9b	0x01	0x1c	0xfe
0x16b6bbe:	0x9e	0x01	0xbe	0xd6	0x9c	0x01	0xb2	0x5b
0x16b6bc6:	0x9c	0x01	0xdc	0x12	0x9d	0x01	0xec	0x48
0x16b6bce:	0xa2	0x01	0xc8	0xff	0x9c	0x01	0x66	0x9b
PHONE_RECORD_TAIL words:
0x16b70fa:	0x0000	0x0000	0x0000	0x0000	0x0001	0x0011	0x6f00	0x656e
PHONE_RECORD_ENTRY call=148 dst=0x16b7102 base=0x16b7100 token=0x6675f8 arg4=20 arg5=19 arg8=21895423 dict=0x667420 ret=0x1000d3b5
0x6675f8:	"two"
0x667420:	0x80	0x00	0xbf	0xe4	0x00	0x00	0x00	0x00
0x667428:	0x00	0x00	0x00	0x00	0x00	0x00	0x00	0x00
0x667430:	0xff	0xff	0xff	0xff	0xdd	0x75	0x66	0x00
0x667438:	0x71	0x02	0x01	0x10	0x84	0x92	0x07	0x10
Temporary breakpoint 309 at 0x1000d3b5
PHONE_RECORD_RETURN call=148 count=0 token_index=20 status=0 boundary_marker=0xff source=0x16b7107:	"two"
PHONE_RECORD_HEADER bytes:
0x16b7102:	0x00	0x00	0x14	0x00	0x00	0x74	0x77	0x6f
0x16b710a:	0x00	0x01	0xae	0xb3	0x9d	0x01	0x2a	0x71
0x16b7112:	0xa0	0x01	0x5a	0x49	0xa2	0x01	0x78	0x07
0x16b711a:	0x9e	0x01	0x12	0x9a	0x9e	0x01	0x52	0xa3
0x16b7122:	0xa0	0x01	0xb4	0xff	0x9e	0x01	0x44	0x9a
PHONE_RECORD_TAIL words:
0x16b764e:	0x0000	0x0000	0x0000	0x0001	0x0000	0x0012	0x6800	0x6e75
PHONE_RECORD_ENTRY call=149 dst=0x16b7656 base=0x16b7654 token=0x6675f8 arg4=21 arg5=20 arg8=21895423 dict=0x667420 ret=0x1000d3b5
0x6675f8:	"thousand"
0x667420:	0x80	0x00	0xbf	0xe4	0x00	0x00	0x00	0x00
0x667428:	0x00	0x00	0x00	0x00	0x00	0x00	0x00	0x00
0x667430:	0xff	0xff	0xff	0xff	0xdd	0x75	0x66	0x00
0x667438:	0x71	0x02	0x01	0x10	0x84	0x92	0x07	0x10
Temporary breakpoint 310 at 0x1000d3b5
PHONE_RECORD_RETURN call=149 count=0 token_index=21 status=0 boundary_marker=0xff source=0x16b765b:	"thousand"
PHONE_RECORD_HEADER bytes:
0x16b7656:	0x00	0x00	0x15	0x00	0x00	0x74	0x68	0x6f
0x16b765e:	0x75	0x73	0x61	0x6e	0x64	0x00	0xbe	0x7b
0x16b7666:	0x9d	0x01	0xa4	0x8e	0x9f	0x01	0x70	0xb2
0x16b766e:	0x9b	0x01	0x16	0x0a	0x9e	0x01	0xa6	0x9c
0x16b7676:	0x9e	0x01	0x9a	0xff	0x9b	0x01	0xdc	0x7b
PHONE_RECORD_TAIL words:
0x16b7ba2:	0x0000	0x0000	0x0000	0x0001	0x0000	0x0013	0x7400	0x6e65
PHONE_RECORD_ENTRY call=150 dst=0x16b7baa base=0x16b7ba8 token=0x6675f8 arg4=22 arg5=21 arg8=21895423 dict=0x667420 ret=0x1000d3b5
0x6675f8:	"five"
0x667420:	0x80	0x00	0xbf	0xe4	0x00	0x00	0x00	0x00
0x667428:	0x00	0x00	0x00	0x00	0x00	0x00	0x00	0x00
0x667430:	0xff	0xff	0xff	0xff	0xdd	0x75	0x66	0x00
0x667438:	0x71	0x02	0x01	0x10	0x84	0x92	0x07	0x10
Temporary breakpoint 311 at 0x1000d3b5
PHONE_RECORD_RETURN call=150 count=0 token_index=22 status=0 boundary_marker=0xff source=0x16b7baf:	"five"
PHONE_RECORD_HEADER bytes:
0x16b7baa:	0x00	0x00	0x16	0x00	0x00	0x66	0x69	0x76
0x16b7bb2:	0x65	0x00	0x28	0x49	0xa2	0x01	0xb2	0xb1
0x16b7bba:	0x9b	0x01	0x0e	0x13	0x9d	0x01	0x8a	0xfe
0x16b7bc2:	0x9e	0x01	0xa4	0x01	0x9b	0x01	0xc4	0xb7
0x16b7bca:	0xa1	0x01	0x4c	0xff	0x9f	0x01	0x90	0x42
PHONE_RECORD_TAIL words:
0x16b80f6:	0x0000	0x0000	0x0000	0x0001	0x0000	0x0013	0x2c00	0x9d00
PHONE_RECORD_ENTRY call=151 dst=0x16b80fe base=0x16b80fc token=0x6675f8 arg4=22 arg5=22 arg8=21895423 dict=0x667420 ret=0x1000d3b5
0x6675f8:	","
0x667420:	0x00	0x00	0xbf	0xe4	0x00	0x00	0x00	0x00
0x667428:	0x00	0x00	0x00	0x00	0x00	0x00	0x00	0x00
0x667430:	0xff	0xff	0xff	0xff	0xdd	0x75	0x66	0x00
0x667438:	0x71	0x02	0x01	0x10	0x84	0x92	0x07	0x10
Temporary breakpoint 312 at 0x1000d3b5
PHONE_RECORD_RETURN call=151 count=0 token_index=22 status=0 boundary_marker=0xff source=0x16b8103:	","
PHONE_RECORD_HEADER bytes:
0x16b80fe:	0x00	0x00	0x16	0x00	0x00	0x2c	0x00	0x9d
0x16b8106:	0x9e	0x01	0xaa	0x0e	0xa1	0x01	0x44	0x8f
0x16b810e:	0x9f	0x01	0xa0	0x9d	0x9e	0x01	0xb4	0x0e
0x16b8116:	0xa1	0x01	0x84	0x5c	0x9c	0x01	0x58	0x30
0x16b811e:	0x9a	0x01	0x52	0xff	0xa0	0x01	0xae	0x13
PHONE_RECORD_TAIL words:
0x16b864a:	0x0000	0x0000	0x0000	0x0000	0x0000	0x0014	0x6e00	0x6e69
PHONE_RECORD_ENTRY call=152 dst=0x16b8652 base=0x16b8650 token=0x6675f8 arg4=23 arg5=22 arg8=21895423 dict=0x667420 ret=0x1000d3b5
0x6675f8:	"twenty"
0x667420:	0x80	0x00	0xbf	0xe4	0x00	0x00	0x00	0x00
0x667428:	0x00	0x00	0x00	0x00	0x00	0x00	0x00	0x00
0x667430:	0xff	0xff	0xff	0xff	0xdd	0x75	0x66	0x00
0x667438:	0x71	0x02	0x01	0x10	0x84	0x92	0x07	0x10
Temporary breakpoint 313 at 0x1000d3b5
PHONE_RECORD_RETURN call=152 count=0 token_index=23 status=0 boundary_marker=0xff source=0x16b8657:	"twenty"
PHONE_RECORD_HEADER bytes:
0x16b8652:	0x00	0x00	0x17	0x00	0x00	0x74	0x77	0x65
0x16b865a:	0x6e	0x74	0x79	0x00	0x9e	0x01	0x4e	0x0e
0x16b8662:	0x9e	0x01	0xa0	0x1c	0xa2	0x01	0x86	0x0f
0x16b866a:	0xa1	0x01	0x34	0x6b	0xa1	0x01	0x5c	0x86
0x16b8672:	0x9a	0x01	0xa6	0xff	0x9b	0x01	0x48	0xb5
PHONE_RECORD_TAIL words:
0x16b8b9e:	0x0000	0x0000	0x0000	0x0001	0x0000	0x0015	0x6800	0x6e75
PHONE_RECORD_ENTRY call=153 dst=0x16b8ba6 base=0x16b8ba4 token=0x6675f8 arg4=24 arg5=23 arg8=21895423 dict=0x667420 ret=0x1000d3b5
0x6675f8:	"ten"
0x667420:	0x80	0x00	0xbf	0xe4	0x00	0x00	0x00	0x00
0x667428:	0x00	0x00	0x00	0x00	0x00	0x00	0x00	0x00
0x667430:	0xff	0xff	0xff	0xff	0xdd	0x75	0x66	0x00
0x667438:	0x71	0x02	0x01	0x10	0x84	0x92	0x07	0x10
Temporary breakpoint 314 at 0x1000d3b5
PHONE_RECORD_RETURN call=153 count=0 token_index=24 status=0 boundary_marker=0xff source=0x16b8bab:	"ten"
PHONE_RECORD_HEADER bytes:
0x16b8ba6:	0x00	0x00	0x18	0x00	0x00	0x74	0x65	0x6e
0x16b8bae:	0x00	0x72	0x65	0x64	0x00	0x01	0xda	0xb6
0x16b8bb6:	0x9b	0x01	0x30	0x0e	0x9e	0x01	0x94	0xda
0x16b8bbe:	0x9f	0x01	0x90	0x7c	0x9d	0x01	0x48	0xb7
0x16b8bc6:	0x9b	0x01	0x80	0xff	0x9e	0x01	0x02	0xdb
PHONE_RECORD_TAIL words:
0x16b90f2:	0x0000	0x0000	0x0000	0x0001	0x0001	0x0016	0x6e00	0x6e69
PHONE_RECORD_ENTRY call=154 dst=0x16b90fa base=0x16b90f8 token=0x6675f8 arg4=24 arg5=24 arg8=21895423 dict=0x667420 ret=0x1000d3b5
0x6675f8:	","
0x667420:	0x00	0x00	0xbf	0xe4	0x00	0x00	0x00	0x00
0x667428:	0x00	0x00	0x00	0x00	0x00	0x00	0x00	0x00
0x667430:	0xff	0xff	0xff	0xff	0xdd	0x75	0x66	0x00
0x667438:	0x71	0x02	0x01	0x10	0x84	0x92	0x07	0x10
Temporary breakpoint 315 at 0x1000d3b5
PHONE_RECORD_RETURN call=154 count=0 token_index=24 status=0 boundary_marker=0xff source=0x16b90ff:	","
PHONE_RECORD_HEADER bytes:
0x16b90fa:	0x00	0x00	0x18	0x00	0x00	0x2c	0x00	0x6e
0x16b9102:	0x65	0x74	0x79	0x00	0x9b	0x01	0x26	0xbd
0x16b910a:	0x99	0x01	0x18	0x9e	0x9e	0x01	0xd4	0x68
0x16b9112:	0x9f	0x01	0xa4	0x0d	0x9e	0x01	0xa8	0x6a
0x16b911a:	0xa1	0x01	0xca	0xff	0x9b	0x01	0x8a	0xa1
PHONE_RECORD_TAIL words:
0x16b9646:	0x0000	0x0000	0x0000	0x0000	0x0000	0x0017	0x6e00	0x6e69
PHONE_RECORD_ENTRY call=155 dst=0x16b964e base=0x16b964c token=0x6675f8 arg4=25 arg5=24 arg8=21895423 dict=0x667420 ret=0x1000d3b5
0x6675f8:	"twenty"
0x667420:	0x80	0x00	0xbf	0xe4	0x00	0x00	0x00	0x00
0x667428:	0x00	0x00	0x00	0x00	0x00	0x00	0x00	0x00
0x667430:	0xff	0xff	0xff	0xff	0xdd	0x75	0x66	0x00
0x667438:	0x71	0x02	0x01	0x10	0x84	0x92	0x07	0x10
Temporary breakpoint 316 at 0x1000d3b5
PHONE_RECORD_RETURN call=155 count=0 token_index=25 status=0 boundary_marker=0xff source=0x16b9653:	"twenty"
PHONE_RECORD_HEADER bytes:
0x16b964e:	0x00	0x00	0x19	0x00	0x00	0x74	0x77	0x65
0x16b9656:	0x6e	0x74	0x79	0x00	0x9d	0x01	0x20	0x44
0x16b965e:	0xa0	0x01	0x5a	0x5e	0x9c	0x01	0x54	0xba
0x16b9666:	0x9b	0x01	0x32	0xdd	0x9f	0x01	0x7a	0xd9
0x16b966e:	0x9c	0x01	0x8c	0xff	0x9e	0x01	0x3c	0xdd
PHONE_RECORD_TAIL words:
0x16b9b9a:	0x0000	0x0000	0x0000	0x0001	0x0000	0x0017	0x2c00	0x0600
PHONE_RECORD_ENTRY call=156 dst=0x16b9ba2 base=0x16b9ba0 token=0x6675f8 arg4=26 arg5=25 arg8=21895423 dict=0x667420 ret=0x1000d3b5
0x6675f8:	"twenty"
0x667420:	0x80	0x00	0xbf	0xe4	0x00	0x00	0x00	0x00
0x667428:	0x00	0x00	0x00	0x00	0x00	0x00	0x00	0x00
0x667430:	0xff	0xff	0xff	0xff	0xdd	0x75	0x66	0x00
0x667438:	0x71	0x02	0x01	0x10	0x84	0x92	0x07	0x10
Temporary breakpoint 317 at 0x1000d3b5
PHONE_RECORD_RETURN call=156 count=0 token_index=26 status=0 boundary_marker=0xff source=0x16b9ba7:	"twenty"
PHONE_RECORD_HEADER bytes:
0x16b9ba2:	0x00	0x00	0x1a	0x00	0x00	0x74	0x77	0x65
0x16b9baa:	0x6e	0x74	0x79	0x00	0x9a	0x01	0x7a	0x44
0x16b9bb2:	0xa0	0x01	0x2c	0xde	0x9f	0x01	0x44	0xf6
0x16b9bba:	0xa1	0x01	0xfa	0xb7	0x9d	0x01	0xfc	0x90
0x16b9bc2:	0x9f	0x01	0x26	0xff	0x9b	0x01	0x84	0x15
PHONE_RECORD_TAIL words:
0x16ba0ee:	0x0000	0x0000	0x0000	0x0001	0x0001	0x0018	0x6f00	0x656e
PHONE_RECORD_ENTRY call=157 dst=0x16ba0f6 base=0x16ba0f4 token=0x6675f8 arg4=27 arg5=26 arg8=21895423 dict=0x667420 ret=0x1000d3b5
0x6675f8:	"four"
0x667420:	0x80	0x00	0xbf	0xe4	0x00	0x00	0x00	0x00
0x667428:	0x00	0x00	0x00	0x00	0x00	0x00	0x00	0x00
0x667430:	0xff	0xff	0xff	0xff	0xdd	0x75	0x66	0x00
0x667438:	0x71	0x02	0x01	0x10	0x84	0x92	0x07	0x10
Temporary breakpoint 318 at 0x1000d3b5
PHONE_RECORD_RETURN call=157 count=0 token_index=27 status=0 boundary_marker=0xff source=0x16ba0fb:	"four"
PHONE_RECORD_HEADER bytes:
0x16ba0f6:	0x00	0x00	0x1b	0x00	0x00	0x66	0x6f	0x75
0x16ba0fe:	0x72	0x00	0x88	0xbd	0x9b	0x01	0x6a	0x15
0x16ba106:	0x9e	0x01	0xbc	0xdd	0x9c	0x01	0x04	0xa6
0x16ba10e:	0xa0	0x01	0xb0	0xbd	0x9b	0x01	0x0e	0xa6
0x16ba116:	0xa0	0x01	0x42	0xff	0x9e	0x01	0x92	0xbd
PHONE_RECORD_TAIL words:
0x16ba642:	0x0000	0x0000	0x0000	0x0001	0x0000	0x0019	0x7400	0x6f68
PHONE_RECORD_ENTRY call=158 dst=0x16ba64a base=0x16ba648 token=0x6675f8 arg4=27 arg5=27 arg8=21895423 dict=0x667420 ret=0x1000d3b5
0x6675f8:	","
0x667420:	0x00	0x00	0xbf	0xe4	0x00	0x00	0x00	0x00
0x667428:	0x00	0x00	0x00	0x00	0x00	0x00	0x00	0x00
0x667430:	0xff	0xff	0xff	0xff	0xdd	0x75	0x66	0x00
0x667438:	0x71	0x02	0x01	0x10	0x84	0x92	0x07	0x10
Temporary breakpoint 319 at 0x1000d3b5
PHONE_RECORD_RETURN call=158 count=0 token_index=27 status=0 boundary_marker=0xff source=0x16ba64f:	","
PHONE_RECORD_HEADER bytes:
0x16ba64a:	0x00	0x00	0x1b	0x00	0x00	0x2c	0x00	0x6f
0x16ba652:	0x75	0x73	0x61	0x6e	0x64	0x00	0x9a	0xa0
0x16ba65a:	0xa1	0x01	0x36	0x1d	0xa2	0x01	0x34	0x08
0x16ba662:	0x9b	0x01	0x60	0x6c	0xa1	0x01	0x7e	0x72
0x16ba66a:	0xa0	0x01	0xc2	0xff	0x9c	0x01	0xc2	0xde
PHONE_RECORD_TAIL words:
0x16bab96:	0x0000	0x0000	0x0000	0x0000	0x0000	0x0019	0x2c00	0xa100
PHONE_RECORD_ENTRY call=159 dst=0x16bab9e base=0x16bab9c token=0x6675f8 arg4=28 arg5=27 arg8=21895423 dict=0x667420 ret=0x1000d3b5
0x6675f8:	"twenty"
0x667420:	0x80	0x00	0xbf	0xe4	0x00	0x00	0x00	0x00
0x667428:	0x00	0x00	0x00	0x00	0x00	0x00	0x00	0x00
0x667430:	0xff	0xff	0xff	0xff	0xdd	0x75	0x66	0x00
0x667438:	0x71	0x02	0x01	0x10	0x84	0x92	0x07	0x10
Temporary breakpoint 320 at 0x1000d3b5
PHONE_RECORD_RETURN call=159 count=0 token_index=28 status=0 boundary_marker=0xff source=0x16baba3:	"twenty"
PHONE_RECORD_HEADER bytes:
0x16bab9e:	0x00	0x00	0x1c	0x00	0x00	0x74	0x77	0x65
0x16baba6:	0x6e	0x74	0x79	0x00	0x9f	0x01	0xf2	0x31
0x16babae:	0x9a	0x01	0xc8	0xc0	0x99	0x01	0xec	0x15
0x16babb6:	0x9e	0x01	0x72	0x1d	0xa2	0x01	0xea	0xa0
0x16babbe:	0xa1	0x01	0xc8	0xff	0xa1	0x01	0xba	0x72
PHONE_RECORD_TAIL words:
0x16bb0ea:	0x0000	0x0000	0x0000	0x0001	0x0001	0x001a	0x6f00	0x656e
PHONE_RECORD_ENTRY call=160 dst=0x16bb0f2 base=0x16bb0f0 token=0x6675f8 arg4=29 arg5=28 arg8=21895423 dict=0x667420 ret=0x1000d3b5
0x6675f8:	"ninety"
0x667420:	0x01	0xe4	0xc8	0xa3	0xdd	0x00	0x00	0x00
0x667428:	0x00	0x00	0x00	0x00	0x00	0x00	0x00	0x00
0x667430:	0xff	0xff	0xff	0xff	0xdd	0x75	0x66	0x00
0x667438:	0x71	0x02	0x01	0x10	0x84	0x92	0x07	0x10
Temporary breakpoint 321 at 0x1000d3b5
PHONE_RECORD_RETURN call=160 count=1 token_index=29 status=0 boundary_marker=0xff source=0x16bb0f7:	"ninety"
PHONE_RECORD_HEADER bytes:
0x16bb0f2:	0x01	0x00	0x1d	0x00	0x00	0x6e	0x69	0x6e
0x16bb0fa:	0x65	0x74	0x79	0x00	0x9b	0x01	0xbc	0x4b
0x16bb102:	0xa2	0x01	0xc8	0x73	0xa0	0x01	0xb4	0xa2
0x16bb10a:	0x9e	0x01	0x0c	0x58	0x9b	0x01	0xbe	0xa2
0x16bb112:	0x9e	0x01	0x16	0xff	0x9b	0x01	0xc8	0xa2
PHONE_SLOT index=0 marker=0xff bytes:
0x16bb129:	0x2d	0x11	0x2d	0x39	0x26	0x00	0x01	0x0e
0x16bb131:	0xbf	0x9b	0x01	0x56	0xdf	0x9c	0x01	0xc4
0x16bb139:	0x8c	0x9a	0x01	0x20	0xe0	0x9f	0x01	0x60
0x16bb141:	0xdf	0x9c	0x01	0x72	0xbf	0x9b	0x01	0x2e
0x16bb149:	0x12	0xa1	0x01	0xe6	0x73	0xa0	0x01	0x3e
0x16bb151:	0xe0	0x9f	0x01	0x14	0x92	0x9f	0x01	0xc6
0x16bb159:	0x4b	0xa2	0x01	0xf0	0x73	0xa0	0x01	0x56
0x16bb161:	0x16	0x9d	0x01	0xae	0x07	0x9f	0x01	0x1a
0x16bb169:	0xd5
PHONE_RECORD_TAIL words:
0x16bb63e:	0x0000	0x0000	0x0000	0x0000	0x0000	0x001b	0x7400	0x6f68
PHONE_RECORD_ENTRY call=161 dst=0x16bb646 base=0x16bb644 token=0x6675f8 arg4=30 arg5=29 arg8=21895423 dict=0x667420 ret=0x1000d3b5
0x6675f8:	"nine"
0x667420:	0x80	0x00	0xc8	0xa3	0xdd	0x00	0x00	0x00
0x667428:	0x00	0x00	0x00	0x00	0x00	0x00	0x00	0x00
0x667430:	0xff	0xff	0xff	0xff	0xdd	0x75	0x66	0x00
0x667438:	0x71	0x02	0x01	0x10	0x84	0x92	0x07	0x10
Temporary breakpoint 322 at 0x1000d3b5
PHONE_RECORD_RETURN call=161 count=0 token_index=30 status=0 boundary_marker=0xff source=0x16bb64b:	"nine"
PHONE_RECORD_HEADER bytes:
0x16bb646:	0x00	0x00	0x1e	0x00	0x00	0x6e	0x69	0x6e
0x16bb64e:	0x65	0x00	0x61	0x6e	0x64	0x00	0xcc	0x1d
0x16bb656:	0xa2	0x01	0x7c	0x31	0xa2	0x01	0x0e	0x0b
0x16bb65e:	0x9b	0x01	0xba	0xdf	0x9c	0x01	0x68	0x17
0x16bb666:	0x9e	0x01	0xe2	0xff	0x9c	0x01	0xe4	0x4b
PHONE_RECORD_TAIL words:
0x16bbb92:	0x0000	0x0000	0x0000	0x0001	0x0001	0x001c	0x6f00	0x656e
PHONE_RECORD_ENTRY call=162 dst=0x16bbb9a base=0x16bbb98 token=0x6675f8 arg4=30 arg5=30 arg8=21895423 dict=0x667420 ret=0x1000d3b5
0x6675f8:	","
0x667420:	0x00	0x00	0xc8	0xa3	0xdd	0x00	0x00	0x00
0x667428:	0x00	0x00	0x00	0x00	0x00	0x00	0x00	0x00
0x667430:	0xff	0xff	0xff	0xff	0xdd	0x75	0x66	0x00
0x667438:	0x71	0x02	0x01	0x10	0x84	0x92	0x07	0x10
Temporary breakpoint 323 at 0x1000d3b5
PHONE_RECORD_RETURN call=162 count=0 token_index=30 status=0 boundary_marker=0xff source=0x16bbb9f:	","
PHONE_RECORD_HEADER bytes:
0x16bbb9a:	0x00	0x00	0x1e	0x00	0x00	0x2c	0x00	0x65
0x16bbba2:	0x00	0x01	0x80	0x8f	0x9a	0x01	0xe0	0x6e
0x16bbbaa:	0xa1	0x01	0xb2	0x7d	0x9d	0x01	0xa0	0xe2
0x16bbbb2:	0x9f	0x01	0xf2	0x61	0x9c	0x01	0xc8	0x13
0x16bbbba:	0xa1	0x01	0x9e	0xff	0x9a	0x01	0x64	0xc5
PHONE_RECORD_TAIL words:
0x16bc0e6:	0x0000	0x0000	0x0000	0x0000	0x0000	0x001c	0x2c00	0xc800
PHONE_RECORD_ENTRY call=163 dst=0x16bc0ee base=0x16bc0ec token=0x6675f8 arg4=31 arg5=30 arg8=21895423 dict=0x667420 ret=0x1000d3b5
0x6675f8:	"twenty"
0x667420:	0x80	0x00	0xc8	0xa3	0xdd	0x00	0x00	0x00
0x667428:	0x00	0x00	0x00	0x00	0x00	0x00	0x00	0x00
0x667430:	0xff	0xff	0xff	0xff	0xdd	0x75	0x66	0x00
0x667438:	0x71	0x02	0x01	0x10	0x84	0x92	0x07	0x10
Temporary breakpoint 324 at 0x1000d3b5
PHONE_RECORD_RETURN call=163 count=0 token_index=31 status=0 boundary_marker=0xff source=0x16bc0f3:	"twenty"
PHONE_RECORD_HEADER bytes:
0x16bc0ee:	0x00	0x00	0x1f	0x00	0x00	0x74	0x77	0x65
0x16bc0f6:	0x6e	0x74	0x79	0x00	0x9b	0x01	0x12	0x75
0x16bc0fe:	0xa0	0x01	0x92	0x4d	0xa2	0x01	0x50	0x0b
0x16bc106:	0x9f	0x01	0xfa	0x1b	0x9e	0x01	0x4a	0xc6
0x16bc10e:	0x99	0x01	0xfa	0xff	0x9e	0x01	0x0e	0x1c
PHONE_RECORD_TAIL words:
0x16bc63a:	0x0000	0x0000	0x0000	0x0001	0x0000	0x001d	0x7400	0x6e65
PHONE_RECORD_ENTRY call=164 dst=0x16bc642 base=0x16bc640 token=0x6675f8 arg4=32 arg5=31 arg8=21895423 dict=0x667420 ret=0x1000d3b5
0x6675f8:	"one"
0x667420:	0x01	0xf9	0xbf	0xe4	0x00	0x00	0x00	0x00
0x667428:	0x00	0x00	0x00	0x00	0x00	0x00	0x00	0x00
0x667430:	0xff	0xff	0xff	0xff	0xdd	0x75	0x66	0x00
0x667438:	0x71	0x02	0x01	0x10	0x84	0x92	0x07	0x10
Temporary breakpoint 325 at 0x1000d3b5
PHONE_RECORD_RETURN call=164 count=1 token_index=32 status=0 boundary_marker=0xff source=0x16bc647:	"one"
PHONE_RECORD_HEADER bytes:
0x16bc642:	0x01	0x00	0x20	0x00	0x00	0x6f	0x6e	0x65
0x16bc64a:	0x00	0x01	0x1a	0x1f	0x9e	0x01	0xc6	0xa9
0x16bc652:	0x9e	0x01	0xbc	0x15	0xa1	0x01	0xf0	0xf9
0x16bc65a:	0xa1	0x01	0xaa	0x63	0x9c	0x01	0x80	0xc2
0x16bc662:	0x99	0x01	0x7a	0xff	0x9b	0x01	0x6e	0x6a
PHONE_SLOT index=0 marker=0xff bytes:
0x16bc679:	0x42	0x08	0x2d	0x00	0x74	0xa0	0x01	0x9c
0x16bc681:	0xe1	0x9f	0x01	0x5c	0x4c	0xa2	0x01	0xf0
0x16bc689:	0x6d	0xa1	0x01	0x78	0x33	0x9a	0x01	0x90
0x16bc691:	0x18	0x9d	0x01	0xe6	0xc8	0x9b	0x01	0x22
0x16bc699:	0xc9	0xa0	0x01	0x22	0x53	0x99	0x01	0xc6
0x16bc6a1:	0x0d	0x9f	0x01	0x24	0x1f	0x9e	0x01	0x20
0x16bc6a9:	0x70	0xa1	0x01	0x0a	0x0f	0x9b	0x01	0xcc
0x16bc6b1:	0xa5	0x9c	0x01	0x76	0x75	0xa0	0x01	0xee
0x16bc6b9:	0xd5
PHONE_RECORD_TAIL words:
0x16bcb8e:	0x0000	0x0000	0x0000	0x0000	0x0000	0x001e	0x7400	0x6e65
PHONE_RECORD_ENTRY call=165 dst=0x16bcb96 base=0x16bcb94 token=0x6675f8 arg4=33 arg5=32 arg8=21895423 dict=0x667420 ret=0x1000d3b5
0x6675f8:	"hundred"
0x667420:	0x80	0x00	0xbf	0xe4	0x00	0x00	0x00	0x00
0x667428:	0x00	0x00	0x00	0x00	0x00	0x00	0x00	0x00
0x667430:	0xff	0xff	0xff	0xff	0xdd	0x75	0x66	0x00
0x667438:	0x71	0x02	0x01	0x10	0x84	0x92	0x07	0x10
Temporary breakpoint 326 at 0x1000d3b5
PHONE_RECORD_RETURN call=165 count=0 token_index=33 status=0 boundary_marker=0xff source=0x16bcb9b:	"hundred"
PHONE_RECORD_HEADER bytes:
0x16bcb96:	0x00	0x00	0x21	0x00	0x00	0x68	0x75	0x6e
0x16bcb9e:	0x64	0x72	0x65	0x64	0x00	0x01	0xa4	0x31
0x16bcba6:	0xa2	0x01	0xb0	0xe1	0x9f	0x01	0xe4	0x60
0x16bcbae:	0x9c	0x01	0x26	0xa4	0x9e	0x01	0x50	0xe0
0x16bcbb6:	0x9c	0x01	0x3a	0xff	0x9e	0x01	0x86	0x8e
PHONE_RECORD_TAIL words:
0x16bd0e2:	0x0000	0x0000	0x0000	0x0001	0x0000	0x001e	0x2c00	0x0b00
PHONE_RECORD_ENTRY call=166 dst=0x16bd0ea base=0x16bd0e8 token=0x6675f8 arg4=33 arg5=33 arg8=21895423 dict=0x667420 ret=0x1000d3b5
0x6675f8:	"."
0x667420:	0x00	0x00	0xbf	0xe4	0x00	0x00	0x00	0x00
0x667428:	0x00	0x00	0x00	0x00	0x00	0x00	0x00	0x00
0x667430:	0xff	0xff	0xff	0xff	0xdd	0x75	0x66	0x00
0x667438:	0x71	0x02	0x01	0x10	0x84	0x92	0x07	0x10
Temporary breakpoint 327 at 0x1000d3b5
PHONE_RECORD_RETURN call=166 count=0 token_index=33 status=0 boundary_marker=0xff source=0x16bd0ef:	"."
PHONE_RECORD_HEADER bytes:
0x16bd0ea:	0x00	0x00	0x21	0x00	0x00	0x2e	0x00	0x0b
0x16bd0f2:	0x9f	0x01	0xfa	0xc5	0x99	0x01	0xe0	0xe1
0x16bd0fa:	0x9c	0x01	0xe4	0x8f	0x9a	0x01	0xc4	0xf8
0x16bd102:	0xa1	0x01	0x5e	0x93	0x9f	0x01	0x18	0xc6
0x16bd10a:	0x99	0x01	0xee	0xff	0x9a	0x01	0x86	0x93
PHONE_RECORD_TAIL words:
0x16bd636:	0x0000	0x0000	0x0000	0x0000	0x0000	0x001f	0x6500	0x656c
CARDINAL_ENTRY number=10 mode=L current=0x66740c:	""
Temporary breakpoint 328 at 0x10061427
CARDINAL_RETURN number=10 mode=L output=0x66740c:	"ten"
CARDINAL_ENTRY number=12 mode=L current=0x66740c:	""
Temporary breakpoint 329 at 0x10061427
CARDINAL_RETURN number=12 mode=L output=0x66740c:	"twelve"
CARDINAL_ENTRY number=10 mode=L current=0x667414:	""
Temporary breakpoint 330 at 0x10061303
CARDINAL_RETURN number=10 mode=L output=0x667414:	"ten"
CARDINAL_ENTRY number=0 mode=L current=0x667414:	""
Temporary breakpoint 331 at 0x10061303
CARDINAL_RETURN number=0 mode=L output=0x667414:	""
CARDINAL_ENTRY number=0 mode=L current=0x667414:	""
Temporary breakpoint 332 at 0x10061303
CARDINAL_RETURN number=0 mode=L output=0x667414:	""
CARDINAL_ENTRY number=12 mode=L current=0x667414:	""
Temporary breakpoint 333 at 0x10061303
CARDINAL_RETURN number=12 mode=L output=0x667414:	"twelve"
YEAR_ENTRY input=0x14e6888
0x14e6888:	"2024"
Temporary breakpoint 334 at 0x10037b61
CARDINAL_ENTRY number=20 mode=L current=0x66725c:	""
Temporary breakpoint 335 at 0x10061427
CARDINAL_RETURN number=20 mode=L output=0x66725c:	"twenty"
CARDINAL_ENTRY number=24 mode=L current=0x667100:	""
Temporary breakpoint 336 at 0x10061427
CARDINAL_RETURN number=24 mode=L output=0x667100:	"twenty four"
YEAR_RETURN output=0x66725c
0x66725c:	"twenty twenty four"
CARDINAL_ENTRY number=3 mode=L current=0x6672c8:	""
Temporary breakpoint 337 at 0x10061427
CARDINAL_RETURN number=3 mode=L output=0x6672c8:	"three"
CARDINAL_ENTRY number=45 mode=L current=0x667260:	""
Temporary breakpoint 338 at 0x10061427
CARDINAL_RETURN number=45 mode=L output=0x667260:	"forty five"
CARDINAL_ENTRY number=7 mode=L current=0x667414:	""
Temporary breakpoint 339 at 0x10061427
CARDINAL_RETURN number=7 mode=L output=0x667414:	"seven"
CARDINAL_ENTRY number=12 mode=L current=0x667414:	""
Temporary breakpoint 340 at 0x10061303
CARDINAL_RETURN number=12 mode=L output=0x667414:	"twelve"
CARDINAL_ENTRY number=5 mode=L current=0x667258:	""
Temporary breakpoint 341 at 0x10061427
CARDINAL_RETURN number=5 mode=L output=0x667258:	"five"
CARDINAL_ENTRY number=25 mode=L current=0x666e94:	""
Temporary breakpoint 342 at 0x10061427
CARDINAL_RETURN number=25 mode=L output=0x666e94:	"twenty five"
CARDINAL_ENTRY number=55 mode=L current=0x66740c:	""
Temporary breakpoint 343 at 0x10061427
CARDINAL_RETURN number=55 mode=L output=0x66740c:	"fifty five"
CARDINAL_ENTRY number=555 mode=L current=0x667414:	""
Temporary breakpoint 344 at 0x10061427
CARDINAL_ENTRY number=5 mode=L current=0x667414:	""
Temporary breakpoint 345 at 0x10060014
CARDINAL_RETURN number=5 mode=L output=0x667414:	"five"
CARDINAL_ENTRY number=55 mode=L current=0x667414:	"five hundred"
Temporary breakpoint 346 at 0x10060057
CARDINAL_RETURN number=55 mode=L output=0x667414:	"five hundred fifty five"
CARDINAL_RETURN number=55 mode=L output=0x667414:	"five hundred fifty five"
CARDINAL_ENTRY number=12 mode=L current=0x667400:	""
Temporary breakpoint 347 at 0x10061427
CARDINAL_RETURN number=12 mode=L output=0x667400:	"twelve"
CARDINAL_ENTRY number=34 mode=L current=0x6673f8:	""
Temporary breakpoint 348 at 0x10061427
CARDINAL_RETURN number=34 mode=L output=0x6673f8:	"thirty four"
YEAR_ENTRY input=0x667620
0x667620:	"1234"
Temporary breakpoint 349 at 0x10061207
CARDINAL_ENTRY number=12 mode=L current=0x667414:	""
Temporary breakpoint 350 at 0x10061427
CARDINAL_RETURN number=12 mode=L output=0x667414:	"twelve"
CARDINAL_ENTRY number=34 mode=L current=0x667254:	""
Temporary breakpoint 351 at 0x10061427
CARDINAL_RETURN number=34 mode=L output=0x667254:	"thirty four"
YEAR_RETURN output=0x667414
0x667414:	"twelve thirty four"
PHONE_RECORD_ENTRY call=167 dst=0x16adbd2 base=0x16adbd0 token=0x6675f8 arg4=0 arg5=-1 arg8=21895423 dict=0x667420 ret=0x1000d3b5
0x6675f8:	"Digits"
0x667420:	0x90	0x00	0x00	0x00	0x00	0x00	0x00	0x00
0x667428:	0x00	0x00	0x00	0x00	0x00	0x00	0x00	0x00
0x667430:	0x00	0x00	0x00	0x00	0x00	0x00	0x00	0x00
0x667438:	0x00	0x00	0x00	0x00	0x00	0x00	0x00	0x00
Temporary breakpoint 352 at 0x1000d3b5
PHONE_RECORD_RETURN call=167 count=0 token_index=0 status=0 boundary_marker=0xff source=0x16adbd7:	"Digits"
PHONE_RECORD_HEADER bytes:
0x16adbd2:	0x00	0x00	0x00	0x00	0x00	0x44	0x69	0x67
0x16adbda:	0x69	0x74	0x73	0x00	0x00	0x01	0x10	0xcb
0x16adbe2:	0x9c	0x01	0x30	0xf0	0x9d	0x01	0x3a	0xf0
0x16adbea:	0x9d	0x01	0x4a	0x85	0x9e	0x01	0x78	0x69
0x16adbf2:	0xa0	0x01	0x54	0xff	0x9e	0x01	0x02	0x42
PHONE_RECORD_TAIL words:
0x16ae11e:	0x0000	0x0001	0x0000	0x0001	0x0001	0x0001	0x6f00	0x656e
PHONE_RECORD_ENTRY call=168 dst=0x16ae126 base=0x16ae124 token=0x6675f8 arg4=1 arg5=0 arg8=21895423 dict=0x667420 ret=0x1000d3b5
0x6675f8:	"oh"
0x667420:	0x88	0x00	0x00	0x00	0x00	0x00	0x00	0x00
0x667428:	0x00	0x00	0x00	0x00	0x00	0x00	0x00	0x00
0x667430:	0x00	0x00	0x00	0x00	0x00	0x00	0x00	0x00
0x667438:	0x00	0x00	0x00	0x00	0x00	0x00	0x00	0x00
Temporary breakpoint 353 at 0x1000d3b5
PHONE_RECORD_RETURN call=168 count=0 token_index=1 status=0x41 boundary_marker=0xff source=0x16ae12b:	"oh"
PHONE_RECORD_HEADER bytes:
0x16ae126:	0x00	0x00	0x01	0x00	0x41	0x6f	0x68	0x00
0x16ae12e:	0x00	0x00	0x14	0x74	0x9a	0x01	0x70	0xca
0x16ae136:	0xa1	0x01	0x3c	0x5e	0xa1	0x01	0xb2	0x80
0x16ae13e:	0x9f	0x01	0x8c	0x69	0xa0	0x01	0x70	0xa1
0x16ae146:	0x9d	0x01	0x9e	0xff	0x9b	0x01	0xbc	0xea
PHONE_RECORD_TAIL words:
0x16ae672:	0x0000	0x0000	0x0000	0x0001	0x0000	0x0002	0x7400	0x6f68
PHONE_RECORD_ENTRY call=169 dst=0x16ae67a base=0x16ae678 token=0x6675f8 arg4=2 arg5=1 arg8=21895423 dict=0x667420 ret=0x1000d3b5
0x6675f8:	"oh"
0x667420:	0x88	0x00	0x00	0x00	0x00	0x00	0x00	0x00
0x667428:	0x00	0x00	0x00	0x00	0x00	0x00	0x00	0x00
0x667430:	0x00	0x00	0x00	0x00	0x00	0x00	0x00	0x00
0x667438:	0x00	0x00	0x00	0x00	0x00	0x00	0x00	0x00
Temporary breakpoint 354 at 0x1000d3b5
PHONE_RECORD_RETURN call=169 count=0 token_index=2 status=0x41 boundary_marker=0xff source=0x16ae67f:	"oh"
PHONE_RECORD_HEADER bytes:
0x16ae67a:	0x00	0x00	0x02	0x00	0x41	0x6f	0x68	0x00
0x16ae682:	0x75	0x73	0x61	0x6e	0x64	0x00	0xa8	0x73
0x16ae68a:	0x9d	0x01	0x70	0x63	0x9f	0x01	0xde	0x06
0x16ae692:	0x9d	0x01	0x1a	0xb0	0x99	0x01	0xdc	0x96
0x16ae69a:	0x9b	0x01	0xaa	0xff	0x9c	0x01	0x28	0xf3
PHONE_RECORD_TAIL words:
0x16aebc6:	0x0000	0x0000	0x0000	0x0001	0x0000	0x0002	0x2c00	0x6500
PHONE_RECORD_ENTRY call=170 dst=0x16aebce base=0x16aebcc token=0x6675f8 arg4=3 arg5=2 arg8=21895423 dict=0x667420 ret=0x1000d3b5
0x6675f8:	"seven"
0x667420:	0x80	0x00	0x00	0x00	0x00	0x00	0x00	0x00
0x667428:	0x00	0x00	0x00	0x00	0x00	0x00	0x00	0x00
0x667430:	0x00	0x00	0x00	0x00	0x00	0x00	0x00	0x00
0x667438:	0x00	0x00	0x00	0x00	0x00	0x00	0x00	0x00
Temporary breakpoint 355 at 0x1000d3b5
PHONE_RECORD_RETURN call=170 count=0 token_index=3 status=0 boundary_marker=0xff source=0x16aebd3:	"seven"
PHONE_RECORD_HEADER bytes:
0x16aebce:	0x00	0x00	0x03	0x00	0x00	0x73	0x65	0x76
0x16aebd6:	0x65	0x6e	0x00	0xcd	0x9c	0x01	0x7e	0x88
0x16aebde:	0x9e	0x01	0xfe	0xf2	0x9a	0x01	0xea	0x5f
0x16aebe6:	0xa1	0x01	0xce	0xb2	0xa1	0x01	0x0c	0x9e
0x16aebee:	0xa0	0x01	0x98	0xff	0x9a	0x01	0x98	0xc7
PHONE_RECORD_TAIL words:
0x16af11a:	0x0000	0x0000	0x0000	0x0001	0x0001	0x0003	0x6f00	0x656e
PHONE_RECORD_ENTRY call=171 dst=0x16af122 base=0x16af120 token=0x6675f8 arg4=3 arg5=3 arg8=21895423 dict=0x667420 ret=0x1000d3b5
0x6675f8:	","
0x667420:	0x00	0x00	0x00	0x00	0x00	0x00	0x00	0x00
0x667428:	0x00	0x00	0x00	0x00	0x00	0x00	0x00	0x00
0x667430:	0x00	0x00	0x00	0x00	0x00	0x00	0x00	0x00
0x667438:	0x00	0x00	0x00	0x00	0x00	0x00	0x00	0x00
Temporary breakpoint 356 at 0x1000d3b5
PHONE_RECORD_RETURN call=171 count=0 token_index=3 status=0 boundary_marker=0xff source=0x16af127:	","
PHONE_RECORD_HEADER bytes:
0x16af122:	0x00	0x00	0x03	0x00	0x00	0x2c	0x00	0x65
0x16af12a:	0x00	0x01	0x60	0x95	0x9b	0x01	0xb0	0xf0
0x16af132:	0x9a	0x01	0x04	0x96	0x9c	0x01	0xcc	0xc5
0x16af13a:	0x9f	0x01	0x1c	0xec	0xa1	0x01	0x3e	0xaf
0x16af142:	0x99	0x01	0x74	0xff	0x9b	0x01	0xf2	0xeb
PHONE_RECORD_TAIL words:
0x16af66e:	0x0000	0x0000	0x0000	0x0000	0x0000	0x0004	0x7400	0x6f68
PHONE_RECORD_ENTRY call=172 dst=0x16af676 base=0x16af674 token=0x6675f8 arg4=4 arg5=3 arg8=21895423 dict=0x667420 ret=0x1000d3b5
0x6675f8:	"oh"
0x667420:	0x88	0x00	0x00	0x00	0x00	0x00	0x00	0x00
0x667428:	0x00	0x00	0x00	0x00	0x00	0x00	0x00	0x00
0x667430:	0x00	0x00	0x00	0x00	0x00	0x00	0x00	0x00
0x667438:	0x00	0x00	0x00	0x00	0x00	0x00	0x00	0x00
Temporary breakpoint 357 at 0x1000d3b5
PHONE_RECORD_RETURN call=172 count=0 token_index=4 status=0x41 boundary_marker=0xff source=0x16af67b:	"oh"
PHONE_RECORD_HEADER bytes:
0x16af676:	0x00	0x00	0x04	0x00	0x41	0x6f	0x68	0x00
0x16af67e:	0x75	0x73	0x61	0x6e	0x64	0x00	0xe6	0x69
0x16af686:	0xa0	0x01	0x28	0xa3	0x9d	0x01	0xb6	0x42
0x16af68e:	0xa2	0x01	0xf2	0xf1	0x9d	0x01	0x1a	0xf2
0x16af696:	0x9d	0x01	0x4c	0xff	0x9d	0x01	0x24	0xec
PHONE_RECORD_TAIL words:
0x16afbc2:	0x0000	0x0000	0x0000	0x0001	0x0001	0x0005	0x6f00	0x656e
PHONE_RECORD_ENTRY call=173 dst=0x16afbca base=0x16afbc8 token=0x6675f8 arg4=5 arg5=4 arg8=21895423 dict=0x667420 ret=0x1000d3b5
0x6675f8:	"one"
0x667420:	0x01	0xf9	0xbf	0xe4	0x00	0x00	0x00	0x00
0x667428:	0x00	0x00	0x00	0x00	0x00	0x00	0x00	0x00
0x667430:	0x00	0x00	0x00	0x00	0x00	0x00	0x00	0x00
0x667438:	0x00	0x00	0x00	0x00	0x00	0x00	0x00	0x00
Temporary breakpoint 358 at 0x1000d3b5
PHONE_RECORD_RETURN call=173 count=1 token_index=5 status=0 boundary_marker=0xff source=0x16afbcf:	"one"
PHONE_RECORD_HEADER bytes:
0x16afbca:	0x01	0x00	0x05	0x00	0x00	0x6f	0x6e	0x65
0x16afbd2:	0x00	0x01	0x46	0xb3	0xa1	0x01	0x42	0xee
0x16afbda:	0xa1	0x01	0x4c	0x43	0xa2	0x01	0x3e	0x99
0x16afbe2:	0x9b	0x01	0x36	0xb2	0x99	0x01	0x7a	0x98
0x16afbea:	0x9c	0x01	0x2a	0xff	0x9d	0x01	0x3e	0xf6
PHONE_SLOT index=0 marker=0xff bytes:
0x16afc01:	0x42	0x08	0x2d	0x00	0xb2	0x99	0x01	0x1c
0x16afc09:	0xce	0x9c	0x01	0x48	0xf6	0x9d	0x01	0xf0
0x16afc11:	0x89	0x9e	0x01	0xd0	0xf3	0x9a	0x01	0x5a
0x16afc19:	0xb3	0xa1	0x01	0x5a	0xcc	0xa1	0x01	0x38
0x16afc21:	0x78	0x9a	0x01	0x2e	0xc8	0x9f	0x01	0x90
0x16afc29:	0x84	0x9f	0x01	0x56	0x43	0xa2	0x01	0x4a
0x16afc31:	0xb2	0x99	0x01	0x52	0x99	0x9b	0x01	0x30
0x16afc39:	0xef	0x9e	0x01	0xfa	0x89	0x9e	0x01	0x26
0x16afc41:	0xce
PHONE_RECORD_TAIL words:
0x16b0116:	0x0000	0x0000	0x0000	0x0000	0x0000	0x0005	0x2c00	0x6e00
PHONE_RECORD_ENTRY call=174 dst=0x16b011e base=0x16b011c token=0x6675f8 arg4=6 arg5=5 arg8=21895423 dict=0x667420 ret=0x1000d3b5
0x6675f8:	"oh"
0x667420:	0x88	0x00	0xbf	0xe4	0x00	0x00	0x00	0x00
0x667428:	0x00	0x00	0x00	0x00	0x00	0x00	0x00	0x00
0x667430:	0x00	0x00	0x00	0x00	0x00	0x00	0x00	0x00
0x667438:	0x00	0x00	0x00	0x00	0x00	0x00	0x00	0x00
Temporary breakpoint 359 at 0x1000d3b5
PHONE_RECORD_RETURN call=174 count=0 token_index=6 status=0x41 boundary_marker=0xff source=0x16b0123:	"oh"
PHONE_RECORD_HEADER bytes:
0x16b011e:	0x00	0x00	0x06	0x00	0x41	0x6f	0x68	0x00
0x16b0126:	0x00	0x01	0xbc	0xef	0x9e	0x01	0x9c	0x78
0x16b012e:	0x9a	0x01	0xa4	0xb2	0x99	0x01	0x02	0xf4
0x16b0136:	0x9a	0x01	0x56	0xc8	0x9f	0x01	0xc4	0x78
0x16b013e:	0x9a	0x01	0xba	0xff	0x9a	0x01	0xc6	0xef
PHONE_RECORD_TAIL words:
0x16b066a:	0x0000	0x0000	0x0000	0x0001	0x0000	0x0006	0x7400	0x6e65
PHONE_RECORD_ENTRY call=175 dst=0x16b0672 base=0x16b0670 token=0x6675f8 arg4=6 arg5=6 arg8=21895423 dict=0x667420 ret=0x1000d3b5
0x6675f8:	","
0x667420:	0x00	0x00	0xbf	0xe4	0x00	0x00	0x00	0x00
0x667428:	0x00	0x00	0x00	0x00	0x00	0x00	0x00	0x00
0x667430:	0x00	0x00	0x00	0x00	0x00	0x00	0x00	0x00
0x667438:	0x00	0x00	0x00	0x00	0x00	0x00	0x00	0x00
Temporary breakpoint 360 at 0x1000d3b5
PHONE_RECORD_RETURN call=175 count=0 token_index=6 status=0 boundary_marker=0xff source=0x16b0677:	","
PHONE_RECORD_HEADER bytes:
0x16b0672:	0x00	0x00	0x06	0x00	0x00	0x2c	0x00	0x6e
0x16b067a:	0x00	0x01	0xf2	0x63	0x9f	0x01	0x7a	0x8c
0x16b0682:	0x9e	0x01	0x88	0xf1	0x9e	0x01	0x5a	0x79
0x16b068a:	0x9a	0x01	0x12	0x06	0xa1	0x01	0x6a	0x99
0x16b0692:	0x9c	0x01	0x1a	0xff	0x9a	0x01	0xe4	0x92
PHONE_RECORD_TAIL words:
0x16b0bbe:	0x0000	0x0000	0x0000	0x0000	0x0000	0x0007	0x7400	0x6e65
PHONE_RECORD_ENTRY call=176 dst=0x16b0bc6 base=0x16b0bc4 token=0x6675f8 arg4=7 arg5=6 arg8=21895423 dict=0x667420 ret=0x1000d3b5
0x6675f8:	"oh"
0x667420:	0x88	0x00	0xbf	0xe4	0x00	0x00	0x00	0x00
0x667428:	0x00	0x00	0x00	0x00	0x00	0x00	0x00	0x00
0x667430:	0x00	0x00	0x00	0x00	0x00	0x00	0x00	0x00
0x667438:	0x00	0x00	0x00	0x00	0x00	0x00	0x00	0x00
Temporary breakpoint 361 at 0x1000d3b5
PHONE_RECORD_RETURN call=176 count=0 token_index=7 status=0x41 boundary_marker=0xff source=0x16b0bcb:	"oh"
PHONE_RECORD_HEADER bytes:
0x16b0bc6:	0x00	0x00	0x07	0x00	0x41	0x6f	0x68	0x00
0x16b0bce:	0x00	0x65	0x6e	0x00	0x9f	0x01	0xc6	0x3e
0x16b0bd6:	0xa0	0x01	0xe0	0xf0	0xa1	0x01	0xf0	0x44
0x16b0bde:	0xa2	0x01	0x06	0x9f	0x9b	0x01	0x7c	0xf3
0x16b0be6:	0x9e	0x01	0x0e	0xff	0x9a	0x01	0x56	0x9f
PHONE_RECORD_TAIL words:
0x16b1112:	0x0000	0x0000	0x0000	0x0001	0x0000	0x0007	0x2c00	0xc000
PHONE_RECORD_ENTRY call=177 dst=0x16b111a base=0x16b1118 token=0x6675f8 arg4=8 arg5=7 arg8=21895423 dict=0x667420 ret=0x1000d3b5
0x6675f8:	"one"
0x667420:	0x01	0xf9	0xbf	0xe4	0x00	0x00	0x00	0x00
0x667428:	0x00	0x00	0x00	0x00	0x00	0x00	0x00	0x00
0x667430:	0x00	0x00	0x00	0x00	0x00	0x00	0x00	0x00
0x667438:	0x00	0x00	0x00	0x00	0x00	0x00	0x00	0x00
Temporary breakpoint 362 at 0x1000d3b5
PHONE_RECORD_RETURN call=177 count=1 token_index=8 status=0 boundary_marker=0xff source=0x16b111f:	"one"
PHONE_RECORD_HEADER bytes:
0x16b111a:	0x01	0x00	0x08	0x00	0x00	0x6f	0x6e	0x65
0x16b1122:	0x00	0x01	0xf6	0x9f	0x9b	0x01	0x72	0x2a
0x16b112a:	0x9a	0x01	0xbc	0xfa	0x9d	0x01	0xa0	0x8e
0x16b1132:	0x9e	0x01	0x18	0xb4	0xa1	0x01	0xea	0xcd
0x16b113a:	0xa1	0x01	0x34	0xff	0xa1	0x01	0x78	0x9a
PHONE_SLOT index=0 marker=0xff bytes:
0x16b1151:	0x42	0x08	0x2d	0x00	0xd0	0x9c	0x01	0xda
0x16b1159:	0xfa	0x9d	0x01	0x08	0xce	0xa1	0x01	0x32
0x16b1161:	0xa0	0x9b	0x01	0x28	0xd1	0x9c	0x01	0xf0
0x16b1169:	0x8e	0x9e	0x01	0x0c	0xfb	0x9d	0x01	0x68
0x16b1171:	0x51	0x9b	0x01	0x94	0x7b	0x9a	0x01	0x22
0x16b1179:	0xf7	0x9a	0x01	0x3a	0xce	0xa1	0x01	0x5c
0x16b1181:	0x07	0xa1	0x01	0x3a	0xaa	0x9d	0x01	0x4e
0x16b1189:	0xcb	0x9f	0x01	0x9a	0x55	0x9c	0x01	0x26
0x16b1191:	0xf1
PHONE_RECORD_TAIL words:
0x16b1666:	0x0000	0x0000	0x0000	0x0000	0x0000	0x0008	0x6500	0x656c
PHONE_RECORD_ENTRY call=178 dst=0x16b166e base=0x16b166c token=0x6675f8 arg4=9 arg5=8 arg8=21895423 dict=0x667420 ret=0x1000d3b5
0x6675f8:	"two"
0x667420:	0x80	0x00	0xbf	0xe4	0x00	0x00	0x00	0x00
0x667428:	0x00	0x00	0x00	0x00	0x00	0x00	0x00	0x00
0x667430:	0x00	0x00	0x00	0x00	0x00	0x00	0x00	0x00
0x667438:	0x00	0x00	0x00	0x00	0x00	0x00	0x00	0x00
Temporary breakpoint 363 at 0x1000d3b5
PHONE_RECORD_RETURN call=178 count=0 token_index=9 status=0 boundary_marker=0xff source=0x16b1673:	"two"
PHONE_RECORD_HEADER bytes:
0x16b166e:	0x00	0x00	0x09	0x00	0x00	0x74	0x77	0x6f
0x16b1676:	0x00	0x65	0x6e	0x00	0x6e	0x00	0x64	0x76
0x16b167e:	0x9d	0x01	0xa8	0xd3	0x9c	0x01	0xac	0x0b
0x16b1686:	0x9d	0x01	0x60	0x51	0x99	0x01	0xa2	0xc1
0x16b168e:	0xa0	0x01	0xc0	0xff	0x9b	0x01	0x4e	0x2b
PHONE_RECORD_TAIL words:
0x16b1bba:	0x0000	0x0000	0x0000	0x0001	0x0000	0x0009	0x6800	0x6e75
PHONE_RECORD_ENTRY call=179 dst=0x16b1bc2 base=0x16b1bc0 token=0x6675f8 arg4=9 arg5=9 arg8=21895423 dict=0x667420 ret=0x1000d3b5
0x6675f8:	","
0x667420:	0x00	0x00	0xbf	0xe4	0x00	0x00	0x00	0x00
0x667428:	0x00	0x00	0x00	0x00	0x00	0x00	0x00	0x00
0x667430:	0x00	0x00	0x00	0x00	0x00	0x00	0x00	0x00
0x667438:	0x00	0x00	0x00	0x00	0x00	0x00	0x00	0x00
Temporary breakpoint 364 at 0x1000d3b5
PHONE_RECORD_RETURN call=179 count=0 token_index=9 status=0 boundary_marker=0xff source=0x16b1bc7:	","
PHONE_RECORD_HEADER bytes:
0x16b1bc2:	0x00	0x00	0x09	0x00	0x00	0x2c	0x00	0x6e
0x16b1bca:	0x64	0x72	0x65	0x64	0x00	0x01	0x14	0xf6
0x16b1bd2:	0x9a	0x01	0x4e	0x06	0xa1	0x01	0x90	0xcd
0x16b1bda:	0xa1	0x01	0x2c	0xca	0x9f	0x01	0x10	0x75
0x16b1be2:	0x9d	0x01	0xf8	0xff	0x9b	0x01	0x9a	0x09
PHONE_RECORD_TAIL words:
0x16b210e:	0x0000	0x0000	0x0000	0x0000	0x0000	0x0009	0x2c00	0x6500
PHONE_RECORD_ENTRY call=180 dst=0x16b2116 base=0x16b2114 token=0x6675f8 arg4=10 arg5=9 arg8=21895423 dict=0x667420 ret=0x1000d3b5
0x6675f8:	"ten"
0x667420:	0x80	0x00	0xbf	0xe4	0x00	0x00	0x00	0x00
0x667428:	0x00	0x00	0x00	0x00	0x00	0x00	0x00	0x00
0x667430:	0x00	0x00	0x00	0x00	0x00	0x00	0x00	0x00
0x667438:	0x00	0x00	0x00	0x00	0x00	0x00	0x00	0x00
Temporary breakpoint 365 at 0x1000d3b5
PHONE_RECORD_RETURN call=180 count=0 token_index=10 status=0 boundary_marker=0xff source=0x16b211b:	"ten"
PHONE_RECORD_HEADER bytes:
0x16b2116:	0x00	0x00	0x0a	0x00	0x00	0x74	0x65	0x6e
0x16b211e:	0x00	0x74	0x79	0x00	0xa1	0x01	0xa6	0x9f
0x16b2126:	0xa0	0x01	0x9a	0x45	0xa2	0x01	0xaa	0xef
0x16b212e:	0xa1	0x01	0x90	0x9c	0x9b	0x01	0xc0	0x8c
0x16b2136:	0x9e	0x01	0x1e	0xff	0x9e	0x01	0x98	0x86
PHONE_RECORD_TAIL words:
0x16b2662:	0x0000	0x0000	0x0000	0x0001	0x0001	0x000a	0x6e00	0x6e69
PHONE_RECORD_ENTRY call=181 dst=0x16b266a base=0x16b2668 token=0x6675f8 arg4=11 arg5=10 arg8=21895423 dict=0x667420 ret=0x1000d3b5
0x6675f8:	"point"
0x667420:	0x90	0x00	0xbf	0xe4	0x00	0x00	0x00	0x00
0x667428:	0x00	0x00	0x00	0x00	0x00	0x00	0x00	0x00
0x667430:	0x00	0x00	0x00	0x00	0x00	0x00	0x00	0x00
0x667438:	0x00	0x00	0x00	0x00	0x00	0x00	0x00	0x00
Temporary breakpoint 366 at 0x1000d3b5
PHONE_RECORD_RETURN call=181 count=0 token_index=11 status=0 boundary_marker=0xff source=0x16b266f:	"point"
PHONE_RECORD_HEADER bytes:
0x16b266a:	0x00	0x00	0x0b	0x00	0x00	0x70	0x6f	0x69
0x16b2672:	0x6e	0x74	0x00	0x65	0x6e	0x00	0xca	0x9e
0x16b267a:	0x9b	0x01	0xdc	0x29	0x9a	0x01	0xcc	0x7a
0x16b2682:	0x9a	0x01	0x46	0xf6	0x9a	0x01	0xa2	0x61
0x16b268a:	0xa1	0x01	0x3c	0xff	0xa2	0x01	0x42	0x87
PHONE_RECORD_TAIL words:
0x16b2bb6:	0x0000	0x0001	0x0000	0x0001	0x0000	0x000b	0x6800	0x6e75
PHONE_RECORD_ENTRY call=182 dst=0x16b2bbe base=0x16b2bbc token=0x6675f8 arg4=12 arg5=11 arg8=21895423 dict=0x667420 ret=0x1000d3b5
0x6675f8:	"zero"
0x667420:	0x80	0x00	0xbf	0xe4	0x00	0x00	0x00	0x00
0x667428:	0x00	0x00	0x00	0x00	0x00	0x00	0x00	0x00
0x667430:	0x00	0x00	0x00	0x00	0x00	0x00	0x00	0x00
0x667438:	0x00	0x00	0x00	0x00	0x00	0x00	0x00	0x00
Temporary breakpoint 367 at 0x1000d3b5
PHONE_RECORD_RETURN call=182 count=0 token_index=12 status=0 boundary_marker=0xff source=0x16b2bc3:	"zero"
PHONE_RECORD_HEADER bytes:
0x16b2bbe:	0x00	0x00	0x0c	0x00	0x00	0x7a	0x65	0x72
0x16b2bc6:	0x6f	0x00	0x65	0x64	0x00	0x01	0x48	0xf2
0x16b2bce:	0xa1	0x01	0x66	0xcc	0x9f	0x01	0x0e	0xcf
0x16b2bd6:	0x9a	0x01	0x94	0x56	0x9c	0x01	0xee	0xa2
0x16b2bde:	0x9b	0x01	0x82	0xff	0x9d	0x01	0x58	0x90
PHONE_RECORD_TAIL words:
0x16b310a:	0x0000	0x0000	0x0000	0x0001	0x0000	0x000b	0x2c00	0x6500
PHONE_RECORD_ENTRY call=183 dst=0x16b3112 base=0x16b3110 token=0x6675f8 arg4=13 arg5=12 arg8=21895423 dict=0x667420 ret=0x1000d3b5
0x6675f8:	"five"
0x667420:	0x80	0x00	0xbf	0xe4	0x00	0x00	0x00	0x00
0x667428:	0x00	0x00	0x00	0x00	0x00	0x00	0x00	0x00
0x667430:	0x00	0x00	0x00	0x00	0x00	0x00	0x00	0x00
0x667438:	0x00	0x00	0x00	0x00	0x00	0x00	0x00	0x00
Temporary breakpoint 368 at 0x1000d3b5
PHONE_RECORD_RETURN call=183 count=0 token_index=13 status=0 boundary_marker=0xff source=0x16b3117:	"five"
PHONE_RECORD_HEADER bytes:
0x16b3112:	0x00	0x00	0x0d	0x00	0x00	0x66	0x69	0x76
0x16b311a:	0x65	0x00	0xe2	0xac	0x9d	0x01	0x10	0x0c
0x16b3122:	0x9d	0x01	0xc4	0xb5	0x99	0x01	0x9e	0x2b
0x16b312a:	0x9a	0x01	0x6a	0xa4	0x9b	0x01	0xc2	0xfe
0x16b3132:	0x9d	0x01	0x78	0xff	0xa1	0x01	0x92	0x08
PHONE_RECORD_TAIL words:
0x16b365e:	0x0000	0x0000	0x0000	0x0001	0x0001	0x000c	0x6e00	0x6e69
PHONE_RECORD_ENTRY call=184 dst=0x16b3666 base=0x16b3664 token=0x6675f8 arg4=13 arg5=13 arg8=21895423 dict=0x667420 ret=0x1000d3b5
0x6675f8:	","
0x667420:	0x00	0x00	0xbf	0xe4	0x00	0x00	0x00	0x00
0x667428:	0x00	0x00	0x00	0x00	0x00	0x00	0x00	0x00
0x667430:	0x00	0x00	0x00	0x00	0x00	0x00	0x00	0x00
0x667438:	0x00	0x00	0x00	0x00	0x00	0x00	0x00	0x00
Temporary breakpoint 369 at 0x1000d3b5
PHONE_RECORD_RETURN call=184 count=0 token_index=13 status=0 boundary_marker=0xff source=0x16b366b:	","
PHONE_RECORD_HEADER bytes:
0x16b3666:	0x00	0x00	0x0d	0x00	0x00	0x2c	0x00	0x6e
0x16b366e:	0x65	0x74	0x65	0x65	0x6e	0x00	0xa2	0x6c
0x16b3676:	0xa0	0x01	0x62	0x52	0x9b	0x01	0x6c	0x52
0x16b367e:	0x9b	0x01	0x24	0xc2	0xa0	0x01	0x86	0x0e
0x16b3686:	0x9d	0x01	0xfa	0xff	0x99	0x01	0x48	0xa8
PHONE_RECORD_TAIL words:
0x16b3bb2:	0x0000	0x0000	0x0000	0x0000	0x0001	0x000d	0x6e00	0x6e69
PHONE_RECORD_ENTRY call=185 dst=0x16b3bba base=0x16b3bb8 token=0x6675f8 arg4=14 arg5=13 arg8=21895423 dict=0x667420 ret=0x1000d3b5
0x6675f8:	"zero"
0x667420:	0x80	0x00	0xbf	0xe4	0x00	0x00	0x00	0x00
0x667428:	0x00	0x00	0x00	0x00	0x00	0x00	0x00	0x00
0x667430:	0x00	0x00	0x00	0x00	0x00	0x00	0x00	0x00
0x667438:	0x00	0x00	0x00	0x00	0x00	0x00	0x00	0x00
Temporary breakpoint 370 at 0x1000d3b5
PHONE_RECORD_RETURN call=185 count=0 token_index=14 status=0 boundary_marker=0xff source=0x16b3bbf:	"zero"
PHONE_RECORD_HEADER bytes:
0x16b3bba:	0x00	0x00	0x0e	0x00	0x00	0x7a	0x65	0x72
0x16b3bc2:	0x6f	0x00	0x79	0x00	0xa0	0x01	0x9c	0xa9
0x16b3bca:	0x9b	0x01	0x68	0x03	0x9e	0x01	0x52	0x96
0x16b3bd2:	0x9e	0x01	0x24	0xd5	0x9c	0x01	0x4a	0xfc
0x16b3bda:	0x9a	0x01	0x3e	0xff	0xa1	0x01	0x32	0x59
PHONE_RECORD_TAIL words:
0x16b4106:	0x0000	0x0000	0x0000	0x0001	0x0000	0x000e	0x6e00	0x6e69
PHONE_RECORD_ENTRY call=186 dst=0x16b410e base=0x16b410c token=0x6675f8 arg4=15 arg5=14 arg8=21895423 dict=0x667420 ret=0x1000d3b5
0x6675f8:	"point"
0x667420:	0x90	0x00	0xbf	0xe4	0x00	0x00	0x00	0x00
0x667428:	0x00	0x00	0x00	0x00	0x00	0x00	0x00	0x00
0x667430:	0x00	0x00	0x00	0x00	0x00	0x00	0x00	0x00
0x667438:	0x00	0x00	0x00	0x00	0x00	0x00	0x00	0x00
Temporary breakpoint 371 at 0x1000d3b5
PHONE_RECORD_RETURN call=186 count=0 token_index=15 status=0 boundary_marker=0xff source=0x16b4113:	"point"
PHONE_RECORD_HEADER bytes:
0x16b410e:	0x00	0x00	0x0f	0x00	0x00	0x70	0x6f	0x69
0x16b4116:	0x6e	0x74	0x00	0xa1	0xa0	0x01	0xf6	0x40
0x16b411e:	0xa0	0x01	0xe4	0x0f	0x9d	0x01	0xb0	0x2d
0x16b4126:	0x9a	0x01	0x14	0xaa	0x9b	0x01	0x60	0x44
0x16b412e:	0xa1	0x01	0xb6	0xff	0x9e	0x01	0xea	0x03
PHONE_RECORD_TAIL words:
0x16b465a:	0x0000	0x0001	0x0000	0x0001	0x0000	0x000e	0x2c00	0xd100
PHONE_RECORD_ENTRY call=187 dst=0x16b4662 base=0x16b4660 token=0x6675f8 arg4=16 arg5=15 arg8=21895423 dict=0x667420 ret=0x1000d3b5
0x6675f8:	"zero"
0x667420:	0x80	0x00	0xbf	0xe4	0x00	0x00	0x00	0x00
0x667428:	0x00	0x00	0x00	0x00	0x00	0x00	0x00	0x00
0x667430:	0x00	0x00	0x00	0x00	0x00	0x00	0x00	0x00
0x667438:	0x00	0x00	0x00	0x00	0x00	0x00	0x00	0x00
Temporary breakpoint 372 at 0x1000d3b5
PHONE_RECORD_RETURN call=187 count=0 token_index=16 status=0 boundary_marker=0xff source=0x16b4667:	"zero"
PHONE_RECORD_HEADER bytes:
0x16b4662:	0x00	0x00	0x10	0x00	0x00	0x7a	0x65	0x72
0x16b466a:	0x6f	0x00	0xf0	0x59	0x9c	0x01	0x00	0x55
0x16b4672:	0x9b	0x01	0x14	0x55	0x9b	0x01	0xf6	0x2d
0x16b467a:	0x9a	0x01	0x2c	0xc4	0xa0	0x01	0x2c	0xab
0x16b4682:	0x9b	0x01	0x52	0xff	0x9e	0x01	0xfe	0x66
PHONE_RECORD_TAIL words:
0x16b4bae:	0x0000	0x0000	0x0000	0x0001	0x0000	0x000f	0x7400	0x6f77
PHONE_RECORD_ENTRY call=188 dst=0x16b4bb6 base=0x16b4bb4 token=0x6675f8 arg4=17 arg5=16 arg8=21895423 dict=0x667420 ret=0x1000d3b5
0x6675f8:	"five"
0x667420:	0x80	0x00	0xbf	0xe4	0x00	0x00	0x00	0x00
0x667428:	0x00	0x00	0x00	0x00	0x00	0x00	0x00	0x00
0x667430:	0x00	0x00	0x00	0x00	0x00	0x00	0x00	0x00
0x667438:	0x00	0x00	0x00	0x00	0x00	0x00	0x00	0x00
Temporary breakpoint 373 at 0x1000d3b5
PHONE_RECORD_RETURN call=188 count=0 token_index=17 status=0 boundary_marker=0xff source=0x16b4bbb:	"five"
PHONE_RECORD_HEADER bytes:
0x16b4bb6:	0x00	0x00	0x11	0x00	0x00	0x66	0x69	0x76
0x16b4bbe:	0x65	0x00	0xfa	0x93	0x9e	0x01	0x76	0x9c
0x16b4bc6:	0x9c	0x01	0xc2	0xae	0x9d	0x01	0xe6	0xce
0x16b4bce:	0x9f	0x01	0x06	0x6d	0xa0	0x01	0x5c	0x8b
0x16b4bd6:	0x9f	0x01	0x12	0xff	0x9b	0x01	0x04	0x94
PHONE_RECORD_TAIL words:
0x16b5102:	0x0000	0x0000	0x0000	0x0001	0x0000	0x0010	0x7400	0x6f68
PHONE_RECORD_ENTRY call=189 dst=0x16b510a base=0x16b5108 token=0x6675f8 arg4=17 arg5=17 arg8=21895423 dict=0x667420 ret=0x1000d3b5
0x6675f8:	","
0x667420:	0x00	0x00	0xbf	0xe4	0x00	0x00	0x00	0x00
0x667428:	0x00	0x00	0x00	0x00	0x00	0x00	0x00	0x00
0x667430:	0x00	0x00	0x00	0x00	0x00	0x00	0x00	0x00
0x667438:	0x00	0x00	0x00	0x00	0x00	0x00	0x00	0x00
Temporary breakpoint 374 at 0x1000d3b5
PHONE_RECORD_RETURN call=189 count=0 token_index=17 status=0 boundary_marker=0xff source=0x16b510f:	","
PHONE_RECORD_HEADER bytes:
0x16b510a:	0x00	0x00	0x11	0x00	0x00	0x2c	0x00	0x6f
0x16b5112:	0x75	0x73	0x61	0x6e	0x64	0x00	0x64	0x9a
0x16b511a:	0xa1	0x01	0x9a	0x2c	0xa2	0x01	0xf0	0x17
0x16b5122:	0xa2	0x01	0xd6	0xb4	0xa1	0x01	0x58	0x9c
0x16b512a:	0x9c	0x01	0x80	0xff	0x9b	0x01	0x40	0x64
PHONE_RECORD_TAIL words:
0x16b5656:	0x0000	0x0000	0x0000	0x0000	0x0000	0x0010	0x2c00	0xd100
PHONE_RECORD_ENTRY call=190 dst=0x16b565e base=0x16b565c token=0x6675f8 arg4=18 arg5=17 arg8=21895423 dict=0x667420 ret=0x1000d3b5
0x6675f8:	"point"
0x667420:	0x90	0x00	0xbf	0xe4	0x00	0x00	0x00	0x00
0x667428:	0x00	0x00	0x00	0x00	0x00	0x00	0x00	0x00
0x667430:	0x00	0x00	0x00	0x00	0x00	0x00	0x00	0x00
0x667438:	0x00	0x00	0x00	0x00	0x00	0x00	0x00	0x00
Temporary breakpoint 375 at 0x1000d3b5
PHONE_RECORD_RETURN call=190 count=0 token_index=18 status=0 boundary_marker=0xff source=0x16b5663:	"point"
PHONE_RECORD_HEADER bytes:
0x16b565e:	0x00	0x00	0x12	0x00	0x00	0x70	0x6f	0x69
0x16b5666:	0x6e	0x74	0x00	0x41	0xa0	0x01	0x7e	0xd2
0x16b566e:	0x9f	0x01	0x58	0xa2	0xa0	0x01	0xfa	0x59
0x16b5676:	0x9c	0x01	0x7c	0x6f	0xa0	0x01	0x7c	0xc4
0x16b567e:	0xa0	0x01	0xa4	0xff	0x9b	0x01	0xac	0x10
PHONE_RECORD_TAIL words:
0x16b5baa:	0x0000	0x0001	0x0000	0x0001	0x0000	0x0011	0x7400	0x6f77
PHONE_RECORD_ENTRY call=191 dst=0x16b5bb2 base=0x16b5bb0 token=0x6675f8 arg4=19 arg5=18 arg8=21895423 dict=0x667420 ret=0x1000d3b5
0x6675f8:	"five"
0x667420:	0x80	0x00	0xbf	0xe4	0x00	0x00	0x00	0x00
0x667428:	0x00	0x00	0x00	0x00	0x00	0x00	0x00	0x00
0x667430:	0x00	0x00	0x00	0x00	0x00	0x00	0x00	0x00
0x667438:	0x00	0x00	0x00	0x00	0x00	0x00	0x00	0x00
Temporary breakpoint 376 at 0x1000d3b5
PHONE_RECORD_RETURN call=191 count=0 token_index=19 status=0 boundary_marker=0xff source=0x16b5bb7:	"five"
PHONE_RECORD_HEADER bytes:
0x16b5bb2:	0x00	0x00	0x13	0x00	0x00	0x66	0x69	0x76
0x16b5bba:	0x65	0x00	0x3e	0x10	0x9d	0x01	0xe6	0xaa
0x16b5bc2:	0x9b	0x01	0x32	0x52	0x99	0x01	0x30	0xb8
0x16b5bca:	0x99	0x01	0x24	0x97	0x9e	0x01	0xd6	0x66
0x16b5bd2:	0x9f	0x01	0x80	0xff	0x9e	0x01	0x30	0xfd
PHONE_RECORD_TAIL words:
0x16b60fe:	0x0000	0x0000	0x0000	0x0001	0x0000	0x0012	0x7400	0x6f68
PHONE_RECORD_ENTRY call=192 dst=0x16b6106 base=0x16b6104 token=0x6675f8 arg4=19 arg5=19 arg8=21895423 dict=0x667420 ret=0x1000d3b5
0x6675f8:	","
0x667420:	0x00	0x00	0xbf	0xe4	0x00	0x00	0x00	0x00
0x667428:	0x00	0x00	0x00	0x00	0x00	0x00	0x00	0x00
0x667430:	0x00	0x00	0x00	0x00	0x00	0x00	0x00	0x00
0x667438:	0x00	0x00	0x00	0x00	0x00	0x00	0x00	0x00
Temporary breakpoint 377 at 0x1000d3b5
PHONE_RECORD_RETURN call=192 count=0 token_index=19 status=0 boundary_marker=0xff source=0x16b610b:	","
PHONE_RECORD_HEADER bytes:
0x16b6106:	0x00	0x00	0x13	0x00	0x00	0x2c	0x00	0x6f
0x16b610e:	0x75	0x73	0x61	0x6e	0x64	0x00	0xaa	0x41
0x16b6116:	0xa0	0x01	0xc0	0x10	0x9d	0x01	0x46	0x2e
0x16b611e:	0x9a	0x01	0x90	0xc4	0xa0	0x01	0xb8	0xab
0x16b6126:	0x9b	0x01	0x94	0xff	0x99	0x01	0x20	0x05
PHONE_RECORD_TAIL words:
0x16b6652:	0x0000	0x0000	0x0000	0x0000	0x0001	0x0013	0x6f00	0x656e
PHONE_RECORD_ENTRY call=193 dst=0x16b665a base=0x16b6658 token=0x6675f8 arg4=20 arg5=19 arg8=21895423 dict=0x667420 ret=0x1000d3b5
0x6675f8:	"twelve"
0x667420:	0x80	0x00	0xbf	0xe4	0x00	0x00	0x00	0x00
0x667428:	0x00	0x00	0x00	0x00	0x00	0x00	0x00	0x00
0x667430:	0x00	0x00	0x00	0x00	0x00	0x00	0x00	0x00
0x667438:	0x00	0x00	0x00	0x00	0x00	0x00	0x00	0x00
Temporary breakpoint 378 at 0x1000d3b5
PHONE_RECORD_RETURN call=193 count=0 token_index=20 status=0 boundary_marker=0xff source=0x16b665f:	"twelve"
PHONE_RECORD_HEADER bytes:
0x16b665a:	0x00	0x00	0x14	0x00	0x00	0x74	0x77	0x65
0x16b6662:	0x6c	0x76	0x65	0x00	0x9f	0x01	0x08	0x5b
0x16b666a:	0x9c	0x01	0x7a	0xb0	0x9d	0x01	0x2c	0x42
0x16b6672:	0xa0	0x01	0xa8	0x70	0xa0	0x01	0x06	0x7a
0x16b667a:	0x9d	0x01	0x8c	0xff	0x9d	0x01	0x2e	0xae
PHONE_RECORD_TAIL words:
0x16b6ba6:	0x0000	0x0000	0x0000	0x0001	0x0000	0x0013	0x2c00	0xba00
PHONE_RECORD_ENTRY call=194 dst=0x16b6bae base=0x16b6bac token=0x6675f8 arg4=21 arg5=20 arg8=21895423 dict=0x667420 ret=0x1000d3b5
0x6675f8:	"point"
0x667420:	0x90	0x00	0xbf	0xe4	0x00	0x00	0x00	0x00
0x667428:	0x00	0x00	0x00	0x00	0x00	0x00	0x00	0x00
0x667430:	0x00	0x00	0x00	0x00	0x00	0x00	0x00	0x00
0x667438:	0x00	0x00	0x00	0x00	0x00	0x00	0x00	0x00
Temporary breakpoint 379 at 0x1000d3b5
PHONE_RECORD_RETURN call=194 count=0 token_index=21 status=0 boundary_marker=0xff source=0x16b6bb3:	"point"
PHONE_RECORD_HEADER bytes:
0x16b6bae:	0x00	0x00	0x15	0x00	0x00	0x70	0x6f	0x69
0x16b6bb6:	0x6e	0x74	0x00	0xb1	0x9b	0x01	0x1c	0xfe
0x16b6bbe:	0x9e	0x01	0xbe	0xd6	0x9c	0x01	0xb2	0x5b
0x16b6bc6:	0x9c	0x01	0xdc	0x12	0x9d	0x01	0xec	0x48
0x16b6bce:	0xa2	0x01	0xc8	0xff	0x9c	0x01	0x66	0x9b
PHONE_RECORD_TAIL words:
0x16b70fa:	0x0000	0x0001	0x0000	0x0001	0x0000	0x0014	0x7400	0x6f77
PHONE_RECORD_ENTRY call=195 dst=0x16b7102 base=0x16b7100 token=0x6675f8 arg4=22 arg5=21 arg8=21895423 dict=0x667420 ret=0x1000d3b5
0x6675f8:	"three"
0x667420:	0x80	0x00	0xbf	0xe4	0x00	0x00	0x00	0x00
0x667428:	0x00	0x00	0x00	0x00	0x00	0x00	0x00	0x00
0x667430:	0x00	0x00	0x00	0x00	0x00	0x00	0x00	0x00
0x667438:	0x00	0x00	0x00	0x00	0x00	0x00	0x00	0x00
Temporary breakpoint 380 at 0x1000d3b5
PHONE_RECORD_RETURN call=195 count=0 token_index=22 status=0 boundary_marker=0xff source=0x16b7107:	"three"
PHONE_RECORD_HEADER bytes:
0x16b7102:	0x00	0x00	0x16	0x00	0x00	0x74	0x68	0x72
0x16b710a:	0x65	0x65	0x00	0xb3	0x9d	0x01	0x2a	0x71
0x16b7112:	0xa0	0x01	0x5a	0x49	0xa2	0x01	0x78	0x07
0x16b711a:	0x9e	0x01	0x12	0x9a	0x9e	0x01	0x52	0xa3
0x16b7122:	0xa0	0x01	0xb4	0xff	0x9e	0x01	0x44	0x9a
PHONE_RECORD_TAIL words:
0x16b764e:	0x0000	0x0000	0x0000	0x0001	0x0000	0x0015	0x7400	0x6f68
PHONE_RECORD_ENTRY call=196 dst=0x16b7656 base=0x16b7654 token=0x6675f8 arg4=23 arg5=22 arg8=21895423 dict=0x667420 ret=0x1000d3b5
0x6675f8:	"zero"
0x667420:	0x80	0x00	0xbf	0xe4	0x00	0x00	0x00	0x00
0x667428:	0x00	0x00	0x00	0x00	0x00	0x00	0x00	0x00
0x667430:	0x00	0x00	0x00	0x00	0x00	0x00	0x00	0x00
0x667438:	0x00	0x00	0x00	0x00	0x00	0x00	0x00	0x00
Temporary breakpoint 381 at 0x1000d3b5
PHONE_RECORD_RETURN call=196 count=0 token_index=23 status=0 boundary_marker=0xff source=0x16b765b:	"zero"
PHONE_RECORD_HEADER bytes:
0x16b7656:	0x00	0x00	0x17	0x00	0x00	0x7a	0x65	0x72
0x16b765e:	0x6f	0x00	0x61	0x6e	0x64	0x00	0xbe	0x7b
0x16b7666:	0x9d	0x01	0xa4	0x8e	0x9f	0x01	0x70	0xb2
0x16b766e:	0x9b	0x01	0x16	0x0a	0x9e	0x01	0xa6	0x9c
0x16b7676:	0x9e	0x01	0x9a	0xff	0x9b	0x01	0xdc	0x7b
PHONE_RECORD_TAIL words:
0x16b7ba2:	0x0000	0x0000	0x0000	0x0001	0x0000	0x0016	0x6600	0x7669
PHONE_RECORD_ENTRY call=197 dst=0x16b7baa base=0x16b7ba8 token=0x6675f8 arg4=24 arg5=23 arg8=21895423 dict=0x667420 ret=0x1000d3b5
0x6675f8:	"zero"
0x667420:	0x80	0x00	0xbf	0xe4	0x00	0x00	0x00	0x00
0x667428:	0x00	0x00	0x00	0x00	0x00	0x00	0x00	0x00
0x667430:	0x00	0x00	0x00	0x00	0x00	0x00	0x00	0x00
0x667438:	0x00	0x00	0x00	0x00	0x00	0x00	0x00	0x00
Temporary breakpoint 382 at 0x1000d3b5
PHONE_RECORD_RETURN call=197 count=0 token_index=24 status=0 boundary_marker=0xff source=0x16b7baf:	"zero"
PHONE_RECORD_HEADER bytes:
0x16b7baa:	0x00	0x00	0x18	0x00	0x00	0x7a	0x65	0x72
0x16b7bb2:	0x6f	0x00	0x28	0x49	0xa2	0x01	0xb2	0xb1
0x16b7bba:	0x9b	0x01	0x0e	0x13	0x9d	0x01	0x8a	0xfe
0x16b7bc2:	0x9e	0x01	0xa4	0x01	0x9b	0x01	0xc4	0xb7
0x16b7bca:	0xa1	0x01	0x4c	0xff	0x9f	0x01	0x90	0x42
PHONE_RECORD_TAIL words:
0x16b80f6:	0x0000	0x0000	0x0000	0x0001	0x0000	0x0016	0x2c00	0x9d00
PHONE_RECORD_ENTRY call=198 dst=0x16b80fe base=0x16b80fc token=0x6675f8 arg4=24 arg5=24 arg8=21895423 dict=0x667420 ret=0x1000d3b5
0x6675f8:	","
0x667420:	0x00	0x00	0xbf	0xe4	0x00	0x00	0x00	0x00
0x667428:	0x00	0x00	0x00	0x00	0x00	0x00	0x00	0x00
0x667430:	0x00	0x00	0x00	0x00	0x00	0x00	0x00	0x00
0x667438:	0x00	0x00	0x00	0x00	0x00	0x00	0x00	0x00
Temporary breakpoint 383 at 0x1000d3b5
PHONE_RECORD_RETURN call=198 count=0 token_index=24 status=0 boundary_marker=0xff source=0x16b8103:	","
PHONE_RECORD_HEADER bytes:
0x16b80fe:	0x00	0x00	0x18	0x00	0x00	0x2c	0x00	0x9d
0x16b8106:	0x9e	0x01	0xaa	0x0e	0xa1	0x01	0x44	0x8f
0x16b810e:	0x9f	0x01	0xa0	0x9d	0x9e	0x01	0xb4	0x0e
0x16b8116:	0xa1	0x01	0x84	0x5c	0x9c	0x01	0x58	0x30
0x16b811e:	0x9a	0x01	0x52	0xff	0xa0	0x01	0xae	0x13
PHONE_RECORD_TAIL words:
0x16b864a:	0x0000	0x0000	0x0000	0x0000	0x0000	0x0017	0x7400	0x6577
PHONE_RECORD_ENTRY call=199 dst=0x16b8652 base=0x16b8650 token=0x6675f8 arg4=25 arg5=24 arg8=21895423 dict=0x667420 ret=0x1000d3b5
0x6675f8:	"January"
0x667420:	0xf0	0x00	0xbf	0xe4	0x00	0x00	0x00	0x00
0x667428:	0x00	0x00	0x00	0x00	0x00	0x00	0x00	0x00
0x667430:	0x00	0x00	0x00	0x00	0x00	0x00	0x00	0x00
0x667438:	0x00	0x00	0x00	0x00	0x00	0x00	0x00	0x00
Temporary breakpoint 384 at 0x1000d3b5
PHONE_RECORD_RETURN call=199 count=0 token_index=25 status=0 boundary_marker=0xff source=0x16b8657:	"January"
PHONE_RECORD_HEADER bytes:
0x16b8652:	0x00	0x00	0x19	0x00	0x00	0x4a	0x61	0x6e
0x16b865a:	0x75	0x61	0x72	0x79	0x00	0x01	0x4e	0x0e
0x16b8662:	0x9e	0x01	0xa0	0x1c	0xa2	0x01	0x86	0x0f
0x16b866a:	0xa1	0x01	0x34	0x6b	0xa1	0x01	0x5c	0x86
0x16b8672:	0x9a	0x01	0xa6	0xff	0x9b	0x01	0x48	0xb5
PHONE_RECORD_TAIL words:
0x16b8b9e:	0x0001	0x0001	0x0001	0x0001	0x0000	0x0018	0x7400	0x6e65
PHONE_RECORD_ENTRY call=200 dst=0x16b8ba6 base=0x16b8ba4 token=0x6675f8 arg4=26 arg5=25 arg8=21895423 dict=0x667420 ret=0x1000d3b5
0x6675f8:	"second"
0x667420:	0x80	0x00	0xbf	0xe4	0x00	0x00	0x00	0x00
0x667428:	0x00	0x00	0x00	0x00	0x00	0x00	0x00	0x00
0x667430:	0x00	0x00	0x00	0x00	0x00	0x00	0x00	0x00
0x667438:	0x00	0x00	0x00	0x00	0x00	0x00	0x00	0x00
Temporary breakpoint 385 at 0x1000d3b5
PHONE_RECORD_RETURN call=200 count=0 token_index=26 status=0 boundary_marker=0xff source=0x16b8bab:	"second"
PHONE_RECORD_HEADER bytes:
0x16b8ba6:	0x00	0x00	0x1a	0x00	0x00	0x73	0x65	0x63
0x16b8bae:	0x6f	0x6e	0x64	0x00	0x00	0x01	0xda	0xb6
0x16b8bb6:	0x9b	0x01	0x30	0x0e	0x9e	0x01	0x94	0xda
0x16b8bbe:	0x9f	0x01	0x90	0x7c	0x9d	0x01	0x48	0xb7
0x16b8bc6:	0x9b	0x01	0x80	0xff	0x9e	0x01	0x02	0xdb
PHONE_RECORD_TAIL words:
0x16b90f2:	0x0000	0x0000	0x0000	0x0001	0x0000	0x0018	0x2c00	0x6e00
PHONE_RECORD_ENTRY call=201 dst=0x16b90fa base=0x16b90f8 token=0x6675f8 arg4=27 arg5=26 arg8=21895423 dict=0x667420 ret=0x1000d3b5
0x6675f8:	"twenty"
0x667420:	0x80	0x00	0xbf	0xe4	0x00	0x00	0x00	0x00
0x667428:	0x00	0x00	0x00	0x00	0x00	0x00	0x00	0x00
0x667430:	0x00	0x00	0x00	0x00	0x00	0x00	0x00	0x00
0x667438:	0x00	0x00	0x00	0x00	0x00	0x00	0x00	0x00
Temporary breakpoint 386 at 0x1000d3b5
PHONE_RECORD_RETURN call=201 count=0 token_index=27 status=0 boundary_marker=0xff source=0x16b90ff:	"twenty"
PHONE_RECORD_HEADER bytes:
0x16b90fa:	0x00	0x00	0x1b	0x00	0x00	0x74	0x77	0x65
0x16b9102:	0x6e	0x74	0x79	0x00	0x9b	0x01	0x26	0xbd
0x16b910a:	0x99	0x01	0x18	0x9e	0x9e	0x01	0xd4	0x68
0x16b9112:	0x9f	0x01	0xa4	0x0d	0x9e	0x01	0xa8	0x6a
0x16b911a:	0xa1	0x01	0xca	0xff	0x9b	0x01	0x8a	0xa1
PHONE_RECORD_TAIL words:
0x16b9646:	0x0000	0x0000	0x0000	0x0001	0x0000	0x0019	0x7400	0x6577
PHONE_RECORD_ENTRY call=202 dst=0x16b964e base=0x16b964c token=0x6675f8 arg4=28 arg5=27 arg8=21895423 dict=0x667420 ret=0x1000d3b5
0x6675f8:	"twenty"
0x667420:	0x80	0x00	0xbf	0xe4	0x00	0x00	0x00	0x00
0x667428:	0x00	0x00	0x00	0x00	0x00	0x00	0x00	0x00
0x667430:	0x00	0x00	0x00	0x00	0x00	0x00	0x00	0x00
0x667438:	0x00	0x00	0x00	0x00	0x00	0x00	0x00	0x00
Temporary breakpoint 387 at 0x1000d3b5
PHONE_RECORD_RETURN call=202 count=0 token_index=28 status=0 boundary_marker=0xff source=0x16b9653:	"twenty"
PHONE_RECORD_HEADER bytes:
0x16b964e:	0x00	0x00	0x1c	0x00	0x00	0x74	0x77	0x65
0x16b9656:	0x6e	0x74	0x79	0x00	0x9d	0x01	0x20	0x44
0x16b965e:	0xa0	0x01	0x5a	0x5e	0x9c	0x01	0x54	0xba
0x16b9666:	0x9b	0x01	0x32	0xdd	0x9f	0x01	0x7a	0xd9
0x16b966e:	0x9c	0x01	0x8c	0xff	0x9e	0x01	0x3c	0xdd
PHONE_RECORD_TAIL words:
0x16b9b9a:	0x0000	0x0000	0x0000	0x0001	0x0000	0x001a	0x7400	0x6577
PHONE_RECORD_ENTRY call=203 dst=0x16b9ba2 base=0x16b9ba0 token=0x6675f8 arg4=29 arg5=28 arg8=21895423 dict=0x667420 ret=0x1000d3b5
0x6675f8:	"four"
0x667420:	0x80	0x00	0xbf	0xe4	0x00	0x00	0x00	0x00
0x667428:	0x00	0x00	0x00	0x00	0x00	0x00	0x00	0x00
0x667430:	0x00	0x00	0x00	0x00	0x00	0x00	0x00	0x00
0x667438:	0x00	0x00	0x00	0x00	0x00	0x00	0x00	0x00
Temporary breakpoint 388 at 0x1000d3b5
PHONE_RECORD_RETURN call=203 count=0 token_index=29 status=0 boundary_marker=0xff source=0x16b9ba7:	"four"
PHONE_RECORD_HEADER bytes:
0x16b9ba2:	0x00	0x00	0x1d	0x00	0x00	0x66	0x6f	0x75
0x16b9baa:	0x72	0x00	0x79	0x00	0x9a	0x01	0x7a	0x44
0x16b9bb2:	0xa0	0x01	0x2c	0xde	0x9f	0x01	0x44	0xf6
0x16b9bba:	0xa1	0x01	0xfa	0xb7	0x9d	0x01	0xfc	0x90
0x16b9bc2:	0x9f	0x01	0x26	0xff	0x9b	0x01	0x84	0x15
PHONE_RECORD_TAIL words:
0x16ba0ee:	0x0000	0x0000	0x0000	0x0001	0x0000	0x001b	0x6600	0x756f
PHONE_RECORD_ENTRY call=204 dst=0x16ba0f6 base=0x16ba0f4 token=0x6675f8 arg4=29 arg5=29 arg8=21895423 dict=0x667420 ret=0x1000d3b5
0x6675f8:	","
0x667420:	0x00	0x00	0xbf	0xe4	0x00	0x00	0x00	0x00
0x667428:	0x00	0x00	0x00	0x00	0x00	0x00	0x00	0x00
0x667430:	0x00	0x00	0x00	0x00	0x00	0x00	0x00	0x00
0x667438:	0x00	0x00	0x00	0x00	0x00	0x00	0x00	0x00
Temporary breakpoint 389 at 0x1000d3b5
PHONE_RECORD_RETURN call=204 count=0 token_index=29 status=0 boundary_marker=0xff source=0x16ba0fb:	","
PHONE_RECORD_HEADER bytes:
0x16ba0f6:	0x00	0x00	0x1d	0x00	0x00	0x2c	0x00	0x75
0x16ba0fe:	0x72	0x00	0x88	0xbd	0x9b	0x01	0x6a	0x15
0x16ba106:	0x9e	0x01	0xbc	0xdd	0x9c	0x01	0x04	0xa6
0x16ba10e:	0xa0	0x01	0xb0	0xbd	0x9b	0x01	0x0e	0xa6
0x16ba116:	0xa0	0x01	0x42	0xff	0x9e	0x01	0x92	0xbd
PHONE_RECORD_TAIL words:
0x16ba642:	0x0000	0x0000	0x0000	0x0000	0x0000	0x001b	0x2c00	0x6f00
PHONE_RECORD_ENTRY call=205 dst=0x16ba64a base=0x16ba648 token=0x6675f8 arg4=30 arg5=29 arg8=21895423 dict=0x667420 ret=0x1000d3b5
0x6675f8:	"three"
0x667420:	0x80	0x00	0xbf	0xe4	0x00	0x00	0x00	0x00
0x667428:	0x00	0x00	0x00	0x00	0x00	0x00	0x00	0x00
0x667430:	0x00	0x00	0x00	0x00	0x00	0x00	0x00	0x00
0x667438:	0x00	0x00	0x00	0x00	0x00	0x00	0x00	0x00
Temporary breakpoint 390 at 0x1000d3b5
PHONE_RECORD_RETURN call=205 count=0 token_index=30 status=0 boundary_marker=0xff source=0x16ba64f:	"three"
PHONE_RECORD_HEADER bytes:
0x16ba64a:	0x00	0x00	0x1e	0x00	0x00	0x74	0x68	0x72
0x16ba652:	0x65	0x65	0x00	0x6e	0x64	0x00	0x9a	0xa0
0x16ba65a:	0xa1	0x01	0x36	0x1d	0xa2	0x01	0x34	0x08
0x16ba662:	0x9b	0x01	0x60	0x6c	0xa1	0x01	0x7e	0x72
0x16ba66a:	0xa0	0x01	0xc2	0xff	0x9c	0x01	0xc2	0xde
PHONE_RECORD_TAIL words:
0x16bab96:	0x0000	0x0000	0x0000	0x0001	0x0000	0x001c	0x7400	0x6577
PHONE_RECORD_ENTRY call=206 dst=0x16bab9e base=0x16bab9c token=0x6675f8 arg4=31 arg5=30 arg8=21895423 dict=0x667420 ret=0x1000d3b5
0x6675f8:	"forty"
0x667420:	0x80	0x00	0xbf	0xe4	0x00	0x00	0x00	0x00
0x667428:	0x00	0x00	0x00	0x00	0x00	0x00	0x00	0x00
0x667430:	0x00	0x00	0x00	0x00	0x00	0x00	0x00	0x00
0x667438:	0x00	0x00	0x00	0x00	0x00	0x00	0x00	0x00
Temporary breakpoint 391 at 0x1000d3b5
PHONE_RECORD_RETURN call=206 count=0 token_index=31 status=0 boundary_marker=0xff source=0x16baba3:	"forty"
PHONE_RECORD_HEADER bytes:
0x16bab9e:	0x00	0x00	0x1f	0x00	0x00	0x66	0x6f	0x72
0x16baba6:	0x74	0x79	0x00	0x00	0x9f	0x01	0xf2	0x31
0x16babae:	0x9a	0x01	0xc8	0xc0	0x99	0x01	0xec	0x15
0x16babb6:	0x9e	0x01	0x72	0x1d	0xa2	0x01	0xea	0xa0
0x16babbe:	0xa1	0x01	0xc8	0xff	0xa1	0x01	0xba	0x72
PHONE_RECORD_TAIL words:
0x16bb0ea:	0x0000	0x0000	0x0000	0x0001	0x0001	0x001d	0x6e00	0x6e69
PHONE_RECORD_ENTRY call=207 dst=0x16bb0f2 base=0x16bb0f0 token=0x6675f8 arg4=32 arg5=31 arg8=21895423 dict=0x667420 ret=0x1000d3b5
0x6675f8:	"five"
0x667420:	0x80	0x00	0xbf	0xe4	0x00	0x00	0x00	0x00
0x667428:	0x00	0x00	0x00	0x00	0x00	0x00	0x00	0x00
0x667430:	0x00	0x00	0x00	0x00	0x00	0x00	0x00	0x00
0x667438:	0x00	0x00	0x00	0x00	0x00	0x00	0x00	0x00
Temporary breakpoint 392 at 0x1000d3b5
PHONE_RECORD_RETURN call=207 count=0 token_index=32 status=0 boundary_marker=0xff source=0x16bb0f7:	"five"
PHONE_RECORD_HEADER bytes:
0x16bb0f2:	0x00	0x00	0x20	0x00	0x00	0x66	0x69	0x76
0x16bb0fa:	0x65	0x00	0x79	0x00	0x9b	0x01	0xbc	0x4b
0x16bb102:	0xa2	0x01	0xc8	0x73	0xa0	0x01	0xb4	0xa2
0x16bb10a:	0x9e	0x01	0x0c	0x58	0x9b	0x01	0xbe	0xa2
0x16bb112:	0x9e	0x01	0x16	0xff	0x9b	0x01	0xc8	0xa2
PHONE_RECORD_TAIL words:
0x16bb63e:	0x0000	0x0000	0x0000	0x0001	0x0000	0x001e	0x6e00	0x6e69
PHONE_RECORD_ENTRY call=208 dst=0x16bb646 base=0x16bb644 token=0x6675f8 arg4=33 arg5=32 arg8=21895423 dict=0x667420 ret=0x1000d3b5
0x6675f8:	"PM,"
0x667420:	0x00	0x00	0xbf	0xe4	0x00	0x00	0x00	0x00
0x667428:	0x00	0x00	0x00	0x00	0x00	0x00	0x00	0x00
0x667430:	0x00	0x00	0x00	0x00	0x00	0x00	0x00	0x00
0x667438:	0x00	0x00	0x00	0x00	0x00	0x00	0x00	0x00
Temporary breakpoint 393 at 0x1000d3b5
PHONE_RECORD_RETURN call=208 count=0 token_index=33 status=0 boundary_marker=0xff source=0x16bb64b:	"PM,"
PHONE_RECORD_HEADER bytes:
0x16bb646:	0x00	0x00	0x21	0x00	0x00	0x50	0x4d	0x2c
0x16bb64e:	0x00	0x00	0x61	0x6e	0x64	0x00	0xcc	0x1d
0x16bb656:	0xa2	0x01	0x7c	0x31	0xa2	0x01	0x0e	0x0b
0x16bb65e:	0x9b	0x01	0xba	0xdf	0x9c	0x01	0x68	0x17
0x16bb666:	0x9e	0x01	0xe2	0xff	0x9c	0x01	0xe4	0x4b
PHONE_RECORD_TAIL words:
0x16bbb92:	0x0000	0x0000	0x0000	0x0000	0x0000	0x001e	0x2c00	0x6500
PHONE_RECORD_ENTRY call=209 dst=0x16bbb9a base=0x16bbb98 token=0x6675f8 arg4=34 arg5=33 arg8=21895423 dict=0x667420 ret=0x1000d3b5
0x6675f8:	"plus"
0x667420:	0x80	0x00	0xbf	0xe4	0x00	0x00	0x00	0x00
0x667428:	0x00	0x00	0x00	0x00	0x00	0x00	0x00	0x00
0x667430:	0x00	0x00	0x00	0x00	0x00	0x00	0x00	0x00
0x667438:	0x00	0x00	0x00	0x00	0x00	0x00	0x00	0x00
Temporary breakpoint 394 at 0x1000d3b5
PHONE_RECORD_RETURN call=209 count=0 token_index=34 status=0 boundary_marker=0xff source=0x16bbb9f:	"plus"
PHONE_RECORD_HEADER bytes:
0x16bbb9a:	0x00	0x00	0x22	0x00	0x00	0x70	0x6c	0x75
0x16bbba2:	0x73	0x00	0x80	0x8f	0x9a	0x01	0xe0	0x6e
0x16bbbaa:	0xa1	0x01	0xb2	0x7d	0x9d	0x01	0xa0	0xe2
0x16bbbb2:	0x9f	0x01	0xf2	0x61	0x9c	0x01	0xc8	0x13
0x16bbbba:	0xa1	0x01	0x9e	0xff	0x9a	0x01	0x64	0xc5
PHONE_RECORD_TAIL words:
0x16bc0e6:	0x0000	0x0000	0x0000	0x0001	0x0000	0x001f	0x7400	0x6577
PHONE_RECORD_ENTRY call=210 dst=0x16bc0ee base=0x16bc0ec token=0x6675f8 arg4=35 arg5=34 arg8=21895423 dict=0x667420 ret=0x1000d3b5
0x6675f8:	"seven"
0x667420:	0x80	0x00	0xbf	0xe4	0x00	0x00	0x00	0x00
0x667428:	0x00	0x00	0x00	0x00	0x00	0x00	0x00	0x00
0x667430:	0x00	0x00	0x00	0x00	0x00	0x00	0x00	0x00
0x667438:	0x00	0x00	0x00	0x00	0x00	0x00	0x00	0x00
Temporary breakpoint 395 at 0x1000d3b5
PHONE_RECORD_RETURN call=210 count=0 token_index=35 status=0 boundary_marker=0xff source=0x16bc0f3:	"seven"
PHONE_RECORD_HEADER bytes:
0x16bc0ee:	0x00	0x00	0x23	0x00	0x00	0x73	0x65	0x76
0x16bc0f6:	0x65	0x6e	0x00	0x00	0x9b	0x01	0x12	0x75
0x16bc0fe:	0xa0	0x01	0x92	0x4d	0xa2	0x01	0x50	0x0b
0x16bc106:	0x9f	0x01	0xfa	0x1b	0x9e	0x01	0x4a	0xc6
0x16bc10e:	0x99	0x01	0xfa	0xff	0x9e	0x01	0x0e	0x1c
PHONE_RECORD_TAIL words:
0x16bc63a:	0x0000	0x0000	0x0000	0x0001	0x0001	0x0020	0x6f00	0x656e
PHONE_RECORD_ENTRY call=211 dst=0x16bc642 base=0x16bc640 token=0x6675f8 arg4=35 arg5=35 arg8=21895423 dict=0x667420 ret=0x1000d3b5
0x6675f8:	","
0x667420:	0x00	0x00	0xbf	0xe4	0x00	0x00	0x00	0x00
0x667428:	0x00	0x00	0x00	0x00	0x00	0x00	0x00	0x00
0x667430:	0x00	0x00	0x00	0x00	0x00	0x00	0x00	0x00
0x667438:	0x00	0x00	0x00	0x00	0x00	0x00	0x00	0x00
Temporary breakpoint 396 at 0x1000d3b5
PHONE_RECORD_RETURN call=211 count=0 token_index=35 status=0 boundary_marker=0xff source=0x16bc647:	","
PHONE_RECORD_HEADER bytes:
0x16bc642:	0x00	0x00	0x23	0x00	0x00	0x2c	0x00	0x65
0x16bc64a:	0x00	0x01	0x1a	0x1f	0x9e	0x01	0xc6	0xa9
0x16bc652:	0x9e	0x01	0xbc	0x15	0xa1	0x01	0xf0	0xf9
0x16bc65a:	0xa1	0x01	0xaa	0x63	0x9c	0x01	0x80	0xc2
0x16bc662:	0x99	0x01	0x7a	0xff	0x9b	0x01	0x6e	0x6a
PHONE_RECORD_TAIL words:
0x16bcb8e:	0x0000	0x0000	0x0000	0x0000	0x0000	0x0021	0x6800	0x6e75
PHONE_RECORD_ENTRY call=212 dst=0x16bcb96 base=0x16bcb94 token=0x6675f8 arg4=36 arg5=35 arg8=21895423 dict=0x667420 ret=0x1000d3b5
0x6675f8:	"minus"
0x667420:	0x80	0x00	0xbf	0xe4	0x00	0x00	0x00	0x00
0x667428:	0x00	0x00	0x00	0x00	0x00	0x00	0x00	0x00
0x667430:	0x00	0x00	0x00	0x00	0x00	0x00	0x00	0x00
0x667438:	0x00	0x00	0x00	0x00	0x00	0x00	0x00	0x00
Temporary breakpoint 397 at 0x1000d3b5
PHONE_RECORD_RETURN call=212 count=0 token_index=36 status=0 boundary_marker=0xff source=0x16bcb9b:	"minus"
PHONE_RECORD_HEADER bytes:
0x16bcb96:	0x00	0x00	0x24	0x00	0x00	0x6d	0x69	0x6e
0x16bcb9e:	0x75	0x73	0x00	0x64	0x00	0x01	0xa4	0x31
0x16bcba6:	0xa2	0x01	0xb0	0xe1	0x9f	0x01	0xe4	0x60
0x16bcbae:	0x9c	0x01	0x26	0xa4	0x9e	0x01	0x50	0xe0
0x16bcbb6:	0x9c	0x01	0x3a	0xff	0x9e	0x01	0x86	0x8e
PHONE_RECORD_TAIL words:
0x16bd0e2:	0x0000	0x0000	0x0000	0x0001	0x0000	0x0021	0x2e00	0x0b00
PHONE_RECORD_ENTRY call=213 dst=0x16bd0ea base=0x16bd0e8 token=0x6675f8 arg4=37 arg5=36 arg8=21895423 dict=0x667420 ret=0x1000d3b5
0x6675f8:	"twelve"
0x667420:	0x80	0x00	0xbf	0xe4	0x00	0x00	0x00	0x00
0x667428:	0x00	0x00	0x00	0x00	0x00	0x00	0x00	0x00
0x667430:	0x00	0x00	0x00	0x00	0x00	0x00	0x00	0x00
0x667438:	0x00	0x00	0x00	0x00	0x00	0x00	0x00	0x00
Temporary breakpoint 398 at 0x1000d3b5
PHONE_RECORD_RETURN call=213 count=0 token_index=37 status=0 boundary_marker=0xff source=0x16bd0ef:	"twelve"
PHONE_RECORD_HEADER bytes:
0x16bd0ea:	0x00	0x00	0x25	0x00	0x00	0x74	0x77	0x65
0x16bd0f2:	0x6c	0x76	0x65	0x00	0x99	0x01	0xe0	0xe1
0x16bd0fa:	0x9c	0x01	0xe4	0x8f	0x9a	0x01	0xc4	0xf8
0x16bd102:	0xa1	0x01	0x5e	0x93	0x9f	0x01	0x18	0xc6
0x16bd10a:	0x99	0x01	0xee	0xff	0x9a	0x01	0x86	0x93
PHONE_RECORD_TAIL words:
0x16bd636:	0x0000	0x0000	0x0000	0x0001	0x0000	0x001f	0x6500	0x656c
PHONE_RECORD_ENTRY call=214 dst=0x16bd63e base=0x16bd63c token=0x6675f8 arg4=38 arg5=37 arg8=21895423 dict=0x667420 ret=0x1000d3b5
0x6675f8:	"point"
0x667420:	0x90	0x00	0xbf	0xe4	0x00	0x00	0x00	0x00
0x667428:	0x00	0x00	0x00	0x00	0x00	0x00	0x00	0x00
0x667430:	0x00	0x00	0x00	0x00	0x00	0x00	0x00	0x00
0x667438:	0x00	0x00	0x00	0x00	0x00	0x00	0x00	0x00
Temporary breakpoint 399 at 0x1000d3b5
PHONE_RECORD_RETURN call=214 count=0 token_index=38 status=0 boundary_marker=0xff source=0x16bd643:	"point"
PHONE_RECORD_HEADER bytes:
0x16bd63e:	0x00	0x00	0x26	0x00	0x00	0x70	0x6f	0x69
0x16bd646:	0x6e	0x74	0x00	0x00	0x9a	0x01	0xfa	0x6a
0x16bd64e:	0x9f	0x01	0xbe	0xa7	0x9e	0x01	0x46	0x0b
0x16bd656:	0x9f	0x01	0xa0	0xa7	0x9e	0x01	0x70	0x0d
0x16bd65e:	0x9b	0x01	0xda	0xff	0x9a	0x01	0x76	0x1e
PHONE_RECORD_TAIL words:
0x16bdb8a:	0x0000	0x0001	0x0000	0x0001	0x0000	0x0020	0x6800	0x6e75
PHONE_RECORD_ENTRY call=215 dst=0x16bdb92 base=0x16bdb90 token=0x6675f8 arg4=39 arg5=38 arg8=21895423 dict=0x667420 ret=0x1000d3b5
0x6675f8:	"five"
0x667420:	0x80	0x00	0xbf	0xe4	0x00	0x00	0x00	0x00
0x667428:	0x00	0x00	0x00	0x00	0x00	0x00	0x00	0x00
0x667430:	0x00	0x00	0x00	0x00	0x00	0x00	0x00	0x00
0x667438:	0x00	0x00	0x00	0x00	0x00	0x00	0x00	0x00
Temporary breakpoint 400 at 0x1000d3b5
PHONE_RECORD_RETURN call=215 count=0 token_index=39 status=0 boundary_marker=0xff source=0x16bdb97:	"five"
PHONE_RECORD_HEADER bytes:
0x16bdb92:	0x00	0x00	0x27	0x00	0x00	0x66	0x69	0x76
0x16bdb9a:	0x65	0x00	0x65	0x64	0x00	0x01	0x44	0xfb
0x16bdba2:	0xa1	0x01	0x16	0x7e	0x9d	0x01	0x56	0xe6
0x16bdbaa:	0x9f	0x01	0xf4	0xa6	0xa0	0x01	0x92	0xc9
0x16bdbb2:	0x99	0x01	0x44	0xff	0x9b	0x01	0x0a	0x92
PHONE_RECORD_TAIL words:
0x16be0de:	0x0000	0x0000	0x0000	0x0001	0x0000	0x0020	0x2c00	0xbc00
PHONE_RECORD_ENTRY call=216 dst=0x16be0e6 base=0x16be0e4 token=0x6675f8 arg4=39 arg5=39 arg8=21895423 dict=0x667420 ret=0x1000d3b5
0x6675f8:	","
0x667420:	0x00	0x00	0xbf	0xe4	0x00	0x00	0x00	0x00
0x667428:	0x00	0x00	0x00	0x00	0x00	0x00	0x00	0x00
0x667430:	0x00	0x00	0x00	0x00	0x00	0x00	0x00	0x00
0x667438:	0x00	0x00	0x00	0x00	0x00	0x00	0x00	0x00
Temporary breakpoint 401 at 0x1000d3b5
PHONE_RECORD_RETURN call=216 count=0 token_index=39 status=0 boundary_marker=0xff source=0x16be0eb:	","
PHONE_RECORD_HEADER bytes:
0x16be0e6:	0x00	0x00	0x27	0x00	0x00	0x2c	0x00	0xbc
0x16be0ee:	0x9d	0x01	0x20	0xd6	0x9a	0x01	0x88	0xe6
0x16be0f6:	0x9f	0x01	0xd0	0x65	0x9c	0x01	0x4a	0x34
0x16be0fe:	0x9a	0x01	0x42	0x01	0x99	0x01	0xb8	0xc9
0x16be106:	0xa0	0x01	0x08	0xff	0x99	0x01	0x62	0x19
PHONE_RECORD_TAIL words:
0x16be632:	0x0000	0x0000	0x0000	0x0000	0x0001	0x0021	0x6e00	0x6e69
PHONE_RECORD_ENTRY call=217 dst=0x16be63a base=0x16be638 token=0x6675f8 arg4=40 arg5=39 arg8=21895423 dict=0x667420 ret=0x1000d3b5
0x6675f8:	"five"
0x667420:	0x80	0x00	0xbf	0xe4	0x00	0x00	0x00	0x00
0x667428:	0x00	0x00	0x00	0x00	0x00	0x00	0x00	0x00
0x667430:	0x00	0x00	0x00	0x00	0x00	0x00	0x00	0x00
0x667438:	0x00	0x00	0x00	0x00	0x00	0x00	0x00	0x00
Temporary breakpoint 402 at 0x1000d3b5
PHONE_RECORD_RETURN call=217 count=0 token_index=40 status=0 boundary_marker=0xff source=0x16be63f:	"five"
PHONE_RECORD_HEADER bytes:
0x16be63a:	0x00	0x00	0x28	0x00	0x00	0x66	0x69	0x76
0x16be642:	0x65	0x00	0x79	0x00	0x99	0x01	0xf2	0xcb
0x16be64a:	0x9b	0x01	0x16	0x55	0x99	0x01	0x58	0x54
0x16be652:	0x99	0x01	0xd4	0x28	0x99	0x01	0x62	0x54
0x16be65a:	0x99	0x01	0xde	0xff	0x99	0x01	0xa4	0x34
PHONE_RECORD_TAIL words:
0x16beb86:	0x0000	0x0000	0x0000	0x0001	0x0000	0x0022	0x6e00	0x6e69
PHONE_RECORD_ENTRY call=218 dst=0x16beb8e base=0x16beb8c token=0x6675f8 arg4=41 arg5=40 arg8=21895423 dict=0x667420 ret=0x1000d3b5
0x6675f8:	"dollars"
0x667420:	0xb0	0x00	0xbf	0xe4	0x00	0x00	0x00	0x00
0x667428:	0x00	0x00	0x00	0x00	0x00	0x00	0x00	0x00
0x667430:	0x00	0x00	0x00	0x00	0x00	0x00	0x00	0x00
0x667438:	0x00	0x00	0x00	0x00	0x00	0x00	0x00	0x00
Temporary breakpoint 403 at 0x1000d3b5
PHONE_RECORD_RETURN call=218 count=0 token_index=41 status=0 boundary_marker=0xff source=0x16beb93:	"dollars"
PHONE_RECORD_HEADER bytes:
0x16beb8e:	0x00	0x00	0x29	0x00	0x00	0x64	0x6f	0x6c
0x16beb96:	0x6c	0x61	0x72	0x73	0x00	0x01	0xec	0x29
0x16beb9e:	0x99	0x01	0x7c	0xcb	0x99	0x01	0x52	0x1a
0x16beba6:	0x9d	0x01	0xb2	0xca	0xa0	0x01	0x0e	0x03
0x16bebae:	0x99	0x01	0xd8	0xff	0x9b	0x01	0x4c	0x56
PHONE_RECORD_TAIL words:
0x16bf0da:	0x0000	0x0001	0x0001	0x0001	0x0001	0x0023	0x6e00	0x6e69
PHONE_RECORD_ENTRY call=219 dst=0x16bf0e2 base=0x16bf0e0 token=0x6675f8 arg4=41 arg5=41 arg8=21895423 dict=0x667420 ret=0x1000d3b5
0x6675f8:	","
0x667420:	0x00	0x00	0xbf	0xe4	0x00	0x00	0x00	0x00
0x667428:	0x00	0x00	0x00	0x00	0x00	0x00	0x00	0x00
0x667430:	0x00	0x00	0x00	0x00	0x00	0x00	0x00	0x00
0x667438:	0x00	0x00	0x00	0x00	0x00	0x00	0x00	0x00
Temporary breakpoint 404 at 0x1000d3b5
PHONE_RECORD_RETURN call=219 count=0 token_index=41 status=0 boundary_marker=0xff source=0x16bf0e7:	","
PHONE_RECORD_HEADER bytes:
0x16bf0e2:	0x00	0x00	0x29	0x00	0x00	0x2c	0x00	0x6e
0x16bf0ea:	0x65	0x74	0x79	0x00	0x9b	0x01	0x96	0x2a
0x16bf0f2:	0x99	0x01	0x40	0xce	0x9b	0x01	0xa0	0x2a
0x16bf0fa:	0x99	0x01	0xc4	0x1b	0x9d	0x01	0x12	0x04
0x16bf102:	0x99	0x01	0xaa	0xff	0x99	0x01	0xf0	0x10
PHONE_RECORD_TAIL words:
0x16bf62e:	0x0000	0x0000	0x0000	0x0000	0x0000	0x0024	0x6e00	0x6e69
PHONE_RECORD_ENTRY call=220 dst=0x16bf636 base=0x16bf634 token=0x6675f8 arg4=42 arg5=41 arg8=21895423 dict=0x667420 ret=0x1000d3b5
0x6675f8:	"twenty"
0x667420:	0x80	0x00	0xbf	0xe4	0x00	0x00	0x00	0x00
0x667428:	0x00	0x00	0x00	0x00	0x00	0x00	0x00	0x00
0x667430:	0x00	0x00	0x00	0x00	0x00	0x00	0x00	0x00
0x667438:	0x00	0x00	0x00	0x00	0x00	0x00	0x00	0x00
Temporary breakpoint 405 at 0x1000d3b5
PHONE_RECORD_RETURN call=220 count=0 token_index=42 status=0 boundary_marker=0xff source=0x16bf63b:	"twenty"
PHONE_RECORD_HEADER bytes:
0x16bf636:	0x00	0x00	0x2a	0x00	0x00	0x74	0x77	0x65
0x16bf63e:	0x6e	0x74	0x79	0x00	0x9b	0x01	0xb8	0x58
0x16bf646:	0x99	0x01	0x3a	0x12	0x9f	0x01	0x0c	0xa7
0x16bf64e:	0x9c	0x01	0x74	0x71	0xa1	0x01	0xf0	0xe7
0x16bf656:	0x9f	0x01	0x36	0xff	0xa0	0x01	0x06	0x96
PHONE_RECORD_TAIL words:
0x16bfb82:	0x0000	0x0000	0x0000	0x0001	0x0000	0x0024	0x2c00	0x6c00
PHONE_RECORD_ENTRY call=221 dst=0x16bfb8a base=0x16bfb88 token=0x6675f8 arg4=43 arg5=42 arg8=21895423 dict=0x667420 ret=0x1000d3b5
0x6675f8:	"five"
0x667420:	0x80	0x00	0xbf	0xe4	0x00	0x00	0x00	0x00
0x667428:	0x00	0x00	0x00	0x00	0x00	0x00	0x00	0x00
0x667430:	0x00	0x00	0x00	0x00	0x00	0x00	0x00	0x00
0x667438:	0x00	0x00	0x00	0x00	0x00	0x00	0x00	0x00
Temporary breakpoint 406 at 0x1000d3b5
PHONE_RECORD_RETURN call=221 count=0 token_index=43 status=0 boundary_marker=0xff source=0x16bfb8f:	"five"
PHONE_RECORD_HEADER bytes:
0x16bfb8a:	0x00	0x00	0x2b	0x00	0x00	0x66	0x69	0x76
0x16bfb92:	0x65	0x00	0x10	0x92	0x99	0x01	0x2c	0x1d
0x16bfb9a:	0x9d	0x01	0xac	0xcb	0xa0	0x01	0x5c	0xcd
0x16bfba2:	0x99	0x01	0x76	0xcf	0x9b	0x01	0xc2	0x58
0x16bfbaa:	0x99	0x01	0x5e	0xff	0x99	0x01	0x26	0x6c
PHONE_RECORD_TAIL words:
0x16c00d6:	0x0000	0x0000	0x0000	0x0001	0x0000	0x0025	0x7400	0x6e65
PHONE_RECORD_ENTRY call=222 dst=0x16c00de base=0x16c00dc token=0x6675f8 arg4=44 arg5=43 arg8=21895423 dict=0x667420 ret=0x1000d3b5
0x6675f8:	"percent"
0x667420:	0x11	0x70	0xee	0x87	0xf0	0x00	0x00	0x00
0x667428:	0x00	0x00	0x00	0x00	0x00	0x00	0x00	0x00
0x667430:	0x00	0x00	0x00	0x00	0x00	0x00	0x00	0x00
0x667438:	0x00	0x00	0x00	0x00	0x00	0x00	0x00	0x00
Temporary breakpoint 407 at 0x1000d3b5
PHONE_RECORD_RETURN call=222 count=1 token_index=44 status=0 boundary_marker=0xff source=0x16c00e3:	"percent"
PHONE_RECORD_HEADER bytes:
0x16c00de:	0x01	0x00	0x2c	0x00	0x00	0x70	0x65	0x72
0x16c00e6:	0x63	0x65	0x6e	0x74	0x00	0x00	0x00	0x00
0x16c00ee:	0x00	0x00	0x00	0x00	0x00	0x00	0x00	0x00
0x16c00f6:	0x00	0x00	0x00	0x00	0x00	0x00	0x00	0x00
0x16c00fe:	0x00	0x00	0x00	0xff	0x00	0x00	0x00	0x00
PHONE_SLOT index=0 marker=0xff bytes:
0x16c0115:	0x35	0x1a	0x37	0x18	0x2d	0x39	0x00	0x00
0x16c011d:	0x00	0x00	0x00	0x00	0x00	0x00	0x00	0x00
0x16c0125:	0x00	0x00	0x00	0x00	0x00	0x00	0x00	0x00
0x16c012d:	0x00	0x00	0x00	0x00	0x00	0x00	0x00	0x00
0x16c0135:	0x00	0x00	0x00	0x00	0x00	0x00	0x00	0x00
0x16c013d:	0x00	0x00	0x00	0x00	0x00	0x00	0x00	0x00
0x16c0145:	0x00	0x00	0x00	0x00	0x00	0x00	0x00	0x00
0x16c014d:	0x00	0x00	0x00	0x00	0x00	0x00	0x00	0x00
0x16c0155:	0x00
PHONE_RECORD_TAIL words:
0x16c062a:	0x0000	0x0001	0x0000	0x0000	0x0000	0x0026	0x7400	0x6f68
PHONE_RECORD_ENTRY call=223 dst=0x16c0632 base=0x16c0630 token=0x6675f8 arg4=44 arg5=44 arg8=21895423 dict=0x667420 ret=0x1000d3b5
0x6675f8:	","
0x667420:	0x00	0x70	0xee	0x87	0xf0	0x00	0x00	0x00
0x667428:	0x00	0x00	0x00	0x00	0x00	0x00	0x00	0x00
0x667430:	0x00	0x00	0x00	0x00	0x00	0x00	0x00	0x00
0x667438:	0x00	0x00	0x00	0x00	0x00	0x00	0x00	0x00
Temporary breakpoint 408 at 0x1000d3b5
PHONE_RECORD_RETURN call=223 count=0 token_index=44 status=0 boundary_marker=0xff source=0x16c0637:	","
PHONE_RECORD_HEADER bytes:
0x16c0632:	0x00	0x00	0x2c	0x00	0x00	0x2c	0x00	0x6f
0x16c063a:	0x75	0x73	0x61	0x6e	0x64	0x00	0x00	0x00
0x16c0642:	0x00	0x00	0x00	0x00	0x00	0x00	0x00	0x00
0x16c064a:	0x00	0x00	0x00	0x00	0x00	0x00	0x00	0x00
0x16c0652:	0x00	0x00	0x00	0xff	0x00	0x00	0x00	0x00
PHONE_RECORD_TAIL words:
0x16c0b7e:	0x0000	0x0000	0x0000	0x0000	0x0000	0x0026	0x2c00	0x0000
PHONE_RECORD_ENTRY call=224 dst=0x16c0b86 base=0x16c0b84 token=0x6675f8 arg4=45 arg5=44 arg8=21895423 dict=0x667420 ret=0x1000d3b5
0x6675f8:	"five"
0x667420:	0x80	0x00	0xee	0x87	0xf0	0x00	0x00	0x00
0x667428:	0x00	0x00	0x00	0x00	0x00	0x00	0x00	0x00
0x667430:	0x00	0x00	0x00	0x00	0x00	0x00	0x00	0x00
0x667438:	0x00	0x00	0x00	0x00	0x00	0x00	0x00	0x00
Temporary breakpoint 409 at 0x1000d3b5
PHONE_RECORD_RETURN call=224 count=0 token_index=45 status=0 boundary_marker=0xff source=0x16c0b8b:	"five"
PHONE_RECORD_HEADER bytes:
0x16c0b86:	0x00	0x00	0x2d	0x00	0x00	0x66	0x69	0x76
0x16c0b8e:	0x65	0x00	0x00	0x00	0x00	0x00	0x00	0x00
0x16c0b96:	0x00	0x00	0x00	0x00	0x00	0x00	0x00	0x00
0x16c0b9e:	0x00	0x00	0x00	0x00	0x00	0x00	0x00	0x00
0x16c0ba6:	0x00	0x00	0x00	0xff	0x00	0x00	0x00	0x00
PHONE_RECORD_TAIL words:
0x16c10d2:	0x0000	0x0000	0x0000	0x0001	0x0000	0x0027	0x7400	0x6e65
PHONE_RECORD_ENTRY call=225 dst=0x16c10da base=0x16c10d8 token=0x6675f8 arg4=46 arg5=45 arg8=21895423 dict=0x667420 ret=0x1000d3b5
0x6675f8:	"hundred"
0x667420:	0x80	0x00	0xee	0x87	0xf0	0x00	0x00	0x00
0x667428:	0x00	0x00	0x00	0x00	0x00	0x00	0x00	0x00
0x667430:	0x00	0x00	0x00	0x00	0x00	0x00	0x00	0x00
0x667438:	0x00	0x00	0x00	0x00	0x00	0x00	0x00	0x00
Temporary breakpoint 410 at 0x1000d3b5
PHONE_RECORD_RETURN call=225 count=0 token_index=46 status=0 boundary_marker=0xff source=0x16c10df:	"hundred"
PHONE_RECORD_HEADER bytes:
0x16c10da:	0x00	0x00	0x2e	0x00	0x00	0x68	0x75	0x6e
0x16c10e2:	0x64	0x72	0x65	0x64	0x00	0x00	0x00	0x00
0x16c10ea:	0x00	0x00	0x00	0x00	0x00	0x00	0x00	0x00
0x16c10f2:	0x00	0x00	0x00	0x00	0x00	0x00	0x00	0x00
0x16c10fa:	0x00	0x00	0x00	0xff	0x00	0x00	0x00	0x00
PHONE_RECORD_TAIL words:
0x16c1626:	0x0000	0x0000	0x0000	0x0001	0x0000	0x0028	0x7400	0x6f68
PHONE_RECORD_ENTRY call=226 dst=0x16c162e base=0x16c162c token=0x6675f8 arg4=47 arg5=46 arg8=21895423 dict=0x667420 ret=0x1000d3b5
0x6675f8:	"fifty"
0x667420:	0x80	0x00	0xee	0x87	0xf0	0x00	0x00	0x00
0x667428:	0x00	0x00	0x00	0x00	0x00	0x00	0x00	0x00
0x667430:	0x00	0x00	0x00	0x00	0x00	0x00	0x00	0x00
0x667438:	0x00	0x00	0x00	0x00	0x00	0x00	0x00	0x00
Temporary breakpoint 411 at 0x1000d3b5
PHONE_RECORD_RETURN call=226 count=0 token_index=47 status=0 boundary_marker=0xff source=0x16c1633:	"fifty"
PHONE_RECORD_HEADER bytes:
0x16c162e:	0x00	0x00	0x2f	0x00	0x00	0x66	0x69	0x66
0x16c1636:	0x74	0x79	0x00	0x6e	0x64	0x00	0x00	0x00
0x16c163e:	0x00	0x00	0x00	0x00	0x00	0x00	0x00	0x00
0x16c1646:	0x00	0x00	0x00	0x00	0x00	0x00	0x00	0x00
0x16c164e:	0x00	0x00	0x00	0xff	0x00	0x00	0x00	0x00
PHONE_RECORD_TAIL words:
0x16c1b7a:	0x0000	0x0000	0x0000	0x0001	0x0001	0x0029	0x6f00	0x656e
PHONE_RECORD_ENTRY call=227 dst=0x16c1b82 base=0x16c1b80 token=0x6675f8 arg4=48 arg5=47 arg8=21895423 dict=0x667420 ret=0x1000d3b5
0x6675f8:	"five"
0x667420:	0x80	0x00	0xee	0x87	0xf0	0x00	0x00	0x00
0x667428:	0x00	0x00	0x00	0x00	0x00	0x00	0x00	0x00
0x667430:	0x00	0x00	0x00	0x00	0x00	0x00	0x00	0x00
0x667438:	0x00	0x00	0x00	0x00	0x00	0x00	0x00	0x00
Temporary breakpoint 412 at 0x1000d3b5
PHONE_RECORD_RETURN call=227 count=0 token_index=48 status=0 boundary_marker=0xff source=0x16c1b87:	"five"
PHONE_RECORD_HEADER bytes:
0x16c1b82:	0x00	0x00	0x30	0x00	0x00	0x66	0x69	0x76
0x16c1b8a:	0x65	0x00	0x00	0x00	0x00	0x00	0x00	0x00
0x16c1b92:	0x00	0x00	0x00	0x00	0x00	0x00	0x00	0x00
0x16c1b9a:	0x00	0x00	0x00	0x00	0x00	0x00	0x00	0x00
0x16c1ba2:	0x00	0x00	0x00	0xff	0x00	0x00	0x00	0x00
PHONE_RECORD_TAIL words:
0x16c20ce:	0x0000	0x0000	0x0000	0x0001	0x0000	0x0029	0x2c00	0x0000
PHONE_RECORD_ENTRY call=228 dst=0x16c20d6 base=0x16c20d4 token=0x6675f8 arg4=49 arg5=48 arg8=21895423 dict=0x667420 ret=0x1000d3b5
0x6675f8:	"to"
0x667420:	0x09	0xf0	0xf5	0x00	0xf0	0x00	0x00	0x00
0x667428:	0x00	0x00	0x00	0x00	0x00	0x00	0x00	0x00
0x667430:	0x00	0x00	0x00	0x00	0x00	0x00	0x00	0x00
0x667438:	0x00	0x00	0x00	0x00	0x00	0x00	0x00	0x00
Temporary breakpoint 413 at 0x1000d3b5
PHONE_RECORD_RETURN call=228 count=1 token_index=49 status=0x41 boundary_marker=0xff source=0x16c20db:	"to"
PHONE_RECORD_HEADER bytes:
0x16c20d6:	0x01	0x00	0x31	0x00	0x41	0x74	0x6f	0x00
0x16c20de:	0x00	0x00	0x00	0x00	0x00	0x00	0x00	0x00
0x16c20e6:	0x00	0x00	0x00	0x00	0x00	0x00	0x00	0x00
0x16c20ee:	0x00	0x00	0x00	0x00	0x00	0x00	0x00	0x00
0x16c20f6:	0x00	0x00	0x00	0xff	0x00	0x00	0x00	0x00
PHONE_SLOT index=0 marker=0xff bytes:
0x16c210d:	0x39	0x3e	0x00	0x00	0x00	0x00	0x00	0x00
0x16c2115:	0x00	0x00	0x00	0x00	0x00	0x00	0x00	0x00
0x16c211d:	0x00	0x00	0x00	0x00	0x00	0x00	0x00	0x00
0x16c2125:	0x00	0x00	0x00	0x00	0x00	0x00	0x00	0x00
0x16c212d:	0x00	0x00	0x00	0x00	0x00	0x00	0x00	0x00
0x16c2135:	0x00	0x00	0x00	0x00	0x00	0x00	0x00	0x00
0x16c213d:	0x00	0x00	0x00	0x00	0x00	0x00	0x00	0x00
0x16c2145:	0x00	0x00	0x00	0x00	0x00	0x00	0x00	0x00
0x16c214d:	0x00
PHONE_RECORD_TAIL words:
0x16c2622:	0x0000	0x0000	0x0000	0x0000	0x0000	0x002a	0x7400	0x6577
PHONE_RECORD_ENTRY call=229 dst=0x16c262a base=0x16c2628 token=0x6675f8 arg4=50 arg5=49 arg8=21895423 dict=0x667420 ret=0x1000d3b5
0x6675f8:	"twelve"
0x667420:	0x80	0x00	0xf5	0x00	0xf0	0x00	0x00	0x00
0x667428:	0x00	0x00	0x00	0x00	0x00	0x00	0x00	0x00
0x667430:	0x00	0x00	0x00	0x00	0x00	0x00	0x00	0x00
0x667438:	0x00	0x00	0x00	0x00	0x00	0x00	0x00	0x00
Temporary breakpoint 414 at 0x1000d3b5
PHONE_RECORD_RETURN call=229 count=0 token_index=50 status=0 boundary_marker=0xff source=0x16c262f:	"twelve"
PHONE_RECORD_HEADER bytes:
0x16c262a:	0x00	0x00	0x32	0x00	0x00	0x74	0x77	0x65
0x16c2632:	0x6c	0x76	0x65	0x00	0x00	0x00	0x00	0x00
0x16c263a:	0x00	0x00	0x00	0x00	0x00	0x00	0x00	0x00
0x16c2642:	0x00	0x00	0x00	0x00	0x00	0x00	0x00	0x00
0x16c264a:	0x00	0x00	0x00	0xff	0x00	0x00	0x00	0x00
PHONE_RECORD_TAIL words:
0x16c2b76:	0x0000	0x0000	0x0000	0x0001	0x0000	0x002b	0x7400	0x6f68
PHONE_RECORD_ENTRY call=230 dst=0x16c2b7e base=0x16c2b7c token=0x6675f8 arg4=51 arg5=50 arg8=21895423 dict=0x667420 ret=0x1000d3b5
0x6675f8:	"thirty"
0x667420:	0x80	0x00	0xf5	0x00	0xf0	0x00	0x00	0x00
0x667428:	0x00	0x00	0x00	0x00	0x00	0x00	0x00	0x00
0x667430:	0x00	0x00	0x00	0x00	0x00	0x00	0x00	0x00
0x667438:	0x00	0x00	0x00	0x00	0x00	0x00	0x00	0x00
Temporary breakpoint 415 at 0x1000d3b5
PHONE_RECORD_RETURN call=230 count=0 token_index=51 status=0 boundary_marker=0xff source=0x16c2b83:	"thirty"
PHONE_RECORD_HEADER bytes:
0x16c2b7e:	0x00	0x00	0x33	0x00	0x00	0x74	0x68	0x69
0x16c2b86:	0x72	0x74	0x79	0x00	0x64	0x00	0x00	0x00
0x16c2b8e:	0x00	0x00	0x00	0x00	0x00	0x00	0x00	0x00
0x16c2b96:	0x00	0x00	0x00	0x00	0x00	0x00	0x00	0x00
0x16c2b9e:	0x00	0x00	0x00	0xff	0x00	0x00	0x00	0x00
PHONE_RECORD_TAIL words:
0x16c30ca:	0x0000	0x0000	0x0000	0x0001	0x0000	0x002c	0x7400	0x7268
PHONE_RECORD_ENTRY call=231 dst=0x16c30d2 base=0x16c30d0 token=0x6675f8 arg4=52 arg5=51 arg8=21895423 dict=0x667420 ret=0x1000d3b5
0x6675f8:	"four"
0x667420:	0x80	0x00	0xf5	0x00	0xf0	0x00	0x00	0x00
0x667428:	0x00	0x00	0x00	0x00	0x00	0x00	0x00	0x00
0x667430:	0x00	0x00	0x00	0x00	0x00	0x00	0x00	0x00
0x667438:	0x00	0x00	0x00	0x00	0x00	0x00	0x00	0x00
Temporary breakpoint 416 at 0x1000d3b5
PHONE_RECORD_RETURN call=231 count=0 token_index=52 status=0 boundary_marker=0xff source=0x16c30d7:	"four"
PHONE_RECORD_HEADER bytes:
0x16c30d2:	0x00	0x00	0x34	0x00	0x00	0x66	0x6f	0x75
0x16c30da:	0x72	0x00	0x00	0x00	0x00	0x00	0x00	0x00
0x16c30e2:	0x00	0x00	0x00	0x00	0x00	0x00	0x00	0x00
0x16c30ea:	0x00	0x00	0x00	0x00	0x00	0x00	0x00	0x00
0x16c30f2:	0x00	0x00	0x00	0xff	0x00	0x00	0x00	0x00
PHONE_RECORD_TAIL words:
0x16c361e:	0x0000	0x0000	0x0000	0x0001	0x0000	0x002d	0x6800	0x6e75
PHONE_RECORD_ENTRY call=232 dst=0x16c3626 base=0x16c3624 token=0x6675f8 arg4=52 arg5=52 arg8=21895423 dict=0x667420 ret=0x1000d3b5
0x6675f8:	"."
0x667420:	0x00	0x00	0xf5	0x00	0xf0	0x00	0x00	0x00
0x667428:	0x00	0x00	0x00	0x00	0x00	0x00	0x00	0x00
0x667430:	0x00	0x00	0x00	0x00	0x00	0x00	0x00	0x00
0x667438:	0x00	0x00	0x00	0x00	0x00	0x00	0x00	0x00
Temporary breakpoint 417 at 0x1000d3b5
PHONE_RECORD_RETURN call=232 count=0 token_index=52 status=0 boundary_marker=0xff source=0x16c362b:	"."
PHONE_RECORD_HEADER bytes:
0x16c3626:	0x00	0x00	0x34	0x00	0x00	0x2e	0x00	0x6e
0x16c362e:	0x64	0x72	0x65	0x64	0x00	0x00	0x00	0x00
0x16c3636:	0x00	0x00	0x00	0x00	0x00	0x00	0x00	0x00
0x16c363e:	0x00	0x00	0x00	0x00	0x00	0x00	0x00	0x00
0x16c3646:	0x00	0x00	0x00	0xff	0x00	0x00	0x00	0x00
PHONE_RECORD_TAIL words:
0x16c3b72:	0x0000	0x0000	0x0000	0x0000	0x0000	0x002e	0x6600	0x726f
[Inferior 1 (Remote target) exited normally]
Wine-gdb>
